date,followers_count,following_count,media_count,engagement_rate,average_likes,average_comments,comments_to_likes_ratio,weekly_posts
2026-06-01,110474,1657,14424,0.941%,1021.8,17.4,1.703%,0.00
2026-05-31,110477,1657,14424,0.941%,1021.8,17.4,1.703%,0.00
2026-05-30,110479,1657,14424,0.940%,1021.4,17.4,1.704%,0.00
2026-05-29,110483,1656,14424,0.940%,1021.2,17.4,1.704%,0.00
2026-05-28,110483,1656,14423,0.940%,1021.0,17.4,1.704%,0.00
2026-05-27,110486,1656,14423,0.940%,1020.9,17.5,1.714%,0.00
2026-05-26,110485,1656,14423,0.940%,1020.8,17.5,1.714%,0.00
2026-05-25,110498,1656,14423,0.940%,1020.8,17.5,1.714%,0.00
2026-05-24,110513,1656,14422,0.940%,1020.8,17.5,1.714%,0.00
2026-05-23,110524,1656,14422,0.939%,1020.8,17.4,1.705%,2.00
2026-05-22,110534,1656,14422,0.939%,1020.6,17.3,1.695%,2.00
2026-05-21,110538,1656,14422,0.939%,1020.3,17.3,1.696%,2.00
2026-05-20,110543,1656,14422,0.938%,1019.3,17.3,1.697%,2.00
2026-05-19,110554,1656,14422,0.936%,1017.9,17.3,1.700%,2.00
2026-05-18,110570,1656,14422,0.746%,815.3,9.9,1.214%,2.00
2026-05-17,110579,1656,14422,0.746%,814.9,9.9,1.215%,2.00
2026-05-16,110591,1657,14420,0.745%,813.7,9.9,1.217%,0.00
2026-05-15,110604,1658,14420,0.744%,813.0,9.9,1.218%,0.00
2026-05-14,110619,1658,14420,0.744%,812.6,9.9,1.218%,0.00
2026-05-13,110606,1658,14420,0.744%,812.5,9.9,1.218%,0.00
2026-05-12,110619,1658,14420,0.743%,812.2,9.9,1.219%,0.00
2026-05-11,110633,1658,14420,0.743%,812.1,9.9,1.219%,0.00
2026-05-10,110635,1658,14420,0.743%,812.0,9.9,1.219%,0.00
2026-05-09,110654,1658,14420,0.743%,811.8,9.9,1.220%,0.00
2026-05-08,110676,1658,14420,0.741%,810.7,9.9,1.221%,0.00
2026-05-07,111003,1658,14420,0.739%,810.6,9.9,1.221%,0.00
2026-05-06,111013,1658,14420,0.738%,809.8,9.9,1.223%,0.00
2026-05-05,111881,1660,14420,0.733%,809.8,9.9,1.223%,0.00
2026-05-04,111897,1660,14420,0.732%,809.3,9.9,1.223%,0.00
2026-05-03,111910,1660,14420,0.732%,809.0,9.9,1.224%,0.00
2026-05-02,111919,1660,14420,0.731%,808.6,9.9,1.224%,1.00
2026-05-01,111927,1660,14420,0.731%,807.9,9.9,1.225%,1.00
2026-04-30,111932,1660,14420,0.731%,807.8,9.9,1.226%,1.00
2026-04-29,111946,1660,14420,0.730%,807.0,9.9,1.227%,1.00
2026-04-28,111955,1660,14420,0.728%,805.6,9.9,1.229%,1.00
2026-04-27,111975,1660,14420,0.727%,803.8,9.9,1.232%,1.00
2026-04-26,111977,1660,14420,0.714%,790.6,9.1,1.151%,1.00
2026-04-25,111979,1660,14420,0.714%,790.2,9.1,1.152%,1.00
2026-04-24,111982,1660,14419,0.712%,788.7,9.1,1.154%,2.00
2026-04-23,111992,1661,14419,0.712%,787.8,9.1,1.155%,2.00
2026-04-22,112010,1661,14419,0.710%,786.5,9.1,1.157%,2.00
2026-04-21,112033,1661,14419,0.710%,786.1,9.1,1.158%,2.00
2026-04-20,112038,1661,14419,0.705%,781.2,9.0,1.152%,2.00
2026-04-19,112044,1661,14419,0.712%,786.9,10.3,1.309%,2.00
2026-04-18,112049,1661,14419,0.575%,635.3,9.4,1.480%,2.00
2026-04-17,112055,1661,14418,0.574%,634.3,9.4,1.482%,2.00
2026-04-16,112057,1661,14417,0.573%,632.8,9.4,1.485%,1.00
2026-04-15,112074,1661,14417,0.572%,631.9,9.4,1.488%,1.00
2026-04-14,112096,1661,14417,0.570%,629.8,9.4,1.493%,1.00
2026-04-13,112105,1661,14417,0.569%,628.8,9.3,1.479%,1.00
2026-04-12,112119,1661,14417,0.654%,723.3,9.8,1.355%,1.00
2026-04-11,112128,1661,14416,0.651%,720.2,9.8,1.361%,2.00
2026-04-10,112137,1661,14416,0.650%,718.8,9.8,1.363%,2.00
2026-04-09,112148,1660,14416,0.648%,716.4,9.8,1.368%,2.00
2026-04-08,112164,1661,14416,0.644%,712.7,9.8,1.375%,2.00
2026-04-07,112173,1661,14416,0.641%,708.7,9.8,1.383%,3.00
2026-04-06,112188,1661,14416,0.623%,689.0,10.0,1.451%,3.00
2026-04-05,112192,1661,14415,0.618%,683.2,10.0,1.464%,8.00
2026-04-04,112206,1661,14413,0.570%,630.9,8.7,1.379%,14.00
2026-04-03,112219,1661,14413,0.478%,530.3,6.3,1.188%,20.00
2026-04-02,112224,1661,14413,0.474%,526.0,6.3,1.198%,20.00
2026-04-01,112242,1661,14413,0.502%,557.4,6.1,1.094%,21.00
2026-03-31,112243,1662,14412,0.531%,587.9,7.6,1.293%,22.00
2026-03-30,112256,1662,14411,0.526%,582.9,7.1,1.218%,22.00
2026-03-29,112262,1662,14407,0.677%,749.3,11.0,1.468%,23.00
2026-03-28,112273,1662,14401,0.751%,829.6,13.3,1.603%,20.00
2026-03-27,112284,1662,14395,0.661%,730.1,11.9,1.630%,19.00
2026-03-26,112290,1662,14391,0.588%,651.1,9.2,1.413%,17.00
2026-03-25,112297,1662,14390,0.596%,659.9,9.5,1.440%,17.00
2026-03-24,112303,1661,14388,0.588%,651.1,9.5,1.459%,15.00
2026-03-23,112318,1661,14388,0.603%,670.0,7.1,1.060%,17.00
2026-03-22,112329,1660,14388,0.698%,777.4,6.6,0.849%,17.00
2026-03-21,112324,1660,14380,0.823%,917.3,7.3,0.796%,6.00
2026-03-20,112317,1661,14375,0.843%,940.4,6.8,0.723%,5.00
2026-03-19,112330,1661,14375,0.831%,927.0,6.5,0.701%,3.00
2026-03-18,112332,1660,14374,0.846%,941.5,8.7,0.924%,4.00
2026-03-17,112359,1660,14374,0.843%,938.9,8.7,0.927%,4.00
2026-03-16,112366,1660,14372,0.837%,932.2,8.4,0.901%,3.00
2026-03-15,112366,1660,14372,0.807%,898.8,8.0,0.890%,3.00
2026-03-14,112373,1660,14372,0.799%,889.9,8.0,0.899%,6.00
2026-03-13,112382,1661,14371,0.825%,918.8,8.5,0.925%,6.00
2026-03-12,112384,1660,14371,0.821%,914.3,8.5,0.930%,6.00
2026-03-11,112392,1660,14370,0.814%,906.1,8.4,0.927%,6.00
2026-03-10,112406,1660,14370,0.825%,918.5,8.5,0.925%,7.00
2026-03-09,112417,1659,14369,0.813%,905.9,8.5,0.938%,6.00
2026-03-08,112430,1661,14369,0.728%,810.3,7.8,0.963%,6.00
2026-03-07,112428,1661,14366,0.722%,803.8,8.2,1.020%,5.00
2026-03-06,112434,1661,14365,1.494%,1669.6,10.5,0.629%,6.00
2026-03-05,112449,1661,14365,1.458%,1629.6,10.3,0.632%,7.00
2026-03-04,112476,1661,14364,1.454%,1625.7,10.2,0.627%,6.00
2026-03-03,112478,1661,14363,1.447%,1617.4,10.2,0.631%,6.00
2026-03-02,112487,1661,14363,1.477%,1651.8,10.0,0.605%,6.00
2026-03-01,112498,1660,14363,1.442%,1614.3,7.8,0.483%,5.00
2026-02-28,112513,1660,14361,1.411%,1579.5,7.8,0.494%,4.00
2026-02-27,112520,1661,14360,1.408%,1576.4,7.8,0.495%,3.00
2026-02-26,112521,1661,14358,1.407%,1575.7,7.8,0.495%,2.00
2026-02-25,112524,1661,14358,1.346%,1507.3,6.9,0.458%,3.00
2026-02-24,112507,1661,14358,1.342%,1503.5,6.9,0.459%,3.00
2026-02-23,112517,1661,14357,1.324%,1482.8,6.9,0.465%,3.00
2026-02-22,112529,1662,14357,1.317%,1475.4,6.8,0.461%,3.00
2026-02-21,112549,1661,14356,1.311%,1468.8,6.7,0.456%,3.00
2026-02-20,112546,1662,14356,1.318%,1478.2,5.0,0.338%,3.00
2026-02-19,112559,1662,14354,1.311%,1470.9,5.0,0.340%,3.00
2026-02-18,112571,1662,14353,1.388%,1555.3,7.4,0.476%,3.00
2026-02-17,112575,1661,14353,1.386%,1553.0,7.4,0.476%,3.00
2026-02-16,112575,1661,14352,1.458%,1632.8,8.3,0.508%,3.00
2026-02-15,112580,1662,14351,1.435%,1607.7,8.3,0.516%,2.00
2026-02-14,112582,1662,14350,1.423%,1593.3,8.3,0.521%,2.00
2026-02-13,112579,1662,14350,0.749%,837.3,5.8,0.693%,4.00
2026-02-12,112554,1662,14350,0.741%,828.7,5.8,0.700%,4.00
2026-02-11,112555,1661,14348,0.739%,826.4,5.8,0.702%,4.00
2026-02-10,112561,1661,14348,0.732%,818.3,6.0,0.733%,5.00
2026-02-09,112566,1661,14347,0.728%,813.9,6.0,0.737%,4.00
2026-02-08,112585,1662,14347,0.714%,797.8,6.0,0.752%,6.00
2026-02-07,112583,1662,14347,0.709%,792.2,5.7,0.720%,6.00
2026-02-06,112589,1662,14347,0.764%,854.3,6.1,0.714%,6.00
2026-02-05,112600,1662,14344,0.779%,870.0,6.6,0.759%,6.00
2026-02-04,112602,1662,14344,0.776%,867.6,6.6,0.761%,7.00
2026-02-03,112611,1662,14343,0.785%,877.4,6.5,0.741%,8.00
2026-02-02,112624,1662,14343,0.840%,939.9,6.3,0.670%,8.00
2026-02-01,112639,1662,14342,0.915%,1024.8,6.4,0.625%,7.00
2026-01-31,112634,1662,14341,0.913%,1022.4,6.4,0.626%,8.00
2026-01-30,112644,1662,14339,0.872%,978.2,4.2,0.429%,6.00
2026-01-29,112660,1662,14339,0.761%,854.9,3.0,0.351%,7.00
2026-01-28,112667,1662,14338,0.792%,888.2,4.4,0.495%,7.00
2026-01-27,112673,1662,14336,0.791%,886.5,4.4,0.496%,7.00
2026-01-26,112678,1662,14334,0.785%,880.3,4.4,0.500%,7.00
2026-01-25,112665,1662,14334,0.774%,867.4,4.4,0.507%,7.00
2026-01-24,112684,1662,14333,0.809%,907.1,4.4,0.485%,7.00
2026-01-23,112691,1662,14333,0.798%,894.7,4.4,0.492%,6.00
2026-01-22,112682,1663,14332,0.852%,956.3,4.3,0.450%,7.00
2026-01-21,112692,1662,14331,0.851%,954.8,4.3,0.450%,7.00
2026-01-20,112709,1663,14328,0.798%,894.8,4.8,0.536%,6.00
2026-01-19,112697,1663,14328,1.057%,1182.1,9.3,0.787%,5.00
2026-01-18,112697,1663,14326,1.054%,1178.5,9.3,0.789%,5.00
2026-01-17,112703,1662,14325,1.052%,1176.2,9.3,0.791%,4.00
2026-01-16,112685,1662,14325,1.142%,1276.3,10.4,0.815%,5.00
2026-01-15,112702,1661,14324,1.196%,1339.1,9.2,0.687%,5.00
2026-01-14,112715,1661,14322,1.176%,1315.5,10.0,0.760%,5.00
2026-01-13,112717,1662,14320,1.173%,1312.5,10.0,0.762%,4.00
2026-01-12,112727,1661,14318,1.169%,1307.8,9.9,0.757%,4.00
2026-01-11,112740,1661,14318,1.184%,1323.2,11.9,0.899%,4.00
2026-01-10,112754,1661,14318,1.099%,1227.7,11.4,0.929%,4.00
2026-01-09,112757,1661,14317,1.097%,1225.4,11.4,0.930%,5.00
2026-01-08,112761,1661,14316,1.090%,1218.3,10.8,0.886%,4.00
2026-01-07,112773,1661,14316,1.079%,1205.8,10.8,0.896%,4.00
2026-01-06,112790,1661,14315,1.130%,1263.5,10.8,0.855%,4.00
2026-01-05,112797,1661,14315,1.124%,1257.6,10.8,0.859%,6.00
2026-01-04,112817,1661,14314,1.192%,1331.7,13.0,0.976%,5.00
2026-01-03,112823,1661,14313,1.184%,1322.3,13.0,0.983%,5.00
2026-01-02,112832,1661,14312,1.322%,1477.8,13.4,0.907%,4.00
2026-01-01,112855,1661,14312,1.311%,1466.6,13.4,0.914%,4.00
2025-12-31,112862,1662,14311,0.965%,1080.8,8.5,0.786%,4.00
2025-12-30,112866,1662,14311,0.961%,1076.6,8.5,0.790%,4.00
2025-12-29,112871,1661,14309,0.952%,1066.1,8.5,0.797%,3.00
2025-12-28,112884,1662,14309,0.893%,999.5,8.3,0.830%,5.00
2025-12-27,112885,1662,14309,0.890%,995.9,8.3,0.833%,5.00
2025-12-26,112886,1662,14308,0.892%,998.7,8.2,0.821%,5.00
2025-12-25,112909,1662,14308,0.882%,987.8,8.1,0.820%,6.00
2025-12-24,112917,1661,14307,0.871%,976.3,6.8,0.697%,6.00
2025-12-23,112920,1662,14307,0.858%,963.3,5.3,0.550%,6.00
2025-12-22,112925,1662,14306,0.851%,956.3,5.2,0.544%,6.00
2025-12-21,112939,1662,14304,0.855%,960.1,5.3,0.552%,5.00
2025-12-20,112941,1662,14304,0.847%,951.4,5.3,0.557%,6.00
2025-12-19,112948,1661,14303,0.897%,1007.4,6.3,0.625%,6.00
2025-12-18,112959,1662,14302,0.946%,1062.8,6.0,0.565%,5.00
2025-12-17,112964,1660,14301,0.976%,1096.3,6.7,0.611%,5.00
2025-12-16,112969,1661,14300,0.971%,1090.7,6.6,0.605%,5.00
2025-12-15,112974,1662,14300,0.877%,983.9,7.3,0.742%,6.00
2025-12-14,112976,1661,14299,0.873%,979.1,7.3,0.746%,6.00
2025-12-13,112984,1662,14299,0.940%,1054.3,7.7,0.730%,6.00
2025-12-12,112993,1661,14297,0.964%,1081.9,7.9,0.730%,6.00
2025-12-11,113011,1661,14297,0.972%,1089.3,8.7,0.799%,7.00
2025-12-10,113006,1661,14296,1.042%,1167.8,9.8,0.839%,8.00
2025-12-09,113016,1661,14295,1.267%,1417.2,15.0,1.058%,8.00
2025-12-08,113036,1661,14294,1.264%,1413.3,15.0,1.061%,8.00
2025-12-07,113033,1661,14293,1.343%,1502.3,15.8,1.052%,8.00
2025-12-06,113042,1660,14293,1.257%,1406.0,14.6,1.038%,8.00
2025-12-05,113033,1661,14291,1.188%,1329.7,13.2,0.993%,8.00
2025-12-04,113043,1661,14290,1.200%,1343.5,12.6,0.938%,8.00
2025-12-03,113053,1661,14288,1.313%,1472.7,11.9,0.808%,8.00
2025-12-02,113060,1661,14287,1.350%,1514.1,12.3,0.812%,8.00
2025-12-01,113071,1660,14286,1.416%,1590.3,11.3,0.711%,8.00
2025-11-30,113074,1661,14285,1.438%,1614.6,11.1,0.687%,10.00
2025-11-29,113090,1661,14285,1.433%,1610.3,10.8,0.671%,14.00
2025-11-28,113094,1661,14283,1.439%,1616.9,10.5,0.649%,15.00
2025-11-27,113088,1661,14282,1.368%,1535.7,11.3,0.736%,15.00
2025-11-26,113108,1661,14280,1.407%,1579.4,12.3,0.779%,13.00
2025-11-25,113098,1661,14279,1.185%,1328.6,11.5,0.866%,13.00
2025-11-24,113081,1661,14278,0.997%,1115.1,11.8,1.058%,18.00
2025-11-23,113048,1660,14275,0.923%,1033.8,9.6,0.929%,20.00
2025-11-22,113046,1658,14271,0.941%,1054.9,9.4,0.891%,20.00
2025-11-21,113049,1659,14269,0.704%,790.0,6.2,0.785%,27.00
2025-11-20,113058,1658,14266,0.673%,754.9,5.7,0.755%,29.00
2025-11-19,113058,1658,14266,0.698%,782.6,6.3,0.805%,34.00
2025-11-18,113048,1658,14265,0.617%,691.7,5.4,0.781%,41.00
2025-11-17,113036,1658,14260,1.098%,1223.8,16.8,1.373%,30.00
2025-11-16,113015,1658,14256,1.602%,1784.3,25.8,1.446%,29.00
2025-11-15,113006,1658,14245,1.258%,1401.4,20.6,1.470%,21.00
2025-11-14,112994,1658,14236,1.349%,1499.7,24.9,1.660%,22.00
2025-11-13,113013,1659,14229,0.987%,1098.6,17.0,1.547%,23.00
2025-11-12,113001,1659,14228,0.476%,532.1,6.0,1.128%,23.00
2025-11-11,112947,1659,14228,0.483%,539.6,5.7,1.056%,23.00
2025-11-10,112909,1659,14226,0.480%,535.8,5.6,1.045%,23.00
2025-11-09,112899,1659,14224,0.496%,558.9,1.3,0.233%,22.00
2025-11-08,112864,1659,14217,0.933%,1048.3,4.7,0.448%,16.00
2025-11-07,112844,1658,14205,1.062%,1191.3,6.9,0.579%,15.00
2025-11-06,112847,1661,14198,1.044%,1170.8,7.2,0.615%,10.00
2025-11-05,112854,1661,14196,1.244%,1393.3,10.1,0.725%,11.00
2025-11-04,112857,1661,14194,1.226%,1373.3,10.2,0.743%,10.00
2025-11-03,112857,1661,14193,1.214%,1359.3,10.3,0.758%,11.00
2025-11-02,112871,1661,14191,1.211%,1356.3,10.3,0.759%,10.00
2025-11-01,112885,1661,14189,1.058%,1186.3,7.8,0.658%,13.00
2025-10-31,112890,1661,14189,0.878%,983.9,7.2,0.732%,16.00
2025-10-30,112893,1660,14187,0.774%,868.8,5.5,0.633%,16.00
2025-10-29,112907,1660,14185,0.786%,882.6,5.4,0.612%,16.00
2025-10-28,112910,1660,14183,0.554%,622.9,2.2,0.353%,15.00
2025-10-27,112901,1660,14183,0.746%,838.7,3.4,0.405%,16.00
2025-10-26,112918,1659,14180,0.725%,814.9,3.8,0.466%,15.00
2025-10-25,112918,1659,14174,0.721%,811.8,2.5,0.308%,15.00
2025-10-24,112914,1659,14165,0.732%,823.4,2.8,0.340%,14.00
2025-10-23,112933,1659,14163,0.744%,836.9,2.8,0.335%,13.00
2025-10-22,112941,1659,14161,0.739%,829.3,4.8,0.579%,12.00
2025-10-21,112942,1658,14160,0.688%,772.8,4.7,0.608%,12.00
2025-10-20,112941,1658,14156,0.786%,882.3,4.9,0.555%,12.00
2025-10-19,112958,1658,14156,1.041%,1168.0,7.9,0.676%,13.00
2025-10-18,112942,1658,14149,1.037%,1163.1,7.8,0.671%,11.00
2025-10-17,112948,1658,14143,1.062%,1191.8,7.9,0.663%,10.00
2025-10-16,112946,1659,14142,1.412%,1584.8,10.4,0.656%,10.00
2025-10-15,112947,1659,14141,1.452%,1628.7,10.8,0.663%,10.00
2025-10-14,112952,1659,14140,1.339%,1502.0,10.3,0.686%,11.00
2025-10-13,112967,1660,14138,1.309%,1468.8,10.0,0.681%,10.00
2025-10-12,112968,1659,14137,1.267%,1421.2,10.0,0.704%,10.00
2025-10-11,112951,1659,14135,1.273%,1427.6,9.8,0.686%,10.00
2025-10-10,112966,1659,14133,1.087%,1221.0,7.5,0.614%,10.00
2025-10-09,112968,1660,14132,1.079%,1211.3,7.9,0.652%,11.00
2025-10-08,112983,1660,14131,0.640%,719.5,4.0,0.556%,11.00
2025-10-07,112988,1660,14130,0.604%,679.0,3.3,0.486%,11.00
2025-10-06,112990,1660,14128,0.793%,890.9,5.2,0.584%,11.00
2025-10-05,112949,1660,14127,0.907%,1017.8,6.9,0.678%,12.00
2025-10-04,112873,1660,14120,0.950%,1064.8,7.1,0.667%,14.00
2025-10-03,112798,1660,14112,0.870%,975.5,6.4,0.656%,15.00
2025-10-02,112776,1660,14107,0.858%,961.4,5.9,0.614%,15.00
2025-10-01,112763,1660,14105,0.896%,1005.0,5.7,0.567%,15.00
2025-09-30,112770,1660,14104,0.897%,1006.1,5.5,0.547%,14.00
2025-09-29,112773,1660,14102,0.748%,839.9,3.9,0.464%,14.00
2025-09-28,112757,1660,14100,0.846%,950.1,3.9,0.410%,14.00
2025-09-27,112728,1661,14093,0.842%,945.3,4.4,0.465%,13.00
2025-09-26,112713,1661,14084,1.029%,1148.8,10.9,0.949%,12.00
2025-09-25,112716,1661,14082,1.069%,1192.3,12.3,1.032%,13.00
2025-09-24,112709,1661,14080,1.084%,1209.4,12.1,1.000%,12.00
2025-09-23,112698,1661,14079,1.032%,1151.0,11.6,1.008%,14.00
2025-09-22,112691,1661,14078,0.938%,1045.7,11.9,1.138%,15.00
2025-09-21,112689,1661,14073,1.756%,1962.9,15.6,0.795%,13.00
2025-09-20,112682,1660,14072,1.598%,1786.3,14.2,0.795%,16.00
2025-09-19,112679,1660,14070,1.487%,1662.5,12.8,0.770%,18.00
2025-09-18,112688,1659,14068,1.305%,1460.4,10.6,0.726%,20.00
2025-09-17,112692,1659,14067,2.493%,2790.3,19.3,0.692%,22.00
2025-09-16,112670,1659,14064,2.294%,2566.7,17.9,0.697%,21.00
2025-09-15,112641,1659,14061,1.896%,2119.4,16.5,0.779%,21.00
2025-09-14,112553,1659,14059,2.039%,2281.1,13.5,0.592%,22.00
2025-09-13,112509,1659,14052,1.088%,1215.9,7.9,0.650%,22.00
2025-09-12,112473,1659,14041,0.549%,614.2,2.8,0.456%,26.00
2025-09-11,112460,1659,14031,0.538%,601.5,3.0,0.499%,26.00
2025-09-10,112430,1659,14027,0.528%,590.8,3.0,0.508%,26.00
2025-09-09,112439,1658,14025,0.665%,743.7,3.8,0.511%,26.00
2025-09-08,112425,1658,14023,0.660%,737.5,4.3,0.583%,26.00
2025-09-07,112417,1658,14020,0.754%,842.6,5.3,0.629%,24.00
2025-09-06,112412,1658,14014,1.155%,1288.8,9.5,0.737%,22.00
2025-09-05,112406,1658,14005,1.170%,1304.3,11.0,0.843%,19.00
2025-09-04,112401,1657,13997,1.116%,1244.6,9.9,0.795%,13.00
2025-09-03,112392,1657,13994,1.140%,1272.7,9.1,0.715%,13.00
2025-09-02,112398,1658,13992,1.366%,1525.3,9.8,0.642%,11.00
2025-09-01,112415,1656,13991,1.301%,1452.7,10.0,0.688%,11.00
2025-08-31,112413,1656,13989,1.134%,1266.6,8.0,0.632%,16.00
2025-08-30,112403,1656,13988,1.125%,1256.8,8.0,0.637%,16.00
2025-08-29,112394,1658,13986,0.837%,935.1,6.0,0.642%,26.00
2025-08-28,112380,1658,13984,0.850%,949.2,6.2,0.653%,27.00
2025-08-27,112371,1658,13980,0.804%,897.0,6.6,0.736%,24.00
2025-08-26,112353,1658,13980,0.662%,737.7,6.0,0.813%,28.00
2025-08-25,112336,1658,13979,0.662%,737.5,6.3,0.854%,31.00
2025-08-24,112319,1658,13974,1.341%,1495.8,10.1,0.675%,26.00
2025-08-23,112297,1658,13967,1.334%,1487.9,10.4,0.699%,26.00
2025-08-22,112285,1658,13958,1.336%,1490.3,9.7,0.651%,28.00
2025-08-21,112276,1658,13952,1.115%,1244.1,8.2,0.659%,28.00
2025-08-20,112271,1658,13950,0.910%,1013.6,7.6,0.750%,36.00
2025-08-19,112268,1658,13948,0.882%,982.6,7.1,0.723%,40.00
2025-08-18,112261,1658,13946,0.552%,615.3,4.0,0.650%,39.00
2025-08-17,112204,1658,13943,0.649%,722.6,5.5,0.761%,42.00
2025-08-16,112170,1658,13937,1.086%,1201.9,15.9,1.323%,20.00
2025-08-15,112163,1658,13925,1.196%,1326.1,15.3,1.154%,13.00
2025-08-14,112167,1659,13916,1.218%,1351.3,14.6,1.080%,13.00
2025-08-13,112178,1659,13913,1.151%,1277.7,13.8,1.080%,13.00
2025-08-12,112180,1659,13911,1.179%,1311.6,11.5,0.877%,13.00
2025-08-11,112191,1659,13910,1.181%,1316.5,8.0,0.608%,14.00
2025-08-10,112200,1659,13907,1.334%,1488.9,8.3,0.557%,12.00
2025-08-09,112198,1659,13905,1.360%,1518.2,8.2,0.540%,13.00
2025-08-08,112207,1659,13904,1.400%,1562.6,8.4,0.538%,14.00
2025-08-07,112209,1660,13902,1.464%,1633.3,9.8,0.600%,13.00
2025-08-06,112190,1660,13900,1.386%,1547.1,8.3,0.536%,13.00
2025-08-05,112190,1660,13898,1.339%,1495.5,7.0,0.468%,13.00
2025-08-04,112187,1660,13896,1.145%,1277.9,6.3,0.493%,12.00
2025-08-03,112181,1660,13895,0.932%,1041.9,3.8,0.365%,13.00
2025-08-02,112190,1659,13892,0.925%,1033.8,3.8,0.368%,11.00
2025-08-01,112197,1659,13890,0.791%,884.3,3.5,0.396%,12.00
2025-07-31,112197,1658,13889,0.759%,848.3,2.9,0.342%,15.00
2025-07-30,112218,1658,13887,0.714%,797.7,3.2,0.401%,15.00
2025-07-29,112216,1658,13885,0.741%,828.6,3.0,0.362%,15.00
2025-07-28,112221,1658,13884,0.899%,1002.8,5.8,0.578%,15.00
2025-07-27,112224,1658,13882,1.706%,1873.8,40.3,2.151%,15.00
2025-07-26,112222,1658,13880,1.306%,1438.2,27.9,1.940%,22.00
2025-07-25,112210,1658,13877,1.208%,1332.2,23.5,1.764%,26.00
2025-07-24,112191,1658,13874,1.226%,1351.6,24.4,1.805%,28.00
2025-07-23,112182,1658,13871,1.103%,1215.7,22.1,1.818%,26.00
2025-07-22,112166,1658,13868,1.019%,1124.5,19.0,1.690%,26.00
2025-07-21,112120,1658,13867,0.689%,769.0,3.3,0.429%,27.00
2025-07-20,112031,1658,13865,0.719%,802.4,3.5,0.436%,26.00
2025-07-19,112020,1657,13857,0.724%,807.5,3.4,0.421%,26.00
2025-07-18,112002,1658,13846,0.614%,685.4,2.6,0.379%,26.00
2025-07-17,111996,1658,13840,0.625%,697.5,2.8,0.401%,29.00
2025-07-16,112012,1659,13838,0.540%,602.6,2.2,0.365%,34.00
2025-07-15,112011,1659,13835,0.532%,593.8,2.3,0.387%,40.00
2025-07-14,112024,1659,13834,0.542%,605.4,2.1,0.347%,45.00
2025-07-13,112006,1659,13831,1.563%,1744.0,6.3,0.361%,26.00
2025-07-12,111979,1659,13821,2.138%,2379.3,15.3,0.643%,17.00
2025-07-11,111973,1659,13807,2.197%,2444.5,15.4,0.630%,12.00
2025-07-10,111965,1659,13800,2.456%,2731.8,18.5,0.677%,12.00
2025-07-09,111950,1659,13799,1.770%,1964.7,16.3,0.830%,11.00
2025-07-08,111907,1659,13797,1.584%,1756.5,16.5,0.939%,12.00
2025-07-07,111905,1659,13794,1.553%,1721.1,16.7,0.970%,12.00
2025-07-06,111907,1659,13792,1.511%,1674.8,15.8,0.943%,11.00
2025-07-05,111907,1660,13791,1.582%,1753.8,16.1,0.918%,15.00
2025-07-04,111906,1660,13789,0.946%,1048.6,10.4,0.992%,22.00
2025-07-03,111876,1660,13788,0.665%,736.9,6.8,0.923%,30.00
2025-07-02,111826,1660,13785,0.664%,735.3,7.0,0.952%,32.00
2025-07-01,111806,1660,13783,0.819%,906.7,8.8,0.971%,35.00
2025-06-30,111772,1660,13779,0.841%,928.8,11.7,1.260%,35.00
2025-06-29,111775,1660,13777,1.041%,1150.4,13.7,1.191%,36.00
2025-06-28,111769,1660,13769,1.380%,1524.7,17.5,1.148%,28.00
2025-06-27,111763,1659,13757,0.777%,861.7,7.1,0.824%,27.00
2025-06-26,111741,1659,13750,0.768%,854.8,3.3,0.386%,26.00
2025-06-25,111737,1658,13747,0.760%,846.5,2.8,0.331%,28.00
2025-06-24,111752,1658,13744,0.811%,902.5,3.6,0.399%,26.00
2025-06-23,111762,1659,13742,0.841%,935.5,4.1,0.438%,26.00
2025-06-22,111770,1659,13741,0.987%,1097.4,5.6,0.510%,28.00
2025-06-21,111760,1659,13737,1.217%,1353.2,6.8,0.503%,23.00
2025-06-20,111763,1659,13729,0.871%,969.2,4.4,0.454%,15.00
2025-06-19,111746,1659,13723,0.923%,1027.3,4.3,0.419%,16.00
2025-06-18,111756,1657,13719,0.890%,990.7,3.8,0.384%,14.00
2025-06-17,111761,1657,13718,0.884%,983.7,4.6,0.468%,15.00
2025-06-16,111756,1656,13715,0.931%,1033.4,6.5,0.629%,14.00
2025-06-15,111760,1656,13714,1.805%,2009.9,7.8,0.388%,19.00
2025-06-14,111758,1657,13712,1.963%,2184.9,8.8,0.403%,19.00
2025-06-13,111745,1657,13709,1.313%,1461.3,5.9,0.404%,26.00
2025-06-12,111749,1658,13706,1.256%,1397.6,6.0,0.429%,30.00
2025-06-11,111743,1658,13704,1.242%,1382.8,5.2,0.376%,33.00
2025-06-10,111731,1658,13701,0.715%,793.8,4.7,0.592%,36.00
2025-06-09,111713,1658,13699,0.703%,781.9,3.8,0.486%,36.00
2025-06-08,111707,1658,13694,0.918%,1020.1,5.4,0.529%,29.00
2025-06-07,111697,1658,13686,1.226%,1362.4,7.3,0.536%,26.00
2025-06-06,111688,1658,13675,1.028%,1143.6,4.8,0.420%,20.00
2025-06-05,111703,1658,13667,1.586%,1750.9,21.0,1.199%,14.00
2025-06-04,111698,1657,13664,1.650%,1820.9,22.1,1.214%,13.00
2025-06-03,111709,1658,13661,1.667%,1837.4,24.3,1.323%,14.00
2025-06-02,111718,1658,13660,1.572%,1731.5,24.9,1.438%,15.00
2025-06-01,111727,1658,13658,1.576%,1735.0,25.7,1.481%,14.00
2025-05-31,111717,1658,13654,1.427%,1566.6,27.2,1.736%,20.00
2025-05-30,111705,1658,13650,0.910%,1004.4,12.5,1.245%,28.00
2025-05-29,111681,1658,13648,0.826%,911.2,11.5,1.262%,30.00
2025-05-28,111671,1659,13646,0.771%,849.9,10.6,1.247%,35.00
2025-05-27,111666,1660,13641,0.718%,792.3,9.0,1.136%,41.00
2025-05-26,111648,1660,13639,0.537%,597.0,2.0,0.335%,53.00
2025-05-25,111646,1660,13637,0.689%,766.1,3.5,0.457%,57.00
2025-05-24,111634,1660,13626,1.204%,1331.0,13.3,0.999%,34.00
2025-05-23,111621,1660,13614,0.974%,1078.5,8.8,0.816%,21.00
2025-05-22,111618,1660,13608,0.957%,1059.6,8.7,0.821%,17.00
2025-05-21,111628,1660,13604,0.882%,979.2,5.0,0.511%,17.00
2025-05-20,111644,1660,13602,0.895%,994.2,4.5,0.453%,17.00
2025-05-19,111642,1661,13598,1.112%,1224.5,17.3,1.413%,14.00
2025-05-18,111660,1661,13597,1.253%,1379.8,19.1,1.384%,15.00
2025-05-17,111654,1661,13594,1.217%,1342.6,15.9,1.184%,20.00
2025-05-16,111669,1661,13592,1.068%,1176.9,15.4,1.309%,28.00
2025-05-15,111659,1661,13590,1.041%,1148.2,14.6,1.272%,30.00
2025-05-14,111662,1661,13587,0.977%,1080.0,11.4,1.056%,34.00
2025-05-13,111666,1661,13585,0.861%,955.0,6.8,0.712%,40.00
2025-05-12,111664,1661,13584,0.776%,860.9,5.6,0.650%,51.00
2025-05-11,111635,1661,13581,1.026%,1142.0,3.2,0.280%,58.00
2025-05-10,111625,1660,13570,1.437%,1598.4,5.1,0.319%,28.00
2025-05-09,111614,1660,13557,0.748%,832.8,2.3,0.276%,20.00
2025-05-08,111620,1660,13550,0.587%,654.3,1.1,0.168%,17.00
2025-05-07,111615,1660,13547,0.458%,509.8,0.9,0.177%,16.00
2025-05-06,111606,1660,13543,1.158%,1289.6,3.1,0.240%,16.00
2025-05-05,111521,1659,13541,2.264%,2512.7,11.8,0.470%,15.00
2025-05-04,111519,1660,13540,2.730%,3029.6,15.4,0.508%,17.00
2025-05-03,111518,1660,13538,2.402%,2664.8,14.0,0.525%,22.00
2025-05-02,111522,1660,13535,2.068%,2294.0,12.1,0.527%,28.00
2025-05-01,111515,1659,13531,1.553%,1721.6,9.9,0.575%,29.00
2025-04-30,111506,1659,13529,0.977%,1083.7,5.5,0.508%,34.00
2025-04-29,111501,1658,13527,0.889%,986.5,4.7,0.476%,40.00
2025-04-28,111476,1658,13526,0.622%,690.4,2.7,0.391%,52.00
2025-04-27,111474,1658,13523,1.025%,1137.7,5.3,0.466%,44.00
2025-04-26,111469,1658,13513,1.553%,1724.1,7.3,0.423%,28.00
2025-04-25,111454,1658,13504,1.357%,1505.3,6.9,0.458%,18.00
2025-04-24,111454,1658,13496,1.687%,1869.3,10.8,0.578%,14.00
2025-04-23,111453,1658,13494,1.776%,1967.2,12.3,0.625%,14.00
2025-04-22,111444,1658,13490,1.902%,2106.3,13.4,0.636%,14.00
2025-04-21,111450,1658,13488,2.027%,2243.8,15.1,0.673%,13.00
2025-04-20,111442,1658,13485,2.221%,2456.2,19.1,0.778%,16.00
2025-04-19,111442,1658,13483,1.881%,2079.5,16.5,0.793%,19.00
2025-04-18,111425,1658,13482,1.349%,1492.0,10.8,0.724%,29.00
2025-04-17,111397,1658,13479,1.145%,1267.0,8.6,0.679%,33.00
2025-04-16,111367,1658,13477,0.966%,1068.4,7.6,0.711%,40.00
2025-04-15,111349,1658,13474,0.836%,924.8,6.6,0.714%,44.00
2025-04-14,111336,1658,13473,0.511%,567.0,1.7,0.300%,57.00
2025-04-13,111318,1659,13468,0.642%,711.9,2.4,0.337%,75.00
2025-04-12,111302,1659,13460,1.807%,1999.2,11.8,0.590%,45.00
2025-04-11,111301,1659,13444,1.917%,2123.1,10.0,0.471%,22.00
2025-04-10,111297,1658,13435,3.623%,4016.8,15.8,0.393%,14.00
2025-04-09,111297,1658,13432,3.507%,3888.3,15.4,0.396%,14.00
2025-04-08,111270,1657,13428,3.386%,3751.3,16.4,0.437%,14.00
2025-04-07,111253,1657,13425,3.310%,3666.5,15.7,0.428%,15.00
2025-04-06,111235,1657,13422,2.669%,2949.1,19.9,0.675%,24.00
2025-04-05,111209,1657,13419,1.516%,1671.8,13.9,0.831%,29.00
2025-04-04,111167,1656,13416,1.520%,1676.3,13.4,0.799%,33.00
2025-04-03,111171,1657,13415,1.529%,1686.2,13.2,0.783%,37.00
2025-04-02,111164,1656,13413,1.537%,1694.8,14.2,0.838%,45.00
2025-04-01,111156,1656,13411,1.415%,1559.8,13.4,0.859%,60.00
2025-03-31,111146,1656,13408,1.030%,1135.8,9.4,0.828%,86.00
2025-03-30,111113,1656,13395,1.667%,1849.0,3.8,0.206%,91.00
2025-03-29,111067,1654,13379,1.677%,1854.3,8.8,0.475%,55.00
2025-03-28,111054,1654,13364,2.238%,2467.9,17.1,0.693%,20.00
2025-03-27,111031,1654,13357,2.335%,2571.5,20.9,0.813%,14.00
2025-03-26,111029,1654,13352,3.845%,4190.6,79.0,1.885%,14.00
2025-03-25,111007,1654,13349,3.848%,4191.8,80.2,1.913%,14.00
2025-03-24,110993,1654,13345,3.290%,3577.8,73.4,2.052%,13.00
2025-03-23,110958,1654,13341,3.251%,3539.0,67.7,1.913%,16.00
2025-03-22,110927,1653,13340,2.802%,3052.4,55.8,1.828%,20.00
2025-03-21,110915,1652,13336,2.201%,2401.8,39.3,1.636%,26.00
2025-03-20,110919,1652,13335,1.328%,1462.4,10.8,0.739%,30.00
2025-03-19,110884,1651,13332,1.198%,1319.7,8.8,0.667%,34.00
2025-03-18,110861,1651,13329,1.078%,1187.0,8.6,0.725%,36.00
2025-03-17,110845,1651,13327,0.862%,948.3,7.4,0.780%,43.00
2025-03-16,110830,1652,13321,1.053%,1158.1,9.2,0.794%,36.00
2025-03-15,110813,1652,13313,1.341%,1474.3,11.9,0.807%,29.00
2025-03-14,110791,1651,13303,1.172%,1290.2,8.6,0.667%,22.00
2025-03-13,110813,1651,13293,2.289%,2522.0,14.3,0.567%,17.00
2025-03-12,110818,1651,13289,2.319%,2554.5,15.9,0.622%,17.00
2025-03-11,110818,1651,13285,2.328%,2564.1,16.2,0.632%,16.00
2025-03-10,110820,1651,13283,2.208%,2431.2,16.2,0.666%,16.00
2025-03-09,110816,1651,13281,2.811%,3095.4,20.0,0.646%,16.00
2025-03-08,110798,1649,13277,1.912%,2104.7,13.4,0.637%,18.00
2025-03-07,110757,1649,13274,1.833%,2019.6,10.8,0.535%,24.00
2025-03-06,110738,1647,13271,1.739%,1914.0,12.0,0.627%,28.00
2025-03-05,110715,1647,13268,1.673%,1840.9,11.7,0.636%,32.00
2025-03-04,110694,1648,13264,1.395%,1533.2,10.5,0.685%,38.00
2025-03-03,110664,1647,13261,1.207%,1326.4,9.3,0.701%,45.00
2025-03-02,110628,1646,13256,1.034%,1134.9,9.3,0.819%,55.00
2025-03-01,110581,1646,13248,2.273%,2499.3,14.0,0.560%,44.00
2025-02-28,110536,1646,13239,1.833%,2012.8,12.8,0.636%,31.00
2025-02-27,110504,1646,13229,1.539%,1689.8,10.9,0.645%,20.00
2025-02-26,110444,1646,13223,1.632%,1790.9,11.0,0.614%,20.00
2025-02-25,110359,1645,13220,1.465%,1607.6,9.0,0.560%,21.00
2025-02-24,110324,1644,13215,1.361%,1492.6,8.5,0.569%,23.00
2025-02-23,110291,1644,13212,1.285%,1409.9,7.4,0.525%,24.00
2025-02-22,110249,1645,13209,1.281%,1405.2,6.9,0.491%,23.00
2025-02-21,110208,1644,13205,1.431%,1570.1,7.5,0.478%,21.00
2025-02-20,110187,1644,13202,1.491%,1625.3,17.1,1.052%,22.00
2025-02-19,110149,1644,13198,1.923%,2095.9,22.5,1.074%,22.00
2025-02-18,110113,1644,13193,1.912%,2083.9,22.0,1.056%,22.00
2025-02-17,110120,1644,13189,1.690%,1842.6,18.2,0.988%,22.00
2025-02-16,110106,1644,13185,1.622%,1767.4,18.1,1.024%,20.00
2025-02-15,110080,1644,13183,1.600%,1750.4,10.8,0.617%,19.00
2025-02-14,110037,1644,13181,1.612%,1765.3,8.8,0.498%,22.00
2025-02-13,110028,1645,13178,1.478%,1620.5,6.1,0.376%,22.00
2025-02-12,110024,1645,13174,1.642%,1797.4,9.5,0.529%,20.00
2025-02-11,110023,1645,13169,1.761%,1927.1,9.9,0.514%,19.00
2025-02-10,110019,1646,13162,2.050%,2242.7,12.7,0.566%,18.00
2025-02-09,110002,1646,13160,2.204%,2409.1,14.8,0.614%,18.00
2025-02-08,109980,1645,13159,2.199%,2403.8,14.9,0.620%,20.00
2025-02-07,109970,1645,13154,2.180%,2383.7,13.5,0.566%,18.00
2025-02-06,109965,1645,13151,2.093%,2286.4,15.7,0.687%,19.00
2025-02-05,109921,1644,13149,2.511%,2742.4,17.5,0.638%,21.00
2025-02-04,109883,1644,13145,2.306%,2517.8,16.1,0.639%,20.00
2025-02-03,109860,1644,13142,2.365%,2581.4,16.5,0.639%,19.00
2025-02-02,109827,1644,13139,2.331%,2543.6,16.4,0.645%,19.00
2025-02-01,109806,1643,13136,2.285%,2495.3,13.8,0.553%,18.00
2025-01-31,109771,1643,13134,1.605%,1751.3,10.4,0.594%,19.00
2025-01-30,109736,1644,13129,1.406%,1534.4,9.0,0.587%,18.00
2025-01-29,109710,1642,13125,1.372%,1496.5,8.8,0.588%,16.00
2025-01-28,109710,1642,13123,1.838%,2004.9,11.5,0.574%,16.00
2025-01-27,109711,1642,13121,2.584%,2811.3,23.5,0.836%,15.00
2025-01-26,109701,1642,13119,2.787%,3032.9,24.7,0.814%,16.00
2025-01-25,109704,1642,13117,2.769%,3013.8,24.3,0.806%,16.00
2025-01-24,109709,1642,13114,2.972%,3234.2,26.0,0.804%,17.00
2025-01-23,109694,1642,13111,2.842%,3092.2,24.8,0.802%,16.00
2025-01-22,109689,1643,13109,1.963%,2137.8,15.3,0.716%,15.00
2025-01-21,109642,1642,13107,1.731%,1886.0,12.3,0.652%,15.00
2025-01-20,109636,1643,13106,1.822%,1981.4,16.7,0.843%,17.00
2025-01-19,109595,1643,13102,1.615%,1754.8,15.0,0.855%,16.00
2025-01-18,109587,1643,13100,1.862%,2025.0,15.9,0.785%,15.00
2025-01-17,109568,1643,13096,1.855%,2018.1,13.9,0.689%,15.00
2025-01-16,109569,1643,13094,1.964%,2136.6,14.8,0.693%,15.00
2025-01-15,109562,1642,13093,2.413%,2631.0,12.6,0.479%,17.00
2025-01-14,109550,1642,13090,2.555%,2782.7,16.3,0.586%,16.00
2025-01-13,109556,1641,13087,2.337%,2544.0,16.0,0.629%,16.00
2025-01-12,109545,1640,13085,2.006%,2181.7,15.3,0.701%,16.00
2025-01-11,109537,1641,13084,1.754%,1906.0,15.0,0.787%,17.00
2025-01-10,109535,1640,13080,1.924%,2093.0,14.7,0.702%,15.00
2025-01-09,109527,1640,13077,2.128%,2318.3,12.9,0.556%,15.00
2025-01-08,109519,1640,13074,2.154%,2347.6,10.9,0.464%,14.00
2025-01-07,109507,1639,13073,2.297%,2503.8,11.8,0.471%,15.00
2025-01-06,109492,1638,13070,2.472%,2694.2,12.2,0.453%,13.00
2025-01-05,109498,1638,13067,2.602%,2839.1,10.3,0.363%,14.00
2025-01-04,109494,1638,13065,2.787%,3040.3,11.3,0.372%,14.00
2025-01-03,109486,1638,13062,2.458%,2682.3,8.7,0.324%,13.00
2025-01-02,109480,1638,13060,2.298%,2506.3,9.5,0.379%,14.00
2025-01-01,109476,1637,13058,2.559%,2777.9,23.4,0.842%,13.00
2024-12-31,109491,1637,13056,2.598%,2822.2,22.6,0.801%,13.00
2024-12-30,109498,1637,13055,2.311%,2506.3,23.7,0.946%,14.00
2024-12-29,109492,1637,13052,2.136%,2315.6,23.0,0.993%,12.00
2024-12-28,109505,1637,13050,2.276%,2469.3,23.3,0.944%,12.00
2024-12-27,109512,1637,13049,2.260%,2452.0,23.3,0.950%,14.00
2024-12-26,109514,1637,13046,2.286%,2481.3,22.6,0.911%,11.00
2024-12-25,109484,1637,13045,1.828%,1983.3,17.6,0.887%,12.00
2024-12-24,109488,1637,13042,1.764%,1911.9,19.3,1.009%,12.00
2024-12-23,109490,1637,13040,1.740%,1885.8,18.8,0.997%,14.00
2024-12-22,109502,1637,13039,2.073%,2249.8,20.1,0.893%,14.00
2024-12-21,109510,1637,13037,2.156%,2341.8,18.7,0.799%,15.00
2024-12-20,109488,1637,13034,2.948%,3210.0,17.8,0.555%,14.00
2024-12-19,109518,1637,13033,2.825%,3079.7,13.7,0.445%,16.00
2024-12-18,109512,1636,13031,3.021%,3294.4,14.3,0.434%,17.00
2024-12-17,109489,1636,13029,3.105%,3385.2,14.0,0.414%,17.00
2024-12-16,109486,1636,13025,2.669%,2910.3,12.3,0.423%,15.00
2024-12-15,109475,1636,13024,1.924%,2094.8,12.0,0.573%,16.00
2024-12-14,109488,1636,13021,1.941%,2115.5,10.0,0.473%,16.00
2024-12-13,109477,1636,13019,1.699%,1849.8,10.6,0.573%,17.00
2024-12-12,109476,1636,13017,2.439%,2653.4,16.4,0.618%,18.00
2024-12-11,109478,1636,13014,2.368%,2577.2,14.7,0.570%,17.00
2024-12-10,109484,1636,13012,2.563%,2788.9,17.3,0.620%,18.00
2024-12-09,109484,1636,13010,2.592%,2815.5,22.4,0.796%,20.00
2024-12-08,109478,1634,13008,2.885%,3132.3,25.9,0.827%,19.00
2024-12-07,109470,1634,13005,3.404%,3704.3,22.1,0.597%,19.00
2024-12-06,109457,1634,13002,3.621%,3938.8,25.1,0.637%,17.00
2024-12-05,109397,1632,12999,3.497%,3799.6,26.0,0.684%,17.00
2024-12-04,109387,1632,12997,3.295%,3586.3,17.5,0.488%,16.00
2024-12-03,109378,1633,12994,3.142%,3419.3,17.2,0.503%,17.00
2024-12-02,109367,1632,12990,2.862%,3111.9,17.8,0.572%,15.00
2024-12-01,109354,1632,12989,2.953%,3209.4,19.3,0.601%,16.00
2024-11-30,109350,1632,12986,2.823%,3070.7,16.2,0.528%,15.00
2024-11-29,109355,1632,12985,2.814%,3063.1,14.3,0.467%,16.00
2024-11-28,109353,1632,12982,2.854%,3101.5,19.3,0.622%,15.00
2024-11-27,109348,1632,12980,2.803%,3048.5,16.2,0.531%,16.00
2024-11-26,109346,1632,12977,4.007%,4355.5,25.8,0.592%,16.00
2024-11-25,109343,1632,12975,3.810%,4139.8,26.1,0.630%,28.00
2024-11-24,109339,1632,12973,3.870%,4204.0,27.7,0.659%,33.00
2024-11-23,109305,1632,12971,3.909%,4246.0,27.1,0.638%,36.00
2024-11-22,109262,1632,12969,3.867%,4197.6,27.1,0.646%,45.00
2024-11-21,109210,1632,12967,3.165%,3435.3,21.1,0.614%,57.00
2024-11-20,109137,1632,12964,2.862%,3103.0,20.0,0.645%,78.00
2024-11-19,109024,1633,12961,2.278%,2388.0,96.0,4.020%,92.00
2024-11-18,108819,1633,12944,1.280%,1380.4,13.0,0.942%,73.00
2024-11-17,108681,1631,12935,1.848%,1988.0,20.3,1.021%,61.00
2024-11-16,108622,1631,12928,1.642%,1775.8,8.1,0.456%,36.00
2024-11-15,108550,1631,12919,2.061%,2222.4,14.3,0.643%,21.00
2024-11-14,108538,1631,12910,2.193%,2362.5,17.8,0.753%,14.00
2024-11-13,108542,1631,12909,2.078%,2235.3,20.6,0.922%,16.00
2024-11-12,108534,1631,12907,2.081%,2237.7,20.5,0.916%,15.00
2024-11-11,108524,1631,12904,2.759%,2973.6,20.3,0.683%,15.00
2024-11-10,108528,1631,12900,2.680%,2888.5,20.0,0.692%,12.00
2024-11-09,108518,1628,12899,2.219%,2393.2,15.2,0.635%,16.00
2024-11-08,108497,1628,12897,1.822%,1963.7,13.3,0.677%,26.00
2024-11-07,108507,1628,12895,1.794%,1931.4,14.7,0.761%,28.00
2024-11-06,108508,1627,12892,1.810%,1950.0,14.4,0.738%,32.00
2024-11-05,108482,1626,12891,1.371%,1474.8,12.8,0.868%,39.00
2024-11-04,108478,1625,12888,1.203%,1293.1,12.0,0.928%,48.00
2024-11-03,108487,1625,12887,1.095%,1178.2,9.2,0.781%,55.00
2024-11-02,108478,1625,12882,2.129%,2297.5,12.1,0.527%,45.00
2024-11-01,108469,1624,12872,2.268%,2446.4,14.2,0.580%,28.00
2024-10-31,108449,1622,12863,1.517%,1637.5,8.0,0.489%,27.00
2024-10-30,108442,1622,12860,1.385%,1494.2,7.3,0.489%,28.00
2024-10-29,108454,1624,12857,1.567%,1691.6,7.4,0.437%,26.00
2024-10-28,108453,1624,12855,1.296%,1398.4,6.7,0.479%,24.00
2024-10-27,108436,1624,12854,1.698%,1833.3,8.1,0.442%,29.00
2024-10-26,108429,1624,12849,1.852%,1996.5,11.4,0.571%,28.00
2024-10-25,108431,1623,12842,1.756%,1893.2,10.8,0.570%,29.00
2024-10-24,108419,1620,12836,1.174%,1264.9,8.0,0.632%,31.00
2024-10-23,108392,1620,12835,1.130%,1217.6,7.5,0.616%,32.00
2024-10-22,108393,1620,12832,0.916%,986.8,6.2,0.628%,39.00
2024-10-21,108393,1619,12831,0.851%,917.4,4.8,0.523%,49.00
2024-10-20,108391,1619,12828,0.767%,827.1,4.6,0.556%,61.00
2024-10-19,108386,1619,12820,1.258%,1356.4,6.7,0.494%,29.00
2024-10-18,108385,1620,12810,1.653%,1776.5,15.1,0.850%,21.00
2024-10-17,108401,1618,12802,1.737%,1867.2,15.8,0.846%,16.00
2024-10-16,108423,1619,12800,1.586%,1705.2,14.3,0.839%,16.00
2024-10-15,108426,1619,12797,1.574%,1687.5,18.8,1.114%,15.00
2024-10-14,108435,1618,12796,1.591%,1704.3,20.8,1.220%,15.00
2024-10-13,108443,1618,12795,1.538%,1648.8,19.3,1.171%,17.00
2024-10-12,108428,1617,12790,1.325%,1426.5,10.6,0.743%,17.00
2024-10-11,108279,1617,12788,1.296%,1393.0,9.8,0.704%,24.00
2024-10-10,108274,1617,12786,1.350%,1455.3,6.2,0.426%,27.00
2024-10-09,108279,1616,12785,1.230%,1326.4,5.8,0.437%,32.00
2024-10-08,108243,1616,12782,1.091%,1176.1,4.4,0.374%,38.00
2024-10-07,108261,1616,12781,1.043%,1125.2,4.1,0.364%,42.00
2024-10-06,108254,1616,12778,0.859%,927.7,2.4,0.259%,36.00
2024-10-05,108248,1616,12773,1.107%,1192.9,5.1,0.428%,28.00
2024-10-04,108243,1616,12764,1.123%,1208.2,7.0,0.579%,27.00
2024-10-03,108250,1616,12757,0.990%,1066.1,6.1,0.572%,27.00
2024-10-02,108242,1616,12756,0.931%,1002.1,5.4,0.539%,32.00
2024-10-01,108251,1616,12753,0.747%,804.8,4.0,0.497%,33.00
2024-09-30,108248,1616,12752,0.711%,764.7,4.7,0.615%,40.00
2024-09-29,108254,1615,12750,0.754%,813.3,3.3,0.406%,41.00
2024-09-28,108244,1614,12744,1.675%,1791.2,22.3,1.245%,29.00
2024-09-27,108230,1614,12736,1.767%,1886.1,26.8,1.421%,29.00
2024-09-26,108237,1614,12729,1.398%,1491.6,21.2,1.421%,33.00
2024-09-25,108239,1614,12726,1.347%,1439.7,18.2,1.264%,34.00
2024-09-24,108238,1614,12724,0.947%,1011.6,13.9,1.374%,41.00
2024-09-23,108237,1614,12722,0.800%,860.3,5.4,0.628%,51.00
2024-09-22,108225,1614,12721,1.058%,1141.6,3.8,0.333%,54.00
2024-09-21,108227,1614,12714,1.311%,1390.0,28.5,2.050%,34.00
2024-09-20,108234,1614,12703,1.401%,1494.5,22.3,1.492%,19.00
2024-09-19,108230,1613,12697,1.399%,1491.0,23.0,1.543%,15.00
2024-09-18,108235,1614,12695,1.485%,1594.2,12.9,0.809%,15.00
2024-09-17,108238,1614,12692,1.515%,1623.0,16.3,1.004%,15.00
2024-09-16,108239,1614,12690,1.483%,1587.8,17.1,1.077%,14.00
2024-09-15,108239,1613,12689,1.536%,1644.2,18.8,1.143%,15.00
2024-09-14,108211,1613,12686,1.474%,1578.2,17.0,1.077%,20.00
2024-09-13,108215,1613,12684,1.203%,1289.5,12.4,0.962%,28.00
2024-09-12,108224,1612,12682,1.013%,1085.8,10.0,0.921%,33.00
2024-09-11,108222,1612,12680,0.965%,1036.8,7.9,0.762%,36.00
2024-09-10,108225,1612,12676,0.895%,961.6,7.4,0.770%,42.00
2024-09-09,108236,1613,12675,0.595%,640.3,3.4,0.531%,54.00
2024-09-08,108197,1613,12673,0.775%,834.0,4.6,0.552%,73.00
2024-09-07,108181,1613,12665,1.299%,1397.7,7.4,0.529%,35.00
2024-09-06,108173,1613,12654,1.632%,1754.6,10.7,0.610%,28.00
2024-09-05,108168,1612,12646,1.549%,1665.3,9.8,0.588%,28.00
2024-09-04,108183,1612,12645,1.531%,1646.7,10.1,0.613%,33.00
2024-09-03,108173,1612,12643,1.345%,1444.0,11.0,0.762%,40.00
2024-09-02,108156,1613,12641,1.234%,1326.1,8.6,0.649%,44.00
2024-09-01,108140,1613,12638,1.172%,1258.2,9.6,0.763%,43.00
2024-08-31,108123,1613,12635,1.195%,1284.0,8.5,0.662%,44.00
2024-08-30,108114,1614,12627,1.458%,1561.4,15.3,0.980%,23.00
2024-08-29,108095,1614,12617,1.915%,2053.2,17.2,0.838%,16.00
2024-08-28,108034,1614,12613,1.692%,1811.8,15.7,0.867%,14.00
2024-08-27,108040,1614,12609,1.701%,1822.8,15.5,0.850%,12.00
2024-08-26,108035,1614,12607,1.723%,1847.1,14.6,0.790%,13.00
2024-08-25,108044,1614,12606,1.641%,1757.6,15.3,0.871%,14.00
2024-08-24,108031,1615,12604,1.352%,1449.5,10.7,0.738%,16.00
2024-08-23,108041,1615,12603,0.824%,884.0,6.3,0.713%,22.00
2024-08-22,108014,1614,12600,0.806%,865.0,5.5,0.636%,28.00
2024-08-21,108023,1614,12599,0.703%,754.9,4.9,0.649%,33.00
2024-08-20,108022,1614,12597,0.650%,698.8,3.7,0.529%,33.00
2024-08-19,108017,1614,12594,0.738%,792.8,4.8,0.605%,30.00
2024-08-18,108010,1615,12592,0.927%,994.2,6.9,0.694%,30.00
2024-08-17,107994,1615,12588,1.188%,1272.7,10.6,0.833%,28.00
2024-08-16,107987,1615,12581,1.363%,1462.3,9.8,0.670%,21.00
2024-08-15,107981,1615,12574,1.175%,1262.4,6.9,0.547%,16.00
2024-08-14,107970,1615,12571,1.938%,2086.2,5.9,0.283%,16.00
2024-08-13,107965,1615,12569,1.794%,1931.5,5.8,0.300%,16.00
2024-08-12,107967,1615,12568,1.787%,1921.9,7.0,0.364%,17.00
2024-08-11,107963,1615,12566,1.677%,1798.4,11.8,0.656%,16.00
2024-08-10,107946,1615,12563,1.557%,1668.5,12.0,0.719%,16.00
2024-08-09,107916,1615,12560,0.835%,893.6,7.4,0.828%,22.00
2024-08-08,107903,1615,12558,0.799%,855.4,6.3,0.736%,28.00
2024-08-07,107899,1615,12555,0.759%,813.8,5.6,0.688%,33.00
2024-08-06,107900,1615,12553,0.751%,807.2,3.3,0.409%,34.00
2024-08-05,107898,1615,12551,0.954%,1023.2,6.3,0.616%,42.00
2024-08-04,107897,1615,12550,1.202%,1287.2,9.2,0.715%,55.00
2024-08-03,107888,1615,12547,1.840%,1968.1,16.5,0.838%,80.00
2024-08-02,107866,1614,12538,1.728%,1846.3,17.7,0.959%,61.00
2024-08-01,107859,1614,12529,2.105%,2208.4,61.8,2.798%,29.00
2024-07-31,107844,1614,12515,2.393%,2525.8,55.3,2.189%,14.00
2024-07-30,107852,1614,12513,2.188%,2304.4,55.3,2.400%,14.00
2024-07-29,107842,1614,12511,2.179%,2292.7,57.7,2.517%,15.00
2024-07-28,107837,1614,12509,1.736%,1851.1,20.9,1.129%,14.00
2024-07-27,107724,1614,12507,1.722%,1839.2,15.6,0.848%,15.00
2024-07-26,107713,1614,12505,1.349%,1437.9,15.5,1.078%,17.00
2024-07-25,107706,1614,12502,1.318%,1405.1,14.0,0.996%,17.00
2024-07-24,107703,1614,12501,1.344%,1435.9,11.8,0.822%,17.00
2024-07-23,107696,1614,12499,1.361%,1455.2,10.2,0.701%,18.00
2024-07-22,107690,1615,12496,1.358%,1452.4,10.5,0.723%,16.00
2024-07-21,107704,1615,12495,1.385%,1480.1,11.4,0.770%,18.00
2024-07-20,107701,1615,12492,1.636%,1750.8,11.3,0.645%,17.00
2024-07-19,107702,1614,12488,1.670%,1788.6,10.5,0.587%,15.00
2024-07-18,107714,1614,12485,1.873%,2007.1,10.5,0.523%,14.00
2024-07-17,107711,1614,12484,1.957%,2095.2,12.6,0.601%,17.00
2024-07-16,107717,1614,12481,2.337%,2502.4,14.8,0.591%,15.00
2024-07-15,107713,1614,12480,2.275%,2434.6,16.4,0.674%,16.00
2024-07-14,107705,1613,12477,2.390%,2555.4,18.4,0.720%,15.00
2024-07-13,107694,1613,12475,2.150%,2298.1,17.8,0.775%,17.00
2024-07-12,107651,1613,12473,1.682%,1798.3,12.7,0.706%,26.00
2024-07-11,107615,1613,12471,1.468%,1569.8,9.7,0.618%,29.00
2024-07-10,107598,1613,12468,1.310%,1403.1,6.9,0.492%,33.00
2024-07-09,107602,1613,12466,1.169%,1251.5,6.9,0.551%,40.00
2024-07-08,107554,1613,12464,1.218%,1301.8,7.9,0.607%,45.00
2024-07-07,107526,1613,12462,1.645%,1759.3,9.0,0.512%,44.00
2024-07-06,107519,1613,12457,2.877%,3065.8,27.7,0.904%,33.00
2024-07-05,107522,1613,12448,1.616%,1721.1,16.8,0.976%,29.00
2024-07-04,107522,1613,12439,1.213%,1291.5,12.3,0.952%,28.00
2024-07-03,107532,1613,12438,1.187%,1264.5,12.1,0.957%,33.00
2024-07-02,107519,1614,12435,0.834%,890.1,6.1,0.685%,36.00
2024-07-01,107515,1614,12434,0.892%,952.3,6.3,0.662%,41.00
2024-06-30,107516,1614,12431,1.201%,1277.1,14.5,1.135%,36.00
2024-06-29,107495,1614,12425,2.641%,2816.1,22.4,0.795%,26.00
2024-06-28,107482,1614,12418,2.520%,2688.3,19.9,0.740%,19.00
2024-06-27,107469,1614,12410,2.511%,2681.0,17.3,0.645%,13.00
2024-06-26,107445,1614,12408,2.428%,2585.5,23.7,0.917%,14.00
2024-06-25,107456,1614,12406,2.219%,2357.1,27.3,1.158%,14.00
2024-06-24,107439,1613,12405,2.191%,2326.5,27.8,1.195%,16.00
2024-06-23,107449,1613,12402,2.592%,2754.2,30.9,1.122%,15.00
2024-06-22,107451,1611,12400,2.383%,2531.0,29.3,1.158%,15.00
2024-06-21,107479,1615,12399,2.163%,2300.1,24.7,1.074%,19.00
2024-06-20,107476,1615,12397,1.870%,1994.0,16.1,0.807%,20.00
2024-06-19,107459,1615,12394,1.921%,2020.7,43.5,2.153%,20.00
2024-06-18,107443,1615,12392,1.663%,1743.9,42.9,2.460%,19.00
2024-06-17,107443,1615,12389,1.947%,2039.1,52.9,2.594%,18.00
2024-06-16,107431,1615,12387,3.093%,3255.9,67.3,2.067%,19.00
2024-06-15,107421,1615,12385,3.060%,3218.8,67.8,2.106%,19.00
2024-06-14,107411,1615,12380,2.800%,2953.2,54.2,1.835%,15.00
2024-06-13,107380,1614,12377,2.603%,2751.3,43.8,1.592%,15.00
2024-06-12,107329,1614,12374,2.343%,2475.6,39.0,1.575%,15.00
2024-06-11,107300,1614,12373,1.814%,1912.1,34.6,1.810%,18.00
2024-06-10,107272,1614,12371,3.478%,3667.9,62.5,1.704%,18.00
2024-06-09,107259,1614,9996,3.475%,3663.5,64.0,1.747%,19.00
2024-06-08,107242,1614,9996,3.001%,3172.1,45.7,1.441%,22.00
2024-06-07,107233,1614,9996,2.656%,2807.6,40.3,1.435%,28.00
2024-06-06,107198,1614,9996,2.360%,2491.6,37.8,1.517%,33.00
2024-06-05,107125,1614,9996,1.119%,1186.1,12.5,1.054%,35.00
2024-06-04,106994,1614,9996,0.896%,952.2,7.0,0.735%,42.00
2024-06-03,106945,1614,9996,0.792%,839.4,7.1,0.846%,52.00
2024-06-02,106930,1614,9996,1.051%,1114.3,9.1,0.817%,52.00
2024-06-01,106921,1613,9996,1.102%,1172.3,6.4,0.546%,41.00
2024-05-31,106895,1614,9996,1.180%,1251.9,9.1,0.727%,29.00
2024-05-30,106892,1614,9996,1.038%,1103.4,6.6,0.598%,33.00
2024-05-29,106880,1614,9996,1.317%,1397.2,10.4,0.744%,34.00
2024-05-28,106871,1613,9996,1.177%,1249.9,8.2,0.656%,40.00
2024-05-27,106856,1613,9996,1.252%,1329.8,8.5,0.639%,45.00
2024-05-26,106822,1613,9996,1.614%,1711.8,12.4,0.724%,56.00
2024-05-25,106792,1613,9996,2.275%,2407.1,22.1,0.918%,53.00
2024-05-24,106748,1613,9996,1.739%,1843.5,12.4,0.673%,23.00
2024-05-23,106726,1613,9996,2.542%,2699.6,13.3,0.493%,17.00
2024-05-22,106719,1613,9996,2.656%,2810.9,23.3,0.829%,15.00
2024-05-21,106698,1612,9996,2.823%,2985.8,26.0,0.871%,14.00
2024-05-20,106683,1612,9996,2.977%,3148.5,27.0,0.858%,15.00
2024-05-19,106669,1612,9996,2.927%,3095.8,26.2,0.846%,14.00
2024-05-18,106636,1611,9996,2.787%,2949.6,22.7,0.770%,18.00
2024-05-17,106592,1611,9996,1.948%,2062.0,14.4,0.698%,26.00
2024-05-16,106562,1611,9996,1.717%,1821.6,8.2,0.450%,29.00
2024-05-15,106548,1611,9996,1.509%,1603.5,4.8,0.299%,33.00
2024-05-14,106521,1611,9996,1.364%,1448.2,4.3,0.297%,35.00
2024-05-13,106493,1611,9996,1.476%,1568.1,3.5,0.223%,35.00
2024-05-12,106450,1611,9996,1.583%,1657.5,27.3,1.647%,35.00
2024-05-11,106370,1611,9996,2.184%,2278.4,44.5,1.953%,29.00
2024-05-10,106356,1611,9996,1.681%,1750.8,37.3,2.130%,19.00
2024-05-09,106331,1611,9996,1.522%,1600.8,17.2,1.074%,14.00
2024-05-08,106307,1612,9996,1.290%,1354.6,16.6,1.225%,15.00
2024-05-07,106286,1610,9996,1.509%,1592.3,11.7,0.735%,14.00
2024-05-06,106268,1610,9996,1.591%,1677.7,13.0,0.775%,14.00
2024-05-05,106247,1610,9996,2.139%,2258.1,14.4,0.638%,16.00
2024-05-04,106231,1610,9996,2.318%,2441.5,21.4,0.877%,20.00
2024-05-03,106221,1610,9996,2.164%,2280.5,17.7,0.776%,28.00
2024-05-02,106199,1610,9996,2.127%,2241.1,17.4,0.776%,33.00
2024-05-01,106177,1610,9996,1.836%,1935.0,14.5,0.749%,34.00
2024-04-30,106129,1610,9996,1.537%,1617.9,13.6,0.841%,42.00
2024-04-29,106087,1610,9996,1.269%,1340.9,5.4,0.403%,52.00
2024-04-28,106031,1610,9996,1.151%,1215.4,5.5,0.453%,44.00
2024-04-27,105980,1610,9996,1.443%,1519.3,9.5,0.625%,33.00
2024-04-26,105955,1610,9996,1.571%,1652.7,12.0,0.726%,20.00
2024-04-25,105931,1610,9996,1.558%,1636.3,14.3,0.874%,14.00
2024-04-24,105929,1610,9996,1.571%,1649.5,14.3,0.867%,13.00
2024-04-23,105907,1609,9996,2.403%,2526.1,18.9,0.748%,12.00
2024-04-22,105894,1608,9996,2.361%,2481.4,18.4,0.742%,14.00
2024-04-21,105889,1608,9996,3.838%,4043.6,20.8,0.514%,16.00
2024-04-20,105865,1607,9996,3.061%,3224.4,16.4,0.509%,21.00
2024-04-19,105842,1607,9996,2.481%,2612.8,12.8,0.490%,28.00
2024-04-18,105830,1607,9996,2.319%,2443.2,11.2,0.458%,30.00
2024-04-17,105792,1608,9996,2.256%,2375.3,11.5,0.484%,35.00
2024-04-16,105726,1608,9996,1.648%,1734.6,7.8,0.450%,43.00
2024-04-15,105656,1608,9996,1.143%,1200.1,7.8,0.650%,46.00
2024-04-14,105603,1608,9996,1.512%,1584.5,12.2,0.770%,45.00
2024-04-13,105571,1608,9996,2.104%,2203.7,17.5,0.794%,43.00
2024-04-12,105539,1608,9996,5.020%,5229.9,68.3,1.306%,21.00
2024-04-11,105511,1608,9996,5.574%,5809.8,71.5,1.231%,16.00
2024-04-10,105475,1609,9996,5.267%,5486.9,68.1,1.241%,15.00
2024-04-09,105433,1608,9996,5.409%,5618.3,84.9,1.511%,14.00
2024-04-08,105392,1608,9996,5.430%,5640.5,81.9,1.452%,13.00
2024-04-07,105251,1608,9996,3.740%,3897.7,38.8,0.995%,13.00
2024-04-06,104994,1608,9996,3.160%,3283.3,34.5,1.051%,13.00
2024-04-05,104932,1608,9996,2.720%,2815.1,39.1,1.389%,14.00
2024-04-04,104913,1608,9996,2.528%,2615.5,36.8,1.407%,14.00
2024-04-03,104901,1608,9996,2.405%,2486.8,36.3,1.460%,14.00
2024-04-02,104881,1608,9996,2.251%,2339.6,21.4,0.915%,15.00
2024-04-01,104873,1608,9996,2.523%,2624.3,22.1,0.842%,13.00
2024-03-31,104859,1608,9996,2.417%,2512.8,22.1,0.879%,14.00
2024-03-30,104856,1608,9996,2.212%,2296.0,23.1,1.006%,20.00
2024-03-29,104852,1608,9996,1.852%,1924.6,17.0,0.883%,28.00
2024-03-28,104851,1607,9996,1.770%,1840.0,16.1,0.875%,33.00
2024-03-27,104842,1607,9996,1.667%,1732.4,15.8,0.912%,35.00
2024-03-26,104838,1607,9996,1.463%,1518.7,14.8,0.975%,40.00
2024-03-25,104820,1607,9996,1.428%,1487.7,9.1,0.612%,53.00
2024-03-24,104796,1607,9996,1.337%,1390.4,10.5,0.755%,58.00
2024-03-23,104764,1607,9996,1.393%,1451.3,7.8,0.537%,29.00
2024-03-22,104732,1607,9996,1.615%,1684.5,7.1,0.421%,20.00
2024-03-21,104722,1608,9996,2.208%,2297.3,14.6,0.636%,14.00
2024-03-20,104722,1607,9996,2.280%,2370.6,16.9,0.713%,15.00
2024-03-19,104719,1607,9996,2.274%,2363.7,17.1,0.723%,15.00
2024-03-18,104725,1607,9996,3.489%,3627.6,26.7,0.736%,15.00
2024-03-17,104724,1607,9996,3.865%,4017.9,29.4,0.732%,16.00
2024-03-16,104711,1607,9996,3.377%,3508.9,27.1,0.772%,18.00
2024-03-15,104710,1607,9996,2.424%,2521.9,16.1,0.638%,21.00
2024-03-14,104706,1607,9996,2.544%,2647.9,15.3,0.578%,28.00
2024-03-13,104682,1608,9996,2.310%,2404.1,14.5,0.603%,33.00
2024-03-12,104663,1608,9996,1.483%,1543.1,8.6,0.557%,35.00
2024-03-11,104641,1607,9996,1.549%,1613.6,7.3,0.452%,33.00
2024-03-10,104635,1606,9996,1.793%,1866.3,10.3,0.552%,33.00
2024-03-09,104610,1606,9996,1.578%,1643.5,7.4,0.450%,29.00
2024-03-08,104543,1606,9996,1.516%,1576.3,8.3,0.527%,21.00
2024-03-07,104494,1606,9996,1.446%,1502.2,9.3,0.619%,15.00
2024-03-06,104484,1606,9996,1.619%,1672.8,18.4,1.100%,15.00
2024-03-05,104472,1606,9996,2.508%,2594.8,25.4,0.979%,17.00
2024-03-04,104464,1605,9996,2.371%,2452.2,24.5,0.999%,18.00
2024-03-03,104457,1605,9996,2.389%,2468.6,26.4,1.069%,17.00
2024-03-02,104456,1604,9996,2.343%,2422.8,24.2,0.999%,18.00
2024-03-01,104459,1605,9996,2.631%,2726.1,22.7,0.833%,19.00
2024-02-29,104441,1605,9996,1.997%,2070.8,14.6,0.705%,18.00
2024-02-28,104414,1606,9996,1.933%,2003.2,14.9,0.744%,18.00
2024-02-27,104413,1606,9996,1.888%,1961.2,10.0,0.510%,16.00
2024-02-26,104399,1606,9996,1.812%,1879.3,12.1,0.644%,16.00
2024-02-25,104388,1606,9996,1.650%,1713.8,8.3,0.484%,16.00
2024-02-24,104362,1604,9996,1.669%,1733.3,8.8,0.508%,16.00
2024-02-23,104361,1604,9996,1.727%,1793.2,9.2,0.513%,16.00
2024-02-22,104340,1604,9996,1.845%,1915.8,9.3,0.485%,16.00
2024-02-21,104338,1604,9996,1.833%,1904.2,8.5,0.446%,17.00
2024-02-20,104332,1604,9996,1.717%,1783.3,8.5,0.477%,17.00
2024-02-19,104311,1604,9996,2.621%,2716.7,17.1,0.629%,17.00
2024-02-18,104296,1604,9996,2.495%,2586.1,16.6,0.642%,16.00
2024-02-17,104272,1604,9996,2.274%,2354.6,16.1,0.684%,16.00
2024-02-16,104261,1604,9996,2.206%,2285.7,14.2,0.621%,16.00
2024-02-15,104240,1604,9996,2.220%,2299.3,14.5,0.631%,16.00
2024-02-14,104225,1604,9996,1.579%,1638.6,7.0,0.427%,17.00
2024-02-13,104194,1603,9996,1.686%,1748.8,8.1,0.463%,18.00
2024-02-12,104179,1603,9996,1.936%,2008.1,8.4,0.418%,21.00
2024-02-11,104159,1603,9996,2.183%,2261.3,12.9,0.570%,21.00
2024-02-10,104124,1603,9996,2.090%,2163.9,12.8,0.592%,20.00
2024-02-09,104095,1603,9996,2.160%,2232.5,15.8,0.708%,20.00
2024-02-08,104056,1603,9996,2.282%,2352.4,22.4,0.952%,21.00
2024-02-07,104004,1604,9996,2.026%,2084.8,22.1,1.060%,20.00
2024-02-06,103944,1604,9996,1.852%,1905.2,19.6,1.029%,21.00
2024-02-05,103907,1604,9996,2.080%,2141.9,19.4,0.906%,19.00
2024-02-04,103897,1604,9996,2.552%,2633.6,17.4,0.661%,22.00
2024-02-03,103880,1604,9996,2.432%,2514.7,11.8,0.469%,22.00
2024-02-02,103826,1604,9996,2.495%,2576.8,13.3,0.516%,23.00
2024-02-01,103733,1604,9996,2.837%,2925.5,17.2,0.588%,22.00
2024-01-31,103629,1604,9996,2.320%,2389.9,14.1,0.590%,23.00
2024-01-30,103534,1604,9996,2.236%,2295.6,19.0,0.828%,24.00
2024-01-29,103513,1604,9996,4.081%,4193.1,31.1,0.742%,22.00
2024-01-28,103463,1604,9996,3.930%,4035.2,30.9,0.766%,21.00
2024-01-27,103372,1604,9996,3.652%,3746.0,29.3,0.782%,20.00
2024-01-26,103191,1604,9996,4.057%,4158.7,27.7,0.666%,23.00
2024-01-25,103115,1604,9996,3.627%,3719.6,20.5,0.551%,26.00
2024-01-24,103059,1604,9996,2.847%,2918.5,15.2,0.521%,22.00
2024-01-23,103009,1604,9996,2.726%,2791.9,15.7,0.562%,19.00
2024-01-22,102995,1604,9996,2.482%,2542.5,14.1,0.555%,20.00
2024-01-21,102928,1604,9996,1.920%,1962.3,13.7,0.698%,18.00
2024-01-20,102856,1604,9996,1.845%,1882.3,15.6,0.829%,20.00
2024-01-19,102828,1604,9996,1.978%,2011.3,22.3,1.109%,16.00
2024-01-18,102812,1604,9996,1.943%,1978.3,18.9,0.955%,13.00
2024-01-17,102790,1604,9996,2.063%,2097.3,23.1,1.101%,16.00
2024-01-16,102783,1603,9996,2.000%,2034.8,20.4,1.003%,17.00
2024-01-15,102779,1603,9996,2.088%,2124.7,21.5,1.012%,17.00
2024-01-14,102769,1603,9996,2.063%,2097.8,21.9,1.044%,16.00
2024-01-13,102774,1605,9996,1.943%,1982.8,14.6,0.736%,16.00
2024-01-12,102773,1605,9996,1.836%,1870.6,16.1,0.861%,15.00
2024-01-11,102781,1605,9996,1.746%,1778.3,15.9,0.894%,16.00
2024-01-10,102786,1603,9996,1.637%,1668.3,13.9,0.833%,15.00
2024-01-09,102781,1603,9996,1.621%,1653.2,13.0,0.786%,13.00
2024-01-08,102783,1604,9996,1.570%,1601.5,11.8,0.737%,14.00
2024-01-07,102791,1604,9996,1.655%,1687.4,13.9,0.824%,15.00
2024-01-06,102785,1604,9996,1.568%,1601.3,10.7,0.668%,14.00
2024-01-05,102780,1604,9996,1.920%,1960.3,13.1,0.668%,15.00
2024-01-04,102775,1604,9996,1.883%,1923.1,12.3,0.640%,16.00
2024-01-03,102779,1604,9996,1.945%,1988.6,10.7,0.538%,15.00
2024-01-02,102775,1603,9996,1.826%,1866.4,10.5,0.563%,17.00
2024-01-01,102769,1603,9996,1.827%,1870.6,6.6,0.353%,15.00
2023-12-31,102742,1602,9996,1.661%,1700.8,5.6,0.329%,14.00
2023-12-30,102723,1602,9996,2.248%,2302.8,5.9,0.256%,16.00
2023-12-29,102693,1602,9996,2.250%,2305.2,5.8,0.252%,16.00
2023-12-28,102666,1602,9996,2.227%,2278.2,7.9,0.347%,16.00
2023-12-27,102635,1602,9996,2.380%,2433.3,9.3,0.382%,16.00
2023-12-26,102612,1603,9996,2.171%,2217.2,10.7,0.483%,17.00
2023-12-25,102575,1603,9996,2.139%,2183.5,10.8,0.495%,17.00
2023-12-24,102526,1604,9996,1.915%,1949.7,13.5,0.692%,18.00
2023-12-23,102483,1604,9996,1.733%,1763.9,12.2,0.692%,18.00
2023-12-22,102472,1604,9996,1.661%,1691.1,10.8,0.639%,18.00
2023-12-21,102451,1604,9996,1.549%,1578.5,8.8,0.557%,17.00
2023-12-20,102441,1603,9996,1.963%,2001.7,8.9,0.445%,17.00
2023-12-19,102421,1602,9996,1.874%,1906.6,12.5,0.656%,18.00
2023-12-18,102393,1602,9996,1.727%,1755.0,12.9,0.735%,19.00
2023-12-17,102377,1602,9996,1.591%,1615.7,13.1,0.811%,19.00
2023-12-16,102352,1602,9996,1.542%,1563.5,14.3,0.915%,19.00
2023-12-15,102325,1602,9996,1.531%,1552.1,14.7,0.947%,19.00
2023-12-14,102298,1602,9996,1.678%,1701.7,15.3,0.899%,21.00
2023-12-13,102274,1602,9996,1.625%,1649.0,13.3,0.807%,21.00
2023-12-12,102249,1603,9996,1.858%,1879.0,21.2,1.128%,20.00
2023-12-11,102230,1603,9996,2.519%,2544.5,30.9,1.214%,20.00
2023-12-10,102218,1603,9996,2.792%,2801.6,52.0,1.856%,21.00
2023-12-09,102186,1603,9996,2.805%,2811.6,54.8,1.949%,21.00
2023-12-08,102142,1603,9996,2.831%,2837.5,54.1,1.907%,22.00
2023-12-07,102091,1602,9996,3.125%,3139.4,51.1,1.628%,21.00
2023-12-06,102058,1602,9996,2.834%,2845.4,46.5,1.634%,21.00
2023-12-05,102019,1601,9996,2.552%,2582.2,21.5,0.833%,23.00
2023-12-04,101965,1600,9996,3.212%,3253.0,22.6,0.695%,29.00
2023-12-03,101930,1600,9996,3.342%,3384.7,21.4,0.632%,33.00
2023-12-02,101855,1601,9996,3.434%,3480.2,18.0,0.517%,40.00
2023-12-01,101788,1601,9996,3.578%,3623.2,18.9,0.522%,52.00
2023-11-30,101691,1601,9996,3.470%,3509.7,18.6,0.530%,73.00
2023-11-29,101594,1599,9996,6.947%,7030.0,28.0,0.398%,124.00
2023-11-28,101375,1600,9996,3.097%,3129.0,11.0,0.352%,399.00
2023-11-27,100926,1600,9997,3.646%,3587.5,92.5,2.578%,91.00
2023-11-26,100743,1599,9997,0.907%,909.4,4.4,0.484%,72.00
2023-11-25,100697,1599,9997,1.698%,1694.0,16.2,0.956%,36.00
2023-11-24,100680,1599,9997,1.651%,1636.6,25.4,1.552%,30.00
2023-11-23,100656,1598,9997,1.586%,1571.3,25.2,1.604%,34.00
2023-11-22,100650,1598,9997,1.656%,1633.0,33.8,2.070%,41.00
2023-11-21,100662,1597,9997,1.495%,1475.6,29.7,2.013%,43.00
2023-11-20,100631,1598,9997,1.270%,1257.1,21.2,1.686%,55.00
2023-11-19,100602,1598,9997,0.866%,865.6,5.5,0.635%,74.00
2023-11-18,100577,1598,9997,1.668%,1666.3,11.5,0.690%,43.00
2023-11-17,100564,1598,9997,1.926%,1916.9,20.1,1.049%,30.00
2023-11-16,100523,1597,9997,1.754%,1746.5,16.2,0.928%,27.00
2023-11-15,100508,1597,9997,1.616%,1609.1,15.3,0.951%,30.00
2023-11-14,100471,1597,9997,1.465%,1463.4,8.2,0.560%,33.00
2023-11-13,100396,1597,9997,1.486%,1482.3,9.4,0.634%,33.00
2023-11-12,100360,1596,9997,1.505%,1500.1,10.1,0.673%,33.00
2023-11-11,100340,1597,9997,2.511%,2508.7,10.4,0.415%,28.00
2023-11-10,100308,1598,9997,2.502%,2501.2,8.9,0.356%,22.00
2023-11-09,100305,1598,9997,2.473%,2472.0,8.6,0.348%,18.00
2023-11-08,100271,1599,9997,2.385%,2380.9,10.6,0.445%,18.00
2023-11-07,100230,1599,9998,2.120%,2113.5,11.6,0.549%,18.00
2023-11-06,100179,1600,9998,2.118%,2107.7,14.2,0.674%,19.00
2023-11-05,100165,1600,9998,2.589%,2573.0,20.0,0.777%,20.00
2023-11-04,100156,1600,9998,2.242%,2227.1,18.3,0.822%,22.00
2023-11-03,100152,1601,9998,2.110%,2097.6,15.6,0.744%,27.00
2023-11-02,100144,1602,9998,1.810%,1800.9,11.9,0.661%,32.00
2023-11-01,100121,1602,9998,1.488%,1479.7,10.0,0.676%,33.00
2023-10-31,100068,1601,9998,1.075%,1066.2,9.3,0.872%,34.00
2023-10-30,100027,1598,9998,1.185%,1177.5,7.5,0.637%,35.00
2023-10-29,100036,1599,9998,1.343%,1334.3,9.1,0.682%,34.00
2023-10-28,100010,1599,9998,1.702%,1688.1,14.3,0.847%,26.00
2023-10-27,100003,1599,9998,1.687%,1675.8,11.6,0.692%,27.00
2023-10-26,99984,1600,9998,1.512%,1499.8,11.6,0.773%,27.00
2023-10-25,99979,1600,9998,1.471%,1458.7,11.7,0.802%,28.00
2023-10-24,99959,1600,9998,1.410%,1398.8,10.6,0.758%,28.00
2023-10-23,99912,1600,9998,1.528%,1515.5,10.8,0.713%,29.00
2023-10-22,99876,1599,9998,1.562%,1549.7,10.4,0.671%,30.00
2023-10-21,99843,1598,9998,1.533%,1520.5,10.4,0.684%,28.00
2023-10-20,99818,1598,9998,1.434%,1422.3,8.7,0.612%,24.00
2023-10-19,99786,1598,9998,1.253%,1243.0,7.1,0.571%,22.00
2023-10-18,99765,1597,9998,1.863%,1846.0,12.3,0.666%,26.00
2023-10-17,99715,1596,9998,1.825%,1806.6,13.3,0.736%,24.00
2023-10-16,99694,1597,9998,1.806%,1786.3,14.6,0.817%,28.00
2023-10-15,99681,1597,9998,1.881%,1858.6,16.8,0.904%,28.00
2023-10-14,99638,1597,9998,1.986%,1960.1,18.9,0.964%,24.00
2023-10-13,99607,1597,9998,2.263%,2231.7,22.2,0.995%,21.00
2023-10-12,99557,1597,9998,1.963%,1931.2,22.7,1.175%,20.00
2023-10-11,99509,1597,9998,2.069%,2035.9,22.6,1.110%,19.00
2023-10-10,99494,1597,9998,2.721%,2680.5,26.7,0.996%,21.00
2023-10-09,99471,1596,9998,2.736%,2695.0,26.4,0.980%,19.00
2023-10-08,99467,1596,9998,2.608%,2562.6,31.6,1.233%,19.00
2023-10-07,99459,1596,9998,2.162%,2128.0,22.7,1.067%,23.00
2023-10-06,99435,1597,9998,1.905%,1875.2,19.1,1.019%,28.00
2023-10-05,99394,1596,9998,1.301%,1279.6,13.1,1.024%,30.00
2023-10-04,99359,1596,9998,1.264%,1241.6,14.3,1.152%,33.00
2023-10-03,99347,1596,9998,1.154%,1138.9,7.4,0.650%,36.00
2023-10-02,99341,1597,9998,1.081%,1069.8,4.2,0.393%,40.00
2023-10-01,99319,1598,9998,1.057%,1044.2,5.3,0.508%,42.00
2023-09-30,99295,1598,9998,1.742%,1713.5,16.3,0.951%,33.00
2023-09-29,99273,1598,9998,1.701%,1670.6,17.7,1.059%,28.00
2023-09-28,99230,1597,9998,1.398%,1373.7,13.3,0.968%,32.00
2023-09-27,99186,1597,9998,1.072%,1056.6,6.8,0.644%,38.00
2023-09-26,99147,1596,9998,0.967%,953.6,5.3,0.556%,40.00
2023-09-25,99124,1595,9998,0.900%,888.9,3.7,0.416%,49.00
2023-09-24,99097,1596,9998,1.276%,1258.6,5.4,0.429%,54.00
2023-09-23,99013,1596,9998,1.659%,1629.4,13.5,0.829%,43.00
2023-09-22,98985,1597,9998,1.679%,1641.1,20.8,1.267%,26.00
2023-09-21,98966,1598,9998,1.742%,1701.3,23.1,1.358%,19.00
2023-09-20,98948,1598,9998,1.677%,1638.9,20.4,1.245%,20.00
2023-09-19,98929,1597,9998,1.546%,1513.1,16.6,1.097%,20.00
2023-09-18,98919,1597,9998,1.629%,1593.3,18.1,1.136%,20.00
2023-09-17,98897,1598,9998,1.873%,1830.8,21.7,1.185%,22.00
2023-09-16,98874,1597,9998,1.825%,1788.1,16.2,0.906%,28.00
2023-09-15,98825,1598,9998,1.907%,1868.4,16.5,0.883%,28.00
2023-09-14,98811,1596,9998,1.808%,1772.1,14.4,0.813%,33.00
2023-09-13,98810,1596,9998,1.559%,1529.3,11.2,0.732%,40.00
2023-09-12,98775,1596,9998,1.265%,1243.2,6.4,0.515%,44.00
2023-09-11,98712,1596,9998,1.189%,1165.9,7.5,0.643%,54.00
2023-09-10,98680,1596,9998,1.206%,1183.0,7.1,0.600%,72.00
2023-09-09,98640,1596,9998,2.055%,1993.8,33.5,1.680%,61.00
2023-09-08,98579,1595,9998,1.720%,1678.5,16.7,0.995%,36.00
2023-09-07,98522,1595,9998,1.894%,1851.3,14.5,0.783%,34.00
2023-09-06,98521,1595,9998,1.651%,1613.3,13.5,0.837%,34.00
2023-09-05,98477,1595,9998,1.812%,1770.8,13.7,0.774%,41.00
2023-09-04,98455,1595,9998,1.228%,1204.7,4.8,0.398%,51.00
2023-09-03,98415,1594,9998,1.378%,1345.1,11.5,0.855%,41.00
2023-09-02,98336,1594,9998,1.653%,1607.7,17.4,1.082%,33.00
2023-09-01,98306,1593,9998,1.593%,1538.4,27.9,1.814%,28.00
2023-08-31,98302,1593,9998,1.641%,1580.9,32.5,2.056%,20.00
2023-08-30,98290,1592,9999,1.640%,1569.7,42.7,2.720%,18.00
2023-08-29,98266,1591,9999,1.604%,1532.2,44.1,2.878%,18.00
2023-08-28,98258,1591,9999,1.735%,1670.8,34.3,2.053%,17.00
2023-08-27,98247,1591,9999,1.716%,1650.9,35.5,2.150%,18.00
2023-08-26,98245,1591,9999,1.855%,1792.7,29.7,1.657%,23.00
2023-08-25,98203,1591,9999,1.710%,1654.9,24.1,1.456%,28.00
2023-08-24,98202,1591,9999,1.639%,1588.0,21.5,1.354%,33.00
2023-08-23,98161,1591,9999,1.457%,1410.8,19.4,1.375%,39.00
2023-08-22,98144,1591,9999,1.502%,1457.3,16.7,1.146%,42.00
2023-08-21,98114,1589,9999,1.392%,1351.7,14.4,1.065%,54.00
2023-08-20,98090,1588,9999,1.194%,1167.4,3.9,0.334%,72.00
2023-08-19,98061,1588,9999,2.218%,2149.1,26.1,1.214%,55.00
2023-08-18,98020,1588,9999,2.528%,2455.6,22.2,0.904%,29.00
2023-08-17,97975,1588,9999,2.219%,2159.1,15.3,0.709%,21.00
2023-08-16,97901,1588,9999,2.380%,2303.6,26.7,1.159%,21.00
2023-08-15,97883,1588,9999,2.211%,2137.7,26.9,1.258%,21.00
2023-08-14,97876,1588,9999,1.876%,1811.3,24.4,1.347%,20.00
2023-08-13,97859,1588,9999,1.896%,1830.9,24.9,1.360%,20.00
2023-08-12,97855,1587,9999,1.779%,1715.8,24.7,1.440%,24.00
2023-08-11,97834,1587,9999,1.687%,1627.0,23.6,1.451%,28.00
2023-08-10,97827,1587,9999,1.434%,1386.6,16.0,1.154%,33.00
2023-08-09,97824,1587,9999,1.239%,1198.5,13.9,1.160%,34.00
2023-08-08,97811,1586,9999,1.102%,1067.4,10.3,0.965%,40.00
2023-08-07,97810,1585,9999,1.194%,1157.2,10.8,0.933%,43.00
2023-08-06,97790,1585,9999,1.355%,1314.8,10.6,0.806%,42.00
2023-08-05,97782,1585,9999,1.693%,1641.1,14.2,0.865%,34.00
2023-08-04,97764,1585,9999,1.292%,1252.2,10.6,0.847%,26.00
2023-08-03,97750,1585,9999,1.143%,1109.5,7.7,0.694%,21.00
2023-08-02,97749,1585,9999,1.066%,1034.4,7.7,0.744%,21.00
2023-08-01,97752,1585,9999,1.215%,1180.0,7.3,0.619%,21.00
2023-07-31,97734,1584,9999,1.234%,1198.7,7.2,0.601%,22.00
2023-07-30,97736,1584,9999,1.376%,1335.3,9.2,0.689%,21.00
2023-07-29,97715,1583,9999,1.400%,1359.7,8.7,0.640%,22.00
2023-07-28,97695,1583,9999,1.526%,1480.4,10.3,0.696%,21.00
2023-07-27,97693,1584,9999,2.289%,2217.6,18.5,0.834%,21.00
2023-07-26,97669,1585,9999,2.229%,2156.5,20.1,0.932%,20.00
2023-07-25,97642,1585,9999,2.269%,2189.8,25.4,1.160%,21.00
2023-07-24,97620,1585,9999,2.117%,2042.9,23.8,1.165%,21.00
2023-07-23,97590,1585,9999,2.002%,1929.1,24.5,1.270%,20.00
2023-07-22,97519,1585,9999,1.409%,1358.3,15.8,1.163%,21.00
2023-07-21,97499,1585,9999,1.352%,1303.2,14.5,1.113%,20.00
2023-07-20,97475,1585,9999,1.289%,1246.8,9.6,0.770%,21.00
2023-07-19,97471,1585,9999,1.287%,1245.9,8.9,0.714%,22.00
2023-07-18,97477,1584,9999,1.280%,1237.2,10.9,0.881%,21.00
2023-07-17,97466,1584,9999,1.366%,1319.2,12.1,0.917%,20.00
2023-07-16,97465,1584,9999,1.387%,1337.9,13.7,1.024%,21.00
2023-07-15,97475,1584,9999,1.317%,1269.9,13.5,1.063%,19.00
2023-07-14,97468,1583,9999,1.263%,1220.3,10.9,0.893%,21.00
2023-07-13,97472,1583,9999,1.261%,1219.9,8.8,0.721%,20.00
2023-07-12,97475,1583,9999,1.196%,1156.8,8.9,0.769%,21.00
2023-07-11,97486,1582,9999,1.195%,1156.0,8.6,0.744%,20.00
2023-07-10,97490,1581,9999,1.193%,1154.3,9.1,0.788%,21.00
2023-07-09,97487,1581,9999,1.177%,1136.4,11.4,1.003%,21.00
2023-07-08,97501,1581,9999,1.066%,1027.8,11.4,1.109%,22.00
2023-07-07,97500,1581,9999,1.034%,997.8,10.1,1.012%,22.00
2023-07-06,97499,1581,9999,0.962%,929.1,9.3,1.001%,21.00
2023-07-05,97507,1581,9999,1.178%,1133.1,15.8,1.394%,21.00
2023-07-04,97507,1582,9999,1.237%,1192.1,13.9,1.166%,22.00
2023-07-03,97515,1582,9999,1.290%,1241.4,16.4,1.321%,21.00
2023-07-02,97519,1581,9999,1.409%,1355.1,19.3,1.424%,20.00
2023-07-01,97525,1581,9999,1.352%,1297.4,21.4,1.649%,23.00
2023-06-30,97523,1581,9999,1.076%,1036.7,12.3,1.186%,28.00
2023-06-29,97517,1580,9999,0.961%,926.3,11.0,1.188%,33.00
2023-06-28,97523,1580,9999,0.874%,843.9,8.4,0.995%,34.00
2023-06-27,97527,1580,9999,0.833%,805.2,7.6,0.944%,41.00
2023-06-26,97535,1580,9999,0.828%,802.2,5.3,0.661%,44.00
2023-06-25,97548,1580,9999,1.024%,986.2,13.1,1.328%,44.00
2023-06-24,97553,1580,9999,1.693%,1627.9,23.5,1.444%,37.00
2023-06-23,97556,1580,9999,1.747%,1676.6,28.0,1.670%,29.00
2023-06-22,97546,1580,9999,1.642%,1576.3,25.1,1.592%,29.00
2023-06-21,97562,1580,9999,1.507%,1444.1,26.2,1.814%,34.00
2023-06-20,97557,1580,9999,1.282%,1229.9,20.3,1.651%,40.00
2023-06-19,97549,1580,9999,1.246%,1199.2,15.8,1.318%,42.00
2023-06-18,97540,1579,9999,1.496%,1438.4,20.5,1.425%,41.00
2023-06-17,97527,1579,9999,1.511%,1447.3,26.0,1.796%,31.00
2023-06-16,97507,1580,9999,1.289%,1237.3,19.7,1.592%,29.00
2023-06-15,97512,1580,9999,1.124%,1080.9,14.8,1.369%,28.00
2023-06-14,97509,1580,9999,1.059%,1022.5,10.0,0.978%,30.00
2023-06-13,97516,1580,9999,0.957%,926.4,7.2,0.777%,29.00
2023-06-12,97518,1580,9999,0.970%,939.6,6.0,0.639%,29.00
2023-06-11,97512,1579,9999,1.071%,1037.4,6.9,0.665%,29.00
2023-06-10,97508,1579,9999,1.070%,1036.8,6.6,0.637%,28.00
2023-06-09,97503,1580,9999,1.304%,1263.0,8.3,0.657%,26.00
2023-06-08,97483,1580,9999,1.213%,1175.3,7.1,0.604%,22.00
2023-06-07,97480,1580,9999,1.215%,1176.2,8.6,0.731%,22.00
2023-06-06,97486,1580,9999,1.174%,1135.7,8.6,0.757%,21.00
2023-06-05,97488,1580,9999,1.277%,1235.8,8.9,0.720%,20.00
2023-06-04,97493,1580,9999,1.112%,1075.5,9.0,0.837%,20.00
2023-06-03,97480,1580,9999,1.191%,1151.0,9.7,0.843%,20.00
2023-06-02,97485,1579,9999,1.265%,1225.7,7.7,0.628%,18.00
2023-06-01,97478,1580,9999,1.527%,1476.2,12.3,0.833%,18.00
2023-05-31,97473,1581,9999,1.457%,1407.9,12.2,0.867%,17.00
2023-05-30,97471,1581,9999,1.514%,1462.5,13.4,0.916%,18.00
2023-05-29,97478,1581,9999,1.570%,1516.4,14.1,0.930%,19.00
2023-05-28,97473,1581,9999,1.596%,1539.6,15.9,1.033%,19.00
2023-05-27,97462,1581,9999,1.462%,1411.6,13.5,0.956%,20.00
2023-05-26,97451,1580,9999,1.414%,1364.6,13.6,0.997%,18.00
2023-05-25,97447,1580,9999,1.585%,1528.2,16.6,1.086%,20.00
2023-05-24,97451,1580,9999,1.647%,1584.7,19.9,1.256%,19.00
2023-05-23,97438,1580,9999,1.861%,1776.9,36.3,2.043%,21.00
2023-05-22,97440,1580,9999,1.935%,1848.6,36.5,1.974%,20.00
2023-05-21,97427,1581,9999,2.017%,1926.7,38.5,1.998%,20.00
2023-05-20,97418,1581,9999,1.841%,1759.6,33.5,1.904%,21.00
2023-05-19,97408,1581,9999,1.555%,1487.4,27.2,1.829%,27.00
2023-05-18,97398,1582,9999,1.275%,1228.7,13.1,1.066%,30.00
2023-05-17,97378,1582,9999,1.259%,1215.0,11.2,0.922%,31.00
2023-05-16,97389,1582,9999,1.173%,1133.1,9.5,0.838%,30.00
2023-05-15,97384,1582,9999,1.154%,1114.5,9.5,0.852%,31.00
2023-05-14,97392,1582,9999,1.093%,1058.0,6.7,0.633%,31.00
2023-05-13,97386,1582,9999,1.118%,1081.1,8.0,0.740%,29.00
2023-05-12,97385,1582,9999,0.955%,922.6,7.5,0.813%,25.00
2023-05-11,97379,1582,9999,1.084%,1045.6,10.2,0.976%,22.00
2023-05-10,97385,1582,9999,1.062%,1025.5,8.3,0.809%,21.00
2023-05-09,97376,1582,9999,1.240%,1197.3,10.1,0.844%,22.00
2023-05-08,97367,1582,9999,1.399%,1351.2,11.4,0.844%,22.00
2023-05-07,97363,1582,9999,1.544%,1487.6,15.3,1.029%,22.00
2023-05-06,97363,1582,9999,1.555%,1500.1,13.5,0.900%,24.00
2023-05-05,97352,1582,9999,1.419%,1370.5,11.0,0.803%,29.00
2023-05-04,97352,1582,9999,1.562%,1509.0,11.5,0.762%,33.00
2023-05-03,97340,1581,9999,1.741%,1680.4,14.2,0.845%,34.00
2023-05-02,97341,1580,9999,1.780%,1718.9,13.8,0.803%,35.00
2023-05-01,97323,1580,9999,1.779%,1718.0,13.7,0.797%,35.00
2023-04-30,97306,1579,9999,1.941%,1873.0,15.8,0.844%,35.00
2023-04-29,97294,1578,9999,1.892%,1824.0,17.0,0.932%,32.00
2023-04-28,97273,1578,9999,1.535%,1479.5,13.5,0.912%,27.00
2023-04-27,97248,1578,9999,1.429%,1376.4,12.9,0.937%,23.00
2023-04-26,97216,1579,9999,1.250%,1204.3,11.2,0.930%,22.00
2023-04-25,97195,1579,9999,1.272%,1223.5,12.9,1.054%,20.00
2023-04-24,97188,1580,9999,1.338%,1286.7,13.5,1.049%,20.00
2023-04-23,97198,1580,9999,1.586%,1515.7,25.9,1.709%,20.00
2023-04-22,97196,1580,9999,1.731%,1655.5,26.7,1.613%,21.00
2023-04-21,97193,1580,9999,1.521%,1457.7,20.5,1.406%,26.00
2023-04-20,97186,1579,9999,1.369%,1314.8,15.3,1.164%,29.00
2023-04-19,97183,1579,9999,1.369%,1314.0,16.7,1.271%,30.00
2023-04-18,97187,1579,9999,1.241%,1196.1,9.6,0.803%,30.00
2023-04-17,97183,1579,9999,1.263%,1215.9,11.1,0.913%,32.00
2023-04-16,97163,1579,9999,1.403%,1349.8,13.5,1.000%,31.00
2023-04-15,97172,1579,9999,1.877%,1805.6,18.1,1.002%,30.00
2023-04-14,97172,1579,9999,2.063%,1987.5,16.9,0.850%,25.00
2023-04-13,97168,1579,9999,2.001%,1928.8,16.0,0.830%,22.00
2023-04-12,97156,1579,9999,2.126%,2050.9,14.8,0.722%,21.00
2023-04-11,97147,1579,9999,2.048%,1973.9,15.8,0.800%,20.00
2023-04-10,97129,1579,9999,1.722%,1655.8,17.1,1.033%,21.00
2023-04-09,97112,1578,9999,1.592%,1529.7,16.5,1.079%,20.00
2023-04-08,97105,1578,9999,1.600%,1537.1,16.7,1.086%,22.00
2023-04-07,97105,1578,9999,1.429%,1373.0,15.0,1.092%,27.00
2023-04-06,97105,1579,9999,1.498%,1441.6,13.2,0.916%,30.00
2023-04-05,97107,1579,9999,1.540%,1480.8,14.4,0.972%,30.00
2023-04-04,97111,1579,9999,1.603%,1540.1,16.4,1.065%,29.00
2023-04-03,97117,1579,9999,1.715%,1646.0,19.4,1.179%,29.00
2023-04-02,97118,1579,9999,1.829%,1751.7,24.7,1.410%,31.00
2023-04-01,97088,1579,9999,1.946%,1856.1,33.5,1.805%,30.00
2023-03-31,97077,1578,9999,1.826%,1744.1,28.7,1.646%,33.00
2023-03-30,97065,1578,9999,1.918%,1837.5,24.2,1.317%,33.00
2023-03-29,97065,1578,9999,1.788%,1714.3,21.3,1.242%,34.00
2023-03-28,97053,1578,9999,1.691%,1622.7,18.3,1.128%,35.00
2023-03-27,97053,1578,9999,1.534%,1475.9,13.3,0.901%,35.00
2023-03-26,97065,1578,9999,1.661%,1595.7,16.4,1.028%,34.00
2023-03-25,97046,1577,9999,1.307%,1252.9,15.2,1.213%,33.00
2023-03-24,97007,1577,9999,1.304%,1248.5,16.9,1.354%,26.00
2023-03-23,96981,1577,9999,1.335%,1279.5,15.2,1.188%,24.00
2023-03-22,96974,1577,9999,1.389%,1332.5,14.9,1.118%,23.00
2023-03-21,96971,1576,9999,1.333%,1285.6,7.1,0.552%,22.00
2023-03-20,96965,1576,9999,1.415%,1364.9,7.5,0.549%,22.00
2023-03-19,96953,1575,9999,1.443%,1393.9,5.5,0.395%,22.00
2023-03-18,96952,1574,9999,1.596%,1536.5,10.7,0.696%,21.00
2023-03-17,96939,1574,9999,1.715%,1649.8,12.9,0.782%,21.00
2023-03-16,96939,1574,9999,1.695%,1629.5,13.6,0.835%,21.00
2023-03-15,96934,1574,9999,1.472%,1414.5,12.0,0.848%,21.00
2023-03-14,96935,1574,9999,1.459%,1402.1,12.5,0.892%,20.00
2023-03-13,96930,1573,9999,1.371%,1320.9,7.9,0.598%,21.00
2023-03-12,96936,1573,9999,1.083%,1044.6,4.9,0.469%,21.00
2023-03-11,96940,1573,9999,0.975%,941.6,3.9,0.414%,21.00
2023-03-10,96933,1573,9999,1.034%,997.4,4.9,0.491%,21.00
2023-03-09,96933,1571,9999,1.270%,1225.1,6.1,0.498%,21.00
2023-03-08,96937,1571,9999,1.271%,1225.1,6.5,0.531%,22.00
2023-03-07,96941,1570,9999,1.292%,1239.5,12.8,1.033%,23.00
2023-03-06,96944,1571,9999,1.351%,1296.4,13.5,1.041%,23.00
2023-03-05,96947,1571,9999,1.272%,1220.4,12.5,1.024%,22.00
2023-03-04,96938,1571,9999,1.145%,1098.4,11.5,1.047%,23.00
2023-03-03,96935,1570,9999,1.232%,1183.5,10.3,0.870%,25.00
2023-03-02,96931,1570,9999,1.207%,1163.2,6.7,0.576%,25.00
2023-03-01,96926,1570,9999,1.310%,1261.3,8.3,0.658%,24.00
2023-02-28,96930,1570,9999,1.443%,1386.8,11.7,0.844%,24.00
2023-02-27,96918,1570,9999,1.374%,1320.1,11.5,0.871%,24.00
2023-02-26,96936,1570,9999,1.271%,1220.5,11.6,0.950%,24.00
2023-02-25,96939,1570,9999,1.384%,1327.8,13.9,1.047%,22.00
2023-02-24,96932,1570,9999,1.351%,1294.4,15.6,1.205%,21.00
2023-02-23,96939,1570,9999,1.159%,1112.1,11.3,1.016%,20.00
2023-02-22,96916,1570,9999,1.194%,1146.9,10.5,0.916%,21.00
2023-02-21,96913,1570,9999,1.217%,1168.1,11.3,0.967%,20.00
2023-02-20,96907,1570,9999,1.271%,1219.7,11.8,0.967%,21.00
2023-02-19,96913,1570,9999,1.300%,1248.8,10.6,0.849%,21.00
2023-02-18,96909,1570,9999,1.398%,1344.2,10.6,0.789%,24.00
2023-02-17,96902,1570,9999,1.536%,1476.1,12.5,0.847%,23.00
2023-02-16,96912,1569,9999,1.782%,1715.6,11.5,0.670%,27.00
2023-02-15,96914,1568,9999,1.964%,1891.2,12.1,0.640%,28.00
2023-02-14,96908,1569,9999,1.934%,1862.2,11.9,0.639%,29.00
2023-02-13,96915,1569,9999,2.014%,1941.1,10.5,0.541%,28.00
2023-02-12,96890,1568,9999,2.173%,2093.6,12.3,0.588%,28.00
2023-02-11,96865,1567,9999,2.231%,2149.2,12.3,0.572%,26.00
2023-02-10,96857,1568,9999,2.161%,2077.7,15.2,0.732%,26.00
2023-02-09,96825,1569,9999,1.961%,1884.8,14.3,0.759%,22.00
2023-02-08,96815,1568,9999,1.854%,1777.9,17.1,0.962%,21.00
2023-02-07,96796,1567,9999,1.596%,1522.1,22.3,1.465%,21.00
2023-02-06,96786,1566,9999,1.536%,1460.7,25.6,1.753%,21.00
2023-02-05,96769,1566,9999,1.400%,1332.3,22.8,1.711%,21.00
2023-02-04,96779,1566,9999,1.534%,1459.3,25.1,1.720%,21.00
2023-02-03,96766,1564,9999,1.516%,1445.8,21.3,1.473%,22.00
2023-02-02,96770,1563,9999,1.533%,1462.3,20.9,1.429%,21.00
2023-02-01,96764,1563,9999,1.939%,1861.4,14.6,0.784%,21.00
2023-01-31,96766,1562,9999,1.889%,1813.6,14.6,0.805%,22.00
2023-01-30,96771,1562,9999,1.903%,1827.7,14.3,0.782%,21.00
2023-01-29,96772,1562,9999,1.905%,1830.2,13.1,0.716%,22.00
2023-01-28,96755,1562,9999,2.146%,2060.4,15.7,0.762%,24.00
2023-01-27,96746,1562,9999,1.990%,1910.1,15.1,0.791%,24.00
2023-01-26,96746,1562,9999,2.009%,1928.4,15.6,0.809%,24.00
2023-01-25,96740,1562,10000,1.931%,1853.5,14.6,0.788%,24.00
2023-01-24,96743,1562,10000,1.884%,1806.7,16.2,0.897%,23.00
2023-01-23,96753,1562,10000,1.823%,1748.3,15.9,0.909%,24.00
2023-01-22,96733,1563,10000,1.422%,1364.9,10.8,0.791%,23.00
2023-01-21,96702,1563,10000,1.418%,1358.5,12.3,0.905%,21.00
2023-01-20,96690,1563,10000,1.486%,1420.8,16.3,1.147%,21.00
2023-01-19,96696,1565,10000,1.414%,1351.6,16.0,1.184%,21.00
2023-01-18,96691,1564,10000,1.435%,1373.3,14.1,1.027%,21.00
2023-01-17,96700,1564,10000,1.236%,1183.7,11.4,0.963%,21.00
2023-01-16,96700,1563,10000,1.242%,1190.4,10.7,0.899%,21.00
2023-01-15,96695,1563,10000,1.208%,1162.1,6.1,0.525%,21.00
2023-01-14,96701,1562,10000,1.256%,1205.9,9.1,0.755%,22.00
2023-01-13,96716,1561,10000,1.203%,1152.3,11.1,0.963%,21.00
2023-01-12,96716,1560,10000,1.177%,1126.2,12.0,1.066%,21.00
2023-01-11,96718,1562,10000,1.245%,1190.1,14.1,1.185%,21.00
2023-01-10,96715,1562,10000,1.437%,1373.1,16.7,1.216%,21.00
2023-01-09,96720,1560,10000,1.624%,1550.7,20.0,1.290%,21.00
2023-01-08,96716,1560,10000,1.690%,1616.3,17.9,1.107%,21.00
2023-01-07,96720,1559,10000,1.716%,1643.9,16.0,0.973%,21.00
2023-01-06,96724,1559,10000,1.584%,1519.4,12.6,0.829%,22.00
2023-01-05,96716,1559,10000,1.412%,1356.1,9.2,0.678%,22.00
2023-01-04,96717,1558,10000,1.326%,1275.1,7.3,0.573%,21.00
2023-01-03,96693,1558,10000,1.338%,1284.4,9.2,0.716%,22.00
2023-01-02,96692,1558,10000,1.441%,1384.1,8.9,0.643%,21.00
2023-01-01,96701,1557,10000,1.535%,1473.1,11.0,0.747%,21.00
2022-12-31,96700,1557,10000,1.625%,1558.4,12.9,0.828%,21.00
2022-12-30,96713,1557,10000,1.646%,1566.8,24.9,1.589%,21.00
2022-12-29,96705,1557,10000,1.690%,1610.2,24.0,1.490%,21.00
2022-12-28,96705,1557,10000,1.506%,1435.6,20.3,1.414%,22.00
2022-12-27,96703,1557,10000,1.479%,1411.6,18.7,1.325%,21.00
2022-12-26,96708,1558,10000,1.494%,1424.6,20.1,1.411%,21.00
2022-12-25,96726,1558,10000,1.423%,1365.7,10.6,0.776%,21.00
2022-12-24,96743,1558,10000,1.399%,1343.9,9.9,0.737%,21.00
2022-12-23,96740,1558,10000,1.383%,1327.6,9.9,0.746%,21.00
2022-12-22,96744,1558,10000,1.548%,1486.1,11.4,0.767%,21.00
2022-12-21,96753,1558,10000,1.525%,1465.2,10.2,0.696%,21.00
2022-12-20,96752,1558,10000,1.474%,1417.4,8.6,0.607%,21.00
2022-12-19,96745,1557,10000,1.493%,1435.9,8.3,0.578%,21.00
2022-12-18,96735,1555,10000,1.537%,1478.2,8.9,0.602%,21.00
2022-12-17,96737,1557,10000,1.750%,1682.8,10.5,0.624%,21.00
2022-12-16,96743,1557,10000,1.561%,1500.6,9.7,0.646%,21.00
2022-12-15,96743,1557,10000,1.650%,1586.6,9.9,0.624%,21.00
2022-12-14,96733,1557,10000,1.751%,1682.4,11.3,0.672%,21.00
2022-12-13,96728,1558,10000,1.972%,1894.1,12.9,0.681%,22.00
2022-12-12,96718,1557,10000,1.790%,1718.8,12.7,0.739%,21.00
2022-12-11,96704,1556,10000,1.746%,1677.6,10.6,0.632%,21.00
2022-12-10,96671,1557,10000,1.632%,1568.3,9.6,0.612%,20.00
2022-12-09,96653,1557,10000,1.525%,1466.0,7.9,0.539%,20.00
2022-12-08,96639,1557,10000,1.315%,1263.9,6.7,0.530%,20.00
2022-12-07,96621,1557,10000,1.326%,1273.1,7.9,0.621%,20.00
2022-12-06,96612,1557,10000,1.367%,1313.1,7.8,0.594%,19.00
2022-12-05,96594,1557,10000,1.714%,1647.3,8.7,0.528%,20.00
2022-12-04,96581,1556,10000,1.660%,1595.2,8.0,0.502%,20.00
2022-12-03,96558,1555,10000,1.800%,1729.3,9.0,0.520%,21.00
2022-12-02,96553,1555,10000,1.932%,1856.1,9.0,0.485%,21.00
2022-12-01,96538,1555,10000,2.119%,2037.3,8.6,0.422%,21.00
2022-11-30,96524,1555,10000,2.026%,1943.4,11.8,0.607%,21.00
2022-11-29,96517,1555,10000,2.021%,1938.1,12.5,0.645%,20.00
2022-11-28,96499,1555,10000,1.855%,1776.5,13.4,0.754%,21.00
2022-11-27,96496,1554,10000,1.855%,1777.3,13.1,0.737%,20.00
2022-11-26,96486,1554,10000,1.643%,1571.9,13.2,0.840%,21.00
2022-11-25,96461,1554,10000,1.532%,1467.2,10.6,0.722%,23.00
2022-11-24,96426,1554,10000,1.428%,1367.8,8.9,0.651%,24.00
2022-11-23,96373,1554,10000,1.540%,1472.1,11.8,0.802%,24.00
2022-11-22,96261,1554,10000,1.579%,1506.2,13.5,0.896%,25.00
2022-11-21,96133,1554,10000,1.569%,1491.8,16.3,1.093%,24.00
2022-11-20,96061,1554,10000,1.585%,1505.2,17.2,1.143%,24.00
2022-11-19,95991,1553,10000,1.612%,1531.4,16.1,1.051%,25.00
2022-11-18,95959,1554,10000,1.513%,1438.6,13.7,0.952%,26.00
2022-11-17,95923,1554,10000,1.449%,1380.9,9.3,0.673%,26.00
2022-11-16,95909,1554,10000,1.391%,1328.1,5.9,0.444%,25.00
2022-11-15,95897,1554,10000,1.651%,1575.4,8.1,0.514%,25.00
2022-11-14,95903,1554,10000,2.203%,2100.7,11.9,0.566%,32.00
2022-11-13,95899,1554,10000,2.790%,2660.2,15.1,0.568%,41.00
2022-11-12,95886,1553,10000,2.934%,2798.0,15.7,0.561%,43.00
2022-11-11,95879,1554,10000,2.702%,2575.9,14.8,0.575%,45.00
2022-11-10,95882,1554,10000,2.385%,2273.5,12.9,0.567%,49.00
2022-11-09,95848,1556,10000,2.090%,1990.4,12.7,0.638%,49.00
2022-11-08,95792,1556,10000,1.542%,1461.4,15.9,1.088%,49.00
2022-11-07,95480,1556,10000,1.265%,1189.6,18.1,1.522%,39.00
2022-11-06,95352,1556,10000,1.465%,1375.0,22.1,1.607%,34.00
2022-11-05,95345,1555,10000,1.666%,1557.8,30.4,1.951%,29.00
2022-11-04,95338,1555,10000,1.496%,1398.7,27.4,1.959%,25.00
2022-11-03,95311,1555,10000,1.514%,1426.1,17.2,1.206%,19.00
2022-11-02,95289,1555,10000,1.543%,1455.6,14.6,1.003%,17.00
2022-11-01,95278,1554,10000,1.540%,1452.1,14.8,1.019%,18.00
2022-10-31,95151,1550,10000,1.573%,1481.5,15.3,1.033%,19.00
2022-10-30,95271,1555,10000,1.819%,1712.6,20.8,1.215%,18.00
2022-10-29,95264,1555,10000,1.622%,1528.0,17.5,1.145%,25.00
2022-10-28,95235,1555,10000,1.418%,1335.8,14.7,1.100%,29.00
2022-10-27,95212,1555,10000,1.279%,1206.0,12.1,1.003%,33.00
2022-10-26,95206,1556,10000,1.166%,1099.8,10.5,0.955%,33.00
2022-10-25,95194,1556,10000,1.153%,1087.1,10.7,0.984%,33.00
2022-10-24,95189,1556,10000,1.157%,1089.4,12.2,1.120%,33.00
2022-10-23,95196,1556,10000,1.156%,1087.2,13.2,1.214%,34.00
2022-10-22,95210,1556,10000,1.415%,1330.0,17.3,1.301%,34.00
2022-10-21,95209,1555,10000,1.298%,1220.3,15.1,1.237%,32.00
2022-10-20,95211,1554,10000,1.181%,1113.3,11.5,1.033%,33.00
2022-10-19,95207,1554,10000,1.072%,1011.8,8.5,0.840%,39.00
2022-10-18,95198,1555,10000,1.055%,996.3,7.6,0.763%,39.00
2022-10-17,95184,1555,10000,1.066%,1006.0,8.3,0.825%,39.00
2022-10-16,95196,1554,10000,1.060%,1001.8,7.2,0.719%,39.00
2022-10-15,95191,1554,10000,1.161%,1097.2,8.3,0.756%,31.00
2022-10-14,95209,1554,10000,1.248%,1180.3,8.1,0.686%,27.00
2022-10-13,95223,1554,10000,1.268%,1199.4,7.6,0.634%,21.00
2022-10-12,95223,1554,10000,1.142%,1081.5,6.2,0.573%,23.00
2022-10-11,95216,1554,10000,1.193%,1127.6,8.3,0.736%,22.00
2022-10-10,95187,1554,10000,1.198%,1131.7,8.4,0.742%,21.00
2022-10-09,94976,1554,10000,1.399%,1314.3,14.3,1.088%,22.00
2022-10-08,94572,1555,10000,1.392%,1298.8,17.2,1.324%,25.00
2022-10-07,94257,1554,10000,1.283%,1194.7,14.7,1.230%,30.00
2022-10-06,93935,1554,10000,1.622%,1487.8,36.1,2.426%,33.00
2022-10-05,93706,1552,10000,1.538%,1408.2,32.8,2.329%,31.00
2022-10-04,93504,1552,10000,1.361%,1246.8,26.2,2.101%,31.00
2022-10-03,93335,1552,10000,1.295%,1186.0,22.3,1.880%,32.00
2022-10-02,93216,1552,10000,1.413%,1291.8,25.5,1.974%,32.00
2022-10-01,92868,1551,10000,1.261%,1160.0,11.1,0.957%,33.00
2022-09-30,92912,1551,10000,1.255%,1154.5,11.4,0.987%,34.00
2022-09-29,92868,1551,10000,1.224%,1124.9,12.0,1.067%,37.00
2022-09-28,92883,1552,10000,1.235%,1134.4,12.9,1.137%,37.00
2022-09-27,92886,1551,10000,1.142%,1047.3,13.0,1.241%,38.00
2022-09-26,92880,1550,10000,1.187%,1088.4,14.4,1.323%,37.00
2022-09-25,92878,1550,10000,1.370%,1250.6,21.7,1.735%,36.00
2022-09-24,92866,1550,10000,1.574%,1430.9,30.7,2.146%,37.00
2022-09-23,92865,1548,10000,1.387%,1261.0,26.9,2.133%,37.00
2022-09-22,92859,1548,10000,1.342%,1223.4,23.1,1.888%,34.00
2022-09-21,92844,1548,10000,1.305%,1188.8,22.4,1.884%,36.00
2022-09-20,92834,1547,10000,1.161%,1060.3,17.1,1.613%,40.00
2022-09-19,92789,1547,10000,1.092%,998.4,15.2,1.522%,40.00
2022-09-18,92752,1547,10000,1.125%,1028.5,14.5,1.410%,41.00
2022-09-17,92739,1547,10000,1.282%,1172.9,16.4,1.398%,35.00
2022-09-16,92733,1546,10000,1.320%,1209.7,14.0,1.157%,28.00
2022-09-15,92725,1546,10000,1.242%,1140.9,10.3,0.903%,24.00
2022-09-14,92744,1544,10000,1.254%,1154.1,9.3,0.806%,22.00
2022-09-13,92747,1542,10000,1.515%,1392.8,12.6,0.905%,23.00
2022-09-12,92729,1542,10000,1.863%,1712.0,15.1,0.882%,24.00
2022-09-11,92735,1542,10000,1.653%,1516.4,16.4,1.082%,25.00
2022-09-10,92732,1542,10000,1.655%,1520.0,14.8,0.974%,32.00
2022-09-09,92732,1542,10000,1.429%,1312.4,12.4,0.945%,37.00
2022-09-08,92735,1542,10000,1.131%,1041.1,8.0,0.768%,43.00
2022-09-07,92710,1542,10000,1.075%,988.2,8.8,0.891%,41.00
2022-09-06,92690,1542,10000,1.047%,962.5,8.2,0.852%,41.00
2022-09-05,92671,1542,10000,1.034%,948.8,9.1,0.959%,42.00
2022-09-04,92663,1542,10000,1.239%,1135.6,12.7,1.118%,42.00
2022-09-03,92654,1542,10000,1.542%,1412.8,16.3,1.154%,34.00
2022-09-02,92640,1542,10000,1.584%,1451.7,16.1,1.109%,27.00
2022-09-01,92609,1542,10000,1.667%,1525.7,18.2,1.193%,22.00
2022-08-31,92611,1542,10000,1.421%,1298.1,18.3,1.410%,22.00
2022-08-30,92609,1541,10000,1.366%,1244.9,19.7,1.582%,22.00
2022-08-29,92591,1541,10000,1.441%,1309.2,24.9,1.902%,23.00
2022-08-28,92576,1541,10000,1.410%,1278.8,26.4,2.064%,21.00
2022-08-27,92551,1541,10000,1.416%,1290.4,19.9,1.542%,30.00
2022-08-26,92540,1541,10001,1.333%,1214.1,19.7,1.623%,35.00
2022-08-25,92535,1541,9996,1.441%,1313.9,19.5,1.484%,35.00
2022-08-24,92514,1541,9993,1.369%,1248.9,17.7,1.417%,37.00
2022-08-23,92505,1541,9990,1.274%,1163.2,15.2,1.307%,40.00
2022-08-22,92468,1541,9987,1.215%,1109.1,14.6,1.316%,39.00
2022-08-21,92439,1539,9984,1.240%,1133.2,12.7,1.121%,39.00
2022-08-20,92417,1539,9973,1.121%,1025.6,10.2,0.995%,31.00
2022-08-19,92397,1536,9966,1.175%,1074.9,10.5,0.977%,27.00
2022-08-18,92354,1535,9957,1.771%,1623.4,12.0,0.739%,21.00
2022-08-17,92323,1535,9954,1.691%,1548.4,13.0,0.840%,22.00
2022-08-16,92211,1535,9950,1.540%,1407.3,12.8,0.910%,20.00
2022-08-15,92147,1535,9948,1.482%,1351.1,14.9,1.103%,21.00
2022-08-14,92136,1534,9945,1.449%,1320.8,13.9,1.052%,21.00
2022-08-13,92139,1534,9942,1.009%,918.9,10.5,1.143%,27.00
2022-08-12,92135,1534,9938,0.899%,820.0,8.1,0.988%,30.00
2022-08-11,92130,1532,9936,0.830%,758.3,6.7,0.884%,35.00
2022-08-10,92144,1532,9932,0.907%,825.4,10.4,1.260%,34.00
2022-08-09,92138,1532,9930,0.860%,783.4,8.8,1.123%,35.00
2022-08-08,92142,1532,9927,0.867%,788.3,10.3,1.307%,36.00
2022-08-07,92140,1532,9924,0.869%,788.6,11.7,1.484%,36.00
2022-08-06,92133,1532,9915,0.985%,893.8,13.7,1.533%,30.00
2022-08-05,92120,1532,9908,0.816%,743.9,7.5,1.008%,27.00
2022-08-04,92109,1531,9901,0.808%,736.2,7.8,1.059%,23.00
2022-08-03,92096,1531,9898,0.734%,669.9,6.0,0.896%,23.00
2022-08-02,92067,1530,9895,0.744%,678.8,6.3,0.928%,24.00
2022-08-01,92058,1530,9891,0.731%,665.9,6.6,0.991%,22.00
2022-07-31,92054,1530,9887,0.966%,880.9,8.4,0.954%,21.00
2022-07-30,92052,1528,9885,0.967%,878.3,11.8,1.344%,21.00
2022-07-29,92047,1526,9881,1.095%,995.1,12.9,1.296%,20.00
2022-07-28,92035,1526,9878,1.193%,1083.3,14.7,1.357%,20.00
2022-07-27,92026,1526,9875,1.252%,1137.6,14.9,1.310%,20.00
2022-07-26,92028,1524,9871,1.291%,1172.6,15.5,1.322%,19.00
2022-07-25,92009,1522,9869,1.326%,1206.2,13.6,1.128%,20.00
2022-07-24,91987,1522,9866,1.237%,1126.6,11.7,1.039%,20.00
2022-07-23,91983,1523,9864,1.035%,943.7,8.5,0.901%,21.00
2022-07-22,91958,1522,9861,0.927%,845.0,7.3,0.864%,21.00
2022-07-21,91935,1522,9858,0.745%,679.9,5.4,0.794%,22.00
2022-07-20,91890,1522,9855,0.755%,687.8,5.8,0.843%,22.00
2022-07-19,91863,1522,9852,0.684%,623.4,5.4,0.866%,22.00
2022-07-18,91821,1522,9849,0.840%,761.2,9.7,1.274%,22.00
2022-07-17,91803,1520,9846,0.876%,794.9,9.6,1.208%,22.00
2022-07-16,91754,1518,9843,1.049%,945.3,17.1,1.809%,22.00
2022-07-15,91701,1515,9840,2.299%,2087.4,20.8,0.996%,22.00
2022-07-14,91629,1514,9836,2.406%,2182.7,22.1,1.013%,21.00
2022-07-13,91530,1514,9833,1.931%,1748.9,18.3,1.046%,22.00
2022-07-12,91423,1513,9830,1.803%,1628.3,19.6,1.204%,22.00
2022-07-11,91355,1513,9827,1.668%,1498.5,25.2,1.682%,22.00
2022-07-10,91282,1512,9824,1.166%,1043.5,20.4,1.955%,22.00
2022-07-09,91251,1512,9821,1.049%,939.5,17.8,1.895%,22.00
2022-07-08,91236,1512,9818,1.044%,933.5,19.1,2.046%,22.00
2022-07-07,91251,1512,9815,1.098%,985.4,16.8,1.705%,22.00
2022-07-06,91253,1511,9811,1.109%,999.3,13.1,1.311%,21.00
2022-07-05,91249,1511,9807,1.125%,1012.7,14.2,1.402%,20.00
2022-07-04,91241,1510,9804,1.296%,1166.3,16.3,1.398%,20.00
2022-07-03,91251,1509,9801,1.523%,1371.4,18.4,1.342%,21.00
2022-07-02,91255,1509,9798,1.533%,1379.4,19.8,1.435%,31.00
2022-07-01,91256,1508,9795,1.371%,1233.5,17.2,1.394%,34.00
2022-06-30,91253,1508,9792,1.226%,1105.9,13.1,1.185%,38.00
2022-06-29,91220,1508,9789,1.299%,1170.1,15.1,1.290%,42.00
2022-06-28,91147,1508,9786,1.225%,1102.7,13.5,1.224%,41.00
2022-06-27,91148,1509,9783,1.179%,1062.0,12.6,1.186%,42.00
2022-06-26,91152,1509,9779,1.261%,1134.7,14.8,1.304%,41.00
2022-06-25,91126,1507,9766,1.198%,1076.3,15.5,1.440%,38.00
2022-06-24,91133,1507,9757,1.102%,992.0,12.5,1.260%,37.00
2022-06-23,91124,1506,9750,1.004%,903.5,11.1,1.229%,38.00
2022-06-22,91123,1505,9747,0.879%,791.1,9.5,1.201%,39.00
2022-06-21,91112,1505,9745,0.882%,794.0,9.3,1.171%,40.00
2022-06-20,91102,1505,9741,0.871%,785.6,7.7,0.980%,39.00
2022-06-19,91114,1505,9738,0.999%,899.8,10.7,1.189%,39.00
2022-06-18,91117,1505,9728,1.129%,1016.7,12.1,1.190%,32.00
2022-06-17,91126,1504,9720,1.121%,1010.5,11.4,1.128%,27.00
2022-06-16,91117,1503,9712,1.083%,975.5,11.0,1.128%,22.00
2022-06-15,91116,1503,9708,1.166%,1051.5,11.3,1.075%,21.00
2022-06-14,91137,1502,9705,1.215%,1095.6,11.6,1.059%,21.00
2022-06-13,91136,1502,9702,1.205%,1087.1,11.5,1.058%,21.00
2022-06-12,91138,1505,9699,1.354%,1220.1,13.7,1.123%,21.00
2022-06-11,91142,1503,9696,1.242%,1119.1,12.6,1.126%,28.00
2022-06-10,91144,1503,9693,1.196%,1078.9,11.4,1.057%,32.00
2022-06-09,91158,1503,9690,1.102%,995.5,9.5,0.954%,35.00
2022-06-08,91162,1503,9687,1.104%,996.2,10.0,1.004%,37.00
2022-06-07,91143,1504,9683,1.071%,966.4,10.1,1.045%,36.00
2022-06-06,91139,1504,9681,1.084%,975.0,13.0,1.333%,37.00
2022-06-05,91134,1504,9678,1.161%,1041.7,16.2,1.555%,37.00
2022-06-04,91126,1504,9668,1.162%,1043.4,15.6,1.495%,36.00
2022-06-03,91121,1504,9661,1.121%,1005.0,16.6,1.652%,38.00
2022-06-02,91106,1504,9653,1.152%,1033.1,16.7,1.616%,36.00
2022-06-01,91098,1503,9650,1.176%,1055.4,16.3,1.544%,36.00
2022-05-31,91068,1501,9646,1.236%,1110.0,15.7,1.414%,38.00
2022-05-30,91065,1501,9644,1.236%,1109.1,16.2,1.461%,39.00
2022-05-29,90982,1500,9641,1.269%,1138.6,16.0,1.405%,39.00
2022-05-28,90966,1503,9632,1.268%,1137.4,16.5,1.451%,33.00
2022-05-27,90984,1503,9623,1.134%,1020.1,11.6,1.137%,29.00
2022-05-26,91009,1504,9614,1.056%,951.9,9.5,0.998%,22.00
2022-05-25,91013,1503,9611,0.943%,849.8,8.1,0.953%,22.00
2022-05-24,90995,1503,9608,1.143%,1027.4,12.4,1.207%,22.00
2022-05-23,90972,1504,9605,1.267%,1139.3,13.7,1.202%,21.00
2022-05-22,90979,1504,9602,1.294%,1162.9,14.7,1.264%,21.00
2022-05-21,90967,1504,9599,1.284%,1152.1,16.0,1.389%,27.00
2022-05-20,90964,1504,9595,1.175%,1055.2,13.5,1.279%,31.00
2022-05-19,90970,1504,9592,1.084%,975.6,10.6,1.087%,33.00
2022-05-18,90984,1503,9589,1.135%,1020.7,11.9,1.166%,36.00
2022-05-17,90980,1501,9586,1.119%,1006.5,11.5,1.143%,35.00
2022-05-16,90986,1501,9583,1.143%,1029.6,10.4,1.010%,36.00
2022-05-15,90982,1501,9580,1.239%,1115.1,12.3,1.103%,36.00
2022-05-14,90943,1501,9571,1.437%,1290.9,15.8,1.224%,30.00
2022-05-13,90933,1501,9563,1.534%,1376.9,18.0,1.307%,25.00
2022-05-12,90929,1501,9555,1.674%,1504.6,17.1,1.137%,20.00
2022-05-11,90925,1501,9552,1.620%,1454.5,18.5,1.272%,20.00
2022-05-10,90910,1501,9549,1.869%,1665.1,33.9,2.036%,20.00
2022-05-09,90908,1501,9546,1.999%,1780.5,36.9,2.072%,20.00
2022-05-08,90895,1501,9543,2.020%,1793.6,42.5,2.370%,20.00
2022-05-07,90892,1500,9540,1.652%,1472.5,29.1,1.976%,27.00
2022-05-06,90873,1498,9537,1.383%,1235.2,21.6,1.749%,33.00
2022-05-05,90866,1496,9534,1.272%,1141.8,13.7,1.200%,38.00
2022-05-04,90866,1496,9532,1.334%,1199.1,13.0,1.084%,38.00
2022-05-03,90869,1495,9529,1.233%,1111.9,8.4,0.755%,38.00
2022-05-02,90838,1494,9526,1.184%,1067.1,8.3,0.778%,37.00
2022-05-01,90827,1493,9523,1.419%,1278.2,10.6,0.829%,37.00
2022-04-30,90808,1493,9513,1.267%,1140.1,10.6,0.930%,39.00
2022-04-29,90797,1493,9505,1.165%,1047.2,10.4,0.993%,40.00
2022-04-28,90787,1494,9497,1.058%,951.4,9.2,0.967%,39.00
2022-04-27,90786,1493,9494,1.095%,984.3,9.9,1.006%,39.00
2022-04-26,90791,1492,9491,1.073%,965.5,9.0,0.932%,39.00
2022-04-25,90786,1491,9488,1.258%,1132.1,9.7,0.857%,39.00
2022-04-24,90792,1489,9486,1.481%,1332.9,11.8,0.885%,40.00
2022-04-23,90771,1489,9474,1.751%,1573.8,15.9,1.010%,31.00
2022-04-22,90759,1489,9465,1.938%,1735.2,24.0,1.383%,24.00
2022-04-21,90763,1489,9458,2.042%,1817.1,36.2,1.992%,20.00
2022-04-20,90718,1488,9455,2.333%,2064.1,52.0,2.519%,20.00
2022-04-19,90709,1487,9452,2.218%,1963.2,48.6,2.476%,21.00
2022-04-18,90699,1486,9449,2.332%,2070.2,45.3,2.188%,21.00
2022-04-17,90678,1483,9446,2.171%,1927.7,40.9,2.122%,21.00
2022-04-16,90650,1484,9443,1.723%,1536.6,25.0,1.627%,32.00
2022-04-15,90638,1484,9441,1.379%,1234.8,15.0,1.215%,37.00
2022-04-14,90617,1484,9438,1.246%,1118.6,10.1,0.903%,43.00
2022-04-13,90608,1483,9435,1.309%,1171.4,15.1,1.289%,46.00
2022-04-12,90605,1483,9431,1.336%,1194.6,15.6,1.306%,45.00
2022-04-11,90602,1482,9428,1.680%,1502.5,19.4,1.291%,45.00
2022-04-10,90589,1482,9425,2.030%,1814.4,25.0,1.378%,45.00
2022-04-09,90588,1482,9411,2.385%,2133.2,27.1,1.270%,42.00
2022-04-08,90577,1481,9402,2.017%,1809.6,17.4,0.962%,42.00
2022-04-07,90564,1479,9393,2.028%,1811.2,25.7,1.419%,36.00
2022-04-06,90539,1478,9389,1.849%,1648.8,25.5,1.547%,36.00
2022-04-05,90484,1476,9386,1.863%,1660.3,25.8,1.554%,37.00
2022-04-04,90460,1476,9382,1.720%,1529.7,26.3,1.719%,37.00
2022-04-03,90465,1475,9379,2.036%,1806.4,35.6,1.971%,37.00
2022-04-02,90460,1475,9368,2.058%,1829.9,31.6,1.727%,29.00
2022-04-01,90452,1474,9359,1.880%,1688.4,12.2,0.723%,23.00
2022-03-31,90446,1474,9356,1.738%,1562.6,9.2,0.589%,23.00
2022-03-30,90421,1474,9352,1.859%,1670.1,11.0,0.659%,22.00
2022-03-29,90352,1474,9348,1.754%,1574.1,10.6,0.673%,21.00
2022-03-28,90288,1472,9345,1.917%,1713.4,17.1,0.998%,22.00
2022-03-27,90247,1473,9342,2.034%,1813.6,21.6,1.191%,22.00
2022-03-26,90222,1471,9338,1.782%,1587.5,20.2,1.272%,27.00
2022-03-25,90193,1471,9336,1.569%,1397.2,17.8,1.274%,34.00
2022-03-24,90122,1471,9333,1.383%,1230.7,15.8,1.284%,39.00
2022-03-23,90047,1471,9330,1.318%,1172.6,14.1,1.202%,39.00
2022-03-22,89903,1471,9327,1.196%,1063.8,11.4,1.072%,38.00
2022-03-21,89695,1470,9323,1.199%,1064.5,10.6,0.996%,37.00
2022-03-20,89416,1470,9320,1.077%,956.5,6.8,0.711%,37.00
2022-03-19,89135,1470,9310,1.322%,1170.1,8.3,0.709%,31.00
2022-03-18,88827,1470,9301,1.573%,1387.8,9.7,0.699%,24.00
2022-03-17,88677,1470,9293,1.724%,1518.8,9.9,0.652%,19.00
2022-03-16,88570,1470,9290,1.642%,1443.7,10.7,0.741%,19.00
2022-03-15,88450,1471,9287,1.761%,1546.1,11.4,0.737%,20.00
2022-03-14,88386,1470,9284,1.636%,1436.1,9.7,0.675%,20.00
2022-03-13,88293,1469,9281,1.778%,1559.7,10.0,0.641%,20.00
2022-03-12,88211,1469,9278,1.577%,1379.3,11.4,0.827%,28.00
2022-03-11,88113,1468,9276,1.417%,1239.1,9.6,0.775%,33.00
2022-03-10,88029,1467,9273,1.410%,1231.4,9.4,0.763%,36.00
2022-03-09,87871,1466,9270,1.413%,1231.6,10.2,0.828%,37.00
2022-03-08,87698,1466,9267,1.401%,1217.9,10.8,0.887%,39.00
2022-03-07,87477,1466,9264,1.407%,1220.3,10.3,0.844%,39.00
2022-03-06,87282,1467,9261,1.484%,1284.3,10.8,0.841%,39.00
2022-03-05,87084,1467,9250,1.631%,1407.6,13.1,0.931%,31.00
2022-03-04,87003,1467,9243,1.647%,1419.3,13.8,0.972%,26.00
2022-03-03,86964,1467,9235,1.693%,1460.5,12.1,0.828%,21.00
2022-03-02,86922,1467,9231,1.746%,1507.9,9.9,0.657%,21.00
2022-03-01,86889,1467,9227,1.726%,1488.8,10.7,0.719%,22.00
2022-02-28,86872,1467,9224,1.624%,1396.1,14.7,1.053%,22.00
2022-02-27,86849,1467,9221,1.538%,1322.5,13.3,1.006%,25.00
2022-02-26,86810,1467,9218,1.396%,1198.8,12.9,1.076%,25.00
2022-02-25,86800,1468,9215,1.288%,1105.7,12.7,1.149%,27.00
2022-02-24,86796,1468,9212,1.336%,1145.8,14.2,1.239%,27.00
2022-02-23,86794,1466,9208,1.344%,1156.2,10.0,0.865%,27.00
2022-02-22,86786,1464,9204,1.424%,1224.9,10.7,0.874%,28.00
2022-02-21,86760,1463,9201,1.533%,1317.9,11.8,0.895%,28.00
2022-02-20,86724,1462,9195,1.464%,1258.8,11.0,0.874%,25.00
2022-02-19,86674,1461,9192,1.390%,1195.5,9.2,0.770%,25.00
2022-02-18,86640,1461,9188,1.330%,1144.1,8.6,0.752%,25.00
2022-02-17,86601,1460,9184,1.464%,1258.1,10.1,0.803%,27.00
2022-02-16,86535,1460,9180,1.646%,1411.6,12.7,0.900%,25.00
2022-02-15,86496,1459,9175,1.582%,1354.0,14.1,1.041%,24.00
2022-02-14,86409,1458,9172,1.713%,1460.7,19.8,1.356%,25.00
2022-02-13,86272,1458,9169,1.766%,1503.3,20.3,1.350%,26.00
2022-02-12,86151,1458,9166,1.836%,1560.7,21.1,1.352%,27.00
2022-02-11,86058,1458,9162,1.926%,1637.9,19.6,1.197%,27.00
2022-02-10,85992,1458,9157,1.808%,1537.2,17.6,1.145%,27.00
2022-02-09,85915,1458,9154,1.737%,1481.6,10.9,0.736%,28.00
2022-02-08,85825,1458,9150,1.837%,1562.4,13.8,0.883%,28.00
2022-02-07,85692,1458,9146,1.869%,1586.4,15.1,0.952%,27.00
2022-02-06,85663,1457,9142,1.798%,1522.5,18.0,1.182%,28.00
2022-02-05,85665,1457,9138,1.648%,1395.3,16.6,1.190%,27.00
2022-02-04,85648,1457,9134,1.641%,1388.7,16.6,1.195%,26.00
2022-02-03,85627,1457,9129,1.499%,1267.8,15.4,1.215%,24.00
2022-02-02,85611,1456,9126,1.482%,1254.3,14.6,1.164%,25.00
2022-02-01,85607,1456,9122,1.448%,1229.4,10.1,0.822%,24.00
2022-01-31,85602,1456,9119,1.470%,1245.8,12.7,1.019%,25.00
2022-01-30,85592,1456,9114,1.572%,1329.8,15.4,1.158%,23.00
2022-01-29,85578,1455,9111,1.576%,1333.1,15.2,1.140%,23.00
2022-01-28,85575,1455,9108,1.720%,1457.8,14.3,0.981%,23.00
2022-01-27,85574,1455,9105,1.701%,1442.1,13.8,0.957%,23.00
2022-01-26,85584,1455,9101,1.591%,1349.7,11.6,0.859%,21.00
2022-01-25,85577,1457,9098,1.452%,1235.1,7.9,0.640%,21.00
2022-01-24,85559,1457,9094,1.519%,1292.4,7.6,0.588%,20.00
2022-01-23,85555,1456,9091,1.518%,1291.0,7.7,0.596%,20.00
2022-01-22,85543,1456,9088,1.539%,1307.8,8.9,0.681%,19.00
2022-01-21,85529,1456,9085,1.952%,1651.7,17.6,1.066%,19.00
2022-01-20,85529,1455,9082,1.878%,1589.8,16.5,1.038%,20.00
2022-01-19,85527,1453,9080,1.884%,1593.4,18.3,1.148%,22.00
2022-01-18,85512,1452,9077,1.918%,1617.1,23.4,1.447%,22.00
2022-01-17,85505,1451,9074,2.067%,1725.1,42.6,2.469%,22.00
2022-01-16,85503,1450,9071,1.956%,1629.3,42.8,2.627%,22.00
2022-01-15,85483,1450,9069,1.751%,1462.1,34.7,2.373%,23.00
2022-01-14,85450,1450,9066,1.915%,1598.8,37.3,2.333%,23.00
2022-01-13,85454,1451,9062,2.003%,1676.6,34.7,2.070%,23.00
2022-01-12,85450,1450,9058,1.837%,1555.1,14.7,0.945%,22.00
2022-01-11,85462,1450,9055,1.879%,1589.2,16.8,1.057%,23.00
2022-01-10,85460,1449,9052,1.833%,1549.8,16.3,1.052%,23.00
2022-01-09,85471,1447,9049,1.920%,1623.5,17.7,1.090%,24.00
2022-01-08,85460,1448,9046,1.757%,1485.7,15.8,1.063%,24.00
2022-01-07,85461,1447,9043,1.484%,1256.1,11.8,0.939%,25.00
2022-01-06,85470,1447,9039,1.543%,1308.3,10.7,0.818%,24.00
2022-01-05,85459,1447,9036,1.662%,1407.6,13.1,0.931%,24.00
2022-01-04,85460,1446,9032,1.546%,1308.0,13.5,1.032%,23.00
2022-01-03,85462,1446,9029,1.572%,1331.5,12.3,0.924%,24.00
2022-01-02,85456,1446,9025,1.703%,1440.2,14.7,1.021%,22.00
2022-01-01,85447,1446,9022,1.647%,1392.8,14.3,1.027%,22.00
2021-12-31,85447,1446,9018,1.517%,1284.8,11.7,0.911%,21.00
2021-12-30,85443,1446,9015,1.543%,1308.2,10.3,0.787%,21.00
2021-12-29,85438,1445,9012,1.512%,1281.5,10.2,0.796%,21.00
2021-12-28,85428,1445,9009,1.609%,1365.1,9.1,0.667%,22.00
2021-12-27,85426,1445,9005,1.641%,1391.9,10.1,0.726%,21.00
2021-12-26,85423,1446,9003,1.750%,1483.4,11.4,0.769%,22.00
2021-12-25,85426,1446,9000,1.822%,1544.1,12.1,0.784%,22.00
2021-12-24,85416,1446,8997,1.945%,1649.1,11.9,0.722%,22.00
2021-12-23,85407,1446,8994,1.818%,1539.6,13.4,0.870%,23.00
2021-12-22,85391,1446,8991,2.089%,1770.4,13.3,0.751%,24.00
2021-12-21,85367,1446,8987,2.082%,1762.8,14.2,0.806%,24.00
2021-12-20,85344,1445,8984,2.061%,1744.3,14.8,0.848%,25.00
2021-12-19,85306,1445,8981,1.920%,1623.0,14.9,0.918%,26.00
2021-12-18,85216,1445,8978,1.891%,1596.1,15.0,0.940%,26.00
2021-12-17,85020,1444,8975,1.910%,1609.9,14.4,0.894%,27.00
2021-12-16,84950,1445,8971,1.777%,1497.6,11.7,0.781%,27.00
2021-12-15,84925,1445,8967,1.731%,1459.5,10.9,0.747%,26.00
2021-12-14,84897,1445,8963,1.826%,1539.1,10.7,0.695%,26.00
2021-12-13,84881,1445,8959,1.811%,1528.2,9.4,0.615%,25.00
2021-12-12,84895,1444,8955,1.576%,1327.0,11.3,0.852%,24.00
2021-12-11,84882,1444,8951,1.651%,1388.9,12.4,0.893%,24.00
2021-12-10,84871,1445,8948,1.595%,1343.0,11.1,0.827%,24.00
2021-12-09,84855,1444,8944,1.666%,1401.7,12.4,0.885%,24.00
2021-12-08,84852,1444,8940,1.615%,1358.3,12.3,0.906%,23.00
2021-12-07,84845,1444,8936,1.650%,1389.9,10.4,0.748%,25.00
2021-12-06,84809,1445,8933,1.712%,1440.6,11.6,0.805%,26.00
2021-12-05,84804,1445,8929,2.008%,1690.2,12.6,0.745%,27.00
2021-12-04,84802,1445,8925,1.851%,1558.6,10.7,0.687%,27.00
2021-12-03,84798,1445,8922,1.833%,1543.7,10.7,0.693%,28.00
2021-12-02,84793,1442,8918,2.121%,1787.3,11.1,0.621%,27.00
2021-12-01,84802,1442,8915,2.993%,2523.0,15.2,0.602%,29.00
2021-11-30,84789,1442,8910,2.820%,2377.3,13.9,0.585%,28.00
2021-11-29,84759,1440,8906,3.018%,2542.2,15.9,0.625%,27.00
2021-11-28,84753,1439,8902,3.261%,2746.0,17.8,0.648%,27.00
2021-11-27,84723,1439,8898,2.894%,2436.0,15.7,0.644%,28.00
2021-11-26,84685,1440,8894,2.130%,1788.8,15.4,0.861%,30.00
2021-11-25,84611,1440,8891,2.107%,1767.0,15.5,0.877%,32.00
2021-11-24,84584,1440,8886,2.430%,2037.6,18.0,0.883%,32.00
2021-11-23,84548,1440,8882,2.602%,2177.8,21.9,1.006%,33.00
2021-11-22,84514,1440,8878,1.873%,1567.4,15.4,0.983%,
2021-11-21,84500,1440,8875,1.603%,1341.8,12.4,0.924%,
2021-11-20,84478,1439,8869,2.39%,2000.6,18.6,0.93%,
2021-11-19,84423,1437,8864,2.819%,2351.5,28.7,1.22%,
2021-11-18,84380,1438,8859,2.762%,2302.1,28.3,1.229%,
2021-11-17,84285,1435,8854,2.754%,2293.5,27.7,1.208%,
2021-11-16,84240,1435,8849,2.45%,2044.4,19.1,0.934%,
2021-11-15,84216,1436,8846,2.125%,1775.4,14.3,0.805%,
2021-11-14,84186,1437,8841,2.089%,1747.3,11.2,0.641%,
2021-11-13,84148,1438,8827,1.39%,1164.3,5.4,0.464%,
2021-11-12,84104,1438,8816,2.266%,1891.1,14.7,0.777%,
2021-11-11,84034,1439,8809,2.258%,1872.1,25.8,1.378%,
2021-11-10,84011,1439,8805,2.094%,1732.8,26.3,1.518%,
2021-11-09,83994,1438,8802,1.942%,1603.4,27.6,1.721%,
2021-11-08,83979,1438,8799,1.595%,1320.1,19.4,1.47%,
2021-11-07,83976,1438,8794,1.591%,1322.2,13.6,1.029%,
2021-11-06,83977,1438,8774,1.612%,1341.3,12.4,0.924%,
2021-11-05,83960,1438,8767,1.949%,1620.2,15.9,0.981%,
2021-11-04,83939,1439,8763,2.029%,1689.1,14.2,0.841%,
2021-11-03,83913,1438,8759,1.901%,1583.1,11.7,0.739%,
2021-11-02,83422,1438,8755,2.21%,1829.3,14.3,0.782%,
2021-11-01,83385,1438,8751,2.111%,1742,18.1,1.039%,
2021-10-31,83370,1438,8748,2.06%,1697.9,19.4,1.143%,
2021-10-30,83357,1435,8745,2.166%,1784.9,20.9,1.171%,
2021-10-29,83335,1436,8742,2.887%,2379,26.5,1.114%,
2021-10-28,83315,1437,8738,2.981%,2458.1,25.5,1.037%,
2021-10-27,83309,1437,8736,2.82%,2328.1,21.4,0.919%,
2021-10-26,83291,1437,8733,2.48%,2047.9,17.6,0.859%,
2021-10-25,83276,1437,8729,1.632%,1350.2,9.2,0.681%,
2021-10-24,83240,1436,8717,0.859%,712.1,2.8,0.393%,
2021-10-23,83229,1436,8706,1.018%,838.9,8.6,1.025%,
2021-10-22,83223,1435,8698,1.62%,1334.5,13.4,1.004%,
2021-10-21,83229,1434,8693,1.823%,1506.7,10.4,0.69%,
2021-10-20,83226,1434,8691,1.724%,1425.2,9.8,0.688%,
2021-10-19,83213,1434,8688,1.566%,1294.8,8,0.618%,
2021-10-18,83202,1435,8683,1.402%,1160.2,6.3,0.543%,
2021-10-17,83206,1435,8678,1.541%,1270.6,11.7,0.921%,
2021-10-16,83193,1435,8673,2.12%,1744.6,19.2,1.101%,
2021-10-15,83191,1435,8670,2.276%,1872.9,20.4,1.089%,
2021-10-14,83178,1436,8667,2.412%,1982.7,23.5,1.185%,
2021-10-13,83178,1436,8664,2.251%,1854.3,18,0.971%,
2021-10-12,83166,1436,8660,2.091%,1721,17.7,1.028%,
2021-10-11,83164,1437,8659,1.933%,1591.8,16,1.005%,
2021-10-10,83164,1436,8657,1.773%,1459.8,14.8,1.014%,
2021-10-09,83168,1436,8653,1.949%,1605,15.8,0.984%,
2021-10-08,83174,1435,8651,1.757%,1448.6,13,0.897%,
2021-10-07,83155,1435,8647,1.687%,1389.6,13,0.936%,
2021-10-06,83160,1435,8643,1.75%,1440.8,14.2,0.986%,
2021-10-05,83160,1433,8639,1.609%,1324.1,14.3,1.08%,
2021-10-03,83124,1430,8633,1.189%,976.7,11.7,1.198%,
2021-10-02,83095,1431,8619,0.782%,645.4,4.2,0.651%,
2021-10-01,83092,1432,8599,1.636%,1349,10,0.741%,
2021-09-30,83084,1433,8594,2.278%,1875.3,17.2,0.917%,
2021-09-27,82966,1432,8587,1.906%,1565.2,16,1.022%,
2021-09-26,82859,1434,8583,2.065%,1694,16.9,0.998%,
2021-09-25,82696,1433,8580,2.163%,1771.1,18,1.016%,
2021-09-24,82529,1431,8576,2.306%,1889.3,13.9,0.736%,
2021-09-23,82265,1431,8568,2.476%,2022.3,14.8,0.732%,
2021-09-21,82128,1432,8563,2.153%,1753.3,15.1,0.861%,
2021-09-20,81996,1432,8557,1.391%,1129.3,11.2,0.992%,
2021-09-19,81909,1433,8542,1.483%,1207.1,7.8,0.646%,
2021-09-18,81865,1431,8533,1.515%,1232.7,7.5,0.608%,
2021-09-16,81785,1431,8515,1.993%,1615.9,14,0.866%,
2021-09-15,81720,1431,8512,1.877%,1520.1,13.5,0.888%,
2021-09-14,81673,1433,8508,1.618%,1309.8,11.9,0.909%,
2021-09-13,81602,1432,8504,1.145%,925.4,9.1,0.983%,
2021-09-12,81574,1431,8492,1.01%,817.5,6.4,0.783%,
2021-09-11,81513,1431,8483,1.659%,1340.8,11.6,0.865%,
2021-09-10,81473,1431,8477,1.967%,1588.3,13.9,0.875%,
2021-09-09,81431,1431,8474,1.762%,1423.1,11.9,0.836%,
2021-09-08,81386,1431,8469,1.599%,1291.2,10.1,0.782%,
2021-09-07,81362,1431,8465,1.498%,1209.9,8.9,0.736%,
2021-09-06,81356,1431,8464,1.416%,1143.7,8.3,0.726%,
2021-09-05,81345,1430,8457,1.764%,1416.8,18.1,1.278%,
2021-09-04,81340,1430,8451,2.682%,2154.9,26.4,1.225%,
2021-09-03,81336,1430,8447,2.831%,2273.8,28.8,1.267%,
2021-09-02,81321,1431,8445,2.827%,2271.6,27.2,1.197%,
2021-09-01,81304,1431,8442,2.608%,2098.4,22.4,1.067%,
2021-08-31,81165,1429,8436,2.132%,1711.8,18.3,1.069%,
2021-08-30,81144,1430,8432,1.73%,1390.3,13.3,0.957%,
2021-08-29,81106,1430,8421,1.11%,893.5,6.4,0.716%,
2021-08-28,81101,1429,8412,1.817%,1458,15.8,1.084%,
2021-08-27,81085,1428,8405,2.135%,1712.2,18.6,1.086%,
2021-08-26,81072,1428,8401,1.875%,1504,16.4,1.09%,
2021-08-25,81054,1429,8399,1.611%,1293.2,12.4,0.959%,
2021-08-24,81056,1429,8395,1.489%,1197,10,0.835%,
2021-08-22,81032,1427,8387,1.604%,1286.2,13.9,1.081%,
2021-08-21,81032,1426,8383,1.872%,1499.7,17.6,1.174%,
2021-08-20,81023,1426,8379,2.141%,1711.5,23,1.344%,
2021-08-19,81023,1425,8374,2.843%,2277,26.2,1.151%,
2021-08-16,80982,1425,8362,2.376%,1905.7,18.3,0.96%,
2021-08-15,80914,1425,8346,1.446%,1157.7,12,1.037%,
2021-08-14,80890,1425,8337,1.91%,1508.7,35.9,2.38%,
2021-08-13,80869,1425,8330,1.972%,1560.1,34.6,2.218%,
2021-08-12,80603,1425,8325,1.934%,1544.6,14.4,0.932%,
2021-08-11,80582,1424,8321,1.987%,1588.7,12.8,0.806%,
2021-08-10,80576,1424,8318,1.9%,1518.4,12.5,0.823%,
2021-08-09,80572,1424,8314,1.542%,1233.6,8.5,0.689%,
2021-08-08,80559,1423,8303,0.883%,706.9,4.6,0.651%,
2021-08-07,80560,1423,8288,1.173%,939.7,5.2,0.553%,
2021-08-06,80552,1423,8282,1.789%,1426.2,15,1.052%,
2021-08-05,80517,1423,8273,2.134%,1699.3,19.3,1.136%,
2021-08-04,80458,1423,8267,1.896%,1511,14.2,0.94%,
2021-08-03,80463,1424,8263,1.685%,1344.2,11.5,0.856%,
2021-07-30,80494,1423,8246,1.477%,1176,12.6,1.071%,
2021-07-25,80396,1420,8224,1.294%,1021.3,18.7,1.831%,
2021-07-24,80393,1419,8220,1.556%,1229.1,21.8,1.774%,
2021-07-23,80405,1420,8217,1.553%,1227.2,21.1,1.719%,
2021-07-22,80402,1421,8214,1.528%,1214.1,14.1,1.161%,
2021-07-21,80407,1421,8211,1.407%,1120.1,11,0.982%,
2021-07-20,80409,1421,8207,1.452%,1158.9,9,0.777%,
2021-07-19,80388,1421,8204,1.253%,999.7,7.2,0.72%,
2021-07-18,80388,1421,8200,1.26%,1005.2,7.7,0.766%,
2021-07-17,80384,1421,8197,1.253%,999.4,7.6,0.76%,
2021-07-16,80402,1421,8194,1.299%,1036,8.8,0.849%,
2021-07-15,80405,1420,8190,1.373%,1089.8,13.9,1.275%,
2021-07-14,80413,1419,8187,1.395%,1108.2,13.7,1.236%,
2021-07-13,80428,1418,8184,1.508%,1189.5,23.1,1.942%,
2021-07-12,80420,1418,8181,1.532%,1205.6,26.1,2.165%,
2021-07-11,80422,1419,8177,1.564%,1231.2,26.4,2.144%,
2021-07-10,80416,1420,8174,1.675%,1320.8,25.9,1.961%,
2021-07-09,80420,1419,8171,1.747%,1381.2,23.6,1.709%,
2021-07-08,80424,1419,8168,1.564%,1244.4,13.1,1.053%,
2021-07-07,80422,1419,8165,1.522%,1210.4,13.7,1.132%,
2021-07-06,80417,1419,8161,1.607%,1274,18,1.413%,
2021-07-05,80404,1419,8158,1.579%,1250.4,19,1.52%,
2021-07-04,80398,1419,8156,1.524%,1206,19.1,1.584%,
2021-07-03,80372,1420,8152,1.819%,1427.4,34.9,2.445%,
2021-07-02,80363,1420,8148,1.93%,1509,42.4,2.81%,
2021-07-01,80369,1420,8143,2.143%,1676.4,45.6,2.72%,
2021-06-30,80356,1421,8140,2.041%,1596.3,43.4,2.719%,
2021-06-29,80339,1421,8138,1.899%,1491.5,34.5,2.313%,
2021-06-28,80332,1419,8135,1.779%,1401.6,27.3,1.948%,
2021-06-27,80297,1420,8130,1.219%,966.4,12.1,1.252%,
2021-06-26,80283,1420,8119,0.979%,778.1,7.6,0.977%,
2021-06-25,80273,1422,8109,1.471%,1166.2,14.9,1.278%,
2021-06-24,80248,1423,8102,1.683%,1330.6,19.7,1.481%,
2021-06-23,80222,1423,8097,1.526%,1203.5,20.6,1.712%,
2021-06-22,80203,1423,8093,1.548%,1223.4,17.9,1.463%,
2021-06-21,80182,1422,8088,1.42%,1124.3,14.1,1.254%,
2021-06-20,80175,1422,8084,1.225%,972.1,10.2,1.049%,
2021-06-19,80161,1422,8074,1.107%,882,5.1,0.578%,
2021-06-18,80134,1422,8058,1.247%,985.3,13.8,1.401%,
2021-06-17,80106,1422,8055,1.113%,880,11.6,1.318%,
2021-06-16,80092,1421,8052,1.539%,1215,17.3,1.424%,
2021-06-14,80066,1420,8046,1.761%,1395.3,14.8,1.061%,
2021-06-11,79964,1419,8033,1.892%,1498.9,14,0.934%,
2021-06-10,79918,1419,8031,2.244%,1760.9,32.6,1.851%,
2021-06-09,79908,1418,8027,2.271%,1780.9,34.1,1.915%,
2021-06-08,79880,1417,8022,1.98%,1554.7,27.1,1.743%,
2021-06-07,79878,1417,8020,1.745%,1369.9,24,1.752%,
2021-06-06,79864,1417,8015,1.337%,1055.1,12.4,1.175%,
2021-06-05,79841,1416,8005,1.343%,1060.5,11.5,1.084%,
2021-06-04,79818,1416,7997,1.966%,1552.4,16.6,1.069%,
2021-06-03,79803,1414,7991,2.456%,1936.2,23.6,1.219%,
2021-06-02,79735,1413,7987,2.343%,1845.6,22.8,1.235%,
2021-06-01,79703,1412,7984,2.337%,1839.9,23,1.25%,
2021-05-31,79683,1412,7981,2.011%,1582.4,19.7,1.245%,
2021-05-30,79646,1411,7978,1.574%,1237,16.9,1.366%,
2021-05-29,79595,1410,7969,1.032%,812.6,9.1,1.12%,
2021-05-28,79567,1410,7957,1.035%,817,6.6,0.808%,
2021-05-27,79565,1410,7948,1.117%,880.3,8.6,0.977%,
2021-05-26,79562,1410,7945,1.179%,929,9.1,0.98%,
2021-05-25,79560,1410,7943,1.246%,982.1,9.6,0.977%,
2021-05-24,79545,1409,7937,1.592%,1252,14.3,1.142%,
2021-05-23,79553,1409,7935,1.695%,1332.2,16.3,1.224%,
2021-05-22,79542,1407,7932,1.745%,1370.8,17.6,1.284%,
2021-05-21,79510,1406,7927,1.726%,1356.8,15.6,1.15%,
2021-05-20,79465,1406,7923,1.615%,1270,13.7,1.079%,
2021-05-19,79453,1406,7921,1.372%,1078.2,11.9,1.104%,
2021-05-18,79462,1405,7916,1.096%,864.4,6.6,0.764%,
2021-05-17,79465,1405,7912,1.061%,837.8,5,0.597%,
2021-05-16,79453,1403,7905,0.94%,742.6,4.3,0.579%,
2021-05-15,79445,1403,7893,1.388%,1095.3,7.5,0.685%,
2021-05-14,79445,1402,7884,2.25%,1767.8,19.8,1.12%,
2021-05-13,79430,1403,7881,2.135%,1675.5,20.6,1.229%,
2021-05-12,79426,1403,7878,2.084%,1635.1,20.2,1.235%,
2021-05-11,79428,1403,7876,2.085%,1635.3,20.8,1.272%,
2021-05-10,79407,1402,7872,2.185%,1714.4,20.7,1.207%,
2021-05-09,79387,1402,7869,2.132%,1673.5,19,1.135%,
2021-05-08,79282,1402,7866,1.902%,1493.9,14.2,0.951%,
2021-05-07,79275,1402,7863,1.855%,1457.1,13.5,0.926%,
2021-05-06,79271,1402,7860,1.879%,1475.6,13.9,0.942%,
2021-05-05,79270,1401,7857,1.776%,1394.5,13.2,0.947%,
2021-05-04,79241,1401,7853,1.665%,1307,12.6,0.964%,
2021-05-03,79206,1401,7849,1.325%,1040.3,9.2,0.884%,
2021-05-02,79185,1401,7838,1.217%,957.9,5.9,0.616%,
2021-05-01,79174,1399,7829,1.573%,1233.9,11.8,0.956%,
2021-04-30,79168,1398,7821,1.652%,1294.9,12.6,0.973%,
2021-04-28,79167,1398,7817,1.641%,1287.8,11.7,0.909%,
2021-04-27,79168,1398,7814,1.609%,1260.2,13.4,1.063%,
2021-04-26,79172,1397,7811,1.569%,1230.3,12.3,1%,
2021-04-25,79170,1396,7807,1.624%,1274.2,11.9,0.934%,
2021-04-24,79168,1396,7805,1.866%,1464.6,12.4,0.847%,
2021-04-23,79150,1395,7803,1.902%,1492.8,12.8,0.857%,
2021-04-22,79139,1395,7800,1.875%,1470.7,13,0.884%,
2021-04-21,79153,1389,7797,1.788%,1403.5,11.9,0.848%,
2021-04-20,79134,1388,7794,1.705%,1338.5,10.4,0.777%,
2021-04-19,79091,1389,7789,1.681%,1318.9,10.4,0.789%,
2021-04-18,79056,1389,7785,1.32%,1034.4,9.1,0.88%,
2021-04-17,79045,1388,7772,1.593%,1249.7,9.4,0.752%,
2021-04-16,79025,1388,7762,2.208%,1720.8,23.8,1.383%,
2021-04-15,79011,1387,7758,2.289%,1782.1,26.6,1.493%,
2021-04-14,79001,1387,7754,2.116%,1646.2,25.3,1.537%,
2021-04-13,79000,1387,7754,2.101%,1634.8,25.2,1.541%,
2021-04-12,78977,1386,7751,1.932%,1501.9,24.2,1.611%,
2021-04-11,78966,1386,7748,1.893%,1472,22.5,1.529%,
2021-04-10,78933,1385,7746,1.743%,1355.9,19.8,1.46%,
2021-04-09,78908,1385,7742,1.572%,1226.8,13.5,1.1%,
2021-04-07,78850,1384,7737,1.524%,1190.1,11.7,0.983%,
2021-04-06,78847,1384,7735,1.426%,1113.8,10.6,0.952%,
2021-04-05,78841,1381,7732,1.244%,972,9.1,0.936%,
2021-04-04,78825,1381,7727,1.174%,918.6,6.9,0.751%,
2021-04-03,78794,1382,7720,1.058%,830.6,2.9,0.349%,
2021-04-02,78781,1384,7712,1.191%,934.5,4,0.428%,
2021-04-01,78762,1383,7706,1.321%,1033.6,7,0.677%,
2021-03-31,78754,1383,7703,1.373%,1074.4,7.1,0.661%,
2021-03-30,78750,1383,7699,1.439%,1125.3,7.9,0.702%,
2021-03-29,78734,1382,7696,1.348%,1054.1,7.5,0.712%,
2021-03-28,78714,1383,7691,1.407%,1100.3,7.1,0.645%,
2021-03-27,78696,1383,7684,1.215%,949.8,6.6,0.695%,
2021-03-26,78659,1382,7675,1.131%,883.6,5.8,0.656%,
2021-03-25,78640,1381,7667,1.106%,864.4,5.7,0.659%,
2021-03-24,78638,1380,7663,1.133%,886.2,4.9,0.553%,
2021-03-23,78644,1378,7659,1.11%,868.1,4.9,0.564%,
2021-03-22,78623,1379,7655,1.27%,992.4,6.5,0.655%,
2021-03-20,78572,1379,7646,1.675%,1307.2,9,0.688%,
2021-03-18,78535,1380,7637,1.994%,1554.4,11.6,0.746%,
2021-03-17,78510,1380,7632,2.097%,1633.9,12.7,0.777%,
2021-03-16,78483,1378,7629,1.946%,1516.3,11.2,0.739%,
2021-03-15,78452,1382,7624,1.826%,1422.5,9.8,0.689%,
2021-03-14,78407,1382,7620,1.642%,1279,8.7,0.68%,
2021-03-13,78352,1382,7617,1.627%,1264.5,10.4,0.822%,
2021-03-12,78309,1382,7610,1.8%,1397.3,12.4,0.887%,
2021-03-11,78262,1382,7604,2.333%,1804.6,21.5,1.191%,
2021-03-10,78227,1376,7600,2.459%,1901.9,21.6,1.136%,
2021-03-09,78169,1377,7595,2.794%,2162.3,22.1,1.022%,
2021-03-08,78100,1377,7590,2.95%,2282.7,21.6,0.946%,
2021-03-07,78009,1377,7584,2.326%,1801.2,12.9,0.716%,
2021-03-06,77879,1377,7576,1.962%,1517,10.8,0.712%,
2021-03-05,77847,1378,7572,1.804%,1395,9.6,0.688%,
2021-03-04,77821,1377,7569,1.633%,1261.1,9.5,0.753%,
2021-03-03,77808,1374,7566,1.606%,1241.4,8.1,0.652%,
2021-03-02,77773,1373,7562,2.058%,1589.5,10.7,0.673%,
2021-03-01,77755,1373,7558,1.974%,1521.5,13,0.854%,
2021-02-28,77748,1373,7555,2.101%,1617,16.1,0.996%,
2021-02-27,77734,1373,7553,2.164%,1662.7,19.3,1.161%,
2021-02-26,77713,1373,7550,2.063%,1587.4,15.7,0.989%,
2021-02-25,77713,1373,7550,2.053%,1579.6,15.7,0.994%,
2021-02-24,77688,1372,7544,2.085%,1602.1,17.9,1.117%,
2021-02-21,77644,1371,7534,1.834%,1410.9,13.1,0.928%,
2021-02-20,77613,1371,7531,1.814%,1395.3,12.6,0.903%,
2021-02-19,77589,1371,7528,1.83%,1404.3,15.3,1.09%,
2021-02-18,77533,1371,7525,1.744%,1337.8,14.2,1.061%,
2021-02-17,77505,1369,7520,1.944%,1492.7,14,0.938%,
2021-02-16,77473,1369,7515,2.275%,1745.9,16.3,0.934%,
2021-02-15,77463,1369,7512,2.165%,1661.8,15.3,0.921%,
2021-02-14,77432,1372,7509,2.17%,1665.5,14.9,0.895%,
2021-02-13,77414,1373,7506,2.158%,1653.7,16.6,1.004%,
2021-02-12,77378,1373,7502,2.112%,1617.4,16.6,1.026%,
2021-02-11,77323,1373,7497,2.208%,1692.8,14.2,0.839%,
2021-02-10,77300,1375,7494,2.161%,1656.6,14.2,0.857%,
2021-02-09,77248,1375,7489,2.036%,1559.6,12.8,0.821%,
2021-02-08,77221,1375,7485,1.809%,1387.2,9.5,0.685%,
2021-02-07,77207,1374,7481,1.643%,1259.1,9.5,0.755%,
2021-02-06,77177,1373,7478,1.497%,1145.8,9.5,0.829%,
2021-02-05,77153,1374,7476,1.306%,999.6,8.1,0.81%,
2021-02-04,77149,1372,7471,1.364%,1044.6,7.5,0.718%,
2021-02-03,77163,1371,7468,1.387%,1063.2,6.7,0.63%,
2021-02-01,77155,1371,7464,1.417%,1086.2,7.3,0.672%,
2021-01-31,77149,1372,7460,1.414%,1084,7,0.646%,
2021-01-30,77151,1373,7457,1.361%,1043.8,6.6,0.632%,
2021-01-29,77147,1373,7453,1.33%,1019.8,6.3,0.618%,
2021-01-28,77132,1374,7449,1.315%,1007.6,6.8,0.675%,
2021-01-27,77128,1374,7446,1.285%,984.9,6.1,0.619%,
2021-01-26,77107,1373,7442,1.232%,943.6,6.5,0.689%,
2021-01-25,77083,1374,7438,1.114%,852.1,6.8,0.798%,
2021-01-24,77076,1373,7434,1.207%,922.9,7.6,0.823%,
2021-01-23,77089,1372,7428,1.334%,1020.7,7.9,0.774%,
2021-01-22,77083,1372,7423,1.494%,1143.2,8.2,0.717%,
2021-01-21,77029,1372,7420,1.587%,1213.9,8.2,0.676%,
2021-01-19,77048,1373,7416,1.773%,1355.5,10.5,0.775%,
2021-01-18,77063,1373,7411,1.694%,1296,9.6,0.741%,
2021-01-17,77051,1373,7406,1.734%,1324.7,11.3,0.853%,
2021-01-16,77049,1372,7402,1.675%,1279.4,11.3,0.883%,
2021-01-15,77051,1372,7402,1.642%,1253.8,11.3,0.901%,
2021-01-14,77050,1370,7398,1.531%,1168.9,11.1,0.95%,
2021-01-13,77052,1371,7394,1.636%,1248.8,11.6,0.929%,
2021-01-12,77044,1370,7391,1.623%,1237.3,12.8,1.035%,
2021-01-11,77052,1369,7388,1.62%,1237,10.9,0.881%,
2021-01-10,77035,1370,7385,1.453%,1110.3,9,0.811%,
2021-01-09,77047,1370,7380,1.675%,1281.3,9.4,0.734%,
2021-01-08,77055,1370,7377,1.628%,1246,8.7,0.698%,
2021-01-07,77044,1367,7374,1.659%,1269.7,8.5,0.669%,
2021-01-06,77036,1367,7370,1.948%,1490.8,9.5,0.637%,
2021-01-05,77025,1367,7367,1.953%,1494.7,9.5,0.636%,
2021-01-04,77019,1367,7362,1.737%,1328,9.5,0.715%,
2021-01-03,77013,1368,7358,1.779%,1360.4,9.8,0.72%,
2021-01-02,77022,1368,7358,1.766%,1350.1,9.8,0.726%,
2021-01-01,77008,1367,7355,1.683%,1287.2,8.8,0.684%,
2020-12-31,76994,1366,7350,1.493%,1142.5,7,0.613%,
2020-12-30,76981,1365,7347,1.509%,1151.6,9.8,0.851%,
2020-12-29,76971,1364,7344,1.491%,1135.1,12.8,1.128%,
2020-12-28,76962,1366,7340,1.452%,1105.1,12.5,1.131%,
2020-12-27,76905,1365,7337,1.506%,1143.9,14.4,1.259%,
2020-12-26,76903,1364,7335,1.491%,1131.9,14.5,1.281%,
2020-12-25,76889,1364,7332,1.489%,1130,14.7,1.301%,
2020-12-24,76868,1365,7328,1.572%,1195.9,12.2,1.02%,
2020-12-23,76857,1365,7325,1.591%,1213.3,9.2,0.758%,
2020-12-22,76846,1363,7320,1.588%,1210.8,9.4,0.776%,
2020-12-21,76837,1363,7316,1.637%,1249.9,8.2,0.656%,
2020-12-20,76824,1363,7312,1.914%,1461,9.2,0.63%,
2020-12-19,76824,1363,7312,1.92%,1465.5,9.3,0.635%,
2020-12-18,76799,1363,7308,1.943%,1482.7,9.4,0.634%,
2020-12-17,76783,1363,7305,2.342%,1787.1,10.8,0.604%,
2020-12-16,76755,1362,7301,2.585%,1968.6,15.6,0.792%,
2020-12-15,76726,1360,7297,2.639%,2006.1,19,0.947%,
2020-12-14,76696,1360,7293,2.434%,1847.2,19.8,1.072%,
2020-12-13,76691,1360,7292,2.375%,1801.2,20,1.11%,
2020-12-12,76654,1360,7289,2.22%,1680.2,21.3,1.268%,
2020-12-11,76623,1361,7286,1.988%,1502.5,20.8,1.384%,
2020-12-10,76586,1361,7282,2.08%,1570,22.7,1.446%,
2020-12-09,76553,1361,7278,1.83%,1382.5,18.5,1.338%,
2020-12-08,76532,1362,7274,1.905%,1435.5,22.7,1.581%,
2020-12-07,76513,1363,7270,2.042%,1536.8,25.4,1.653%,
2020-12-06,76499,1364,7266,2.078%,1560.6,29.3,1.877%,
2020-12-05,76484,1361,7264,2.094%,1569.3,32.1,2.045%,
2020-12-04,76480,1361,7259,2.273%,1705.4,33.1,1.941%,
2020-12-03,76446,1360,7256,2.193%,1646.8,30,1.822%,
2020-12-02,76421,1359,7251,2.343%,1763.2,27.7,1.571%,
2020-12-01,76373,1360,7248,2.387%,1799,24,1.334%,
2020-11-30,76334,1360,7243,2.45%,1850.7,19.6,1.059%,
2020-11-29,76353,1360,7238,2.549%,1928.5,17.6,0.913%,
2020-11-28,76348,1360,7235,2.668%,2013.7,22.9,1.137%,
2020-11-27,76333,1359,7232,3.012%,2275.3,23.6,1.037%,
2020-11-26,76300,1358,7229,2.825%,2133.5,22.1,1.036%,
2020-11-25,76280,1358,7224,2.735%,2065.6,20.5,0.992%,
2020-11-24,76240,1358,7219,2.535%,1914.8,17.9,0.935%,
2020-11-23,76235,1358,7219,2.461%,1859.4,16.9,0.909%,
2020-11-22,76145,1358,7215,1.896%,1434.5,9.2,0.641%,
2020-11-21,76092,1358,7202,1.755%,1326.6,8.9,0.671%,
2020-11-20,76035,1358,7188,2.309%,1739.9,16.1,0.925%,
2020-11-19,76028,1358,7188,2.338%,1760.3,16.9,0.96%,
2020-11-18,76011,1355,7184,2.377%,1790.7,16.4,0.916%,
2020-11-17,75992,1354,7180,2.171%,1635.4,14.6,0.893%,
2020-11-16,75971,1354,7175,1.91%,1440,11.1,0.771%,
2020-11-15,75932,1351,7171,1.693%,1277.1,8.8,0.689%,
2020-11-14,75876,1351,7161,1.887%,1418.4,13.7,0.966%,
2020-11-13,75851,1350,7154,2.298%,1713.8,29.5,1.721%,
2020-11-12,75823,1349,7148,2.276%,1694.2,31.6,1.865%,
2020-11-11,75790,1349,7144,2.133%,1586.5,30.4,1.916%,
2020-11-10,75749,1349,7139,2.009%,1496,25.5,1.705%,
2020-11-08,75491,1344,7127,1.595%,1195.7,8.5,0.711%,
2020-11-07,75479,1344,7118,1.523%,1140.7,9,0.789%,
2020-11-06,75439,1342,7108,1.556%,1160.4,13.7,1.181%,
2020-11-05,75415,1342,7098,1.711%,1276.6,13.7,1.073%,
2020-11-04,75405,1342,7094,1.792%,1337.5,13.9,1.039%,
2020-11-03,75398,1342,7092,1.849%,1380.2,13.9,1.007%,
2020-11-02,75381,1342,7089,1.828%,1363.7,14.6,1.071%,
2020-11-01,75374,1342,7086,1.777%,1320.7,18.5,1.401%,
2020-10-31,75379,1342,7082,1.858%,1381.4,19.4,1.404%,
2020-10-30,75370,1342,7078,1.832%,1361.3,19.7,1.447%,
2020-10-29,75355,1342,7074,1.831%,1363.1,16.7,1.225%,
2020-10-28,75334,1342,7070,1.833%,1365.6,15.2,1.113%,
2020-10-27,75331,1342,7067,1.693%,1262.9,12.2,0.966%,
2020-10-26,75317,1342,7063,1.53%,1142.8,9.6,0.84%,