Id;type;image;URL;Content;Timestamp;Views;Reach (Organic);Likes;Saved;Comments;Shares;Interactions;Engagement
"18026595770646215";"FEED_CAROUSEL_ALBUM";"https://scontent-lhr6-2.cdninstagram.com/v/t51.82787-15/704086540_18338979907301445_8439555272441486337_n.jpg?stp=dst-jpg_e35_tt6&_nc_cat=105&ccb=7-5&_nc_sid=18de74&efg=eyJlZmdfdGFnIjoiQ0FST1VTRUxfSVRFTS5iZXN0X2ltYWdlX3VybGdlbi5DMyJ9&_nc_ohc=xBaltohUi5sQ7kNvwH7HyWm&_nc_oc=Adr94lx7x1HTlgKa_ePcNMXfmQdjA5GDzeQlEnNkQ9-n_7vNZ3HeHFwsvSQFzmYXMqQ&_nc_zt=23&_nc_ht=scontent-lhr6-2.cdninstagram.com&edm=ANo9K5cEAAAA&_nc_gid=i9uo-_iIqfzdmG1DuvCr4w&_nc_tpa=Q5bMBQHhcUENnP2kHNe_zrOTLOkVoTajkaL6gzV_8I587EhwDnbsaBeh44GSpNdJyL7EaQutWDHAQ2-B2Q&oh=00_Af7j9KxcT8-sfAcYaF1Cltacy1ld9vjHO_BxW_gO52HLAg&oe=6A1A9F4A";"https://www.instagram.com/p/DYr5XEvAp2r/";"📊 QUALY TIME IS OVER. THESE ARE THE 4 POLEMANS FOR TOMORROW.

📸 @photo.bassie 
#MotoJunior #RoadtoMotoGP #MotoGP #Racing #Motorcycle";2026-05-23 17:16;"20680";"10070";"686";"13";"18";"28";745;"7.4"
"18073326218315484";"FEED_IMAGE";"https://scontent-lhr8-2.cdninstagram.com/v/t51.82787-15/704147269_18338942407301445_312167414714715743_n.jpg?stp=dst-jpg_e35_tt6&_nc_cat=101&ccb=7-5&_nc_sid=18de74&efg=eyJlZmdfdGFnIjoiRkVFRC5iZXN0X2ltYWdlX3VybGdlbi5DMyJ9&_nc_ohc=SwnigZ0okpUQ7kNvwEMbVcC&_nc_oc=AdqsWNDVkxxNr-nIWmHwMeTMaoWvMp-f6EACJ162Yk1dT09DZZfvfXA-KBu_bqhiUfE&_nc_zt=23&_nc_ht=scontent-lhr8-2.cdninstagram.com&edm=ANo9K5cEAAAA&_nc_gid=i9uo-_iIqfzdmG1DuvCr4w&_nc_tpa=Q5bMBQFRsKD4S3h6Xxv6I-pBK3-FrCYjkpOCAVZSA4HVRdAoFgWo6PFGHoSW9LkuBm0hka2DfBSCqBzFoA&oh=00_Af5WmJT9xYTF-BcqhmZRFplrDCNV1gDNFY6qUU8L6MYq0A&oe=6A1A9A5C";"https://www.instagram.com/p/DYrYC79gldz/";"📸 @photo.bassie 
📊 PR Results:
Moto3:
1. Cano | 2. Bujoisa | 3. Borg
+ Straight to Q2: Nikolis, Pugliese, Tinez, Abruzzo, Planques, González, Ramadhipa, Zanni, Singhapong, Mononyane, Da Costa

Moto4 Gr. A:
1. Borrelli | 2. Cubeles | 3. Tamburini

Moto4 Gr. B:
1. Pritelli | 2. Savino | 3. Lucas

Moto2:
1. Pawelec | 2. Mongiardo | 3. E. Fernández

Stock:
1. Trias | 2. Ruiz | 3. Orlandi

#MotoJunior #RoadtoMotoGP #MotoGP #Racing #Motorcycle";2026-05-23 12:25;"7641";"4451";"137";"3";"1";"6";147;"3.3"
"17952690162138535";"FEED_CAROUSEL_ALBUM";"https://scontent-lhr6-1.cdninstagram.com/v/t51.82787-15/704187987_18338840836301445_5200453984261260670_n.jpg?stp=dst-jpg_e35_tt6&_nc_cat=110&ccb=7-5&_nc_sid=18de74&efg=eyJlZmdfdGFnIjoiQ0FST1VTRUxfSVRFTS5iZXN0X2ltYWdlX3VybGdlbi5DMyJ9&_nc_ohc=VdW44eU-LO4Q7kNvwEymhtV&_nc_oc=Adqax4JCQeImRnX3j38PyHp3riJNZmJcZ8K2oYQ-_AEBP6u8Wi6PvdIM-i5qFagBJk0&_nc_zt=23&_nc_ht=scontent-lhr6-1.cdninstagram.com&edm=ANo9K5cEAAAA&_nc_gid=i9uo-_iIqfzdmG1DuvCr4w&_nc_tpa=Q5bMBQGcMTFHcMTmYth2Xt5NBaf30aj_MyJC1WKkpnRUido9j__uHlhoEL4kgZBdH36FGgMuafU47cmmFg&oh=00_Af6kNqX6Kih_-c5390itbda59mrLmmMperoXEGhgQL89Sg&oe=6A1AAF0B";"https://www.instagram.com/p/DYpnwk8AmlJ/";"🔥 The Moto3 rookies coming from the ETC got off to a pretty good start on Friday.

💨 In FP2, riders like Ramadhipa set the fastest sector times, while Bujosa clocked the fastest lap of the session.

📸: @mg.media_13 @photo.bassie 
#MotoJunior #RoadtoMotoGP #MotoGP #Racing #Motorcycle";2026-05-22 20:04;"23922";"12744";"618";"7";"2";"4";631;"4.95"
"18131237149585132";"FEED_CAROUSEL_ALBUM";"https://scontent-lhr6-1.cdninstagram.com/v/t51.82787-15/702930004_18338817214301445_1659402086030097010_n.jpg?stp=dst-jpg_e35_tt6&_nc_cat=109&ccb=7-5&_nc_sid=18de74&efg=eyJlZmdfdGFnIjoiQ0FST1VTRUxfSVRFTS5iZXN0X2ltYWdlX3VybGdlbi5DMyJ9&_nc_ohc=gd7XxRIbBHAQ7kNvwEoyd6u&_nc_oc=AdqHPaVaGoaIBK7IMk-4Z7i1k5s0hHw0PgcXbTfraWp8dJVjYiXfe5Lf1u920K49nPs&_nc_zt=23&_nc_ht=scontent-lhr6-1.cdninstagram.com&edm=ANo9K5cEAAAA&_nc_gid=i9uo-_iIqfzdmG1DuvCr4w&_nc_tpa=Q5bMBQGKGK8ejt5Qoj9EaHt-CW7a1bmSp5KXqai8OeUFHByqeAJKeXaUjxrG9wnPcDI70KSOpVqfN4Gz-Q&oh=00_Af6AximgcL_zshK65erpFYE7lCI79ckdIbVCZ_6GEP840w&oe=6A1A997B";"https://www.instagram.com/p/DYpUxfWgs2m/";"📸: @photo.bassie
📊 FP2 Results:
Moto3:
1. Bujosa | 2. Daniel Jr | 3. Nikolis

Moto4 Gr. A:
1. Rodríguez | 2. Cubeles | 3. Bunprawes

Moto4 Gr. B:
1. Pritelli | 2. Marulanda | 3. Daquigan

Moto2:
1. Mongiardo | 2. Orradre | 3. Foggia

Stock:
1. Trias | 2. Ruiz | 3. Kecskes

#MotoJunior #RoadtoMotoGP #MotoGP #Racing #Motorcycle";2026-05-22 17:18;"7973";"4165";"204";"2";;"4";210;"5.04"
"18563147830067460";"FEED_IMAGE";"https://scontent-lhr6-2.cdninstagram.com/v/t51.82787-15/703896407_18338782279301445_1543159575915926005_n.jpg?stp=dst-jpg_e35_tt6&_nc_cat=100&ccb=7-5&_nc_sid=18de74&efg=eyJlZmdfdGFnIjoiRkVFRC5iZXN0X2ltYWdlX3VybGdlbi5DMyJ9&_nc_ohc=Fx-2_czkdScQ7kNvwGE4D6r&_nc_oc=AdrnmukbUss2v0BqORk2fpVKFEIah9xDt3lDLj6iKgvdB4MwQZashEMf6vYGPXrRH6A&_nc_zt=23&_nc_ht=scontent-lhr6-2.cdninstagram.com&edm=ANo9K5cEAAAA&_nc_gid=i9uo-_iIqfzdmG1DuvCr4w&_nc_tpa=Q5bMBQFHXCoDgJn0onBaqF4aekrcjP6nLXenHkDcNyIMc06mspwtxtZtfKbpqm8rDiL0Yg7NzFX-cVhQCg&oh=00_Af7NeglJ5AQk4_2oC1G5uDFFcmGN_iFCzjRFAHMhN3JOqQ&oe=6A1A9CCC";"https://www.instagram.com/p/DYo15ssgn8H/";"📸: @photo.bassie 
📊 FP1 Results:
Moto3:
1. Zanni | 2. Borg | 3. Bujosa

Moto4 Gr. A:
1. Galán | 2. Borelli | 3. Irfan

Moto4 Gr. B:
1. Daquigan | 2. Pritelli |3. Di Veroli

Moto2:
1. Fernández | 2. Foggia | 3. Palomera

Stock:
1. Trias | 2. Kecskes | 3. Hinojosa

#MotoJunior #RoadtoMotoGP #MotoGP #Racing #Motorcycle";2026-05-22 12:48;"16556";"9195";"484";"13";"1";"8";506;"5.5"
"18053297711737999";"FEED_CAROUSEL_ALBUM";"https://scontent-lhr6-2.cdninstagram.com/v/t51.82787-15/686879107_18338761309301445_4215747366580952219_n.jpg?stp=dst-jpg_e35_tt6&_nc_cat=100&ccb=7-5&_nc_sid=18de74&efg=eyJlZmdfdGFnIjoiQ0FST1VTRUxfSVRFTS5iZXN0X2ltYWdlX3VybGdlbi5DMyJ9&_nc_ohc=0skjNcIh4eYQ7kNvwHaVqZb&_nc_oc=AdpsTnKidkTAe1d_lI-8664frGVtBunEAKUWU8IdPCJMvB9tprPPkFwT90PPTHkO_Wo&_nc_zt=23&_nc_ht=scontent-lhr6-2.cdninstagram.com&edm=ANo9K5cEAAAA&_nc_gid=i9uo-_iIqfzdmG1DuvCr4w&_nc_tpa=Q5bMBQGdfLnRNBnwf34w3KJZ1In-HBrBlCgmxHdsRWegEA_ySQpGTM99kb_k_j99X3DttQNL7-2loMPr5A&oh=00_Af7-B3S2PnwtTbxHnrhLDgQWAPpjWpPUBad1vaRT5k9u7A&oe=6A1AC442";"https://www.instagram.com/p/DYofnWfAr8z/";"🏍️ The FIM MotoJunior World Championship has produced some of the greatest riders.

👆Swipe to see the evolution of a few of them.

#MotoJunior #RoadtoMotoGP #MotoGP #Racing #Motorcycle";2026-05-22 09:34;"55629";"31083";"3189";"200";"19";"169";3577;"11.51"
"18592385641014438";"FEED_IMAGE";"https://scontent-lhr8-2.cdninstagram.com/v/t51.82787-15/702968496_18338666581301445_6681526437551334488_n.jpg?stp=dst-jpg_e35_tt6&_nc_cat=101&ccb=7-5&_nc_sid=18de74&efg=eyJlZmdfdGFnIjoiRkVFRC5iZXN0X2ltYWdlX3VybGdlbi5DMyJ9&_nc_ohc=CxfN4lPCtr8Q7kNvwGrIgRl&_nc_oc=AdoS7TPKqG77gGBwLkkUHtDpZ5oQTwjQJ61fjt9dDhr7ImHQdb91I6xfSC8DUKJC404&_nc_zt=23&_nc_ht=scontent-lhr8-2.cdninstagram.com&edm=ANo9K5cEAAAA&_nc_gid=i9uo-_iIqfzdmG1DuvCr4w&_nc_tpa=Q5bMBQE1TT8mS8dr2ZwBN2bazy7-hcwCnJnuxBXW7_WYdxQ58rRrPGWbLsjRqa2bwe71bTdQbKZeiki7wQ&oh=00_Af7IWQ-puhZBzvZNozz-qWwh2rTWzzGIBrhZOuXPFkYwlw&oe=6A1ACC69";"https://www.instagram.com/p/DYmyoqCAr_K/";"🤩 This week marks the start of the former Junior GP, now known as the FIM MotoJunior World Championship.

😜 The Moto3 class has produced some great champions who might sound familiar to some of you.

#MotoJunior #RoadtoMotoGP #MotoGP #Racing #Motorcycle";2026-05-21 17:41;"79612";"47814";"3130";"142";"48";"91";3411;"7.13"
"17935356696257608";"FEED_IMAGE";"https://scontent-lhr8-2.cdninstagram.com/v/t51.82787-15/703935737_18338650150301445_833481944056405458_n.jpg?stp=dst-jpg_e35_tt6&_nc_cat=101&ccb=7-5&_nc_sid=18de74&efg=eyJlZmdfdGFnIjoiRkVFRC5iZXN0X2ltYWdlX3VybGdlbi5DMyJ9&_nc_ohc=4YxWD3arUWkQ7kNvwGiMBwO&_nc_oc=Adrogl7dnBKMv64pdhMDrKZfw2w7oNGUV3QIcAnScBiwXx2NmW5IZ5VnWTsNUf6rzSg&_nc_zt=23&_nc_ht=scontent-lhr8-2.cdninstagram.com&edm=ANo9K5cEAAAA&_nc_gid=i9uo-_iIqfzdmG1DuvCr4w&_nc_tpa=Q5bMBQFp93IwqjHCEGJPTEYsTvHqZTojEtRb_lFtW2dAIfl2Zj2H6Og_mZWhLyEGd1GIYgM3m4cZaNNrcQ&oh=00_Af7QSumH6fiE_KOmv5XI5UcZOHN2Vu1ZbuD-c2HjNqAB5w&oe=6A1AA702";"https://www.instagram.com/p/DYmmMw8Allr/";"🚨 According to Motorsport.com, Monster will be the new title sponsor of Aprilia’s factory team with immediate effect from the Italian Grand Prix.

🤔 This situation raises other issues, such as Jorge Martín’s contract with Red Bull, which he may be forced to renounce temporarily, as Márquez did last year.

#MotoGP #CatalanGP #Barcelona #motorcycle #racing";2026-05-21 15:53;"190728";"125784";"10744";"333";"47";"974";12098;"9.62"
"18046057685607974";"FEED_IMAGE";"https://scontent-lhr6-1.cdninstagram.com/v/t51.82787-15/702620882_18338622172301445_2785034498643312927_n.jpg?stp=dst-jpg_e35_tt6&_nc_cat=109&ccb=7-5&_nc_sid=18de74&efg=eyJlZmdfdGFnIjoiRkVFRC5iZXN0X2ltYWdlX3VybGdlbi5DMyJ9&_nc_ohc=ICyz_6QVpUYQ7kNvwGk9aAu&_nc_oc=Adq6yFLnS7LdPFWGaTI81ziIzI30q6D9osM9a0QmuT4d1Gg-GMNbql0JZDpvr29aEZo&_nc_zt=23&_nc_ht=scontent-lhr6-1.cdninstagram.com&edm=ANo9K5cEAAAA&_nc_gid=i9uo-_iIqfzdmG1DuvCr4w&_nc_tpa=Q5bMBQEWs69F_SUaP_Z5RD8U5irWALbzHcC9n6xwxmSCE_iDe42ZAHT4ZsQCHvCjN7p8hq8WFnQ0whkzvQ&oh=00_Af7ysWL5T9a9f_4X6K6hc037icBeXVElbvEBaB58LnGNrQ&oe=6A1AAE38";"https://www.instagram.com/p/DYmIZ-Jije5/";"🚨 According to Manuel Pecino, KTM reportedly told Binder after the Catalan GP that they were not counting on him for next season.

📰 Although other media outlets are placing him at Tech3, Pecino commented that he is more likely to end up in SBK than any other place.

📸 Rob Gray (Polarity Photo)
#MotoGP #CatalanGP #Barcelona #motorcycle #racing";2026-05-21 11:36;"47163";"28821";"2040";"77";"69";"485";2671;"9.27"
"17863284828686719";"FEED_IMAGE";"https://scontent-lhr6-1.cdninstagram.com/v/t51.82787-15/702812002_18338522761301445_7352169172078187492_n.jpg?stp=dst-jpg_e35_tt6&_nc_cat=102&ccb=7-5&_nc_sid=18de74&efg=eyJlZmdfdGFnIjoiRkVFRC5iZXN0X2ltYWdlX3VybGdlbi5DMyJ9&_nc_ohc=gXkywXj1Gk8Q7kNvwGQYgN6&_nc_oc=AdrrK4mCoPYqqU9hKusAQWodZJRRBVXjLWCnhuZ1GUBBA0IRvBN2JPDg8RP69INLW7s&_nc_zt=23&_nc_ht=scontent-lhr6-1.cdninstagram.com&edm=ANo9K5cEAAAA&_nc_gid=i9uo-_iIqfzdmG1DuvCr4w&_nc_tpa=Q5bMBQEcUFyVr-rYnZJHhYvBtAbo0pgqB9EaEeGOlSVecQLdZgT21HMG-39-jqkV0gpuMehYHx2if_AWAg&oh=00_Af5SI2H-M5cZyxgN_xfWW98B5U4PIGLwy730pLbBMa2unA&oe=6A1AA64D";"https://www.instagram.com/p/DYkaKm1Ai0k/";"‼️ According to Motorsport.com, MotoGP is reportedly considering the option of reducing each rider’s number of bikes from two to just one for next season – a model already used, for example, in the Formula 1 World Championship.

🤔 Do you agree with this decision?

📸 Nur Photo
#MotoGP #CatalanGP #Barcelona #motorcycle #racing";2026-05-20 19:29;"54799";"32068";"2176";"104";"178";"414";2872;"8.96"
"18067828748354009";"FEED_CAROUSEL_ALBUM";"https://scontent-lhr6-1.cdninstagram.com/v/t51.82787-15/703131652_18338495767301445_2976572747352332790_n.jpg?stp=dst-jpg_e35_tt6&_nc_cat=109&ccb=7-5&_nc_sid=18de74&efg=eyJlZmdfdGFnIjoiQ0FST1VTRUxfSVRFTS5iZXN0X2ltYWdlX3VybGdlbi5DMyJ9&_nc_ohc=_l6A2bO3JBAQ7kNvwGPNTAt&_nc_oc=AdoTJobzUvHRVxuO6a6vhoV2yRTGBlJAqVINU1uOGvsg3Cp0ugnsn5Y2KJzDLCxlTmg&_nc_zt=23&_nc_ht=scontent-lhr6-1.cdninstagram.com&edm=ANo9K5cEAAAA&_nc_gid=i9uo-_iIqfzdmG1DuvCr4w&_nc_tpa=Q5bMBQFSvad1WV531BoeKn_di2HFcCFCosqoSROV6VSFv41jFYhbTD7TZGhMbkWFOOnpoRlIZ2NrQ_BE8w&oh=00_Af7Xr1ZBojYUekNiw4BNu_HvWbDPsqOtqKD5n2a9TZ7wvA&oe=6A1ACC38";"https://www.instagram.com/p/DYkERYlgqhH/";"R6 / MotoGP RANKINGS Catalan GP 🇪🇸

@deltadata 🤝 @overtake.gp

📸 @ktmfactoryracing | @yamahamotogp 
#MotoGP #CatalanGP #Barcelona #motorcycle #racing";2026-05-20 16:18;"24930";"12705";"1503";"33";"27";"38";1601;"12.6"
"18093996005228448";"FEED_IMAGE";"https://scontent-lhr8-2.cdninstagram.com/v/t51.82787-15/703181742_18338480398301445_1922831452796361069_n.jpg?stp=dst-jpg_e35_tt6&_nc_cat=106&ccb=7-5&_nc_sid=18de74&efg=eyJlZmdfdGFnIjoiRkVFRC5iZXN0X2ltYWdlX3VybGdlbi5DMyJ9&_nc_ohc=oScKV7PFaOAQ7kNvwGi5tts&_nc_oc=AdpJBuLvh2uuC0htWzRwIXhIXKZF6V0WPbwRE_3fw6zAiblVvbHZgUHvdbzcPrA8oC8&_nc_zt=23&_nc_ht=scontent-lhr8-2.cdninstagram.com&edm=ANo9K5cEAAAA&_nc_gid=i9uo-_iIqfzdmG1DuvCr4w&_nc_tpa=Q5bMBQEMBV4Z67bDrfbUFnvyUtrz-BEJ9Z43msNezT7ROSHDJVfxSBcVBp98x6sKj2UMCsiDA443mOjMSw&oh=00_Af45erN5BwheuQZM0n1BlD3rAEea9SQLF6-u_vXII-Id6A&oe=6A1A9949";"https://www.instagram.com/p/DYj01rpC5RT/";"📊 MotoGP - Manufacturer performance Post-Montmeló

🤝 @deltadata 

@michelinmotorsport 
#MotoGP #CatalanGP #Barcelona #motorcycle #racing";2026-05-20 14:14;"40937";"25470";"1732";"52";"18";"47";1849;"7.26"
"18102839074819544";"FEED_IMAGE";"https://scontent-lhr8-1.cdninstagram.com/v/t51.82787-15/702213034_18338348662301445_3130268485540217898_n.jpg?stp=dst-jpg_e35_tt6&_nc_cat=111&ccb=7-5&_nc_sid=18de74&efg=eyJlZmdfdGFnIjoiRkVFRC5iZXN0X2ltYWdlX3VybGdlbi5DMyJ9&_nc_ohc=mcomzY6NWjYQ7kNvwHboa2r&_nc_oc=AdoQ7L_is5aJfTjtoQiGVDaWmk9W3ydBkMcTVwLuV7-GW9qsL85R-vLACItkSaXaEP0&_nc_zt=23&_nc_ht=scontent-lhr8-1.cdninstagram.com&edm=ANo9K5cEAAAA&_nc_gid=i9uo-_iIqfzdmG1DuvCr4w&_nc_tpa=Q5bMBQHAEKshh2xskAcsWSpn_HFyXZ5FPSvAjSoY_Ido0ioATFgYxunyayFlTS8YhmWLP_nBWMGdZsiEdA&oh=00_Af4vzbDHl82HqDz5-G938Z-ROSMUX1SznZqKqOgozC6OnA&oe=6A1AA915";"https://www.instagram.com/p/DYhjrp7ApNG/";"STANDINGS AFTER ROUND 6

#MotoGP #CatalanGP #Barcelona #motorcycle #racing";2026-05-19 16:54;"37093";"24032";"2151";"57";"7";"56";2271;"9.45"
"18099206018040187";"FEED_CAROUSEL_ALBUM";"https://scontent-lhr6-1.cdninstagram.com/v/t51.82787-15/684746120_18338328136301445_1171018486689777851_n.jpg?stp=dst-jpg_e35_tt6&_nc_cat=110&ccb=7-5&_nc_sid=18de74&efg=eyJlZmdfdGFnIjoiQ0FST1VTRUxfSVRFTS5iZXN0X2ltYWdlX3VybGdlbi5DMyJ9&_nc_ohc=JKsJVIoQ2poQ7kNvwHDDOnd&_nc_oc=AdraaaB01JGf9o93BqjRUTcjctA89nCdbozw-tCIOGICmpgt_7ycNDowXwQgeHfwFOc&_nc_zt=23&_nc_ht=scontent-lhr6-1.cdninstagram.com&edm=ANo9K5cEAAAA&_nc_gid=i9uo-_iIqfzdmG1DuvCr4w&_nc_tpa=Q5bMBQHVgtc4UG38HN3BoKwSHeh749LMp9fXPBiUKEaT-jpJNWRDunt5aKbbGXdcaYJ4R7mIzmsjsLF5bA&oh=00_Af6XqB0h8nXELsxyXzIgngiwBIt4TTttzsDII3dAyx6FmA&oe=6A1AAEEE";"https://www.instagram.com/p/DYhP5YyAvLz/";"CHAPTER V / RISE

📸: @overtake.gp 
#MotoGP #CatalanGP";2026-05-19 14:02;"5197";"2573";"189";"6";"1";"5";201;"7.81"
"18069034307338473";"FEED_CAROUSEL_ALBUM";"https://scontent-lhr8-2.cdninstagram.com/v/t51.82787-15/671846005_18338221663301445_7842536257233206186_n.jpg?stp=dst-jpg_e35_tt6&_nc_cat=106&ccb=7-5&_nc_sid=18de74&efg=eyJlZmdfdGFnIjoiQ0FST1VTRUxfSVRFTS5iZXN0X2ltYWdlX3VybGdlbi5DMyJ9&_nc_ohc=-YAUAb2tGsIQ7kNvwEdz39t&_nc_oc=Adp2Ju-iM8l--qkv6Kg-1qQszEITrpUIb3dbWG4YHBPeOsb8FDVIIeGbDeSP4VVKmcw&_nc_zt=23&_nc_ht=scontent-lhr8-2.cdninstagram.com&edm=ANo9K5cEAAAA&_nc_gid=i9uo-_iIqfzdmG1DuvCr4w&_nc_tpa=Q5bMBQETjg0PbmpcSa2E6P15Zh9HMsHDE7iLLaNvLuJPSQNBc8k9C7L42RBlHfaerK0FCMlgBoyCEMIaiw&oh=00_Af5oga8Yn5oupI6LvO9gRChj_ueVTSLDhIM1hN_zXDXlLA&oe=6A1A9857";"https://www.instagram.com/p/DYfUIMuAsmu/";"CHAPTER IV / CHAOS

📸: @overtake.gp 
#MotoGP #CatalanGP";2026-05-18 20:00;"12240";"6297";"354";"11";"1";"6";372;"5.91"
"18051491954510630";"FEED_CAROUSEL_ALBUM";"https://scontent-lhr6-2.cdninstagram.com/v/t51.82787-15/682945603_18338178547301445_8527292617142040588_n.jpg?stp=dst-jpg_e35_tt6&_nc_cat=105&ccb=7-5&_nc_sid=18de74&efg=eyJlZmdfdGFnIjoiQ0FST1VTRUxfSVRFTS5iZXN0X2ltYWdlX3VybGdlbi5DMyJ9&_nc_ohc=MXN7VhxR0KwQ7kNvwEwUE2T&_nc_oc=AdpdZG7GoRqbrYpF_9yg_t9NveeC3upE-Znuz3ONPz-F6XBQgJNwkzp0f6OvWNSdkmA&_nc_zt=23&_nc_ht=scontent-lhr6-2.cdninstagram.com&edm=ANo9K5cEAAAA&_nc_gid=i9uo-_iIqfzdmG1DuvCr4w&_nc_tpa=Q5bMBQFPDSRtLZsmBOr5YdXFE9CgChpK3rdWAW5v65xTXGFeRt-yVThPcxqK4T1YZAHeAycioBced_wBcA&oh=00_Af6fGpu1m5XxqaaBugcwn4lPm8NGFA7UL7mMTlD8nEPa-g&oe=6A1A9997";"https://www.instagram.com/p/DYewzAnAumG/";"CHAPTER III / BORN TO WIN

📸: @overtake.gp 
#MotoGP #manugasss #18";2026-05-18 14:51;"9602";"4505";"504";"13";"5";"8";530;"11.76"
"18109382350907498";"FEED_IMAGE";"https://scontent-lhr6-1.cdninstagram.com/v/t51.82787-15/670171100_18338030839301445_2460217474071363545_n.jpg?stp=dst-jpg_e35_tt6&_nc_cat=102&ccb=7-5&_nc_sid=18de74&efg=eyJlZmdfdGFnIjoiRkVFRC5iZXN0X2ltYWdlX3VybGdlbi5DMyJ9&_nc_ohc=uHeGfX0VKuoQ7kNvwGUvSi1&_nc_oc=AdqN_Al3KWx2B0Iea9hMWR1Mj-UwrphnHOB30LcneaDJyUHx9HNYM0E3QnkngzCLasQ&_nc_zt=23&_nc_ht=scontent-lhr6-1.cdninstagram.com&edm=ANo9K5cEAAAA&_nc_gid=i9uo-_iIqfzdmG1DuvCr4w&_nc_tpa=Q5bMBQE_Scn2TNxaA9n-clDj1MWlWOYjZXGg9hbj4J4o0iZ0wy9I0VrykRlp95BwOmAMwYD3UiXk0qi3Eg&oh=00_Af4-Ae4_mDUY8kXqt8LvXZnogAeNnWYgaSxa-4qYGoIjhQ&oe=6A1AB2DF";"https://www.instagram.com/p/DYcQ6myiJxF/";"Diggia wins the Catalan GP!

#MotoGP #CatalanGP";2026-05-17 15:36;"7640";"5300";"492";"9";"9";"36";546;"10.3"
"18081321149533680";"FEED_IMAGE";"https://scontent-lhr6-1.cdninstagram.com/v/t51.82787-15/702213439_18337872883301445_993781382016538826_n.jpg?stp=dst-jpg_e35_tt6&_nc_cat=102&ccb=7-5&_nc_sid=18de74&efg=eyJlZmdfdGFnIjoiRkVFRC5iZXN0X2ltYWdlX3VybGdlbi5DMyJ9&_nc_ohc=4a7UDQtSJYsQ7kNvwFWALVM&_nc_oc=AdoPrUZA005IICRGIoMmITpE0tTPIpNkji0F50aEQnSnqLwfdJaPuj4pYpeJM4ZSHCA&_nc_zt=23&_nc_ht=scontent-lhr6-1.cdninstagram.com&edm=ANo9K5cEAAAA&_nc_gid=i9uo-_iIqfzdmG1DuvCr4w&_nc_tpa=Q5bMBQG3fk2ye1sNYk5G5ibg57m2X2L5Ke2SKIZg5zoR3kTWYNMQk1qmLq6R0C5R65uQDgU-JZeIx0LTOg&oh=00_Af6YwqcgIdZHV4-XjGn2tMGvQRoMbAfSI0x8jHpj-okXvw&oe=6A1ACED2";"https://www.instagram.com/p/DYZq8QuixNW/";"Alex Márquez wins the sprint!

#MotoGP #CatalanGP #Barcelona #motorcycle #racing";2026-05-16 15:24;"3935";"2354";"244";"1";"1";"4";250;"10.62"
"18090422504591062";"FEED_IMAGE";"https://scontent-lhr8-2.cdninstagram.com/v/t51.82787-15/670779697_18337845166301445_7630890541246865110_n.jpg?stp=dst-jpg_e35_tt6&_nc_cat=106&ccb=7-5&_nc_sid=18de74&efg=eyJlZmdfdGFnIjoiRkVFRC5iZXN0X2ltYWdlX3VybGdlbi5DMyJ9&_nc_ohc=tfjJBsUzfWkQ7kNvwH-85Rg&_nc_oc=AdryVl1FbdOnzYprHG_2WDef4G-da9pdj_tEZHmH6i4r5iYzSEqbEAePml4UoWdMGTM&_nc_zt=23&_nc_ht=scontent-lhr8-2.cdninstagram.com&edm=ANo9K5cEAAAA&_nc_gid=i9uo-_iIqfzdmG1DuvCr4w&_nc_tpa=Q5bMBQFHYp38ddheENXIr5dM3-GGbRI-r1zCsaTKzLLQciupN7L7-2PMaLMPBXnGMuMSpLVicI9jebkFCw&oh=00_Af4r9P5YoBEP1_r10aQ-ulFSVC_1Jj9EhIjnKqqgPCguiw&oe=6A1AA19C";"https://www.instagram.com/p/DYZQUdzCCfq/";"Pedro Acosta is your poleman!

#MotoGP #CatalanGP #Barcelona #motorcycle #racing";2026-05-16 11:31;"5959";"3751";"327";"6";"1";"6";340;"9.06"
"18188345851374740";"FEED_IMAGE";"https://scontent-lhr8-2.cdninstagram.com/v/t51.82787-15/698783432_18337751275301445_768242465159381365_n.jpg?stp=dst-jpg_e35_tt6&_nc_cat=106&ccb=7-5&_nc_sid=18de74&efg=eyJlZmdfdGFnIjoiRkVFRC5iZXN0X2ltYWdlX3VybGdlbi5DMyJ9&_nc_ohc=4z26GNg3n3sQ7kNvwHcdotn&_nc_oc=Adpb_i5Xu2rxjaSsjqndefTbXoFW8jPKUBDV57RpQl-o8LPwfNw4UnFoaxgvykcOIiw&_nc_zt=23&_nc_ht=scontent-lhr8-2.cdninstagram.com&edm=ANo9K5cEAAAA&_nc_gid=i9uo-_iIqfzdmG1DuvCr4w&_nc_tpa=Q5bMBQHDFhPoOHp2lRB_EY1PhkTxgeSOs-YoIKS-H8wOfm_JyprZfdMYUWFvwh0CK720fi4omrzK7ScOKw&oh=00_Af7Yx1HaxySrdyO9nOOMK07wDgOmLNzNgXSnOtfnCVmOtA&oe=6A1AB20D";"https://www.instagram.com/p/DYXh2adgkCC/";"🚨 Izan Guevara is set to make the jump to MotoGP with Pramac.

📈 His strong performance at the end of last season and the start of this one is said to have convinced Yamaha to promote him to the premier class.

#MotoGP #CatalanGP #Barcelona #motorcycle #racing";2026-05-15 19:26;"57800";"38983";"3393";"93";"40";"368";3894;"9.99"
"17859208983651209";"FEED_IMAGE";"https://scontent-lhr6-1.cdninstagram.com/v/t51.82787-15/701960251_18337729735301445_88603567994300681_n.jpg?stp=dst-jpg_e35_tt6&_nc_cat=102&ccb=7-5&_nc_sid=18de74&efg=eyJlZmdfdGFnIjoiRkVFRC5iZXN0X2ltYWdlX3VybGdlbi5DMyJ9&_nc_ohc=EEYATyZUGhkQ7kNvwGWAweW&_nc_oc=AdqcJxDGICmfHxOQibaKQjg2NJAnrJOYmOl5GhzXtiG8yxqcNFlWQ2xuMWIuS10lhwU&_nc_zt=23&_nc_ht=scontent-lhr6-1.cdninstagram.com&edm=ANo9K5cEAAAA&_nc_gid=i9uo-_iIqfzdmG1DuvCr4w&_nc_tpa=Q5bMBQGNXkFeyBMT4jL7bbLclAgTC7rEpfEW5mGk42AXDmkf3cA8q9f6U1cRCb9SjVC7o46Yu-JE89Oxlg&oh=00_Af7mIntBQAWl6BTEFbZRCtKhmBToER8l9SxNuCP_6SG4rw&oe=6A1AC38F";"https://www.instagram.com/p/DYXPnfAgmAm/";"🚨 Joan Mir is reportedly heading to Gresini.

🗣️ As confirmed by several media outlets, the ‘36’ will attempt to recreate a Márquez-Gresini 2.0 after four years with the Japanese manufacturer, where crashes have been the defining feature of this chapter in the 2020 MotoGP champion’s career.

#MotoGP #CatalanGP #Barcelona #motorcycle #racing";2026-05-15 16:47;"85343";"62060";"6978";"183";"104";"1083";8348;"13.45"
"18313091824262986";"FEED_IMAGE";"https://scontent-lhr8-2.cdninstagram.com/v/t51.82787-15/700124668_18337723765301445_5126787868817289709_n.jpg?stp=dst-jpg_e35_tt6&_nc_cat=101&ccb=7-5&_nc_sid=18de74&efg=eyJlZmdfdGFnIjoiRkVFRC5iZXN0X2ltYWdlX3VybGdlbi5DMyJ9&_nc_ohc=Eqdt7E0-HjYQ7kNvwElwu8B&_nc_oc=AdpgiZoJkusXJluROovoc-tKsB_1CkiY-Qg6KUJhogyARlcyJUzXymi_H6quBo-jAHE&_nc_zt=23&_nc_ht=scontent-lhr8-2.cdninstagram.com&edm=ANo9K5cEAAAA&_nc_gid=i9uo-_iIqfzdmG1DuvCr4w&_nc_tpa=Q5bMBQF6mL8nw27FrMOYWypFyBkFagdp6QEeCC9_mV8d9KoZbBfyCzxoPGEeOXCwc3x-6h2N1SdcVkrecA&oh=00_Af7YQMLZFy-aDRW23c6YLkll6CAlUxaFfk1k720--SxUIw&oe=6A1AB732";"https://www.instagram.com/p/DYXK4x4Avh-/";"🦈 Acosta leads the PR.

📸 @ktmfactoryracing 
#MotoGP #CatalanGP #Barcelona #motorcycle #racing";2026-05-15 16:05;"14532";"8768";"677";"15";"14";"87";793;"9.04"
"17927951010278186";"FEED_IMAGE";"https://scontent-lhr6-1.cdninstagram.com/v/t51.82787-15/696255414_18337573546301445_6362014856563169140_n.jpg?stp=dst-jpg_e35_tt6&_nc_cat=110&ccb=7-5&_nc_sid=18de74&efg=eyJlZmdfdGFnIjoiRkVFRC5iZXN0X2ltYWdlX3VybGdlbi5DMyJ9&_nc_ohc=6qZy_eZnRRwQ7kNvwFtx0Lc&_nc_oc=AdqJsAOmQROMURCxGfCtYFcbVtFhyGWBbh-wtVyTJdZK8cCx5_eLat0KAU_L_BL_1cc&_nc_zt=23&_nc_ht=scontent-lhr6-1.cdninstagram.com&edm=ANo9K5cEAAAA&_nc_gid=i9uo-_iIqfzdmG1DuvCr4w&_nc_tpa=Q5bMBQETHQxn5ctBZ7NdR9wZupu4iuxzQvuZry_EQ_cLjrdb8Nxe9EMXzOrRDp4qwAXJowny6Tk-1V81dQ&oh=00_Af6pcW0kQqRrPF9zTsKyIv3NkLEAG4AMCEjAoc13_lUIEQ&oe=6A1AA60B";"https://www.instagram.com/p/DYUiXtYAs60/";"✨ Vintage Jorge Martín

😮 The ‘89’ is enjoying a sweet start this season, so much so that after 5 GPs he’s only 2 points behind the total he had at this point last year when he won the MotoGP championship.

📸 @michelinmotorsport 
#MotoGP #CatalanGP #Barcelona #motorcycle #racing";2026-05-14 15:33;"52790";"33326";"4118";"92";"21";"107";4338;"13.02"
"17950981539137964";"FEED_IMAGE";"https://scontent-lhr6-2.cdninstagram.com/v/t51.82787-15/670864676_18337422457301445_4671518321529218886_n.jpg?stp=dst-jpg_e35_tt6&_nc_cat=100&ccb=7-5&_nc_sid=18de74&efg=eyJlZmdfdGFnIjoiRkVFRC5iZXN0X2ltYWdlX3VybGdlbi5DMyJ9&_nc_ohc=2t7cXSwjkEcQ7kNvwFdkGRb&_nc_oc=AdqaT1xxE4ZjWl4ZGN99rYTw_S4OYOKgPzw-qxNFY4UYBvunadQXTyVRcjtYFmNkAew&_nc_zt=23&_nc_ht=scontent-lhr6-2.cdninstagram.com&edm=ANo9K5cEAAAA&_nc_gid=i9uo-_iIqfzdmG1DuvCr4w&_nc_tpa=Q5bMBQFq-TRWNNjRfCMD0wO3BLHI0REmXmm-jBlt8jB4yqzT_CQJH3SXlDjK2we_q9oqXV9I7ls0hEDdcA&oh=00_Af6Y9_13PPaPa26q64HCorI9D1XAZaXoW4qX66XYT6p3_g&oe=6A1ACEFD";"https://www.instagram.com/p/DYR1N9yiPS5/";"❗️ Change at the top!

🤕Álex Márquez is now tied with Jorge Martín for the most crashes so far this season.

#MotoGP #CatalanGP #Barcelona #motorcycle #racing";2026-05-13 14:21;"25977";"16147";"1288";"38";"10";"31";1367;"8.47"
"18081995408533578";"FEED_IMAGE";"https://scontent-lhr8-2.cdninstagram.com/v/t51.82787-15/689481922_18337281823301445_7282769967885024256_n.jpg?stp=dst-jpg_e35_tt6&_nc_cat=101&ccb=7-5&_nc_sid=18de74&efg=eyJlZmdfdGFnIjoiRkVFRC5iZXN0X2ltYWdlX3VybGdlbi5DMyJ9&_nc_ohc=KxJTPYwaAlcQ7kNvwGwiIgs&_nc_oc=AdoEsrIcNiijk7dUpqzw3ltJHLZ5jZFopkPBwABj2oZxTZH3jgaI2bEKhNR0tVR_O-w&_nc_zt=23&_nc_ht=scontent-lhr8-2.cdninstagram.com&edm=ANo9K5cEAAAA&_nc_gid=i9uo-_iIqfzdmG1DuvCr4w&_nc_tpa=Q5bMBQHUFouRQvnpc_ba1JvTFTTmGUFadcb5ffL4VPsatn-aW-22Ek3QrMBufNj18pe5ow9NhWM3u7jOfw&oh=00_Af4OIg89_Wrgh7GWwppp3Yh9TaIMiXe9UcKcXA830TzKaQ&oe=6A1AADAA";"https://www.instagram.com/p/DYPVd8bjMi_/";"😮 Total parity on Saturdays in the lower categories!

📊 In the five Grand Prix held this year, no rider in either Moto2 or Moto3 has secured pole position twice. This shows just how evenly matched these categories are.

#MotoGP #FrenchGP #LeMans #motorcycle #racing";2026-05-12 15:04;"24339";"14721";"1223";"39";"8";"20";1290;"8.76"
"18115278253830701";"FEED_CAROUSEL_ALBUM";"https://scontent-lhr8-2.cdninstagram.com/v/t51.82787-15/689310274_18337158142301445_2104891500412321314_n.jpg?stp=dst-jpg_e35_tt6&_nc_cat=106&ccb=7-5&_nc_sid=18de74&efg=eyJlZmdfdGFnIjoiQ0FST1VTRUxfSVRFTS5iZXN0X2ltYWdlX3VybGdlbi5DMyJ9&_nc_ohc=CdcufCbhZU8Q7kNvwGrvdGM&_nc_oc=AdrX12tiqv_56O4UjANlRU3lsbRQdJoYUhGP4WYpOqKRub3tjTnQI7RfGVlRkWuOz6k&_nc_zt=23&_nc_ht=scontent-lhr8-2.cdninstagram.com&edm=ANo9K5cEAAAA&_nc_gid=i9uo-_iIqfzdmG1DuvCr4w&_nc_tpa=Q5bMBQF8u5EBFNFHn9hfigiMu_P_NKYe3nAnvcgFwsMAqSRqoTrAPZNmEgVmk1lK_jOr3DvlVhZhVf670w&oh=00_Af5Lucq1qGXF22qNvUwxVjJOow-9incTy6sY5qXklLEG_w&oe=6A1AB18B";"https://www.instagram.com/p/DYM71KigkrB/";"R5 / MotoGP RANKINGS French GP 🇫🇷

@deltadata 🤝 @overtake.gp

📸 @yamahamotogp | @vr46racingteam 
#MotoGP #FrenchGP #LeMans #motorcycle #racing";2026-05-11 16:41;"111199";"68390";"7799";"168";"74";"134";8175;"11.95"
"18101852342069928";"FEED_IMAGE";"https://scontent-lhr6-2.cdninstagram.com/v/t51.82787-15/684926560_18337111561301445_2655800102900920273_n.jpg?stp=dst-jpg_e35_tt6&_nc_cat=104&ccb=7-5&_nc_sid=18de74&efg=eyJlZmdfdGFnIjoiRkVFRC5iZXN0X2ltYWdlX3VybGdlbi5DMyJ9&_nc_ohc=8m89TU0EoVgQ7kNvwEadQ54&_nc_oc=Adpul1BuMzZZsxUNmGxkhDoKHctEWtqGkVr9nLMuHysHGhE4hvq-dLMH5-yvqls6t0E&_nc_zt=23&_nc_ht=scontent-lhr6-2.cdninstagram.com&edm=ANo9K5cEAAAA&_nc_gid=i9uo-_iIqfzdmG1DuvCr4w&_nc_tpa=Q5bMBQGyr3QljsaXdHNbwTAtjYq8c9P1RAEMhsJmfRn50MWozteTx_eKFRiq3It3yewJAjFAHq1-HBDuFg&oh=00_Af5YTfNrEGGLwYTivhpzWRQ-gwwmqa5HZP24cTUdbEIv1g&oe=6A1A97C4";"https://www.instagram.com/p/DYMMDGxArxW/";"🤩 Let the action continue, Race Week again!

📸 @aprilia | Gold & Goose
#MotoGP #CatalanGP #barcelona #motorcycle #racing";2026-05-11 09:47;"4919";"3094";"108";;"1";;109;"3.52"
"18350376280212009";"FEED_IMAGE";"https://scontent-lhr8-2.cdninstagram.com/v/t51.82787-15/689058211_18337013566301445_8473408856927396278_n.jpg?stp=dst-jpg_e35_tt6&_nc_cat=106&ccb=7-5&_nc_sid=18de74&efg=eyJlZmdfdGFnIjoiRkVFRC5iZXN0X2ltYWdlX3VybGdlbi5DMyJ9&_nc_ohc=D6E8Od3L8b4Q7kNvwHOM84I&_nc_oc=Adq8AAtBSu2Y-DBnnfNJkPZiS7OwAXJbxkVQVrmv4CJ6gSXV6t4Z_SKA92Rh1K-WKyQ&_nc_zt=23&_nc_ht=scontent-lhr8-2.cdninstagram.com&edm=ANo9K5cEAAAA&_nc_gid=i9uo-_iIqfzdmG1DuvCr4w&_nc_tpa=Q5bMBQFpHnu9fjuYUfIY-2NfZd7Vm57imh7fVfWXwT2ocq37dzQCGSjVlz8I5W7iooHivPU2Hv4PEYdTZw&oh=00_Af4oQ4hjw2OIdgye6QpfQJ1YTHxS5fUJTFWWv2scy4kO2A&oe=6A1AA4C0";"https://www.instagram.com/p/DYKgIlhArwz/";"📊 STANDINGS AFTER ROUND 5

📸 Gold & Goose
#MotoGP #FrenchGP #LeMans #motorcycle #racing";2026-05-10 18:01;"28709";"16846";"1763";"49";"19";"86";1917;"11.38"
"18591620944035704";"FEED_IMAGE";"https://scontent-lhr8-2.cdninstagram.com/v/t51.82787-15/689110641_18336995014301445_330070668221638511_n.jpg?stp=dst-jpg_e35_tt6&_nc_cat=103&ccb=7-5&_nc_sid=18de74&efg=eyJlZmdfdGFnIjoiRkVFRC5iZXN0X2ltYWdlX3VybGdlbi5DMyJ9&_nc_ohc=xyEgHB2xD2AQ7kNvwEQJKhf&_nc_oc=AdpB82BMAv5riUFwKaxMFMMWxvJZ_FQl6RDIsyyadYE8mEgDmU05Bv3F20TPGmFvFqY&_nc_zt=23&_nc_ht=scontent-lhr8-2.cdninstagram.com&edm=ANo9K5cEAAAA&_nc_gid=i9uo-_iIqfzdmG1DuvCr4w&_nc_tpa=Q5bMBQHvZFBA1BT5p0hlEtid57Kiva3_Rzthv4xH76ESrXwIwTYUdUx-qYOSiAxymrfJSTcV0Bp0ydeuUA&oh=00_Af6rPFaW0wCSFbOAiVwuv61smuwp3S1KcG5a6CL5EOIgEw&oe=6A1AC298";"https://www.instagram.com/p/DYKSOQFAj-4/";"🌟 It’s no exaggeration to say that Quartararo had one of his best races in MotoGP when you compare his performance to that of his teammates.

🇫🇷 The Frenchman briefly challenged for the lead, but gradually dropped down the board due to his bike’s limitations.

📸 Gold & Goose
#MotoGP #FrenchGP #LeMans #motorcycle #racing";2026-05-10 15:59;"117828";"76768";"9204";"262";"111";"762";10339;"13.47"
"18081490703149554";"FEED_IMAGE";"https://scontent-lhr8-1.cdninstagram.com/v/t51.82787-15/689071609_18336986968301445_5154624564432608022_n.jpg?stp=dst-jpg_e35_tt6&_nc_cat=111&ccb=7-5&_nc_sid=18de74&efg=eyJlZmdfdGFnIjoiRkVFRC5iZXN0X2ltYWdlX3VybGdlbi5DMyJ9&_nc_ohc=-sPdssywAXMQ7kNvwEFu9pI&_nc_oc=Ado4UWfG9xezn7zfBVQ-rP94LdF-VhtaTSA-Rm7XSGfhzlSkeqXJ20c0itUPEQbOJ38&_nc_zt=23&_nc_ht=scontent-lhr8-1.cdninstagram.com&edm=ANo9K5cEAAAA&_nc_gid=i9uo-_iIqfzdmG1DuvCr4w&_nc_tpa=Q5bMBQEGWywmC6J5LpCPm73J0b1H_l7GyntyyG2Bo3EB0N68ZBsu1MW6sTwrvA2DMTDIu4AjHmvX6uOoZg&oh=00_Af73RAiCSgFlO0hfx3JqgWwNzTMB2WQqjDNx96KytdMVzg&oe=6A1ACA45";"https://www.instagram.com/p/DYKMrj9AkMj/";"🇮🇹 Aprilia makes history by securing its first podium completely filled by three of its bikes.

📸 @michelinmotorsport
#MotoGP #FrenchGP #LeMans #motorcycle #racing";2026-05-10 15:11;"18059";"12444";"1741";"56";"11";"129";1937;"15.57"
"18001365263926958";"FEED_IMAGE";"https://scontent-lhr6-1.cdninstagram.com/v/t51.82787-15/689113221_18336984016301445_2213621521829031842_n.jpg?stp=dst-jpg_e35_tt6&_nc_cat=110&ccb=7-5&_nc_sid=18de74&efg=eyJlZmdfdGFnIjoiRkVFRC5iZXN0X2ltYWdlX3VybGdlbi5DMyJ9&_nc_ohc=3EY7wECgVygQ7kNvwEU6ehM&_nc_oc=AdpvZMgr14qni5nOL_S-ZkBwYqeYaJgSEhI3j90fVEA1PZ-V8153Subz0Yn_gTV2wos&_nc_zt=23&_nc_ht=scontent-lhr6-1.cdninstagram.com&edm=ANo9K5cEAAAA&_nc_gid=i9uo-_iIqfzdmG1DuvCr4w&_nc_tpa=Q5bMBQGiOFMxsSQJ2jJvcdoUyFACHlwanGA78oibnMS8MpHwQY13TUstm5UOxgrtnE6wWwJWo5NTzJ5cSA&oh=00_Af4gIawZbvpZ4Z6syqXO9Aq_Unm1rfaRXiez5f3C0p1bPQ&oe=6A1AC094";"https://www.instagram.com/p/DYKJmA1Apvq/";"MARTINATOR IS BACK!

📸 @michelinmotorsport 
#MotoGP #FrenchGP #LeMans #motorcycle #racing";2026-05-10 14:44;"10512";"6759";"568";"14";"1";"21";604;"8.94"
"18313864087279388";"FEED_IMAGE";"https://scontent-lhr8-1.cdninstagram.com/v/t51.82787-15/689356643_18336971740301445_124841291618164400_n.jpg?stp=dst-jpg_e35_tt6&_nc_cat=107&ccb=7-5&_nc_sid=18de74&efg=eyJlZmdfdGFnIjoiRkVFRC5iZXN0X2ltYWdlX3VybGdlbi5DMyJ9&_nc_ohc=owYxlAjn_cEQ7kNvwEf9s1x&_nc_oc=AdrswupNcFFfRAuQBW4Ry5DLKs_nVc2e1prlQDYmi0qwCCTLMOCNiNLlZBfZQ_0j4sc&_nc_zt=23&_nc_ht=scontent-lhr8-1.cdninstagram.com&edm=ANo9K5cEAAAA&_nc_gid=i9uo-_iIqfzdmG1DuvCr4w&_nc_tpa=Q5bMBQE1kstWfWwDV2B2sLFF26jkm858d44MaMOH1jN8CxQycRoQUAXbCNe0y5p1FYvcHMTAAQJXQAVrTw&oh=00_Af6s_hoYFPkOz01SUKLD3A_uhgI2Dgm8LX3vlL0wF40FHw&oe=6A1AA2F5";"https://www.instagram.com/p/DYJ-UmEgg4P/";"🅜❷ Guevara claims his first win of the year, while Manu González scores 20 points, pulling him further ahead of the Aspar duo.

🅜❸ Quiles secures another victory in a race that was eventful from start to finish.

#MotoGP #FrenchGP #LeMans #motorcycle #racing";2026-05-10 13:05;"10090";"6091";"401";"4";"1";"2";408;"6.7"
"17966056584101181";"FEED_IMAGE";"https://scontent-lhr8-1.cdninstagram.com/v/t51.82787-15/689066661_18336965554301445_365042564509794778_n.jpg?stp=dst-jpg_e35_tt6&_nc_cat=108&ccb=7-5&_nc_sid=18de74&efg=eyJlZmdfdGFnIjoiRkVFRC5iZXN0X2ltYWdlX3VybGdlbi5DMyJ9&_nc_ohc=PR-D_7X0OdAQ7kNvwGxLWhZ&_nc_oc=AdoWlqcmGCbqggnupYm2EUqA2dUfHsKwIKD7eTFOWt-iXKsLEGD3CmaR_Y-2VGsXDg0&_nc_zt=23&_nc_ht=scontent-lhr8-1.cdninstagram.com&edm=ANo9K5cEAAAA&_nc_gid=i9uo-_iIqfzdmG1DuvCr4w&_nc_tpa=Q5bMBQG7BIwGfkHbILpVyRiKquNrXk5Un_ZBZOMyPdYtp30wwWzHqmMsUywJmeEz-Jz_Ack8e_tS__PrHg&oh=00_Af7-8RL_rwGESW4lwTsEZQuQoS1xvgaBNLrXw9i90BxjQA&oe=6A1A9D89";"https://www.instagram.com/p/DYJ39jpAgIh/";"🎨 French Grand Prix = Fabio Quartararo's Special Livery

🇫🇷 The French rider always surprises his fans with a special livery every year at Le Mans. Which one is your favorite?

#MotoGP #FrenchGP #LeMans #motorcycle #racing";2026-05-10 12:10;"153567";"123927";"19523";"597";"47";"315";20482;"16.53"
"18074234624270734";"FEED_IMAGE";"https://scontent-lhr8-1.cdninstagram.com/v/t51.82787-15/695879150_18336956473301445_2175924547945975467_n.jpg?stp=dst-jpg_e35_tt6&_nc_cat=107&ccb=7-5&_nc_sid=18de74&efg=eyJlZmdfdGFnIjoiRkVFRC5iZXN0X2ltYWdlX3VybGdlbi5DMyJ9&_nc_ohc=NPitMQyONS4Q7kNvwGjkAqv&_nc_oc=Adr8X6KxsuRWBYqCDij-dZy00qDte-aUakFWiuQSMoVkY6AqQjKjNOxWf6F0B8q4Vz0&_nc_zt=23&_nc_ht=scontent-lhr8-1.cdninstagram.com&edm=ANo9K5cEAAAA&_nc_gid=i9uo-_iIqfzdmG1DuvCr4w&_nc_tpa=Q5bMBQGc5zlPUioRaqS5L1Y6EmJ1W9ntwy3hxETZqfLM7yy-US6L-fs2UVY1PhK3Xol18yynMwMaKNPMZw&oh=00_Af6rKfgVNlihV6W9LMewhMY96cDXAPb0Y9wvGYeGk56nww&oe=6A1ABAAD";"https://www.instagram.com/p/DYJtt65glIf/";"🚨 Exclusive by Rosario Triolo

↔️ Di Giannantonio will join the KTM factory team alongside Álex Márquez, with whom he already shared a box at Gresini in 2023.

😕 The biggest victims of this move would be Binder and, especially, Viñales, who will have to look for alternatives to the KTM factory team.

#MotoGP #FrenchGP #LeMans #motorcycle #racing";2026-05-10 10:40;"105696";"67100";"5051";"150";"88";"1277";6566;"9.79"
"18084371297455664";"FEED_CAROUSEL_ALBUM";"https://scontent-lhr8-1.cdninstagram.com/v/t51.82787-15/689154706_18336952471301445_8069135474038463762_n.jpg?stp=dst-jpg_e35_tt6&_nc_cat=107&ccb=7-5&_nc_sid=18de74&efg=eyJlZmdfdGFnIjoiQ0FST1VTRUxfSVRFTS5iZXN0X2ltYWdlX3VybGdlbi5DMyJ9&_nc_ohc=6EeUigbop00Q7kNvwH1OEtL&_nc_oc=AdpljbEI3Ll4Ca_4WzFBOeU64A_9BOrpcbOfUxkiHMSp8mlP9AEQCl6lLyHDnSmnDBk&_nc_zt=23&_nc_ht=scontent-lhr8-1.cdninstagram.com&edm=ANo9K5cEAAAA&_nc_gid=i9uo-_iIqfzdmG1DuvCr4w&_nc_tpa=Q5bMBQE91m-ZPHT4OJXlnnKRW_-1cnhO4VfoOOOm7vdOagN58aA1fLUZIjz1Hf49zfNP-6V4a7OlGYoKew&oh=00_Af7QpRZRM8zJSzyKIua8vpCkkvdAwIpv5NrR-gvJAVv-3A&oe=6A1AB582";"https://www.instagram.com/p/DYJn4R4grO-/";"🏁 The second weekend of the Rookies Cup has come to an end.

📊 Beñat Fernández won Race 1 again, while David González redeemed himself after yesterday’s crash on the final lap to claim his first victory of the year. Meanwhile, Bujosa is closing in on the lead, proving himself to be the most consistent rider so far this season.

📸 Gold & Goose / Red Bull
#RedBullRookiesCup #RoadtoMotoGP #MotoGP #Racing";2026-05-10 09:49;"27292";"16962";"816";"15";"4";"4";839;"4.95"
"18057690614712201";"FEED_IMAGE";"https://scontent-lhr6-2.cdninstagram.com/v/t51.82787-15/689561815_18336834808301445_954574449649305568_n.jpg?stp=dst-jpg_e35_tt6&_nc_cat=100&ccb=7-5&_nc_sid=18de74&efg=eyJlZmdfdGFnIjoiRkVFRC5iZXN0X2ltYWdlX3VybGdlbi5DMyJ9&_nc_ohc=6jsEQ72TRCEQ7kNvwFfiLZh&_nc_oc=Ado_8qjEmMXdO7GcexA108KI83amKcMpIe7VV38Yj3bTwLLs16wS4-Ioo42eNokDSpg&_nc_zt=23&_nc_ht=scontent-lhr6-2.cdninstagram.com&edm=ANo9K5cEAAAA&_nc_gid=i9uo-_iIqfzdmG1DuvCr4w&_nc_tpa=Q5bMBQGBiLl6cjcFrqSelBwzF1tbQ3W7WXLxqQ27RCxu2sZiu8vr5RXqawjUb58ytc6DW74pMRY9FyHdww&oh=00_Af77k6YQv9oqAvzF2A2DGyuo6j0ggCr9Q75N9VjbeOYFXw&oe=6A1A9C4C";"https://www.instagram.com/p/DYHyZlDglGR/";"🚨 Marc Márquez is out of the French GP and Catalan GP and will have to undergo surgery.

📸 @ducaticorse 
#MotoGP #FrenchGP #LeMans #motorcycle #racing";2026-05-09 16:43;"10049";"6021";"544";"15";"13";"12";584;"9.7"
"18118011808668136";"FEED_IMAGE";"https://scontent-lhr6-2.cdninstagram.com/v/t51.82787-15/689133064_18336830299301445_1192621634948609717_n.jpg?stp=dst-jpg_e35_tt6&_nc_cat=105&ccb=7-5&_nc_sid=18de74&efg=eyJlZmdfdGFnIjoiRkVFRC5iZXN0X2ltYWdlX3VybGdlbi5DMyJ9&_nc_ohc=kJBLZeYb_4gQ7kNvwHENTOz&_nc_oc=AdpCb2zwtsFrByDB_G4xgXZ_jI_EN_RI5Kow5QiQNN63UnSo55Idjm6jL0si6wpEjOE&_nc_zt=23&_nc_ht=scontent-lhr6-2.cdninstagram.com&edm=ANo9K5cEAAAA&_nc_gid=i9uo-_iIqfzdmG1DuvCr4w&_nc_tpa=Q5bMBQFY85adnFeKybQafoKvUMJkgo8Te9c10IULzIgJEDQj0JdCgxbhELRwo2BlHdA3Tni0tEBVlmOvlA&oh=00_Af4xxBBHtSpe3mdcon4B5wjcXmxMOxyRhOTXkXCj7ydLkg&oe=6A1ABA72";"https://www.instagram.com/p/DYHuFjdAq9_/";"🚨 Exclusive by Rosario Triolo 

Davide Brivio will become a super consultant for Honda, while Alberto Puig will step aside from his current position.

#MotoGP #FrenchGP #LeMans #motorcycle #racing";2026-05-09 16:05;"115276";"75096";"3749";"134";"103";"496";4482;"5.97"
"17941741641080511";"FEED_IMAGE";"https://scontent-lhr8-2.cdninstagram.com/v/t51.82787-15/689426334_18336825991301445_1098553315038692502_n.jpg?stp=dst-jpg_e35_tt6&_nc_cat=103&ccb=7-5&_nc_sid=18de74&efg=eyJlZmdfdGFnIjoiRkVFRC5iZXN0X2ltYWdlX3VybGdlbi5DMyJ9&_nc_ohc=LgedR21Jsx8Q7kNvwEx6Mw1&_nc_oc=AdqDaw-hSgFFcCyak4Rv_Fn3YyUMAkbU3XdtnDotFFh7NSQUZLvnIGVBVaQ4mRe_OXE&_nc_zt=23&_nc_ht=scontent-lhr8-2.cdninstagram.com&edm=ANo9K5cEAAAA&_nc_gid=i9uo-_iIqfzdmG1DuvCr4w&_nc_tpa=Q5bMBQEGciRZpcYdBhn1xtRTaC5mWpOUsHisM9nXlk3at4nDze_iAarmzh-Rv8rBtRNQpmkN7FN-hrlhlg&oh=00_Af5BPIzaP9Z7-FU6DPGt-PJbmEUzMOeSY5tyoXnYsSFx-g&oe=6A1A9D65";"https://www.instagram.com/p/DYHpdXmgguK/";"Mr. Saturday is back on top of the podium

📸 @michelinmotorsport
#MotoGP #FrenchGP #LeMans #motorcycle #racing";2026-05-09 15:25;"14432";"10213";"859";"20";"6";"26";911;"8.92"
"17939836305217086";"FEED_IMAGE";"https://scontent-lhr6-1.cdninstagram.com/v/t51.82787-15/694119619_18336806581301445_8788180829513584911_n.jpg?stp=dst-jpg_e35_tt6&_nc_cat=110&ccb=7-5&_nc_sid=18de74&efg=eyJlZmdfdGFnIjoiRkVFRC5iZXN0X2ltYWdlX3VybGdlbi5DMyJ9&_nc_ohc=n5pOb1amhWQQ7kNvwHhKvf_&_nc_oc=AdptbzmBF8PB9u7ywW5Vor6K7pEnT0bm6d7GWjn8I6nL8ZHzm_I6tvqKLi5oqD1VzwQ&_nc_zt=23&_nc_ht=scontent-lhr6-1.cdninstagram.com&edm=ANo9K5cEAAAA&_nc_gid=i9uo-_iIqfzdmG1DuvCr4w&_nc_tpa=Q5bMBQEcM-mmDuRuiiyYUjvaxQBHIIdTn3Q48Kwd8Vv3oqtdPs1RChWEHoF5o7JyDOmaE334obL8m3o01A&oh=00_Af6oSQe99v4smnCuNJpPYa3mTg0_xaoXJzmh1C687QoFYA&oe=6A1AA8A3";"https://www.instagram.com/p/DYHU63mggnV/";"📏 Today’s pole position was decided by the tiniest of margins. It was so close that the top four positions are separated by less than a tenth of a second.

🤔 Who do you think will end up taking the win in today’s Sprint race?

📸 @michelinmotorsport 
#MotoGP #FrenchGP #LeMans #motorcycle #racing";2026-05-09 12:25;"15402";"9616";"801";"18";"1";"56";876;"9.11"
"18112217806869722";"FEED_CAROUSEL_ALBUM";"https://scontent-lhr6-1.cdninstagram.com/v/t51.82787-15/689235785_18336800203301445_3646666803419019273_n.jpg?stp=dst-jpg_e35_tt6&_nc_cat=102&ccb=7-5&_nc_sid=18de74&efg=eyJlZmdfdGFnIjoiQ0FST1VTRUxfSVRFTS5iZXN0X2ltYWdlX3VybGdlbi5DMyJ9&_nc_ohc=OMwUIAfEC3UQ7kNvwETCAe-&_nc_oc=AdoD_Feb9b56gAofybcL-Q_q_XDeKdypH9l2NhifQe5vklfcLhuRKJG58Oer5HDGpKQ&_nc_zt=23&_nc_ht=scontent-lhr6-1.cdninstagram.com&edm=ANo9K5cEAAAA&_nc_gid=i9uo-_iIqfzdmG1DuvCr4w&_nc_tpa=Q5bMBQHs5pJrbsqWyyBPN25CSZwllcH4b7NHg7IwNtdZSarcT1klwT2Gmydogv5sA3Gut_R1_manERBy2Q&oh=00_Af6ogUtHNR0JT3w4phlRHvnoz6IY0v2b8Dxif_7JBXzwUA&oe=6A1AB4CB";"https://www.instagram.com/p/DYHO_iqApn6/";"BAGNAIA IS BACK!

#MotoGP #FrenchGP #LeMans #motorcycle #racing";2026-05-09 11:33;"66989";"40835";"4310";"94";"32";"187";4623;"11.32"
"17927067297289329";"FEED_IMAGE";"https://scontent-lhr6-2.cdninstagram.com/v/t51.82787-15/688793404_18336679120301445_4212451586567444673_n.jpg?stp=dst-jpg_e35_tt6&_nc_cat=104&ccb=7-5&_nc_sid=18de74&efg=eyJlZmdfdGFnIjoiRkVFRC5iZXN0X2ltYWdlX3VybGdlbi5DMyJ9&_nc_ohc=53rMdQPaZZYQ7kNvwH4s12V&_nc_oc=AdqJlF9qqJv4isiS6wxJMRumzvD2jkZUqlGue3gZTEQnXCW3Dvgo_L8yEuy4uzVNxiU&_nc_zt=23&_nc_ht=scontent-lhr6-2.cdninstagram.com&edm=ANo9K5cEAAAA&_nc_gid=i9uo-_iIqfzdmG1DuvCr4w&_nc_tpa=Q5bMBQHJDISAPqaAnMHrdEbkGNyuTE3n1dzPQlu2Z6_ThFAQXKTO0s3Eg587BK5qrqtV-pwfRaz0N9jhCw&oh=00_Af7RSXl1VfWJQvFutOaNDdCdZjMp1YRkE53nWztBGCMQRA&oe=6A1AC54E";"https://www.instagram.com/p/DYFJfylgh9w/";"🇫🇷 Zarco leads on Friday in front of his home crowd!

📸 @lcr.team 
#MotoGP #FrenchGP #LeMans #motorcycle #racing";2026-05-08 16:07;"18824";"12097";"925";"21";"9";"47";1002;"8.28"
"17900023521428329";"FEED_IMAGE";"https://scontent-lhr8-1.cdninstagram.com/v/t51.82787-15/689465162_18336543415301445_227395639205877657_n.jpg?stp=dst-jpg_e35_tt6&_nc_cat=108&ccb=7-5&_nc_sid=18de74&efg=eyJlZmdfdGFnIjoiRkVFRC5iZXN0X2ltYWdlX3VybGdlbi5DMyJ9&_nc_ohc=7fPGg5NyE3UQ7kNvwHed2sk&_nc_oc=AdpO7PsjTPUoDHBN3YR05Nfm5PYuTSrVPLGpRHyL0XH7WvTOieDn_JQlmq9_EnXC5GA&_nc_zt=23&_nc_ht=scontent-lhr8-1.cdninstagram.com&edm=ANo9K5cEAAAA&_nc_gid=i9uo-_iIqfzdmG1DuvCr4w&_nc_tpa=Q5bMBQFnPu02s9erwv6X3fOVaaG-M2Khu_vhD9g6Q8oOcXMwylyUJIZNJ7fWBvbzCo6dnGuuqVbwH6T3Bw&oh=00_Af7Y7cX1AEYko-UTEwvYxwtnoDR-Y1YcOgg7BgpnjHAJWQ&oe=6A1A9B7C";"https://www.instagram.com/p/DYCpsWXAk5O/";"📊 MotoGP - Manufacturer performance Post-Jerez

🤝 @deltadata 

#MotoGP #FrenchGP #LeMans #motorcycle #racing";2026-05-07 16:50;"39196";"23435";"2040";"65";"11";"77";2193;"9.36"
"17908735125402058";"FEED_IMAGE";"https://scontent-lhr6-2.cdninstagram.com/v/t51.82787-15/688989672_18336387109301445_6126170746488535462_n.jpg?stp=dst-jpg_e35_tt6&_nc_cat=104&ccb=7-5&_nc_sid=18de74&efg=eyJlZmdfdGFnIjoiRkVFRC5iZXN0X2ltYWdlX3VybGdlbi5DMyJ9&_nc_ohc=Wq3L-Mt5W-wQ7kNvwEhY2H_&_nc_oc=Ador5h2YBtXwAGMvSdtm4VK84bGDOVTYd4cXdGVbhZIBeJTnIsZzGN8cMdwe99rcVWk&_nc_zt=23&_nc_ht=scontent-lhr6-2.cdninstagram.com&edm=ANo9K5cEAAAA&_nc_gid=i9uo-_iIqfzdmG1DuvCr4w&_nc_tpa=Q5bMBQGLAK5YeXz1ezCBtdLOkryQm2xuGFewzVVagAW_HhuBrvogPADmbb3H_7DLWOU3WBnekNc97lF7YQ&oh=00_Af404710kCwWvz1Gob-w8IvsXXdgS9x3gjpEQNg9JYfHZQ&oe=6A1AACE2";"https://www.instagram.com/p/DYAIaTqAlJK/";"👀 According to GPOne, Bulega tested the Ducati 850cc prototype at Mugello and set a time of 1:47.2, 3 seconds off Marc Márquez’s pole time from last year and 1.7 seconds off Bagnaia’s track record. 

#MotoGP #FrenchGP #LeMans #motorcycle #racing";2026-05-06 17:21;"403467";"279631";"7695";"319";"160";"669";8843;"3.16"
"18579296830019370";"FEED_CAROUSEL_ALBUM";"https://scontent-lhr8-2.cdninstagram.com/v/t51.82787-15/688966308_18336221440301445_3679517878656167673_n.jpg?stp=dst-jpg_e35_tt6&_nc_cat=106&ccb=7-5&_nc_sid=18de74&efg=eyJlZmdfdGFnIjoiQ0FST1VTRUxfSVRFTS5iZXN0X2ltYWdlX3VybGdlbi5DMyJ9&_nc_ohc=oaqNZf7gmDIQ7kNvwHiyDmc&_nc_oc=AdrPcfs_pWQHd0N_3nJuNVEonVKdRjkVGHgqo1rq7URjGNKpIoXOaTPrfmvd9AbgofI&_nc_zt=23&_nc_ht=scontent-lhr8-2.cdninstagram.com&edm=ANo9K5cEAAAA&_nc_gid=i9uo-_iIqfzdmG1DuvCr4w&_nc_tpa=Q5bMBQE88RaZTBFTUY3BBewijmlI9JHSWVTpiW4YCSRwCSJ3LPKLOkQ8noBH8ovjMSl3GRpm-yJfnkPcYA&oh=00_Af5M2nYdFVAorHdZArnUJRr6CtbrSz2LZmp_SvksPvD1aA&oe=6A1A9E23";"https://www.instagram.com/p/DX9Tzz4AvuI/";"🌟 KTM is synonymous of talent, as some of the best riders in the world championship have come through its junior teams.

📈 Since the end of last season, Veijer has shown significant improvement in a category as challenging as Moto2. He is undoubtedly a rider the Austrian manufacturer should consider for 2027 and beyond.

📸 Rob Gray | Gold and Goose
#MotoGP #FrenchGP #LeMans #motorcycle #racing";2026-05-05 15:03;"67617";"43464";"5277";"110";"37";"131";5555;"12.78"
"18122333056624050";"FEED_IMAGE";"https://scontent-lhr6-1.cdninstagram.com/v/t51.82787-15/688119363_18336078181301445_9163168428321275573_n.jpg?stp=dst-jpg_e35_tt6&_nc_cat=102&ccb=7-5&_nc_sid=18de74&efg=eyJlZmdfdGFnIjoiRkVFRC5iZXN0X2ltYWdlX3VybGdlbi5DMyJ9&_nc_ohc=bFIhZKHkL50Q7kNvwFeE6qs&_nc_oc=AdqKF9LR5_vlj6jDmJXRHtpXOv8lFFNTNisLlfC4fwWaI7JL7oDh8RQTT_PztB3HD8U&_nc_zt=23&_nc_ht=scontent-lhr6-1.cdninstagram.com&edm=ANo9K5cEAAAA&_nc_gid=i9uo-_iIqfzdmG1DuvCr4w&_nc_tpa=Q5bMBQF1yQOfHZX_DXhnby81yOqwoTuUHD5MixL0qiIluTbKy9C9wAIzo4OelPuv-lvyFw-w9vvSmdyInQ&oh=00_Af7qK6mX9cvP3A5FOJE0OjGhFt2rKZGPWUtr3Q7t1QN6ag&oe=6A1ACD28";"https://www.instagram.com/p/DX68zGCgg6E/";"🎙️ Pedrosa appeared on the “Fast & Curious” podcast, where he didn't completely rule out the possibility of racing in another Grand Prix.

😢 However, it was officially announced today that Folger will replace Viñales, and just a few days ago MotoGP announced that wildcards will be phased out by 2027. Do you agree with this decision?

📸 @ktm_official 
#MotoGP #FrenchGP #LeMans #motorcycle #racing";2026-05-04 17:03;"19099";"11415";"728";"21";"2";"1";752;"6.59"
"18111692275854099";"FEED_IMAGE";"https://scontent-lhr8-2.cdninstagram.com/v/t51.82787-15/658837599_18336029674301445_976219040117000971_n.jpg?stp=dst-jpg_e35_tt6&_nc_cat=103&ccb=7-5&_nc_sid=18de74&efg=eyJlZmdfdGFnIjoiRkVFRC5iZXN0X2ltYWdlX3VybGdlbi5DMyJ9&_nc_ohc=Cpk7eObLGH8Q7kNvwFN99zc&_nc_oc=Adpavsx9kQnD37jhLRTMwPA9G0c7C9QAKUT2g4zBxtijpaL4UXcnhiupXAe23L9yOPU&_nc_zt=23&_nc_ht=scontent-lhr8-2.cdninstagram.com&edm=ANo9K5cEAAAA&_nc_gid=i9uo-_iIqfzdmG1DuvCr4w&_nc_tpa=Q5bMBQGXBY4xEe22uC4swlu3XlRFyLDUhRcl425zdzPfBj22pUcXO7ahdYCHETjBQP5EGhdtTF0DWVG9pA&oh=00_Af4bC5522LHZt4P-8OJq8l2RLkBIqRfUzfZGRCn96mbFcA&oe=6A1ABD3F";"https://www.instagram.com/p/DX6NIh8AtlB/";"Race Week, Celebration Week 😎

📸 @lcr.team | @yamahamotogp 
#MotoGP #FrenchGP #LeMans #motorcycle #racing";2026-05-04 10:12;"4036";"2514";"181";"6";;"1";188;"7.48"
"17887386270489916";"FEED_IMAGE";"https://scontent-lhr6-1.cdninstagram.com/v/t51.82787-15/682457131_18335912794301445_4458278782966510429_n.jpg?stp=dst-jpg_e35_tt6&_nc_cat=110&ccb=7-5&_nc_sid=18de74&efg=eyJlZmdfdGFnIjoiRkVFRC5iZXN0X2ltYWdlX3VybGdlbi5DMyJ9&_nc_ohc=ypz52LmmpDUQ7kNvwE9uqZF&_nc_oc=AdqrKAqtQPHVc8XW3BAwHiZyEFLeNp38NkUUcxQxQ_8zb6rgvRq8KAIeI75eYhxBBBk&_nc_zt=23&_nc_ht=scontent-lhr6-1.cdninstagram.com&edm=ANo9K5cEAAAA&_nc_gid=i9uo-_iIqfzdmG1DuvCr4w&_nc_tpa=Q5bMBQE-I1Y1oD-SpwyYtLVZJZMn9DsbKhEPdXhZq1OxYo-NdcrVI3IauQs4IwktJom8pW-A4uadmYfBug&oh=00_Af52pCjK10z6RlxRCKIp-hh7zRjvkdE_tZPIiDK8sOyymQ&oe=6A1ACD32";"https://www.instagram.com/p/DX4QvKnAmcX/";"📉 Fabio Quartararo isn’t having his best season, but if we look at the rest of the Yamahas, they’re even worse off.

🇫🇷 With a bike that’s well below that of the rest, the Frenchman is once again proving that his quality gives him an extra over his teammates, who, combined, have scored less than half the points that ‘El Diablo’ has.

📸 @yamahamotogp 
#MotoGP #SpanishGP #Jerez #motorcycle #racing";2026-05-03 16:00;"38327";"24035";"2131";"50";"12";"17";2210;"9.19"
"18128772571604696";"FEED_CAROUSEL_ALBUM";"https://scontent-lhr6-1.cdninstagram.com/v/t51.82787-15/689098966_18335758534301445_7100250901280688026_n.jpg?stp=dst-jpg_e35_tt6&_nc_cat=110&ccb=7-5&_nc_sid=18de74&efg=eyJlZmdfdGFnIjoiQ0FST1VTRUxfSVRFTS5iZXN0X2ltYWdlX3VybGdlbi5DMyJ9&_nc_ohc=Z3fHXNxVOYQQ7kNvwEkVp4F&_nc_oc=AdqAQqzbPDTnLeWmtGZm3qfs2QJwYJTmz90EA4c9HP3Fit65u4P4k6NmyNSPsaQ-AGs&_nc_zt=23&_nc_ht=scontent-lhr6-1.cdninstagram.com&edm=ANo9K5cEAAAA&_nc_gid=i9uo-_iIqfzdmG1DuvCr4w&_nc_tpa=Q5bMBQGBBxfb37tNqwlyxpidwkP3LW9N6S-ohsBk1LH0gB0gFUDKEBChAVplGploZA3oIEnIi8EJa8w1qw&oh=00_Af42OWs3YE6iF3rldb_JHULynFC_yS34titdewhyvBPjbw&oe=6A1AAD01";"https://www.instagram.com/p/DX1sZiGAtj_/";"🆕 The MotoGP™ 26 video game was released this week, featuring a lot of new features.

📊 One of these is the new rider ratings. Here are the best ratings for each category. Thoughts?

#MotoGP #MotoGP26";2026-05-02 16:04;"124064";"72614";"6239";"259";"115";"267";6880;"9.47"
"18087104714049049";"FEED_IMAGE";"https://scontent-lhr8-2.cdninstagram.com/v/t51.82787-15/684980854_18335595316301445_1371432313881171850_n.jpg?stp=dst-jpg_e35_tt6&_nc_cat=103&ccb=7-5&_nc_sid=18de74&efg=eyJlZmdfdGFnIjoiRkVFRC5iZXN0X2ltYWdlX3VybGdlbi5DMyJ9&_nc_ohc=jM7Fh4JI0iUQ7kNvwElraEh&_nc_oc=Adpko6kgIkodvf5XyGE4fY05gkUYFQQqUmB7q5Vp8Tx3zC7Z7itbr9GOYBMVtkoRgdY&_nc_zt=23&_nc_ht=scontent-lhr8-2.cdninstagram.com&edm=ANo9K5cEAAAA&_nc_gid=i9uo-_iIqfzdmG1DuvCr4w&_nc_tpa=Q5bMBQEKLejbNngxPMqlXJLc-Q7vEEqW3_gyYCQNOGFimuYdEcKili9eTTlcEDV8sq6oFz5L-e26RZ_Gdg&oh=00_Af7oL4wULL1pmx2RplIIDguHoyE2qenZYIo9-v5xZRhJHQ&oe=6A1AC475";"https://www.instagram.com/p/DXy8NHSglRx/";"🤩 After a slightly quiet April, May is set to be a month full of gas!

🎯 Additionally, Overtake.GP will be covering its first event on the opening round of the FIM MotoJunior™ at the Circuit de Barcelona-Catalunya. You will get more information in the coming days!

📸 / @michelinmotorsport 
#motogp #moto #motorcycle #racing #may";2026-05-01 14:24;"13548";"7064";"478";"20";;"15";513;"7.26"
"18084776051410409";"FEED_IMAGE";"https://scontent-lhr6-1.cdninstagram.com/v/t51.82787-15/682113347_18335449438301445_7493500108703984698_n.jpg?stp=dst-jpg_e35_tt6&_nc_cat=110&ccb=7-5&_nc_sid=18de74&efg=eyJlZmdfdGFnIjoiRkVFRC5iZXN0X2ltYWdlX3VybGdlbi5DMyJ9&_nc_ohc=y8L2k-7-vvoQ7kNvwGTLuK4&_nc_oc=AdqBqcgGlZnPGoOi_DYorIP9KdK198mLagsk5jrBIjafMlEfs7SNvz0FV8KrZfccZhw&_nc_zt=23&_nc_ht=scontent-lhr6-1.cdninstagram.com&edm=ANo9K5cEAAAA&_nc_gid=i9uo-_iIqfzdmG1DuvCr4w&_nc_tpa=Q5bMBQEBQLAFcfEp1OzhNwqXM1yt3FKRBdRRU4G6GnkGiPJ_Uqt-49ukRW5mx7evGjK-hn4X-mo43Tk8Dg&oh=00_Af4BPRVziOahzhXga-qGmH7dTCTzxtSTGdDXsAGXMhuFAA&oe=6A1A9D2C";"https://www.instagram.com/p/DXwmL-HApfx/";"🥴 The Aprilia factory team continues to lead both the riders’ championship and the crash standings.

😮 Meanwhile, Raúl Fernández is the only official rider who hasn’t crashed yet this season.

📸 @aprilia 
#MotoGP #SpanishGP #Jerez #motorcycle #racing";2026-04-30 16:38;"29301";"17284";"1913";"66";"23";"44";2046;"11.84"
"17959891461118067";"FEED_IMAGE";"https://scontent-lhr6-1.cdninstagram.com/v/t51.82787-15/684430405_18335309686301445_5230931846872057701_n.jpg?stp=dst-jpg_e35_tt6&_nc_cat=110&ccb=7-5&_nc_sid=18de74&efg=eyJlZmdfdGFnIjoiRkVFRC5iZXN0X2ltYWdlX3VybGdlbi5DMyJ9&_nc_ohc=AsgYqR1BzLkQ7kNvwHjjYDi&_nc_oc=AdqeBWdWpyteZ0e4J6mxh4anmmKEjh_rONyB-0_8SQ4q645ZAK3Xv9SffM4AB5HzUfY&_nc_zt=23&_nc_ht=scontent-lhr6-1.cdninstagram.com&edm=ANo9K5cEAAAA&_nc_gid=i9uo-_iIqfzdmG1DuvCr4w&_nc_tpa=Q5bMBQHP2GNcCGPsL2QYhJF5WfhdTkosBBqwOPYMpQ1SWX7kTHUjAReZN49hM-ycnuBfSPUBzJzPUz6noQ&oh=00_Af6xF9dcJSA06GKVcwKPuKQ2UoTk_e6ccnxatLE2ApJl8g&oe=6A1A9B62";"https://www.instagram.com/p/DXuBpqnggPs/";"🔥 Máximo Quiles has gotten off to a flying start.

📈 Márc Márquez’s protégé hasn’t finished lower than 2nd so far this season and is tied with Maverick Viñales for 3rd place among the riders with the best start in Moto3 over the first four races.

📸/ Red Bull (Gold & Goose)
#MotoGP #SpanishGP #Jerez #motorcycle #racing";2026-04-29 16:36;"88733";"75548";"4691";"109";"24";"129";4953;"6.56"
"17923965495321161";"FEED_CAROUSEL_ALBUM";"https://scontent-lhr8-1.cdninstagram.com/v/t51.82787-15/685054114_18335151727301445_3260609899340407592_n.jpg?stp=dst-jpg_e35_tt6&_nc_cat=111&ccb=7-5&_nc_sid=18de74&efg=eyJlZmdfdGFnIjoiQ0FST1VTRUxfSVRFTS5iZXN0X2ltYWdlX3VybGdlbi5DMyJ9&_nc_ohc=sxWybrqeXPkQ7kNvwHZUyZF&_nc_oc=AdpbYwKj5oZjq0yNIiK7NVZhAPzm-3nmnqitjuTAdFgIzmwwQUBxjIcVCdywymq9UY0&_nc_zt=23&_nc_ht=scontent-lhr8-1.cdninstagram.com&edm=ANo9K5cEAAAA&_nc_gid=i9uo-_iIqfzdmG1DuvCr4w&_nc_tpa=Q5bMBQHRqO_s1L8PJ95P-awmXtIPvGZ53Thx_unTI6zJxEBklCqdR0xXyKp3D72f4sCVZFRKRYM_L8GHZQ&oh=00_Af4WPcte1TIU43-4yGoPAKBHsLf1SRMKWq_yPvagZ8d98w&oe=6A1AAC65";"https://www.instagram.com/p/DXrYf82AsnR/";"R4 / MotoGP RANKINGS Spanish GP 🇪🇸

@deltadata 🤝 @overtake.gp

📸 @lcr.team | @ktmfactoryracing 
#MotoGP #SpanishGP #Jerez #motorcycle #racing";2026-04-28 15:58;"61732";"36214";"3573";"74";"32";"67";3746;"10.34"
"17911630815383966";"FEED_CAROUSEL_ALBUM";"https://scontent-lhr8-2.cdninstagram.com/v/t51.82787-15/658993220_18335022844301445_2650075247945242879_n.jpg?stp=dst-jpg_e35_tt6&_nc_cat=101&ccb=7-5&_nc_sid=18de74&efg=eyJlZmdfdGFnIjoiQ0FST1VTRUxfSVRFTS5iZXN0X2ltYWdlX3VybGdlbi5DMyJ9&_nc_ohc=EOw0pHu4EEMQ7kNvwFrvtDH&_nc_oc=AdpROvvL4aClOsv2W3RXnPknSBCeGQ5-H2ZCN2GPOJswndD9YSKY0LTkNBnVy2qFvUw&_nc_zt=23&_nc_ht=scontent-lhr8-2.cdninstagram.com&edm=ANo9K5cEAAAA&_nc_gid=i9uo-_iIqfzdmG1DuvCr4w&_nc_tpa=Q5bMBQHenMDcCKcw-bGfGmUhXFhLcEuz-8JgVtmPniIHWq0t7Fs8fK_eWUYBKPsgT4uJqyZrsnRRz0oCOQ&oh=00_Af7IoPxovSjLUClO7gfZ3Jbe-NWKffhrSjbMoTDiNri6qg&oe=6A1AB06E";"https://www.instagram.com/p/DXo-oShghcJ/";"😕 It hasn't been the best start for the Ducati Lenovo Team, far from it.

📉 While both Marc Márquez and Bagnaia had a blistering start last year, this year they haven't even managed to score half as many points in these first four rounds, placing them as only the 5th-best team.

📸/ @ducaticorse 
#MotoGP #SpanishGP #Jerez #motorcycle #racing";2026-04-27 17:33;"108975";"72201";"8418";"190";"27";"146";8781;"12.16"
"18349298998213629";"FEED_IMAGE";"https://scontent-lhr8-1.cdninstagram.com/v/t51.82787-15/682356479_18334859410301445_6683907871029400742_n.jpg?stp=dst-jpg_e35_tt6&_nc_cat=108&ccb=7-5&_nc_sid=18de74&efg=eyJlZmdfdGFnIjoiRkVFRC5iZXN0X2ltYWdlX3VybGdlbi5DMyJ9&_nc_ohc=JHQOzszqu1EQ7kNvwGDueb3&_nc_oc=AdrYebGIVdNIzBET8E8BSiMnttUgukH79UuQi6oTMlq7lJ7Kzi3KYTECDuLZmsfcG04&_nc_zt=23&_nc_ht=scontent-lhr8-1.cdninstagram.com&edm=ANo9K5cEAAAA&_nc_gid=i9uo-_iIqfzdmG1DuvCr4w&_nc_tpa=Q5bMBQHdTsILYbF1ACjNZMvjcObKIjzIdf4Ex1o6ZRYx4PoVuVkqU0ZE8_Qhrsq1ounU5242SrukJ93SSQ&oh=00_Af6OEvLA_0aGBcWLa0f_d_YbQEkvjBShGdHI5amZY7hSOw&oe=6A1ABF01";"https://www.instagram.com/p/DXmV6nXAn7D/";"📊 Álex Márquez closes the gap in the championship, whilst the two factory Aprilias remain in the top two positions

📸/ @michelinmotorsport 
#MotoGP #SpanishGP #Jerez #motorcycle #racing";2026-04-26 16:59;"41191";"26358";"1956";"42";"9";"9";2016;"7.65"
"17870799639657727";"FEED_IMAGE";"https://scontent-lhr6-2.cdninstagram.com/v/t51.82787-15/681048851_18334847548301445_5851102927586768041_n.jpg?stp=dst-jpg_e35_tt6&_nc_cat=104&ccb=7-5&_nc_sid=18de74&efg=eyJlZmdfdGFnIjoiRkVFRC5iZXN0X2ltYWdlX3VybGdlbi5DMyJ9&_nc_ohc=rw8GTy9KINkQ7kNvwHel9d9&_nc_oc=Adr1nRG4PZLqTY0nn2n0P1Zkv3fdgNH4HmvDq8k3w0Jt8XNBtTRTVgLEhQoHfmK_sTI&_nc_zt=23&_nc_ht=scontent-lhr6-2.cdninstagram.com&edm=ANo9K5cEAAAA&_nc_gid=i9uo-_iIqfzdmG1DuvCr4w&_nc_tpa=Q5bMBQGPLogIt5eejHKafvBq9XxYPhEor1sqP2XgibEP4PWDKItR6f1NEJidsoSUOueQUhGxtd_WltULew&oh=00_Af44WmHmk4FjwnxlwU6_ePK-w5IlnNbnhiEnKUIS5bfKmg&oe=6A1AC880";"https://www.instagram.com/p/DXmL2ISgvJ4/";"😯 Exactly the same story as last year!

🏁 Whilst Marc Márquez took the win on Saturday, he was unable to repeat the feat on Sunday, and it was his brother Álex who came out on top, securing his second consecutive victory at Jerez.

📸/ SOPA Images | Gold and Goose
#MotoGP #SpanishGP #Jerez #motorcycle #racing";2026-04-26 15:31;"69212";"45110";"4629";"112";"6";"35";4782;"10.6"
"18092965165913889";"FEED_IMAGE";"https://scontent-lhr8-1.cdninstagram.com/v/t51.82787-15/681815931_18334841542301445_6099409878854124446_n.jpg?stp=dst-jpg_e35_tt6&_nc_cat=107&ccb=7-5&_nc_sid=18de74&efg=eyJlZmdfdGFnIjoiRkVFRC5iZXN0X2ltYWdlX3VybGdlbi5DMyJ9&_nc_ohc=9UIJDRwkPIsQ7kNvwHmJCCH&_nc_oc=AdrT9wFNA2YU0RCMMeNeVqael7ioIOULU-wb7uiyaVFVXT4JBRreAaNPpvocs7Q7P5M&_nc_zt=23&_nc_ht=scontent-lhr8-1.cdninstagram.com&edm=ANo9K5cEAAAA&_nc_gid=i9uo-_iIqfzdmG1DuvCr4w&_nc_tpa=Q5bMBQGqnhxq1tzFY0bEYekAJjBXU4JfhPtibidREOBOncbYGwsuYlUwy7qz2l8KJyDkpac8kv8dh6UIHQ&oh=00_Af5PvURSlbVvanxskrufaD2SrKwZ5Sc7EnARgcgPbMTZzA&oe=6A1AAC1A";"https://www.instagram.com/p/DXmGaENgjQG/";"🏁 Álex Márquez wins at Jerez for the second year in a row!

📸/ @michelinmotorsport 
#MotoGP #SpanishGP #Jerez #motorcycle #racing";2026-04-26 14:43;"17072";"12428";"490";"5";"3";"16";514;"4.14"
"17899860177423850";"FEED_IMAGE";"https://scontent-lhr6-1.cdninstagram.com/v/t51.82787-15/674474792_18334831456301445_5013622483517746511_n.jpg?stp=dst-jpg_e35_tt6&_nc_cat=109&ccb=7-5&_nc_sid=18de74&efg=eyJlZmdfdGFnIjoiRkVFRC5iZXN0X2ltYWdlX3VybGdlbi5DMyJ9&_nc_ohc=hgjc_SZxkYkQ7kNvwHEgu0o&_nc_oc=AdqNEDYXI2fWhpna2j7g34wOZBnUYDWoK50t_1vm-_7_UetSaNXEZKmjB9rnSAh2Hls&_nc_zt=23&_nc_ht=scontent-lhr6-1.cdninstagram.com&edm=ANo9K5cEAAAA&_nc_gid=i9uo-_iIqfzdmG1DuvCr4w&_nc_tpa=Q5bMBQF8QMxIuy5Qa4YeA2hXFmVtOCFJP5cI6W-N44mefAsx9vJwZqj2uewidGI3EJyI910xVLBmYtr10A&oh=00_Af7CbcbAHIinD0TjEB3ntE_aTh67XwIlwSl15C5WWlDZSw&oe=6A1AB5A5";"https://www.instagram.com/p/DXl6YYugtLw/";"🏁 Intact GP dominated at Jerez with a 1-2 finish in Moto2, whilst in Moto3 Quiles secured another victory.

#MotoGP #SpanishGP #Jerez #motorcycle #racing";2026-04-26 12:58;"10583";"6071";"503";"8";"2";"1";514;"8.47"
"18351302656242484";"FEED_IMAGE";"https://scontent-lhr8-1.cdninstagram.com/v/t51.82787-15/680952763_18334810201301445_8000199118505683825_n.jpg?stp=dst-jpg_e35_tt6&_nc_cat=111&ccb=7-5&_nc_sid=18de74&efg=eyJlZmdfdGFnIjoiRkVFRC5iZXN0X2ltYWdlX3VybGdlbi5DMyJ9&_nc_ohc=pIEW-qdWjHEQ7kNvwFaBgsk&_nc_oc=AdpsU2RH-I4dT1HRKS0-LpAwE5_DmuN-42774_hLRRSS9_SL20qbbPC-MathhDcdXHY&_nc_zt=23&_nc_ht=scontent-lhr8-1.cdninstagram.com&edm=ANo9K5cEAAAA&_nc_gid=i9uo-_iIqfzdmG1DuvCr4w&_nc_tpa=Q5bMBQELMGmkwAOZ0A626jV6RQDzS0aQbnJBIzwXHz75lHE8ZJDMz_VOluDV_exjtZo16zD7qGplhNF5_g&oh=00_Af7LxVNmRsIbdvGhv0HgC-E6wWK9djm2vnnUV5IT_fC6Tg&oe=6A1ABB9F";"https://www.instagram.com/p/DXlmzlkggTN/";"🏁 The first round of the Rookies Cup is over!

🏆 Beñat Fernández took the win in Race 1, whilst Ramadhipa took advantage on the chaos of the final lap to win today’s race.

🌟 Special mention must also go to the performances of rookies Marulanda and Fernando Bujosa, who led the entire Race 1 and was in contention for victory right up to the final corner today

📸 Gold & Goose / Red Bull
#RedBullRookiesCup #RoadtoMotoGP #MotoGP #Racing";2026-04-26 10:07;"84774";"58754";"2482";"29";"14";"9";2534;"4.31"
"18010903979851867";"FEED_IMAGE";"https://scontent-lhr8-2.cdninstagram.com/v/t51.82787-15/675336028_18334692727301445_1518920540691762231_n.jpg?stp=dst-jpg_e35_tt6&_nc_cat=103&ccb=7-5&_nc_sid=18de74&efg=eyJlZmdfdGFnIjoiRkVFRC5iZXN0X2ltYWdlX3VybGdlbi5DMyJ9&_nc_ohc=XHg7PzSUka0Q7kNvwHe0JqG&_nc_oc=AdpLDvt5At9fzp2--QL0aPlZjoLBcZ7tCzV1EowYTy3HtJJcAhBdYzxmPFGxSAR9Gyk&_nc_zt=23&_nc_ht=scontent-lhr8-2.cdninstagram.com&edm=ANo9K5cEAAAA&_nc_gid=i9uo-_iIqfzdmG1DuvCr4w&_nc_tpa=Q5bMBQEstqb5DzAoFhaB4LiW_iSmo8AxRtFVKReS2NKf9b4jW0VTnjKWui83l-AtCJA4FsjZIw8BahVaNg&oh=00_Af5hMACMhCRonaZB_U5GMH1eMivSIs80nds-jKpPw3G1MQ&oe=6A1ACD33";"https://www.instagram.com/p/DXj1KW1Ao9n/";"🤯 Exactly, this move by Toprak Razgalioglu didn’t end in a crash. How? Only he knows

#MotoGP #SpanishGP #Jerez #motorcycle #racing";2026-04-25 17:34;"44919";"27908";"3146";"87";"64";"130";3427;"12.28"
"18132048271495629";"FEED_IMAGE";"https://scontent-lhr6-1.cdninstagram.com/v/t51.82787-15/675445129_18334678081301445_3901626157701119274_n.jpg?stp=dst-jpg_e35_tt6&_nc_cat=110&ccb=7-5&_nc_sid=18de74&efg=eyJlZmdfdGFnIjoiRkVFRC5iZXN0X2ltYWdlX3VybGdlbi5DMyJ9&_nc_ohc=eE7xJfL5XCgQ7kNvwFXoLLF&_nc_oc=Adp0Y_pk0iTDAAsbUo65CUHVUgL6Sj3fAtNgh16cNoj1SPTQLfdh9kL8mWKOQO80dOg&_nc_zt=23&_nc_ht=scontent-lhr6-1.cdninstagram.com&edm=ANo9K5cEAAAA&_nc_gid=i9uo-_iIqfzdmG1DuvCr4w&_nc_tpa=Q5bMBQFy7tUDH6Jsm4_Hh9Uml9fcpIaJck5nrM37uCmQJsQNqriPH4NmVcllh8CkiXXDAiot0QzYLhVNRw&oh=00_Af5mdP21pZcaPEFUR02phSThYgWfJjG5I0XN3bIIoGFcUA&oe=6A1ACEA3";"https://www.instagram.com/p/DXjp-utgkX9/";"🥇 Marc Márquez’s action is not penalised, so he takes the win in a sprint finish at Jerez!

📸/ @ducaticorse 
#MotoGP #SpanishGP #Jerez #motorcycle #racing";2026-04-25 15:57;"53633";"34034";"3651";"75";"218";"234";4178;"12.28"
"18166700704421492";"FEED_IMAGE";"https://scontent-lhr6-1.cdninstagram.com/v/t51.82787-15/673110194_18334673638301445_45158885366290648_n.jpg?stp=dst-jpg_e35_tt6&_nc_cat=110&ccb=7-5&_nc_sid=18de74&efg=eyJlZmdfdGFnIjoiRkVFRC5iZXN0X2ltYWdlX3VybGdlbi5DMyJ9&_nc_ohc=yjproZKv0h8Q7kNvwHgT1_Z&_nc_oc=Adqjp7lN_tMHm8JWqRnBmyB0ST6R6ns3SfkTS-3mE3AJ354zdh5uYJ8tVCqKxln9IaI&_nc_zt=23&_nc_ht=scontent-lhr6-1.cdninstagram.com&edm=ANo9K5cEAAAA&_nc_gid=i9uo-_iIqfzdmG1DuvCr4w&_nc_tpa=Q5bMBQHNZ-6965iTYHl-4cH5obniFX855FHiJYjry7H3hsHahM9KBRNKAaOnA0M3fj3WFLYvcxUohg5d4Q&oh=00_Af6LZ5nroBz1LGfD74TGYBxHrCUogs9VXX522vixaWfthQ&oe=6A1ACA20";"https://www.instagram.com/p/DXjmVzQgjN7/";"MARC MARQUEZ WINS THE SPRINT!!! NJFWEKFLRLFNLKFFÑARLFGÑLMREFÑLRFLERVÑMAFVKVFV

📸/ @michelinmotorsport 
#MotoGP #SpanishGP #Jerez #motorcycle #racing";2026-04-25 15:25;"10995";"7061";"702";"12";"22";"7";743;"10.52"
"18138619480509724";"FEED_IMAGE";"https://scontent-lhr6-1.cdninstagram.com/v/t51.82787-15/675370792_18334655827301445_274780230966582694_n.jpg?stp=dst-jpg_e35_tt6&_nc_cat=109&ccb=7-5&_nc_sid=18de74&efg=eyJlZmdfdGFnIjoiRkVFRC5iZXN0X2ltYWdlX3VybGdlbi5DMyJ9&_nc_ohc=rS3QFSvOkTYQ7kNvwHE5pnc&_nc_oc=AdrpV6KawQ1n9qfAEowt2-INB3YDO86lmrj3SvSPr9QEjpl4jXhSFoQ-atFCWDa4lyI&_nc_zt=23&_nc_ht=scontent-lhr6-1.cdninstagram.com&edm=ANo9K5cEAAAA&_nc_gid=i9uo-_iIqfzdmG1DuvCr4w&_nc_tpa=Q5bMBQE-oMesGGkERm-PPuXagBz_vZxD4q2wR4p15SoV85glJEKFzzu3eqATxLvDAOZr7ur1XuC4d6EA4w&oh=00_Af5RJfR4PFV0IEUzwI7_mF27Vpc1eWGG9-rITQehn-2irw&oe=6A1AB3E3";"https://www.instagram.com/p/DXjXGkUgi4H/";"Double long lap penalty tomorrow for Mir for failing to respect the black and orange flag.

📸/ @hrc_motogp 
#MotoGP #SpanishGP #Jerez #motorcycle #racing";2026-04-25 13:12;"15562";"9878";"412";"10";"3";"33";458;"4.64"
"18339215842171784";"FEED_CAROUSEL_ALBUM";"https://scontent-lhr8-1.cdninstagram.com/v/t51.82787-15/682690909_18334647100301445_7852891538868068600_n.jpg?stp=dst-jpg_e35_tt6&_nc_cat=108&ccb=7-5&_nc_sid=18de74&efg=eyJlZmdfdGFnIjoiQ0FST1VTRUxfSVRFTS5iZXN0X2ltYWdlX3VybGdlbi5DMyJ9&_nc_ohc=cJXVAxE3IvAQ7kNvwHnAenk&_nc_oc=AdqPCCYdBim-3dMwyTrg1QxS1Gwj_lf3cdmR1VXzOp1qPt_RhguzzVqAdLEWFJE8e0I&_nc_zt=23&_nc_ht=scontent-lhr8-1.cdninstagram.com&edm=ANo9K5cEAAAA&_nc_gid=i9uo-_iIqfzdmG1DuvCr4w&_nc_tpa=Q5bMBQH_eQmvyRtiQ8DlLghiRWCn9KkHY5kJAw_p87tIruqAYl0kXYzLyocgfZw4utC-k7st1YBHZALHVw&oh=00_Af5OAuW58uF58z7WTmC5VSKLupbO_836KcqIZF_bjY06Og&oe=6A1ACB48";"https://www.instagram.com/p/DXjMylkAt6K/";"Marc  Marquez’s first pole position after 245 days!

#MotoGP #SpanishGP #Jerez #motorcycle #racing";2026-04-25 11:41;"29961";"17856";"1326";"28";"10";"47";1411;"7.9"
"18079454057452595";"FEED_IMAGE";"https://scontent-lhr6-1.cdninstagram.com/v/t51.82787-15/672464317_18334536268301445_6396842528998596166_n.jpg?stp=dst-jpg_e35_tt6&_nc_cat=110&ccb=7-5&_nc_sid=18de74&efg=eyJlZmdfdGFnIjoiRkVFRC5iZXN0X2ltYWdlX3VybGdlbi5DMyJ9&_nc_ohc=7nct6MoSavcQ7kNvwGEeI51&_nc_oc=AdqfY3jn93LfIV6R_sLR9Wu2pQeZcJRml8bjhJmmno2Qfc5BadQE03WK0elca248hbY&_nc_zt=23&_nc_ht=scontent-lhr6-1.cdninstagram.com&edm=ANo9K5cEAAAA&_nc_gid=i9uo-_iIqfzdmG1DuvCr4w&_nc_tpa=Q5bMBQFB2HZOIZ9UAtFhOCX8p4TOwr-o3dTyRVBc7JiJ0ohvQ_wRLwz_k3F2ab3nbgZ25e9N-X-_YvZwbA&oh=00_Af7V7OKHb7nY7n66VZ_j-a4GGjs6qdf1l4RDOg2xOpPXuA&oe=6A1AB2FC";"https://www.instagram.com/p/DXhiiEXghco/";"🤩 The two Spanish riders who fought for the European Talent Cup title last year have secured the top two spots in qualifying on their Red Bull Rookies Cup debut.

🤔 Could we be witnessing the start of a great rivalry for the present and future of motorcycling?

📸 Gold & Goose / Red Bull Content Pool
#RedBullRookiesCup #RoadtoMotoGP #MotoGP #Racing #Motorcycle";2026-04-24 20:13;"10727";"6263";"385";"10";"2";"2";399;"6.37"
"18096385082122914";"FEED_IMAGE";"https://scontent-lhr8-2.cdninstagram.com/v/t51.82787-15/672403458_18334519063301445_6067263295932795832_n.jpg?stp=dst-jpg_e35_tt6&_nc_cat=101&ccb=7-5&_nc_sid=18de74&efg=eyJlZmdfdGFnIjoiRkVFRC5iZXN0X2ltYWdlX3VybGdlbi5DMyJ9&_nc_ohc=oqsQ5tuH6GQQ7kNvwFqtgU7&_nc_oc=Adp1CQ83DOtVh5FI2hwJ2E0AXJpuet_DRucTe6vWVS_ymWk_-IpHDk8018KTBBwSUxg&_nc_zt=23&_nc_ht=scontent-lhr8-2.cdninstagram.com&edm=ANo9K5cEAAAA&_nc_gid=i9uo-_iIqfzdmG1DuvCr4w&_nc_tpa=Q5bMBQEfJ4ollaRETumt1Xzjn2rjwyZSSYU63pyJviCRWY5RmXcPW48EIiZiNjpT1sI9ni9XiwV3o9250g&oh=00_Af54SVuae65My9x_3AtnCClu4r9QMCE8GsaBoK6mtGu8lw&oe=6A1AA2C2";"https://www.instagram.com/p/DXhSKwrAjII/";"Martín has been handed a three-place grid penalty for Sunday's race for riding slow online during the practice session

📸/ @michelinmotorsport
#MotoGP #SpanishGP #Jerez #motorcycle #racing";2026-04-24 17:50;"8935";"5160";"341";"9";"1";"30";381;"7.38"
"18584662303023787";"FEED_IMAGE";"https://scontent-lhr8-1.cdninstagram.com/v/t51.82787-15/674564069_18334503427301445_8972866816702251285_n.jpg?stp=dst-jpg_e35_tt6&_nc_cat=107&ccb=7-5&_nc_sid=18de74&efg=eyJlZmdfdGFnIjoiRkVFRC5iZXN0X2ltYWdlX3VybGdlbi5DMyJ9&_nc_ohc=IYq2UUVPnAcQ7kNvwE4uhuG&_nc_oc=AdrT2TKMw3pXROPnPmdLgLXDtcgxy1i2PvKSYyTKVM8Xs2HNpeOywBnEEpHbWSUQ-es&_nc_zt=23&_nc_ht=scontent-lhr8-1.cdninstagram.com&edm=ANo9K5cEAAAA&_nc_gid=i9uo-_iIqfzdmG1DuvCr4w&_nc_tpa=Q5bMBQFe4qivVG-gTKtLws4RGR-EPKIdpDCwoCvwBPurLFY238rxkfrUhxBurm3Sgv_8mij5d3pKzKnmUg&oh=00_Af4dS7Z7Kr4ine5snbrycQutzWEUJT6nljBjC3JseOMEcQ&oe=6A1AA46F";"https://www.instagram.com/p/DXhGMnYgkC_/";"Álex Márquez leads by a clear margin on Friday.

📸/ @michelinmotorsport 
#MotoGP #SpanishGP #Jerez #motorcycle #racing";2026-04-24 16:05;"13799";"8843";"508";"16";"5";"46";575;"6.5"
"17855577831649869";"FEED_IMAGE";"https://scontent-lhr8-2.cdninstagram.com/v/t51.82787-15/671754803_18334341934301445_5130749956507060756_n.jpg?stp=dst-jpg_e35_tt6&_nc_cat=103&ccb=7-5&_nc_sid=18de74&efg=eyJlZmdfdGFnIjoiRkVFRC5iZXN0X2ltYWdlX3VybGdlbi5DMyJ9&_nc_ohc=c7ATW3JZhKYQ7kNvwECP10k&_nc_oc=AdpztsI5d23dIsz4Wv6T4YarZRYaFHoZ6L31UHc9hxcipDIbb6X_5zgxU11ZvAZ5mw4&_nc_zt=23&_nc_ht=scontent-lhr8-2.cdninstagram.com&edm=ANo9K5cEAAAA&_nc_gid=i9uo-_iIqfzdmG1DuvCr4w&_nc_tpa=Q5bMBQGYl4TMJTv5OMPh1b20CkqjR-4foK5474xLyQ_0h7hP4dTNgFSnfMtkpt3ypM0Htule2XCjxUs5TA&oh=00_Af684bWfb43xErj6utOdzV3VDVj2Vdi_74oj7SNwQfypag&oe=6A1AA982";"https://www.instagram.com/p/DXej7FwAvtB/";"😕 Rins announced today that he will not be continuing with Yamaha, so there is a possibility that this could be his final year in the premier class.

📊 Here are the Spanish rider’s statistics from his 10 years in MotoGP.

📸/ Yamaha
#MotoGP #SpanishGP #Jerez #motorcycle #racing";2026-04-23 16:27;"103319";"64902";"5330";"165";"51";"98";5644;"8.7"
"18086689619032933";"FEED_IMAGE";"https://scontent-lhr8-2.cdninstagram.com/v/t51.82787-15/672419972_18334192144301445_2313121276806547271_n.jpg?stp=dst-jpg_e35_tt6&_nc_cat=106&ccb=7-5&_nc_sid=18de74&efg=eyJlZmdfdGFnIjoiRkVFRC5iZXN0X2ltYWdlX3VybGdlbi5DMyJ9&_nc_ohc=ok4k5NtBgHYQ7kNvwGiSEyy&_nc_oc=Ado3fShS6RCJkpZwH_DAIElRsXYk0lF621agA7iqi3WsqEgkcRI7I7rEah75cxLaUus&_nc_zt=23&_nc_ht=scontent-lhr8-2.cdninstagram.com&edm=ANo9K5cEAAAA&_nc_gid=i9uo-_iIqfzdmG1DuvCr4w&_nc_tpa=Q5bMBQFZ9l0j43Q19hy2Wl7lSlxFw1Jl8uziDeVK_qF4DAv0s6Hdhlf2LqCLFUelD9pKSrPYDrl90s6zlg&oh=00_Af5RAaxOag7WonvqsI-J0kBrjX1UHXlvMyLyiiUugALPaw&oe=6A1AA7BB";"https://www.instagram.com/p/DXcD5_MAlAM/";"🤕 In his first 14 seasons on the World Championship, Maverick had never missed a Grand Prix due to injury. In just two years with KTM, that number has increased to 10 Grand Prix.

🤞 From Overake.GP, we wish him a speedy—but above all, full—recovery to prove once again what he is still capable of.

📸/ Piaggio group | Rob Gray
#MotoGP #SpanishGP #Jerez #motorcycle #racing";2026-04-22 17:09;"89201";"64208";"3594";"92";"5";"76";3767;"5.87"
"18122674342618336";"FEED_IMAGE";"https://scontent-lhr8-1.cdninstagram.com/v/t51.82787-15/671186717_18334052860301445_7420834875698911057_n.jpg?stp=dst-jpg_e35_tt6&_nc_cat=107&ccb=7-5&_nc_sid=18de74&efg=eyJlZmdfdGFnIjoiRkVFRC5iZXN0X2ltYWdlX3VybGdlbi5DMyJ9&_nc_ohc=nxfMsnr2bwMQ7kNvwHqRK5T&_nc_oc=AdpIHe7I-PEtsosSFzh7tCHWUQ5WbMfx8_FZ6S7T4agqqmV59TbjYe077dO06S8Rgeo&_nc_zt=23&_nc_ht=scontent-lhr8-1.cdninstagram.com&edm=ANo9K5cEAAAA&_nc_gid=i9uo-_iIqfzdmG1DuvCr4w&_nc_tpa=Q5bMBQF5zjtgrUOFVaxuyYjkbVNiM6mGXSRJG_DRusXey1oCauDhxSZDbOW7uMLMXoujb_I7bynO3qc0Hg&oh=00_Af5OL8PIz89qnRV-xbo4w3xZU-Cq_ZOgWR1XCdhnFZJl6A&oe=6A1AAABA";"https://www.instagram.com/p/DXZcEK2Anz5/";"🏆 These are the last 10 winners of the #SpanishGP.

🤔 Who do you think will win this year?

📸/ Gold and Goose | Red Bull Content Pool
#MotoGP #Jerez #motorcycle #racing";2026-04-21 16:43;"17400";"10820";"761";"27";"16";"8";812;"7.5"
"18194722504364036";"FEED_IMAGE";"https://scontent-lhr6-1.cdninstagram.com/v/t51.82787-15/671212631_18333905044301445_2414744619542643832_n.jpg?stp=dst-jpg_e35_tt6&_nc_cat=102&ccb=7-5&_nc_sid=18de74&efg=eyJlZmdfdGFnIjoiRkVFRC5iZXN0X2ltYWdlX3VybGdlbi5DMyJ9&_nc_ohc=V35yZVbt8N8Q7kNvwH7ed5U&_nc_oc=AdpniqSmql94Hj5iXiWXQIZ_dhHoGVnR96t9FuHK9tZRxyUwv_F_cu6QuBtmtG559KU&_nc_zt=23&_nc_ht=scontent-lhr6-1.cdninstagram.com&edm=ANo9K5cEAAAA&_nc_gid=i9uo-_iIqfzdmG1DuvCr4w&_nc_tpa=Q5bMBQEDl002RFRNKDlUKl2a7oC295Nddgmqb9CHnd70FMbV5Usr3abouOleD4I3ljCCFoPZohtTAWmSSA&oh=00_Af579p-pD8mN-bgyp9dPexd23wgxCjjg_VI85Ptb2Si6Pw&oe=6A1AA3B8";"https://www.instagram.com/p/DXW1OkggkFL/";"🔥 The Red Bull Rookies Cup returns this weekend!

🔍 Let’s take a look back at all the champions of this competition (some of whom will sound pretty familiar to you😏)

#RedBullRookiesCup #RoadtoMotoGP #MotoGP #Racing #Motorcycle";2026-04-20 16:25;"178495";"121622";"5039";"378";"88";"220";5725;"4.71"
"18078441137161153";"FEED_CAROUSEL_ALBUM";"https://scontent-lhr8-2.cdninstagram.com/v/t51.82787-15/671198600_18333862090301445_6089121924755211131_n.jpg?stp=dst-jpg_e35_tt6&_nc_cat=103&ccb=7-5&_nc_sid=18de74&efg=eyJlZmdfdGFnIjoiQ0FST1VTRUxfSVRFTS5iZXN0X2ltYWdlX3VybGdlbi5DMyJ9&_nc_ohc=EmqZb0UTqEcQ7kNvwHgYaTu&_nc_oc=Adrb0zmrLMeL_vl2HLaMVboHcYXPQQOdz9GOcILLGVCR1v4Lq-8Og0TfAeeBlTunmTE&_nc_zt=23&_nc_ht=scontent-lhr8-2.cdninstagram.com&edm=ANo9K5cEAAAA&_nc_gid=i9uo-_iIqfzdmG1DuvCr4w&_nc_tpa=Q5bMBQEG2Xmf7_ERdW294mGG4M2WMcFZy5N6xZkyypR_QCJjoGCp-JWdxb2k_KpA7HbBBjg3_Y_Jwt0b8g&oh=00_Af6n5oDO3oKwK0s0qxH_i9yFnVyJXrW5-pDmghDVTmprUw&oe=6A1ABCF1";"https://www.instagram.com/p/DXWF1HegsbG/";"🇪🇸We’re so back! Race week again!

📸/ @ducaticorse 
#MotoGP #SpanishGP #Spain #motorcycle #racing";2026-04-20 09:31;"8402";"3397";"279";"5";"3";"6";293;"8.63"
"18091687855932457";"FEED_CAROUSEL_ALBUM";"https://scontent-lhr6-1.cdninstagram.com/v/t51.82787-15/670840522_18333766339301445_6765796224460887356_n.jpg?stp=dst-jpg_e35_tt6&_nc_cat=102&ccb=7-5&_nc_sid=18de74&efg=eyJlZmdfdGFnIjoiQ0FST1VTRUxfSVRFTS5iZXN0X2ltYWdlX3VybGdlbi5DMyJ9&_nc_ohc=4s5deu1EhqsQ7kNvwGZuG4e&_nc_oc=AdpwoSz9LwpmC0VSMAkAJ6yqvVvfEVp-_cawnt3LaOshT0pGtGOSV2f1uKMtAsoQWtE&_nc_zt=23&_nc_ht=scontent-lhr6-1.cdninstagram.com&edm=ANo9K5cEAAAA&_nc_gid=i9uo-_iIqfzdmG1DuvCr4w&_nc_tpa=Q5bMBQFiJ3N48DKae44eeYXjwuOjaT0hcO6Lujw0iDRD7xihaVPute5csqdhK64W2klRQVbokJGLAp1szA&oh=00_Af5fW7-BNSDYDVRorFOWCtXcl5qeocxaZ-ZAIMZUD07cfw&oe=6A1AAE82";"https://www.instagram.com/p/DXUYD8pAhAR/";"⏱️ Overall paces after US GP

📊: @deltadata 
📸 / @ducaticorse | @ktmfactoryracing | @aprilia | @hrc_motogp | @yamahamotogp
#motogp #thaigp #moto #motorcycle";2026-04-19 17:31;"92764";"56604";"4258";"123";"16";"73";4470;"7.9"
"18111639415756945";"FEED_IMAGE";"https://scontent-lhr8-2.cdninstagram.com/v/t51.82787-15/670486522_18333602305301445_864136317325764858_n.jpg?stp=dst-jpg_e35_tt6&_nc_cat=106&ccb=7-5&_nc_sid=18de74&efg=eyJlZmdfdGFnIjoiRkVFRC5iZXN0X2ltYWdlX3VybGdlbi5DMyJ9&_nc_ohc=9b7eCZcM_PYQ7kNvwHvF-FX&_nc_oc=Adq01N06XsEL07JonKYaqv2Xiy0mq5i9hEkPQZ7rJ4dK1IbtQRCLlZSpqdJ7POkDUSc&_nc_zt=23&_nc_ht=scontent-lhr8-2.cdninstagram.com&edm=ANo9K5cEAAAA&_nc_gid=i9uo-_iIqfzdmG1DuvCr4w&_nc_tpa=Q5bMBQHjEJ7pvmBPJ_bbYs2kibBfKeS9ScO5DFsYSssWnXJI8S1H69Bu_Mh-P2ZDMXNoHjzpxqZT31Bmpg&oh=00_Af5M5sjQKKij_TNg7gLiWkROilSMlkrSrTfS4tQkTYqdWQ&oe=6A1AA874";"https://www.instagram.com/p/DXRpvlVAsue/";"🎙️ Márquez appeared on a podcast by one of his sponsors, where he was asked about one of the hot topics of the moment: is ‘The 93’ nearing retirement?

😢 Marc knows that the end is getting closer, and although his mindset could carry him on for many more years, his body is starting to tell him the opposite.

📸 @ducaticorse 
#motogp #moto #motorcycle #racing";2026-04-18 16:08;"127261";"84534";"10232";"329";"195";"964";11720;"13.86"
"18095711818878074";"FEED_IMAGE";"https://scontent-lhr6-1.cdninstagram.com/v/t51.82787-15/669996886_18333455899301445_3679422124615167888_n.jpg?stp=dst-jpg_e35_tt6&_nc_cat=102&ccb=7-5&_nc_sid=18de74&efg=eyJlZmdfdGFnIjoiRkVFRC5iZXN0X2ltYWdlX3VybGdlbi5DMyJ9&_nc_ohc=TDsoEJkrat8Q7kNvwGz-5B9&_nc_oc=Adp8jUW1ejm16Zq_wUfuMD7nM0j5HxgkABLAfQ3rBu1qvGkbl-pze1FzZfMykKUEggo&_nc_zt=23&_nc_ht=scontent-lhr6-1.cdninstagram.com&edm=ANo9K5cEAAAA&_nc_gid=i9uo-_iIqfzdmG1DuvCr4w&_nc_tpa=Q5bMBQGc7jGcK6gSRDTANr9oN5jp7NyZDzG5vfN5MwdXUqwBcbLOxhu5dRNm7vUA_3og3gaCj3B_4rFXtQ&oh=00_Af6fJCPTw4Y85kX1xAaJzvD6M5tMMcCLzhkO_hj8uaO3Rg&oe=6A1AA38E";"https://www.instagram.com/p/DXPEmvfAn9z/";"🌟 Diggia is currently one of the most sought-after riders by manufacturers.

📋 His first choice remains Ducati, but only if he were to be offered factory-spec equipment. Therefore, the Italian has offers from KTM, Trackhouse, Pramac and even Honda, depending on the number of seats available for 2027.

ℹ️ Rosario Triolo
#motogp #moto #motorcycle #racing";2026-04-17 16:07;"116004";"78045";"6051";"200";"100";"289";6640;"8.51"
"18148298740468265";"FEED_IMAGE";"https://scontent-lhr8-1.cdninstagram.com/v/t51.82787-15/670354803_18333298324301445_7515122122818187755_n.jpg?stp=dst-jpg_e35_tt6&_nc_cat=107&ccb=7-5&_nc_sid=18de74&efg=eyJlZmdfdGFnIjoiRkVFRC5iZXN0X2ltYWdlX3VybGdlbi5DMyJ9&_nc_ohc=HKF-tR6xIrcQ7kNvwEzZERy&_nc_oc=AdrICOAahBKCDiTazB_d5H07tvVWnbKly54ylYpQP3eSVaK5vEM8K7HDjp4TZk71it4&_nc_zt=23&_nc_ht=scontent-lhr8-1.cdninstagram.com&edm=ANo9K5cEAAAA&_nc_gid=i9uo-_iIqfzdmG1DuvCr4w&_nc_tpa=Q5bMBQF5yI9Da3YCj_J6YtgIElYhRNH6rsLusKDZijJeoX5uo3ZGHfiWkLkBX0zb7YSu5jgu6bFPTFM-Dw&oh=00_Af5DqHmUNmeFYYgVBkoacyDoYSw-1qsL4NE9VU3bcVdNpA&oe=6A1AAD79";"https://www.instagram.com/p/DXMZeI5Anjj/";"💭 A few weeks ago, rumours began circulating about a break-up between Monster and Yamaha, who had just changed their logo across all their social media accounts.

💣 Now there are rumours that MotoGP wants Aprilia to have a main sponsor, and the ideal candidate would be none other than Monster, capitalising on Pecco's rumoured move to Aprilia.

#motogp #moto #motorcycle #racing";2026-04-16 15:10;"224095";"149206";"13620";"530";"65";"1815";16030;"10.74"
"18102246334764233";"FEED_IMAGE";"https://scontent-lhr8-1.cdninstagram.com/v/t51.82787-15/673092640_18333182533301445_9066048963720147648_n.jpg?stp=dst-jpg_e35_tt6&_nc_cat=107&ccb=7-5&_nc_sid=18de74&efg=eyJlZmdfdGFnIjoiRkVFRC5iZXN0X2ltYWdlX3VybGdlbi5DMyJ9&_nc_ohc=dxc7h83OnVYQ7kNvwGF6sG_&_nc_oc=Adrk9Aov10P8-DZIU1_lYE54-AYOAUTmEP5LuFQn1Jmt7AOgoQ-_YyxhKPolabSibis&_nc_zt=23&_nc_ht=scontent-lhr8-1.cdninstagram.com&edm=ANo9K5cEAAAA&_nc_gid=i9uo-_iIqfzdmG1DuvCr4w&_nc_tpa=Q5bMBQEdCrAT8F-PHNAtLH0wsSG0-SCo3IluV11btzJ7fHvPXwQOsLariogUG6vB7A7Z9Wkllpprc7Tj1Q&oh=00_Af63RHQV7UcFLollh2CWhBQAWNn7qgXeKBbS0hi3n1afGQ&oe=6A1AC6D1";"https://www.instagram.com/p/DXKNLepAsVi/";"😕 Beirer confirmed that Maverick’s results have not been what they had hoped for at the start of the season

🫡 Nevertheless, they have full confidence in the number 12 and believe he could be their second leader alongside Acosta this season

📸 Rob Gray / KTM
#motogp #moto #motorcycle #racing";2026-04-15 18:44;"29775";"17296";"1683";"41";"14";"13";1751;"10.12"
"18088156451261724";"FEED_CAROUSEL_ALBUM";"https://scontent-lhr6-2.cdninstagram.com/v/t51.82787-15/670767728_18333049567301445_7985424866190365194_n.jpg?stp=dst-jpg_e35_tt6&_nc_cat=105&ccb=7-5&_nc_sid=18de74&efg=eyJlZmdfdGFnIjoiQ0FST1VTRUxfSVRFTS5iZXN0X2ltYWdlX3VybGdlbi5DMyJ9&_nc_ohc=rhbevtRci8QQ7kNvwEIURT4&_nc_oc=Adqbj_TxiwKq7kyC_j99pzJVcgUHv18zk0AM3Eg8icdYYc2MXZr56L8KN6yDpAHrAZI&_nc_zt=23&_nc_ht=scontent-lhr6-2.cdninstagram.com&edm=ANo9K5cEAAAA&_nc_gid=i9uo-_iIqfzdmG1DuvCr4w&_nc_tpa=Q5bMBQFb1DzpPJoPHGbyNKvmxUJXGHB5_5pJTWg09r_AlzOnTly6nlCx5AgQLmaVWB5OM80Qt0vwgZqfZQ&oh=00_Af7bppPrZ7q23OFLpI0I66k5RKAUuqVP5Q76rnFWk2MVPA&oe=6A1AA8FB";"https://www.instagram.com/p/DXHZHW1Al2o/";"😯 GPOne published the first images yesterday of the initial prototype of the Ducati 850 that Michele Pirro was testing at Misano.

🤔 Which do you prefer: the 850 or the current GP26?

#motogp #moto #motorcycle #racing";2026-04-14 16:30;"182122";"124566";"10220";"622";"83";"848";11773;"9.45"
"18063928592354861";"FEED_IMAGE";"https://scontent-lhr6-1.cdninstagram.com/v/t51.82787-15/670323568_18332924365301445_1774432011988077098_n.jpg?stp=dst-jpg_e35_tt6&_nc_cat=110&ccb=7-5&_nc_sid=18de74&efg=eyJlZmdfdGFnIjoiRkVFRC5iZXN0X2ltYWdlX3VybGdlbi5DMyJ9&_nc_ohc=OnX3HNpMtfkQ7kNvwFD2eRV&_nc_oc=AdpKjShVC-Fqlq9odtR69oVt-faGuzmDOM52b12kySPa6DqXBz7RLo_0K5Rp_9tMQDE&_nc_zt=23&_nc_ht=scontent-lhr6-1.cdninstagram.com&edm=ANo9K5cEAAAA&_nc_gid=i9uo-_iIqfzdmG1DuvCr4w&_nc_tpa=Q5bMBQGvJh2OjLjygBkZqv7PoLKlLuJ7x3kPJwx5Xe0to5y8qRH6pcoouZf9CPRRkXZ9AMOafbzc6lXBPQ&oh=00_Af7Jzj9W6Pc5AIoRTxfEMhP167r4zr4jKFLrqEQhmq0mfA&oe=6A1AC721";"https://www.instagram.com/p/DXE3m0DAk4-/";"🤔 Motorsport.com has published what the grid would look like for 2027 based on the moves already confirmed by its sources, although some riders have yet to confirm which team they will join.

#motogp #moto #motorcycle #racing";2026-04-13 16:59;"227118";"127610";"7914";"553";"71";"1148";9686;"7.59"
"18132796945548629";"FEED_IMAGE";"https://scontent-lhr8-2.cdninstagram.com/v/t51.82787-15/669945503_18332802415301445_6336635344745150191_n.jpg?stp=dst-jpg_e35_tt6&_nc_cat=101&ccb=7-5&_nc_sid=18de74&efg=eyJlZmdfdGFnIjoiRkVFRC5iZXN0X2ltYWdlX3VybGdlbi5DMyJ9&_nc_ohc=vjoIRMr6F-YQ7kNvwGelAsy&_nc_oc=Adp_t_q0bTjPm5TvINA9BeV-0Fdn24S27F_QgvvK0fnxMMYKu402ZycJdMc_WKYQnx8&_nc_zt=23&_nc_ht=scontent-lhr8-2.cdninstagram.com&edm=ANo9K5cEAAAA&_nc_gid=i9uo-_iIqfzdmG1DuvCr4w&_nc_tpa=Q5bMBQEWdp4OiNBG3bLUuXzZoA6I7ZXDn4Y8llbwWEk8KOuSo3l-ngzykyKnCuL4qA9vVMo9hM9FGYajwg&oh=00_Af6tecN_U2jJbjZjnmz7FG3HNeQ6SDaZbc3Hw5q-_c5TAg&oe=6A1AA6E5";"https://www.instagram.com/p/DXCQMZBAr_y/";"🫠 It hasn’t been an easy start to the season for the younger Márquez compared to last year.

📉 The '73' managed to finish second in all of the first six races, while in 2026 he still hasn’t made it onto the podium.

📸 @michelinmotorsport
#motogp #moto #motorcycle #racing";2026-04-12 16:36;"25109";"14641";"1513";"31";"26";"15";1585;"10.83"
"18092075606228619";"FEED_IMAGE";"https://scontent-lhr8-1.cdninstagram.com/v/t51.82787-15/670198271_18332657701301445_6529776541975959944_n.jpg?stp=dst-jpg_e35_tt6&_nc_cat=108&ccb=7-5&_nc_sid=18de74&efg=eyJlZmdfdGFnIjoiRkVFRC5iZXN0X2ltYWdlX3VybGdlbi5DMyJ9&_nc_ohc=L8CXj-ZGAE0Q7kNvwFxioYn&_nc_oc=AdrmsK4SRgHk6uoB0xICNREw6gXyd0VbQ6Wf0QVLX6pElQuyiQdcGNpXg-Eqv5vdkm4&_nc_zt=23&_nc_ht=scontent-lhr8-1.cdninstagram.com&edm=ANo9K5cEAAAA&_nc_gid=i9uo-_iIqfzdmG1DuvCr4w&_nc_tpa=Q5bMBQHvz53A_mE0LU1H5sFUC9VLyLUQJ1JT_ysFszznla9ijHwgegmBe-fepRNdhSxseU1jKPEnSPuuQg&oh=00_Af77nHd-ZKgMX-JEg05g8SMFwx2TS3pXymMuUZqPWs3uQQ&oe=6A1AC9EA";"https://www.instagram.com/p/DW_VSJhAhE3/";"🚨 MOTORSPORT.COM EXCLUSIVE 🚨
As confirmed by Oriol Puigdemont, Ai Ogura will be Jorge Martín’s teammate for 2027.

This unexpected move rules out the much-rumoured move for Marini to Yamaha and leaves a valuable seat vacant at Trackhouse.

#motogp #moto #motorcycle #racing";2026-04-11 13:23;"198619";"126078";"10422";"339";"192";"2957";13910;"11.03"
"18115238851604219";"FEED_IMAGE";"https://scontent-lhr6-2.cdninstagram.com/v/t51.82787-15/669806116_18332560615301445_4121616362406410029_n.jpg?stp=dst-jpg_e35_tt6&_nc_cat=104&ccb=7-5&_nc_sid=18de74&efg=eyJlZmdfdGFnIjoiRkVFRC5iZXN0X2ltYWdlX3VybGdlbi5DMyJ9&_nc_ohc=Q2wJndONzFoQ7kNvwEfUnYc&_nc_oc=AdpnCFqVMjr8-tOMALXW6AC6tXcC99PfEU_xaWBmmMG4JYygBW5lriR0xGukA6RooNE&_nc_zt=23&_nc_ht=scontent-lhr6-2.cdninstagram.com&edm=ANo9K5cEAAAA&_nc_gid=i9uo-_iIqfzdmG1DuvCr4w&_nc_tpa=Q5bMBQEPzfc6DsmkDzSbcVRJpl8vGRpCodL1qFQAWjSfTABdvZs4pSg_4aPNRpSr8tS0Ej6rcW5BY7nepQ&oh=00_Af5Yf7xkxTkC26V2Kw76PeLwYvNbBCWw3ijneGYuWiJOFQ&oe=6A1AA2CF";"https://www.instagram.com/p/DW9MqpcAu-c/";"MAIN 🆚 SPRINT STANDINGS

🏆 Whilst Bezz leads the Sunday race standings with 75/75 points, his teammate Martín leads the sprint race standings, closely followed by Marc Márquez, who has almost the same number of points on both Saturdays and Sundays.

#motogp #moto #motorcycle #racing";2026-04-10 17:29;"37999";"23769";"1192";"38";"5";"24";1259;"5.3"
"18092259206156850";"FEED_IMAGE";"https://scontent-lhr6-1.cdninstagram.com/v/t51.82787-15/670134806_18332384194301445_1325432085332199545_n.jpg?stp=dst-jpg_e35_tt6&_nc_cat=110&ccb=7-5&_nc_sid=18de74&efg=eyJlZmdfdGFnIjoiRkVFRC5iZXN0X2ltYWdlX3VybGdlbi5DMyJ9&_nc_ohc=Bmag69i9u4MQ7kNvwFUqpkz&_nc_oc=AdrBHBg6bEKXuIR-hII9ObThRYfDFFLIPneDe3mn_X-23ZkhIJJaGdLvsKwoWQacQ-c&_nc_zt=23&_nc_ht=scontent-lhr6-1.cdninstagram.com&edm=ANo9K5cEAAAA&_nc_gid=i9uo-_iIqfzdmG1DuvCr4w&_nc_tpa=Q5bMBQF8DITcgtq1_Pwudb3UCD3RVgyMvE1Bn7Se-bKEpDzIxI8PIrkOhS5p-zFNtqcNqk9P_rLNzrKBZA&oh=00_Af48r_tBEpCZVw44KOU0RROPqYD4l40T1TLKXqeHd8FF2Q&oe=6A1AA561";"https://www.instagram.com/p/DW6YIpkAhZj/";"🏆 Without a doubt, Austin has always been one of Márquez’s favorite races on the calendar.

❌ However, in the last few editions, he hasn’t been able to deliver the results he would have liked. Here is his record at COTA.

📸 @ducaticorse 
#motogp #moto #motorcycle #racing";2026-04-09 15:14;"17458";"9664";"836";"28";"2";"3";869;"8.99"
"18095951305860320";"FEED_IMAGE";"https://scontent-lhr8-2.cdninstagram.com/v/t51.82787-15/662325087_18332022979301445_4020780452451417622_n.jpg?stp=dst-jpg_e35_tt6&_nc_cat=106&ccb=7-5&_nc_sid=18de74&efg=eyJlZmdfdGFnIjoiRkVFRC5iZXN0X2ltYWdlX3VybGdlbi5DMyJ9&_nc_ohc=8MxykAn8u1kQ7kNvwEp4uTf&_nc_oc=AdruYAz6JMuSN3ntQmNcRSNLj_5omrPTQ-CnR2socmWuOmfiM-sx8-X9a3DGU-Az1ro&_nc_zt=23&_nc_ht=scontent-lhr8-2.cdninstagram.com&edm=ANo9K5cEAAAA&_nc_gid=i9uo-_iIqfzdmG1DuvCr4w&_nc_tpa=Q5bMBQFMuejLtnF9_FrMcZyevtOp9YS5LsPEa8Ql482bkJ9LWWniZHhm-cS0NYCkjUVtFpLg8HNCsAvapg&oh=00_Af41wj5ikeK-MQb5cTTxIFAxXqtBpAFIDrN5HGsiJ-xj8Q&oe=6A1ACDB9";"https://www.instagram.com/p/DW3x7HKgqMn/";"🚨 After Gresini's refusal, Honda reportedly approached Tech3 to secure a six-rider line-up for next season, which would leave KTM in a situation very similar to Suzuki's a few years ago.

😯 This would allow the Japanese manufacturer to retain its four current riders plus the rumoured signings of Quartararo and David Alonso. On a scale of 1 to 10, how would you rate this line-up?

#motogp #moto #motorcycle #racing";2026-04-08 14:59;"270664";"169567";"9404";"440";"164";"1058";11066;"6.53"
"17861551851620356";"FEED_IMAGE";"https://scontent-lhr8-1.cdninstagram.com/v/t51.82787-15/661494958_18331794205301445_7214024956999636596_n.jpg?stp=dst-jpg_e35_tt6&_nc_cat=107&ccb=7-5&_nc_sid=18de74&efg=eyJlZmdfdGFnIjoiRkVFRC5iZXN0X2ltYWdlX3VybGdlbi5DMyJ9&_nc_ohc=2OqR0v--DuAQ7kNvwFu2ZDJ&_nc_oc=AdrX8F2rYF1k94nDmxo6pmfHFaNXOXlcA2-RsGI9NGdj_Bwqyot53A31tFky2cL3Nks&_nc_zt=23&_nc_ht=scontent-lhr8-1.cdninstagram.com&edm=ANo9K5cEAAAA&_nc_gid=i9uo-_iIqfzdmG1DuvCr4w&_nc_tpa=Q5bMBQGcWZ0xFSxbN_Gr7rsRu2prtwflaK8PGVIRtUcrd0SH5-Y9oLf2gmXUtLbyqlEdLHSRNHB3ZaKvHw&oh=00_Af7oKZHAGPY92GdE3KCDXln3mQZ_QSzPs1WnIXwGmV21cg&oe=6A1A98FF";"https://www.instagram.com/p/DW1RbdoAkhn/";"💭 A few days ago, there were rumours that Bastianini could be returning to Gresini, where he surely had the best year of his career.

❌ However, some sources suggest that KTM may have a clause that could prevent him from leaving against the Italian’s wishes. Would you like to see number 23 back on the sky blue colours?

#motogp #moto #motorcycle #racing";2026-04-07 15:37;"71585";"45344";"3529";"112";"49";"131";3821;"8.43"
"17932748322222378";"FEED_CAROUSEL_ALBUM";"https://scontent-lhr8-1.cdninstagram.com/v/t51.82787-15/662606862_18331610155301445_2404756075750266719_n.jpg?stp=dst-jpg_e35_tt6&_nc_cat=107&ccb=7-5&_nc_sid=18de74&efg=eyJlZmdfdGFnIjoiQ0FST1VTRUxfSVRFTS5iZXN0X2ltYWdlX3VybGdlbi5DMyJ9&_nc_ohc=I3nLsjor_VQQ7kNvwGYbkLU&_nc_oc=AdqThm4m-Hqyn5Hh6pxOjmC2rxcwPEdk8U5sKzGrFtW2goE_8m41M2ed0m3lWla68VM&_nc_zt=23&_nc_ht=scontent-lhr8-1.cdninstagram.com&edm=ANo9K5cEAAAA&_nc_gid=i9uo-_iIqfzdmG1DuvCr4w&_nc_tpa=Q5bMBQG85adexZQFjmgCyKr0de-UaVItnBzife0MhmeO__V2EeX7jJObvnCUHCE6uqrYSuU4iDwnPl-0rg&oh=00_Af64OcwOc9rFYmqTPKvgBjywinMv9BqWI48nO59jGyPmXg&oe=6A1AAC4B";"https://www.instagram.com/p/DWy6tNjgozG/";"🥇When it comes to who has been the most consistent rider in Moto2, the results clearly show that it’s been Manu Gonzalez.

🤨 However, there are names being mentioned ahead of the ‘18’, whether because of their nationality or their links with sponsors. Will the current Moto2 leader be able to secure a place among the 22 best riders of the world?

📸 @intactgp 
#motogp #moto #motorcycle #racing";2026-04-06 17:40;"36840";"18104";"1946";"52";"52";"19";2069;"11.43"
"17933062452055201";"FEED_IMAGE";"https://scontent-lhr6-1.cdninstagram.com/v/t51.82787-15/658732435_18331429798301445_8607564734432065221_n.jpg?stp=dst-jpg_e35_tt6&_nc_cat=102&ccb=7-5&_nc_sid=18de74&efg=eyJlZmdfdGFnIjoiRkVFRC5iZXN0X2ltYWdlX3VybGdlbi5DMyJ9&_nc_ohc=xSZu5Vt3e0EQ7kNvwFq7n1B&_nc_oc=AdpS3nggBgT905IlBqEz0RB_rObfoaZGMrgXVjOqkMIHCOS-rBUyvULrfjv89y-R69Q&_nc_zt=23&_nc_ht=scontent-lhr6-1.cdninstagram.com&edm=ANo9K5cEAAAA&_nc_gid=i9uo-_iIqfzdmG1DuvCr4w&_nc_tpa=Q5bMBQHz_MsfWS6Ys5ywheE4BxupQq3kVrEw1tHWW5plDiRjd4TIPIjEW-mmn3utHOtG1Sgdrxi8VHEBOQ&oh=00_Af73tunL_E15OI4rLrYexLJL_doA1_WrlmVAG-a57yKpMg&oe=6A1A98FE";"https://www.instagram.com/p/DWwQmVjghd4/";"🤖 Jorge Martín has had a dream start this 2026.

🔥 The 2024 champion seems to have found his best form again after a season to forget last year. Will he be in contention for the world title again this year?

@aprilia 
#motogp #moto #motorcycle #racing";2026-04-05 16:53;"27185";"17574";"2493";"64";"8";"23";2588;"14.73"
"18091976324180348";"FEED_IMAGE";"https://scontent-lhr8-2.cdninstagram.com/v/t51.82787-15/660542119_18331301470301445_7337898187797017094_n.jpg?stp=dst-jpg_e35_tt6&_nc_cat=101&ccb=7-5&_nc_sid=18de74&efg=eyJlZmdfdGFnIjoiRkVFRC5iZXN0X2ltYWdlX3VybGdlbi5DMyJ9&_nc_ohc=uCj6gXtXzHoQ7kNvwHdTVqt&_nc_oc=AdocXi6vqsoDLHGHZQmu3E5KStplsKuKLdKS1LyaL16yaH4brC62cscecUViK5rGI6A&_nc_zt=23&_nc_ht=scontent-lhr8-2.cdninstagram.com&edm=ANo9K5cEAAAA&_nc_gid=i9uo-_iIqfzdmG1DuvCr4w&_nc_tpa=Q5bMBQF3IsDsX6fGxHxzylT8FgF2JpnBQ4v77Y_c4QXhG_O7nxX4ZRsSMLuI047xiJbHBH_1YnjPls5Dgw&oh=00_Af6PeVmhQPmsZ9FUSECTtuRuumiUQU1aC-zlwfF7cPE8jw&oe=6A1A9D10";"https://www.instagram.com/p/DWtxRTKgvpc/";"🤯 It’s hard to believe, but out of the last 30 Grand Prix races, Joan Mir has only managed to cross the finish line in 33% of them.

🤔 The 2020 world champion has shown a clear improvement since joining Honda, but… will it be enough to keep his place?

#motogp #moto #motorcycle #racing";2026-04-04 17:41;"56812";"33838";"3423";"143";"58";"1240";4864;"14.37"
"18391862725156949";"FEED_IMAGE";"https://scontent-lhr8-1.cdninstagram.com/v/t51.82787-15/658420351_18331176802301445_8128483247900170864_n.jpg?stp=dst-jpg_e35_tt6&_nc_cat=111&ccb=7-5&_nc_sid=18de74&efg=eyJlZmdfdGFnIjoiRkVFRC5iZXN0X2ltYWdlX3VybGdlbi5DMyJ9&_nc_ohc=-0Y--Wt9XS0Q7kNvwEsa5df&_nc_oc=AdpszAvkUPnumO8jre9-Ae4m-4iIEXzvE07eRVD0udRwr1u0BVDTMAFg9JtHOHY1HaM&_nc_zt=23&_nc_ht=scontent-lhr8-1.cdninstagram.com&edm=ANo9K5cEAAAA&_nc_gid=i9uo-_iIqfzdmG1DuvCr4w&_nc_tpa=Q5bMBQGNp0ceNSIht4xcecC0ciGKANTjmRoTa2fnqnCuE1YumLyf9yjPQYHiYzerupvWUkIAQQg5bVAdLg&oh=00_Af47bLGOYo2QUJCkV3GpRlRvkHn9aggvMHvmvU539JRnYQ&oe=6A1AA269";"https://www.instagram.com/p/DWrODg8AiBs/";"🔥 The rumours have started to grow louder than ever, and riders from the lower categories could well become key actors this year.

🤔 If the decision were yours, which 3 riders should definitely be in the premier class next year?

#motogp #moto #motorcycle #racing";2026-04-03 17:55;"48543";"26323";"2416";"129";"100";"106";2751;"10.45"
"18063119348678991";"FEED_IMAGE";"https://scontent-lhr6-2.cdninstagram.com/v/t51.82787-15/658745071_18331035961301445_8970527877072632544_n.jpg?stp=dst-jpg_e35_tt6&_nc_cat=104&ccb=7-5&_nc_sid=18de74&efg=eyJlZmdfdGFnIjoiRkVFRC5iZXN0X2ltYWdlX3VybGdlbi5DMyJ9&_nc_ohc=wqb2Qn85ATYQ7kNvwEdcbtC&_nc_oc=Ado6k8ZZ0nFAQS2VTWHi24zvJuP-S9daGdPoHVQV2u85dr3tME84Vlpsn0rTH9UcjCw&_nc_zt=23&_nc_ht=scontent-lhr6-2.cdninstagram.com&edm=ANo9K5cEAAAA&_nc_gid=i9uo-_iIqfzdmG1DuvCr4w&_nc_tpa=Q5bMBQFySeDtrHPZ2EOE_rAs-AaKkkMPHG_lI6DsjZKmzDhHXG7rdYtcVLis3Fi1E-VVVN2UERPII0x1mQ&oh=00_Af5qOyJjgnagRG67rxq_5PcF6_cVGwrG0ugFX4rhyr51pQ&oe=6A1AB334";"https://www.instagram.com/p/DWojYmGAvkn/";"🤕 Aprilia isn’t just leading the championship with its two factory riders; it also has another 1-2 in the most crashes standings.

🤔 Which rider surprises you the most?

#motogp #moto #motorcycle #racing #april";2026-04-02 17:04;"68273";"37774";"4362";"140";"32";"277";4811;"12.74"
"18095461424043546";"FEED_IMAGE";"https://scontent-lhr8-2.cdninstagram.com/v/t51.82787-15/656030168_18330879286301445_550343163358771101_n.jpg?stp=dst-jpg_e35_tt6&_nc_cat=106&ccb=7-5&_nc_sid=18de74&efg=eyJlZmdfdGFnIjoiRkVFRC5iZXN0X2ltYWdlX3VybGdlbi5DMyJ9&_nc_ohc=3bG8UcAxLKgQ7kNvwHnj4ct&_nc_oc=AdoLgnsPELLDya5aztOFkZkqfcM55CHMNSGltJPSkWolhUAo_6AinaAdqG_TChXazGI&_nc_zt=23&_nc_ht=scontent-lhr8-2.cdninstagram.com&edm=ANo9K5cEAAAA&_nc_gid=i9uo-_iIqfzdmG1DuvCr4w&_nc_tpa=Q5bMBQEoM6UAa-phHu36GOvV4oA6xRO_4tUHbdOcUzk4S95ZY4FatKsBUW6yqztPsYfyaz0GYlefXKHVmQ&oh=00_Af7gMygOW3jjgyZW5GXbRywTb3sUDM1a1xq7A42fqMS-VQ&oe=6A1AB0C5";"https://www.instagram.com/p/DWljofsArP6/";"🗓️ Here’s what April will bring us!

📸 / @ducaticorse 
#motogp #moto #motorcycle #racing #april";2026-04-01 13:10;"16552";"8324";"689";"22";"3";"14";728;"8.75"
"18097193441045431";"FEED_IMAGE";"https://scontent-lhr6-2.cdninstagram.com/v/t51.82787-15/658976549_18330773788301445_6788674361804964222_n.jpg?stp=dst-jpg_e35_tt6&_nc_cat=100&ccb=7-5&_nc_sid=18de74&efg=eyJlZmdfdGFnIjoiRkVFRC5iZXN0X2ltYWdlX3VybGdlbi5DMyJ9&_nc_ohc=Le9pa-IgWY8Q7kNvwE_-II4&_nc_oc=AdoCcJKWFb2_FuyJKMylVf-XRRkix99_ZmmaW5Dhv9JdjZu_zUmKmVkVrGp0a5fxupQ&_nc_zt=23&_nc_ht=scontent-lhr6-2.cdninstagram.com&edm=ANo9K5cEAAAA&_nc_gid=i9uo-_iIqfzdmG1DuvCr4w&_nc_tpa=Q5bMBQEE2jvSkoVCoto2r1vbOi7v6bGNzXDqGQlJ9US3UClwH47PSR9Z3qygld5js8tYsH_ehTbpmb26Cg&oh=00_Af4xhHlumOCKZt6QtzM6UVO8bXg8ea7VlD2mDUAlQUVbnA&oe=6A1A9906";"https://www.instagram.com/p/DWjhDdGAt4l/";"🚨 Another shocker from Mela Chércoles: Holgado is reportedly heading to Gresini, which will remain with Ducati despite rumors linking it to Honda

#MotoGP #USGP #USA #motorcycle #racing";2026-03-31 18:10;"35519";"20406";"2620";"88";"12";"369";3089;"15.14"
"17909946327361752";"FEED_IMAGE";"https://scontent-lhr6-1.cdninstagram.com/v/t51.82787-15/657721878_18330737938301445_6298143405501473550_n.jpg?stp=dst-jpg_e35_tt6&_nc_cat=110&ccb=7-5&_nc_sid=18de74&efg=eyJlZmdfdGFnIjoiRkVFRC5iZXN0X2ltYWdlX3VybGdlbi5DMyJ9&_nc_ohc=88EwgdwpQbUQ7kNvwG2xJJB&_nc_oc=Adr58i1fr2jc-EgWNXm67L0QYp62cEBp9dtzX5zGX2GJGPV0V7TQtmoOD209p7bbmCc&_nc_zt=23&_nc_ht=scontent-lhr6-1.cdninstagram.com&edm=ANo9K5cEAAAA&_nc_gid=i9uo-_iIqfzdmG1DuvCr4w&_nc_tpa=Q5bMBQEYWHbv1guVJ41QlK9QUHRkCm0qo_4fXSeKwjLVFHqJqeBybYygwNLLm8WMuoUS8Vp9pdo9J8nyxA&oh=00_Af5PUc2xMCvyadAwgFMH4951NiaV2pj8diCNJsrUQs2oPg&oe=6A1AB13A";"https://www.instagram.com/p/DWi9SLyglnH/";"🚨 According to Mela Chércoles from the newspaper AS, David Alonso is set to make the leap to MotoGP with Honda’s factory team!

🇨🇴 ‘El Parce’ would be share box with Quartararo in 2027, marking a complete revolution for the Japanesse brand.

#MotoGP #USGP #USA #motorcycle #racing";2026-03-31 13:02;"225399";"150227";"12209";"405";"179";"3295";16088;"10.71"
"18110649970810432";"FEED_CAROUSEL_ALBUM";"https://scontent-lhr6-1.cdninstagram.com/v/t51.82787-15/657391659_18330647485301445_8624710729759424360_n.jpg?stp=dst-jpg_e35_tt6&_nc_cat=109&ccb=7-5&_nc_sid=18de74&efg=eyJlZmdfdGFnIjoiQ0FST1VTRUxfSVRFTS5iZXN0X2ltYWdlX3VybGdlbi5DMyJ9&_nc_ohc=9-Bc1w36AvcQ7kNvwGxa112&_nc_oc=AdoJ1_RUo0Khp6OTLWiPKmJGA43fCC238xUwsZEvEMTdmR3vlCHz4f2KikqAbkw4PJo&_nc_zt=23&_nc_ht=scontent-lhr6-1.cdninstagram.com&edm=ANo9K5cEAAAA&_nc_gid=i9uo-_iIqfzdmG1DuvCr4w&_nc_tpa=Q5bMBQEUbpnEDIeK6RzvH3IfGgvz0gT_MQXdv5T8pyoshcfXnYnPTq07EZmrZFWGgjc7DUS3pyOmHvpmKA&oh=00_Af4gG5wKpxchfVohPfhkA8q3kZIMu215iWg08cBoe2XddQ&oe=6A1AA660";"https://www.instagram.com/p/DWhJNExgst_/";"🇵🇹 Miguel Oliveira put in a superb performance at his local GP in front of his home crowd, finishing third in each of the three races over the weekend!

📸 @rokitbmwmotorradworldsbk 
#MotoGP #SBK #Oliveira #motorcycle #racing";2026-03-30 20:00;"39528";"23013";"4235";"71";"19";"47";4372;"19"
"18093459020138647";"FEED_CAROUSEL_ALBUM";"https://scontent-lhr6-2.cdninstagram.com/v/t51.82787-15/658100014_18330632146301445_5174350257359490654_n.jpg?stp=dst-jpg_e35_tt6&_nc_cat=104&ccb=7-5&_nc_sid=18de74&efg=eyJlZmdfdGFnIjoiQ0FST1VTRUxfSVRFTS5iZXN0X2ltYWdlX3VybGdlbi5DMyJ9&_nc_ohc=hsdV1HSl3ksQ7kNvwFc52Gu&_nc_oc=AdooeWZu8azJTvWcJQOLkSSzSYBN6SDYJTRz7Cd9WGCgFpHMdVfFSlusV1tNlr7UZoM&_nc_zt=23&_nc_ht=scontent-lhr6-2.cdninstagram.com&edm=ANo9K5cEAAAA&_nc_gid=i9uo-_iIqfzdmG1DuvCr4w&_nc_tpa=Q5bMBQEEcc1AxuWli6DfpLZBGrQxaj6aOrSD2GnFUCUVFBx97utaCPmh9Fmk4T04284M5NmJX7ORfN_Iiw&oh=00_Af6XqEA_qVQWrc3RvnXakB6HEyxut7D448VdxFqCQH80Mw&oe=6A1AA77F";"https://www.instagram.com/p/DWg7U5WgsPM/";"R3 / MotoGP RANKINGS USGP 🇺🇸

@deltadata 🤝 @overtake.gp 

#MotoGP #USGP #USA #motorcycle #racing";2026-03-30 17:59;"72070";"39060";"3593";"77";"59";"70";3799;"9.73"
"18096057818091648";"FEED_IMAGE";"https://scontent-lhr6-2.cdninstagram.com/v/t51.82787-15/657932448_18330589183301445_1588472442857195064_n.jpg?stp=dst-jpg_e35_tt6&_nc_cat=100&ccb=7-5&_nc_sid=18de74&efg=eyJlZmdfdGFnIjoiRkVFRC5iZXN0X2ltYWdlX3VybGdlbi5DMyJ9&_nc_ohc=8el8WSlSBKAQ7kNvwH4Uw_v&_nc_oc=AdrpsXumnmixaV4oTcrp7Nw5Tli2-thAQBvIVYuYBuM8w7wMZAI9oR6zgOczsXeL0Bc&_nc_zt=23&_nc_ht=scontent-lhr6-2.cdninstagram.com&edm=ANo9K5cEAAAA&_nc_gid=b2Ij3-vNTkQpKAaOKSr7Xw&_nc_tpa=Q5bMBQHcsRE7F4gjtlgaOt1-kaPk4lSr_DyDyZiklKcX3PhTM0-AWnJCJAuabHfF85IqLvVZvaYS5KZlMQ&oh=00_Af57vJWdQKapv0PyHwou6f545A8uEdzTDwO-VwSJGYdqIw&oe=6A1A9D12";"https://www.instagram.com/p/DWgW4FSguXG/";"🥇Bezzecchi takes back the lead after his mistake in the sprint, with Martín close behind him.

📸 @michelinmotorsport 
#MotoGP #USGP #USA #motorcycle #racing";2026-03-30 12:44;"14698";"8145";"780";"23";"1";"8";812;"9.97"
"18062453183689215";"FEED_IMAGE";"https://scontent-lhr8-2.cdninstagram.com/v/t51.82787-15/657682883_18330524086301445_7830340904317609_n.jpg?stp=dst-jpg_e35_tt6&_nc_cat=101&ccb=7-5&_nc_sid=18de74&efg=eyJlZmdfdGFnIjoiRkVFRC5iZXN0X2ltYWdlX3VybGdlbi5DMyJ9&_nc_ohc=2AwFORnTOZgQ7kNvwGfeCTN&_nc_oc=Ado2rSnDmbinbCm6e6VJ9dNe1TirK3zs2AS_IFEV6IUMcExgkWzuuY8DtMBl_MIsWPo&_nc_zt=23&_nc_ht=scontent-lhr8-2.cdninstagram.com&edm=ANo9K5cEAAAA&_nc_gid=b2Ij3-vNTkQpKAaOKSr7Xw&_nc_tpa=Q5bMBQEiV9ATiAzZlGR7nQzwOXMHPf8Yp9eq-PuIyND86AGZuuY6U5jj6K-9BI1peJ7vj7rGmwP3yVJEQA&oh=00_Af4Jxwk_8hlsMfhjQDub74Prdw7jL-xnGKvRlHf6qU21RQ&oe=6A1AB7B8";"https://www.instagram.com/p/DWe3G6tgg_w/";"🇮🇹 Another 1-2 for Aprilia!

#MotoGP #USGP #USA #motorcycle #racing";2026-03-29 22:44;"16116";"10147";"691";"14";"8";"27";740;"7.29"
"18177691717380955";"FEED_IMAGE";"https://scontent-lhr8-2.cdninstagram.com/v/t51.82787-15/657326179_18330469612301445_3733204946546101598_n.jpg?stp=dst-jpg_e35_tt6&_nc_cat=103&ccb=7-5&_nc_sid=18de74&efg=eyJlZmdfdGFnIjoiRkVFRC5iZXN0X2ltYWdlX3VybGdlbi5DMyJ9&_nc_ohc=RaHo1ezsAI4Q7kNvwEFRZ2E&_nc_oc=AdpQcFO_ogwKXwiRtUxJSkF73J_yMC0Qx3SBc9o33LwcLK2jDxipdUYryfrNm-LUeoI&_nc_zt=23&_nc_ht=scontent-lhr8-2.cdninstagram.com&edm=ANo9K5cEAAAA&_nc_gid=b2Ij3-vNTkQpKAaOKSr7Xw&_nc_tpa=Q5bMBQH-2XAY6WiYgXLRdDn3me0FlmMvhrEGKNET1gz4w6q3xvzQGSkqfvXMO-fneVsHEBoKkj5eXX1ESw&oh=00_Af5x_V4VlWGKr5vYawAZjQTBnBpxqno6hhq4F-Yg370reg&oe=6A1A99B2";"https://www.instagram.com/p/DWeF32kAuJF/";"🚨 According to ‘DIARIO AS’ and other media, Pecco has already signed a 2+2-year deal with the Noale manufacturer.

📋 This contract with Aprilia would be the longest since the one Marc Márquez signed during his final years with Honda. Do you think it’s the right decision?

#MotoGP #USGP #USA #motorcycle #racing";2026-03-29 15:33;"839154";"567176";"48296";"1256";"955";"11951";62458;"11.01"
"18321447994253571";"FEED_CAROUSEL_ALBUM";"https://scontent-lhr8-1.cdninstagram.com/v/t51.82787-15/657605583_18330345166301445_5677461601022840384_n.jpg?stp=dst-jpg_e35_tt6&_nc_cat=108&ccb=7-5&_nc_sid=18de74&efg=eyJlZmdfdGFnIjoiQ0FST1VTRUxfSVRFTS5iZXN0X2ltYWdlX3VybGdlbi5DMyJ9&_nc_ohc=QhQ7qIKGKKsQ7kNvwFJ2CMr&_nc_oc=AdoSPemJ5sghgipgYVrBL6l6vN099chu_dF72EFbm6__mu0KmFAGZRwDpnoMc_UflCQ&_nc_zt=23&_nc_ht=scontent-lhr8-1.cdninstagram.com&edm=ANo9K5cEAAAA&_nc_gid=b2Ij3-vNTkQpKAaOKSr7Xw&_nc_tpa=Q5bMBQH4jnGzG832QYfktMGn-uJeqfHhYPl7oCYEc1_OTPZvjwR6gQNyrjYRODy46a0RIS6o1G8WoXU0Wg&oh=00_Af6jacQzZvye7Z_U6cV7Ksnccc_Y0Q2zXGDkc2VtOOj1pQ&oe=6A1AA71E";"https://www.instagram.com/p/DWceVfcgnaD/";"🚨 Acosta is penalised for tyre pressure and misses out on the podium! His brand-mate Enea Bastianini moves up to third place.

📸 KTM
#MotoGP #USGP #USA #motorcycle #racing";2026-03-28 23:29;"30124";"18059";"2089";"35";"14";"95";2233;"12.37"
"17880184674518134";"FEED_IMAGE";"https://scontent-lhr6-1.cdninstagram.com/v/t51.82787-15/658030604_18330343540301445_7621188518574686825_n.jpg?stp=dst-jpg_e35_tt6&_nc_cat=109&ccb=7-5&_nc_sid=18de74&efg=eyJlZmdfdGFnIjoiRkVFRC5iZXN0X2ltYWdlX3VybGdlbi5DMyJ9&_nc_ohc=4HbSUosmDBgQ7kNvwGxcEbs&_nc_oc=Adq-eF7-E3E3cMSDgA3X_EEDjbmQK4eb4vNvhjsIchdMOS_ryMbpBiGyc9F-HEZXRhc&_nc_zt=23&_nc_ht=scontent-lhr6-1.cdninstagram.com&edm=ANo9K5cEAAAA&_nc_gid=b2Ij3-vNTkQpKAaOKSr7Xw&_nc_tpa=Q5bMBQG2-W9OvyTBEDG27pPCFDTt7AbrJf9tPqJaS8fam9osjhQI46r_JrBq5N_6Z2DLjjWi-G1VTSUBFQ&oh=00_Af6Yd8v1XpQY18NKpBZ93mduF7KhxJ0HKShA_RrWPQHyUg&oe=6A1AA4F4";"https://www.instagram.com/p/DWcbxSTAqfi/";"🚨 Marc Márquez will have to serve a long-lap penalty tomorrow following the incident with Di Giannantonio.

📸 Ducati
#MotoGP #USGP #USA #motorcycle #racing";2026-03-28 23:06;"16544";"9722";"716";"22";"34";"223";995;"10.23"
"17916112188339981";"FEED_IMAGE";"https://scontent-lhr6-2.cdninstagram.com/v/t51.82787-15/658504134_18330342868301445_9146570541753372294_n.jpg?stp=dst-jpg_e35_tt6&_nc_cat=104&ccb=7-5&_nc_sid=18de74&efg=eyJlZmdfdGFnIjoiRkVFRC5iZXN0X2ltYWdlX3VybGdlbi5DMyJ9&_nc_ohc=RBxMHHrIvewQ7kNvwGJjmOG&_nc_oc=Adp9xf25C6eXG2T61y_-J1ILI_uO5satT5kU8MqxHER1Jpdg6K8iKmEa6AyZOMlgoYE&_nc_zt=23&_nc_ht=scontent-lhr6-2.cdninstagram.com&edm=ANo9K5cEAAAA&_nc_gid=b2Ij3-vNTkQpKAaOKSr7Xw&_nc_tpa=Q5bMBQEe28ZjW7O4Yq0MYNgkEdIqsNDkZq6LOSL1TQJMEv4FRIMkIMDVgChpsjhbtmfEPNcK8wxEo6RBhg&oh=00_Af5BRHu2TzzbaH-tY0B2BRBV-MaFwVGMBCTlxyN5RaZARg&oe=6A1AC865";"https://www.instagram.com/p/DWcaESZAkRp/";"Joan Mir's crash = Chupito 🫩🥃

#MotoGP #USGP #USA #motorcycle #racing";2026-03-28 22:51;"13782";"8289";"802";"32";"9";"151";994;"11.99"
"18096285263013798";"FEED_CAROUSEL_ALBUM";"https://scontent-lhr6-1.cdninstagram.com/v/t51.82787-15/659006431_18330339871301445_6448927531901804606_n.jpg?stp=dst-jpg_e35_tt6&_nc_cat=110&ccb=7-5&_nc_sid=18de74&efg=eyJlZmdfdGFnIjoiQ0FST1VTRUxfSVRFTS5iZXN0X2ltYWdlX3VybGdlbi5DMyJ9&_nc_ohc=I9d61z6QXxIQ7kNvwGPGZrQ&_nc_oc=AdqF2t4ylgTCrcnCADwJ2DdOY5cJar6e664V-bV0oVJK-Axipj6WI7udWWcbrW6swX4&_nc_zt=23&_nc_ht=scontent-lhr6-1.cdninstagram.com&edm=ANo9K5cEAAAA&_nc_gid=b2Ij3-vNTkQpKAaOKSr7Xw&_nc_tpa=Q5bMBQFV-cYbxdVHKsLouRRV7kvmT9QsUoeKXydoi30G-yAaZWwX0qMqMniYIjmFa8JNKjY6wZvDmffAsQ&oh=00_Af5BEG6KovSCfho7E8rNNt9bmnz2kHalla06qoHgUjN0IQ&oe=6A1AB4C8";"https://www.instagram.com/p/DWcVWBnApQO/";"Jorge Martín is back at the top of the world championship standings following the 2024 Solidarity Grand Prix in Barcelona... 495 days later!

📸 @aprilia
#MotoGP #USGP #USA #motorcycle #racing";2026-03-28 22:10;"17235";"10063";"1115";"26";"7";"18";1166;"11.59"
"18455538115102035";"FEED_IMAGE";"https://scontent-lhr8-2.cdninstagram.com/v/t51.82787-15/658362545_18330337606301445_1612509048999621509_n.jpg?stp=dst-jpg_e35_tt6&_nc_cat=101&ccb=7-5&_nc_sid=18de74&efg=eyJlZmdfdGFnIjoiRkVFRC5iZXN0X2ltYWdlX3VybGdlbi5DMyJ9&_nc_ohc=mUZszlTjdnkQ7kNvwEumWIU&_nc_oc=AdqnxTwg4-gKe-lY5wVX20aleOcfUXOTpxl5quH2DIVXHaW9EiKlQjudmyIjz4MDn3g&_nc_zt=23&_nc_ht=scontent-lhr8-2.cdninstagram.com&edm=ANo9K5cEAAAA&_nc_gid=b2Ij3-vNTkQpKAaOKSr7Xw&_nc_tpa=Q5bMBQEsuZzHPi-8UC1jhg43Qv9cOFyYFnY2RkgR_zUWcddJYHQqm_CQzzeT17QvE9yirNiKFO4521KIgA&oh=00_Af5-EB3NHGvKZhDQQXYrhkjs5fvT_Eb51TQE28OIUdMteA&oe=6A1AA4D1";"https://www.instagram.com/p/DWcRgHJAn9B/";"Martinator is back! 🤖

📸 @aprilia
#MotoGP #USGP #USA #motorcycle #racing";2026-03-28 21:37;"17331";"11776";"1318";"17";"17";"16";1368;"11.62"
"18045977570748745";"FEED_IMAGE";"https://scontent-lhr6-2.cdninstagram.com/v/t51.82787-15/660811531_18330330199301445_3170114627110607643_n.jpg?stp=dst-jpg_e35_tt6&_nc_cat=100&ccb=7-5&_nc_sid=18de74&efg=eyJlZmdfdGFnIjoiRkVFRC5iZXN0X2ltYWdlX3VybGdlbi5DMyJ9&_nc_ohc=QSkcbY7xFBIQ7kNvwETDo8j&_nc_oc=Adq0pt8XTqWvoplp3MVZthyx6apZxA8bOU0DlVoWT7jCWiKSfyFELnPwkZEjxDhkCI4&_nc_zt=23&_nc_ht=scontent-lhr6-2.cdninstagram.com&edm=ANo9K5cEAAAA&_nc_gid=b2Ij3-vNTkQpKAaOKSr7Xw&_nc_tpa=Q5bMBQG-F_I8M32dGVrtW1SjnS_Z4lIPi7ExBNKln-bss79pC9wTAjTfPrgb5NTksdjcKSj8fm8X7a3MfA&oh=00_Af4F11g7hfqupzqp-lsjACf4eGMK2krOw5w0si58Kq1ZfQ&oe=6A1AB5CD";"https://www.instagram.com/p/DWcIJ_dgn2c/";"❌ Marco Bezzecchi has been handed a two-place grid penalty for Sunday’s race. Luca Marini has also been handed the same penalty.

📸 @aprilia 
#MotoGP #USGP #USA #motorcycle #racing";2026-03-28 20:15;"17783";"9631";"771";"16";"20";"44";851;"8.84"
"17991175643949119";"FEED_CAROUSEL_ALBUM";"https://scontent-lhr6-2.cdninstagram.com/v/t51.82787-15/656851521_18330311098301445_8527567029717475207_n.jpg?stp=dst-jpg_e35_tt6&_nc_cat=104&ccb=7-5&_nc_sid=18de74&efg=eyJlZmdfdGFnIjoiQ0FST1VTRUxfSVRFTS5iZXN0X2ltYWdlX3VybGdlbi5DMyJ9&_nc_ohc=9KT0YIvGjKAQ7kNvwEdvfqZ&_nc_oc=AdqoJN5aooYVfFX-VG8R6jT8dbo2PFqRYxSXtnyfaXTIBxq7ND-4lv00i61SEzQt820&_nc_zt=23&_nc_ht=scontent-lhr6-2.cdninstagram.com&edm=ANo9K5cEAAAA&_nc_gid=b2Ij3-vNTkQpKAaOKSr7Xw&_nc_tpa=Q5bMBQH9ex0MMXIJv9UpFMYfBKAAWgoGix2KQhNN10FBu487lxUx9rDkMrGR_hurEVQXoGk9OA0QjEyKOg&oh=00_Af6K-c4JoquJ7elVEGT_knCcOmlN9MCMrx7r5Fhdc1jLew&oe=6A1AC343";"https://www.instagram.com/p/DWb1wYfghj3/";"DIGGIA??? Second consecutive pole position for the 49!

#MotoGP #USGP #USA #motorcycle #racing";2026-03-28 17:34;"62141";"38487";"2951";"41";"21";"121";3134;"8.14"
"18461195728099554";"FEED_IMAGE";"https://scontent-lhr8-2.cdninstagram.com/v/t51.82787-15/656830455_18330152503301445_6513680657458883711_n.jpg?stp=dst-jpg_e35_tt6&_nc_cat=103&ccb=7-5&_nc_sid=18de74&efg=eyJlZmdfdGFnIjoiRkVFRC5iZXN0X2ltYWdlX3VybGdlbi5DMyJ9&_nc_ohc=CTJNHMDetkMQ7kNvwErsYli&_nc_oc=AdpmJUl8vX5L9KNzsBf6vI8gCeP55_2dzFVaIfJEAtVQ_WBMn20A8-6m0F-cg3GnM2w&_nc_zt=23&_nc_ht=scontent-lhr8-2.cdninstagram.com&edm=ANo9K5cEAAAA&_nc_gid=b2Ij3-vNTkQpKAaOKSr7Xw&_nc_tpa=Q5bMBQEvUhPITKXMqv-1XHcmMQiP2kpLPPkVZF2wim2nLuQ22sI3iW6jPizNyUEURyary0kKIFtkr-6TbQ&oh=00_Af6Rz44b_aUnp6ziB2tob7pUPlmTYToe1iYKLinAlWgdDQ&oe=6A1AC2C8";"https://www.instagram.com/p/DWZwG70gs6G/";"The king is back!

📸 @ducaticorse 
#MotoGP #USGP #USA #motorcycle #racing";2026-03-27 22:06;"32850";"22804";"2153";"55";"11";"66";2285;"10.02"
"18429756970143780";"FEED_IMAGE";"https://scontent-lhr6-2.cdninstagram.com/v/t51.82787-15/656902201_18330135685301445_9002577649205231532_n.jpg?stp=dst-jpg_e35_tt6&_nc_cat=105&ccb=7-5&_nc_sid=18de74&efg=eyJlZmdfdGFnIjoiRkVFRC5iZXN0X2ltYWdlX3VybGdlbi5DMyJ9&_nc_ohc=mMFH6l1bmRMQ7kNvwHIzcFg&_nc_oc=Adppb7l798fH8-sPHZjuXGgfg-rpcocrsorU6pgb7hmZre5oZFGqFhA5v5TE0DBrkL8&_nc_zt=23&_nc_ht=scontent-lhr6-2.cdninstagram.com&edm=ANo9K5cEAAAA&_nc_gid=b2Ij3-vNTkQpKAaOKSr7Xw&_nc_tpa=Q5bMBQGpvxnBufRsBFVDWgg9JbSeIt9dYfSgxUfKRXF4AahDy1WLAlsS_2Cyr4UuPmXkvPtkuzgvgD_zDA&oh=00_Af4v-F7lWep3i2E91WOhIdC6G5hSD5LO_5798dswuC5urg&oe=6A1AC6EF";"https://www.instagram.com/p/DWZbM29ghpK/";"😕 Maverick’s nightmare continues in Austin.

❌ The winner of the 2024 US Grand Prix will not be taking part in the 2026 edition due to his shoulder pain. From Overtake.GP team we wish him a speedy recovery.

📸 @ktm_official
#MotoGP #USGP #USA #motorcycle #racing";2026-03-27 19:04;"10454";"5526";"566";"12";"4";"21";603;"10.91"
"18014908973834228";"FEED_IMAGE";"https://scontent-lhr6-1.cdninstagram.com/v/t51.82787-15/656357270_18330126658301445_3552058017298687970_n.jpg?stp=dst-jpg_e35_tt6&_nc_cat=109&ccb=7-5&_nc_sid=18de74&efg=eyJlZmdfdGFnIjoiRkVFRC5iZXN0X2ltYWdlX3VybGdlbi5DMyJ9&_nc_ohc=Eg6VawbVdGkQ7kNvwEfgzVV&_nc_oc=AdpmPJAf5p6LK3EMoCdkpb4aICRv6vC_kbpFMr9VbJcKiKan9hwJVkhuf_GWDZJuhoo&_nc_zt=23&_nc_ht=scontent-lhr6-1.cdninstagram.com&edm=ANo9K5cEAAAA&_nc_gid=b2Ij3-vNTkQpKAaOKSr7Xw&_nc_tpa=Q5bMBQG0KqOJ9-G29RCw-ao6z-vm-hih2-Uo1eo0ak-B-Q8QHGk4IBggXECvaHapoa9XsPyrmQZv7rM7XA&oh=00_Af4Ayu_82CEbs17s8P1TWgqCg86xg4ycyOuYqT6uuoRelA&oe=6A1ACD8B";"https://www.instagram.com/p/DWZRcUNgm4h/";"Pedro keep his momentum 🔥

📸 @ktm_official 
#MotoGP #USGP #USA #motorcycle #racing";2026-03-27 17:38;"8795";"5474";"434";"7";"2";"7";450;"8.22"
"18042528332534111";"FEED_IMAGE";"https://scontent-lhr8-1.cdninstagram.com/v/t51.82787-15/654903274_18330097864301445_1177679680066282623_n.jpg?stp=dst-jpg_e35_tt6&_nc_cat=107&ccb=7-5&_nc_sid=18de74&efg=eyJlZmdfdGFnIjoiRkVFRC5iZXN0X2ltYWdlX3VybGdlbi5DMyJ9&_nc_ohc=B4fq5rLIEnYQ7kNvwE_dJEx&_nc_oc=AdpKPpfLuos3SR48Rp9FE1vgVvEK5mCDBr7QOvpAu91W6TKfCYqCkLVhMUZHXnNHf-o&_nc_zt=23&_nc_ht=scontent-lhr8-1.cdninstagram.com&edm=ANo9K5cEAAAA&_nc_gid=b2Ij3-vNTkQpKAaOKSr7Xw&_nc_tpa=Q5bMBQEWWJ5McJkRPPcbXk5-SVUUbr9dex7VCwmDcWoV8BqnH2gxl_dq0g0l5wC-P-zsu0HbEuzfeY1yLw&oh=00_Af5IbsnzOm8g71nR6VUX8POyQuo8iNFkSeR8I2DUFSUfDA&oe=6A1AAF60";"https://www.instagram.com/p/DWY389bAmlE/";"💬 A few weeks ago, rumors began circulating about the younger Márquez brother moving to the KTM factory team.

💶 After the Brazilian GP, journalist Manuel Pecino discussed this matter and mentioned that the No. 73 rider’s contract would be around €1 million per year, more than double his current contract.

🤔 Do you think it’s worth trading a Ducati for a KTM in exchange for that salary and becoming one of the team’s 10 factory riders?

📸: Gold and Goose
#MotoGP #USGP #USA #motorcycle #racing";2026-03-27 14:07;"149510";"98747";"4523";"198";"27";"218";4966;"5.03"
"18364135699166940";"FEED_CAROUSEL_ALBUM";"https://scontent-lhr8-2.cdninstagram.com/v/t51.82787-15/657383024_18330004558301445_3665346690947087952_n.jpg?stp=dst-jpg_e35_tt6&_nc_cat=106&ccb=7-5&_nc_sid=18de74&efg=eyJlZmdfdGFnIjoiQ0FST1VTRUxfSVRFTS5iZXN0X2ltYWdlX3VybGdlbi5DMyJ9&_nc_ohc=Tm03qXmPlaIQ7kNvwEHXYe1&_nc_oc=Ado_03D29RcK1ebc8EEwhPdGZIcDRN8BvwoxAsWC_RFZ6g9um4BTtp4ForYCYbFW0iY&_nc_zt=23&_nc_ht=scontent-lhr8-2.cdninstagram.com&edm=ANo9K5cEAAAA&_nc_gid=b2Ij3-vNTkQpKAaOKSr7Xw&_nc_tpa=Q5bMBQFu47nLd4okpKw4gZbEC4SOphmeaNxH_Gg1_Nr1MJOECpF0aIq9md7AmZIAcnDGYf8KBgbaElmBsw&oh=00_Af4lZ7q1bfOVgnWfdcKfwd2_JRzUV_YftskInj3lhXyOxg&oe=6A1AB550";"https://www.instagram.com/p/DWXJDDvgi93/";"🇧🇷 BRAZILIAN GP RANKINGS

✍️ The 2026 MotoGP rankings are based on an analytical methodology developed by @deltadata, structured around predefined performance scales designed to measure each rider’s performance as accurately as possible. The model aims to isolate external factors unrelated to riding ability, focusing the evaluation on the rider’s capacity to achieve results relative to the estimated performance level of their motorcycle. The analysis is strictly limited to on-track results obtained throughout the season.

Evaluation Criteria:

Combined session analysis with weighted distribution: qualifying (10%), sprint race (25%), and main race (65%).

An approximate deduction of 0.4 points in the rating for every tenth of a second per lap difference. This coefficient may vary depending on specific criteria, such as whether the rider competes on a factory or satellite motorcycle.

Continuous performance assessment throughout the season.

Specific consideration of motorcycle performance in order to isolate the technical factor from the rider’s contribution.

Analysis of each race start and positions gained relative to starting grid position.

Grands Prix contested by riders with evident physical limitations are excluded from evaluation.

Excluded Variables:

Contextual factors (rookie status, manufacturer changes, adaptation processes, etc.).

📸 / @ktmfactoryracing | @lcr.team 
#motogp #braziliangp #moto #motorcycle #racing";2026-03-26 21:46;"37862";"22085";"1321";"30";"12";"28";1391;"6.3"
"18059203583428440";"FEED_IMAGE";"https://scontent-lhr6-2.cdninstagram.com/v/t51.82787-15/656422914_18329977918301445_4656168390177989209_n.jpg?stp=dst-jpg_e35_tt6&_nc_cat=104&ccb=7-5&_nc_sid=18de74&efg=eyJlZmdfdGFnIjoiRkVFRC5iZXN0X2ltYWdlX3VybGdlbi5DMyJ9&_nc_ohc=q0EtXzC5NJAQ7kNvwFaEpyz&_nc_oc=AdpyT1L-JpDuhz37HxskZLwASkVe4jHHz2qMU94-AfDipzN7u4O73dF5bMJLfNxBlyQ&_nc_zt=23&_nc_ht=scontent-lhr6-2.cdninstagram.com&edm=ANo9K5cEAAAA&_nc_gid=b2Ij3-vNTkQpKAaOKSr7Xw&_nc_tpa=Q5bMBQG2VOKuwq-j9kNvSSmCc6FwbyHK53l_afr33OB4HBGg269zINOM7DbZPAtIO74pzrIZk-w97pmVUQ&oh=00_Af6mdUIhjLCwqOaQ8wV5rUUGlzF0hL7DLZ0aQRe07aACSw&oe=6A1AC3B2";"https://www.instagram.com/p/DWWsF9SguxH/";"💭 A few days ago, rumours emerged that Mir was set to sign with Trackhouse.

📰 However, in an interview with @lesportiucat, the 36 denied having anything finalized, recognizing that they are in talks with brands but that his commitment to Honda has been and remains absolute.

📸: Honda Racing Corporartion
#MotoGP #USGP #USA #motorcycle #racing";2026-03-26 17:33;"35666";"21364";"1704";"66";"22";"56";1848;"8.65"
"17999094155743068";"FEED_IMAGE";"https://scontent-lhr8-1.cdninstagram.com/v/t51.82787-15/656838335_18329485597301445_6507234981355271709_n.jpg?stp=dst-jpg_e35_tt6&_nc_cat=107&ccb=7-5&_nc_sid=18de74&efg=eyJlZmdfdGFnIjoiRkVFRC5iZXN0X2ltYWdlX3VybGdlbi5DMyJ9&_nc_ohc=FLYNlIxWMwoQ7kNvwGPJYp9&_nc_oc=AdrM2rOMaKQNYKy6aqUOQYcHoKhfkwI8G36FAioVIioEfP3878mALjWEDB3FIZiIMfw&_nc_zt=23&_nc_ht=scontent-lhr8-1.cdninstagram.com&edm=ANo9K5cEAAAA&_nc_gid=tizYb4iWSUnqOHBHENdFzA&_nc_tpa=Q5bMBQGxbIivwjWfcxYTiMS4zEFb2DkgoMQqNg7Cpr7MwJAY3LembZ_qm0AlSA4-HeGF9zqLTuzLwU6cXA&oh=00_Af4XqJtFDaDmGhXwLPDDeZ87vIxP9gM5H5FRxPBSjhAXbA&oe=6A18056C";"https://www.instagram.com/p/DWPEX19AtV6/";"🚨 Holgado is set to move up to the premier class with Tech3!

🗣️ According to information received at Overtake.GP, the current Moto2 world championship leader is expected to sign a 2+1-year contract. However, the announcement is far from being made public due to the consensus silence agreed between the teams regarding future moves for 2027.

#MotoGP #AmericasGP #USA #motorcycle #racing";2026-03-23 18:32;"84588";"50856";"4686";"141";"30";"908";5765;"11.34"
"17985163610975643";"FEED_IMAGE";"https://scontent-lhr6-2.cdninstagram.com/v/t51.82787-15/655753415_18329421145301445_2532829098413591629_n.jpg?stp=dst-jpg_e35_tt6&_nc_cat=104&ccb=7-5&_nc_sid=18de74&efg=eyJlZmdfdGFnIjoiRkVFRC5iZXN0X2ltYWdlX3VybGdlbi5DMyJ9&_nc_ohc=uNbgTcHfWe0Q7kNvwEa9JRc&_nc_oc=AdoWKWApVwDixbL2si_pECC3X6uJThBfK1xoDO2EGTkYOvKKjjP7zxEIYDaml381irY&_nc_zt=23&_nc_ht=scontent-lhr6-2.cdninstagram.com&edm=ANo9K5cEAAAA&_nc_gid=tizYb4iWSUnqOHBHENdFzA&_nc_tpa=Q5bMBQHwQwZudS9YNIRLKdBIDm0_9CHarAPozBJNsMDcld4evpvhlA7wqhWhtZGhQjlZNH1SDH6o8yIZvA&oh=00_Af7osGruXUZDtm-oRRSQSBxX8mE1sy5nr5xKTOpc1nlCtA&oe=6A17F798";"https://www.instagram.com/p/DWOlp33gmlx/";"🇺🇸 Second consecutive Race Week before the brief break leading up to Jerez!

📸/ @ducaticorse 
#MotoGP #AmericasGP #USA #motorcycle #racing";2026-03-23 14:05;"6236";"3488";"268";"8";"9";"5";290;"8.31"
"18097712543061861";"FEED_IMAGE";"https://scontent-lhr6-2.cdninstagram.com/v/t51.82787-15/656181406_18329293204301445_147419962751167001_n.jpg?stp=dst-jpg_e35_tt6&_nc_cat=105&ccb=7-5&_nc_sid=18de74&efg=eyJlZmdfdGFnIjoiRkVFRC5iZXN0X2ltYWdlX3VybGdlbi5DMyJ9&_nc_ohc=RxyrjcbILh8Q7kNvwFuKNJn&_nc_oc=AdrHRNEjHPe6vcJj56GmWwecyISW89rVyeTj0cl1WvosmzFwzTdh3kbZ0tr0eW0DrvQ&_nc_zt=23&_nc_ht=scontent-lhr6-2.cdninstagram.com&edm=ANo9K5cEAAAA&_nc_gid=NPpjZduBrGSNlb2G5Wwqsg&_nc_tpa=Q5bMBQGLKlvAh0RVBpkLyJ7eoleB6hGHetKrNKGEBXEYx9uba_2-NaA2_gYKMhsJASR1YwD7SlnXXHvFnA&oh=00_Af5_FsA35soHAYCUQC_WQFccqChtu8QhhUH3enCmXIri6g&oe=6A16A703";"https://www.instagram.com/p/DWMyNp6AkWL/";"☝️ Bezz takes the lead in the standings from Acosta and becomes the first Aprilia rider to lead the world championship since Aleix Espargaró in 2022.

📸 / Gold & Goose
#motogp #braziliangp #brazil #moto #motorcycle";2026-03-22 21:15;"23142";"17552";"1436";"57";"11";"24";1528;"8.71"
"18107852311883945";"FEED_IMAGE";"https://scontent-lhr6-1.cdninstagram.com/v/t51.82787-15/655662529_18329274880301445_8714178774536023096_n.jpg?stp=dst-jpg_e35_tt6&_nc_cat=102&ccb=7-5&_nc_sid=18de74&efg=eyJlZmdfdGFnIjoiRkVFRC5iZXN0X2ltYWdlX3VybGdlbi5DMyJ9&_nc_ohc=GvFpY7yS14AQ7kNvwF8MDmN&_nc_oc=Ado1dNqln1JmOgiT2pM5R3sRpVnmipESYHcdZPVH6Glbri1x6fU9762-df9WGYlS0y8&_nc_zt=23&_nc_ht=scontent-lhr6-1.cdninstagram.com&edm=ANo9K5cEAAAA&_nc_gid=NPpjZduBrGSNlb2G5Wwqsg&_nc_tpa=Q5bMBQGUwI-lrvXvtIyldjRWcDOc3PKX2aWS9TtcoLr4vG2KM4q_m5fso2gRk9FSq6dFepYQl8EClVU2Bg&oh=00_Af5W6fUGXsNf5kDaSQB3_xjf0_YNvMLlnzqdLlglwKQgHQ&oe=6A16AFAF";"https://www.instagram.com/p/DWMpvBtAnmp/";"🤖 Martinator is back!

🦾 Jorge secures a double podium finish in the Brazilian Grand Prix, putting him in 2nd place in the overall standings.

📸: @michelinmotorsport 
#motogp #braziliangp #brazil #moto #motorcycle";2026-03-22 20:00;"10802";"6786";"943";"23";"7";"27";1000;"14.74"
"18088239548241266";"FEED_IMAGE";"https://scontent-lhr6-2.cdninstagram.com/v/t51.82787-15/656877650_18329270224301445_150222604798190755_n.jpg?stp=dst-jpg_e35_tt6&_nc_cat=104&ccb=7-5&_nc_sid=18de74&efg=eyJlZmdfdGFnIjoiRkVFRC5iZXN0X2ltYWdlX3VybGdlbi5DMyJ9&_nc_ohc=8zBrdMb1zJUQ7kNvwFjMQ7d&_nc_oc=AdqbAMFXy6C0iiC6mSF593ptbNivgJDgYtOZl9DMtm54_JU5denXi4bOp_SESxJOOZs&_nc_zt=23&_nc_ht=scontent-lhr6-2.cdninstagram.com&edm=ANo9K5cEAAAA&_nc_gid=NPpjZduBrGSNlb2G5Wwqsg&_nc_tpa=Q5bMBQFSOOw4RuUKbUsXfQjWxmdcuqPrfiITCH7zMRPYJyv1cYmwmtjil91juuBgC_tgedRhm7s64NlzRQ&oh=00_Af5N8-5v37TS-DWYUIWcfh9RaNbkPg8Fa6uoLm1qxh-x1Q&oe=6A16C6EA";"https://www.instagram.com/p/DWMmorQgjwd/";"🇮🇹 P1-P2 for Aprilia!

📸: @aprilia 
#motogp #braziliangp #brazil #moto #motorcycle";2026-03-22 19:33;"14676";"10375";"729";"15";"24";"32";800;"7.71"
"18098053063795905";"FEED_IMAGE";"https://scontent-lhr6-2.cdninstagram.com/v/t51.82787-15/655964102_18329210431301445_6516111936840920233_n.jpg?stp=dst-jpg_e35_tt6&_nc_cat=100&ccb=7-5&_nc_sid=18de74&efg=eyJlZmdfdGFnIjoiRkVFRC5iZXN0X2ltYWdlX3VybGdlbi5DMyJ9&_nc_ohc=seclxLEhGuoQ7kNvwG6PmHm&_nc_oc=Adr-6Dohpcd8gOoEUd0vx7v5KhcvfTy36IUx-91hbixZDNGXp49F-Q1HBxO3xui5k40&_nc_zt=23&_nc_ht=scontent-lhr6-2.cdninstagram.com&edm=ANo9K5cEAAAA&_nc_gid=NPpjZduBrGSNlb2G5Wwqsg&_nc_tpa=Q5bMBQFxpgYkg60O3oghHU2SzvnQTsUqvKNkqLX3WD1Y6Rd7pPPO1XW9232fQqu7YCmdxOnGGeO9aSL4HQ&oh=00_Af76qQqziCZHnqK7PROLcsvsECAdNzyA4UmZ4q7sSokx3g&oe=6A16D00E";"https://www.instagram.com/p/DWL0yKRAku-/";"🇦🇺 Jack Miller didn’t follow the traditional path, skipping Moto2 and jumping straight into MotoGP. From wild rides in the rain to unforgettable wins, he’s built his career on raw instinct, resilience, and pure racing spirit.

🙌 200 GPs later, nothing’s changed, still all heart, all gas, all in.

#motogp #braziliangp #brazil #moto #motorcycle";2026-03-22 12:18;"19659";"11572";"1969";"50";"10";"27";2056;"17.77"
"18096604741990062";"FEED_IMAGE";"https://scontent-lhr6-1.cdninstagram.com/v/t51.82787-15/656249263_18329111839301445_4640198577611478609_n.jpg?stp=dst-jpg_e35_tt6&_nc_cat=110&ccb=7-5&_nc_sid=18de74&efg=eyJlZmdfdGFnIjoiRkVFRC5iZXN0X2ltYWdlX3VybGdlbi5DMyJ9&_nc_ohc=ox2Z032akcoQ7kNvwHFaKE5&_nc_oc=Adr6jSzst4DqogiNQxVfpb516fI4MQd14aJDW-Voq7894BzJFfYq2BuDOUk1MyxEBJQ&_nc_zt=23&_nc_ht=scontent-lhr6-1.cdninstagram.com&edm=ANo9K5cEAAAA&_nc_gid=TAVGqgrfSLswk3OOTKEQ6Q&_nc_tpa=Q5bMBQE8j39Lyo0uOMZ0sIxShf_yObgIzzhLPOCjAiWWLOZlms-D4vI-K1E5Cguup2rLjbmH4D0VatmlXg&oh=00_Af4oKyEdGYZ00LuE8msFYiwqA0IyyqNGC4r649h66oEz2A&oe=6A156267";"https://www.instagram.com/p/DWKJzOygl1j/";"First sprint win for Marc in 2026!

📸: @michelinmotorsport 
#motogp #braziliangp #brazil #moto #motorcycle";2026-03-21 20:43;"80296";"59070";"4464";"64";"18";"31";4577;"7.75"
"18084809693210677";"FEED_CAROUSEL_ALBUM";"https://scontent-lhr6-1.cdninstagram.com/v/t51.82787-15/655462617_18329071933301445_2064713716780392254_n.jpg?stp=dst-jpg_e35_tt6&_nc_cat=110&ccb=7-5&_nc_sid=18de74&efg=eyJlZmdfdGFnIjoiQ0FST1VTRUxfSVRFTS5iZXN0X2ltYWdlX3VybGdlbi5DMyJ9&_nc_ohc=aQPhx4ApUDgQ7kNvwH02nEV&_nc_oc=Adp35HEdKN4fBqkhs6s61adMnnszHrO_fpqhqsen2U3erxLSvf2Qjn1LjJqHMcHMBXw&_nc_zt=23&_nc_ht=scontent-lhr6-1.cdninstagram.com&edm=ANo9K5cEAAAA&_nc_gid=TAVGqgrfSLswk3OOTKEQ6Q&_nc_tpa=Q5bMBQEnT-yu0MgzZyN1iFaoD21u1qxLZDKEhVblNGdXOFWA78cCzWKNmrukM_R7Bf4RuLVWoVqmVHAuIQ&oh=00_Af7dzkPjfy8qTNLA9b6dXIvOI_3Po-PMr6gbrZ63SagF7Q&oe=6A1587C8";"https://www.instagram.com/p/DWJmSz7ghOJ/";"⏱️ Diggia secures the second pole position of his MotoGP career, ahead of Bezz and Márquez!

#motogp #braziliangp #brazil #moto #motorcycle";2026-03-21 15:33;"86013";"53661";"3258";"67";"24";"484";3833;"7.14"
"18107471107884150";"FEED_IMAGE";"https://scontent-lhr6-1.cdninstagram.com/v/t51.82787-15/653946811_18328960087301445_6728869714180962415_n.jpg?stp=dst-jpg_e35_tt6&_nc_cat=110&ccb=7-5&_nc_sid=18de74&efg=eyJlZmdfdGFnIjoiRkVFRC5iZXN0X2ltYWdlX3VybGdlbi5DMyJ9&_nc_ohc=vR-N3l_Yz8cQ7kNvwE3CMWh&_nc_oc=Ado2fzhVMAWYi3DDB_HQAVUMO_u6dqyqQhDWebxZKaBYisUxrPEv2W1n4PZ8HBgCC-k&_nc_zt=23&_nc_ht=scontent-lhr6-1.cdninstagram.com&edm=ANo9K5cEAAAA&_nc_gid=Hg-10dqX2XQinfdeeY0uLA&_nc_tpa=Q5bMBQGdt22O_sMgtKpbwNfDGKunelvSFmnfl3OH2BIgzP5GbwzSD_Hzbia8myunGuAkfo6Pnq5Lr18wFQ&oh=00_Af5RjkrakK94dO3EMesvlcPv8nqptakBtuHktipf78aDzA&oe=6A141688";"https://www.instagram.com/p/DWHsLOgAiqf/";"👨‍💼 It wasn’t a bad day at all at the office for Toprak

📸: Gold and Goose 
#motogp #braziliangp #brazil #moto #motorcycle";2026-03-20 21:51;"15897";"9497";"1521";"19";"9";"7";1556;"16.38"
"18016264256824179";"FEED_IMAGE";"https://scontent-lhr6-2.cdninstagram.com/v/t51.82787-15/655956525_18328955185301445_1331147929665687424_n.jpg?stp=dst-jpg_e35_tt6&_nc_cat=100&ccb=7-5&_nc_sid=18de74&efg=eyJlZmdfdGFnIjoiRkVFRC5iZXN0X2ltYWdlX3VybGdlbi5DMyJ9&_nc_ohc=77C_iUvxs5wQ7kNvwFbzt28&_nc_oc=AdqiWfJKNPLrff4hotcXJJ01kzmQG4e4YxfrMX068mOTXVW077M8HxQU8I6JrZ1KQnc&_nc_zt=23&_nc_ht=scontent-lhr6-2.cdninstagram.com&edm=ANo9K5cEAAAA&_nc_gid=Hg-10dqX2XQinfdeeY0uLA&_nc_tpa=Q5bMBQHk7SR5lUoepjLokr0WJhiH7n9uv5OdER7hKxjDzWutgepIJlwWGEZBGmchHfaNbjosVWRygGZL7A&oh=00_Af7QTF40v651XKW31_MT8YdQgHZV6INWUWCTB53_ZdLI_w&oe=6A141E86";"https://www.instagram.com/p/DWHnEJiAosR/";"☔️ This is your top 10 on wet.

📸: @lcr.team 
#motogp #braziliangp #brazil #moto #motorcycle";2026-03-20 21:01;"30378";"19851";"1838";"35";"22";"54";1949;"9.82"
"18329989663221674";"FEED_IMAGE";"https://scontent-lhr8-1.cdninstagram.com/v/t51.82787-15/656284236_18328934284301445_3519693309022899429_n.jpg?stp=dst-jpg_e35_tt6&_nc_cat=108&ccb=7-5&_nc_sid=18de74&efg=eyJlZmdfdGFnIjoiRkVFRC5iZXN0X2ltYWdlX3VybGdlbi5DMyJ9&_nc_ohc=o1ZRXmWKJ1IQ7kNvwFnWHgb&_nc_oc=Adpp_Pl5k8q74byn77HwquYKJZaR20qMdF-SH_P__tZRnPRgR4yem2wJU6QPveFUN4A&_nc_zt=23&_nc_ht=scontent-lhr8-1.cdninstagram.com&edm=ANo9K5cEAAAA&_nc_gid=Hg-10dqX2XQinfdeeY0uLA&_nc_tpa=Q5bMBQH5k6LeM8cMkKXMATKsQQNFxo2VkUSSzuufzpzk_bYV0y3eSrJbZMXU5iG6sNixps-uDnyQV3E5yg&oh=00_Af54oFSpBu4F2l1AC_sWyf-23ERv2V5tb6CQk0pV9kN_RA&oe=6A142F74";"https://www.instagram.com/p/DWHUpCwAnWc/";"😕 Even though it’s just FP1 on a new track, the drama surrounding Quartararo and Yamaha continues.

📉 Last on the grid, 3 seconds off the lead and no feeling with the bike even during the practice starts.

📸: @yamahamotogp
#motogp #braziliangp #brazil #moto #motorcycle";2026-03-20 18:20;"9317";"5172";"455";"13";"6";"13";487;"9.42"
"18102757775506247";"FEED_IMAGE";"https://scontent-lhr6-2.cdninstagram.com/v/t51.82787-15/655288993_18328924453301445_6816872987128796326_n.jpg?stp=dst-jpg_e35_tt6&_nc_cat=105&ccb=7-5&_nc_sid=18de74&efg=eyJlZmdfdGFnIjoiRkVFRC5iZXN0X2ltYWdlX3VybGdlbi5DMyJ9&_nc_ohc=KQTG92wVg6QQ7kNvwHVnrE5&_nc_oc=Adr-rriVMuc3zLHlGgK9rb0y9LCAe9egg5k2kDaFCYckP_AsrPfdm3DwA0LGvPiW01c&_nc_zt=23&_nc_ht=scontent-lhr6-2.cdninstagram.com&edm=ANo9K5cEAAAA&_nc_gid=Hg-10dqX2XQinfdeeY0uLA&_nc_tpa=Q5bMBQHxik55sW72XR9r1DQCQVa2LjGYajbJ0tEk519VBro265P1M7PHUlAIYx7oXWJTNtQTDJKAj95y4Q&oh=00_Af7hi91Bk57lC8qynt3927LH5M4JWon8uLC6UiGg-JIENQ&oe=6A1443EF";"https://www.instagram.com/p/DWHM573gv5O/";"☝️ P1 for Pedro in Brazil.

📸: @ktm_official | Rob Gray
#motogp #braziliangp #brazil #moto #motorcycle";2026-03-20 17:12;"31301";"21895";"1576";"29";"3";"32";1640;"7.49"
"18575104483045025";"FEED_IMAGE";"https://scontent-lhr8-1.cdninstagram.com/v/t51.82787-15/654413733_18328889308301445_6563001994715415765_n.jpg?stp=dst-jpg_e35_tt6&_nc_cat=108&ccb=7-5&_nc_sid=18de74&efg=eyJlZmdfdGFnIjoiRkVFRC5iZXN0X2ltYWdlX3VybGdlbi5DMyJ9&_nc_ohc=l74zfX-QJHMQ7kNvwFHfx--&_nc_oc=AdqJg2f9hZXZk_0CiCOEoLYazsM2e5W_2EKkrVOav8oD7LN6SLVJmYW_naDyYXTqUcg&_nc_zt=23&_nc_ht=scontent-lhr8-1.cdninstagram.com&edm=ANo9K5cEAAAA&_nc_gid=Hg-10dqX2XQinfdeeY0uLA&_nc_tpa=Q5bMBQE4jx3sCYwXGyINsXc8PNE249LhtrQve3IfUakUSwq7Ki9sig5Ki0t7WyBEWMtB3qLh3V280rBFsw&oh=00_Af6CvVO0Y-Bv85ENUe1EhbeCoha6EqKzNzg07G-gklYceg&oe=6A141552";"https://www.instagram.com/p/DWHA6kLgmAF/";"🚨 According to AS, Fermín Aldeguer will remain with Ducati but will be wearing yellow for VR46.

😯 Gresini Racing will therefore lose both its riders ahead of 2027. Who do you think will make up the rider line-up for Nadia Padovani’s team?

#motogp #braziliangp #brazil #moto #motorcycle";2026-03-20 15:28;"84089";"57124";"5087";"151";"82";"858";6178;"10.82"
"17873980935559340";"FEED_CAROUSEL_ALBUM";"https://scontent-lhr8-1.cdninstagram.com/v/t51.82787-15/655443184_18328724914301445_2382508349905226039_n.jpg?stp=dst-jpg_e35_tt6&_nc_cat=108&ccb=7-5&_nc_sid=18de74&efg=eyJlZmdfdGFnIjoiQ0FST1VTRUxfSVRFTS5iZXN0X2ltYWdlX3VybGdlbi5DMyJ9&_nc_ohc=PSQEUSRQ5NYQ7kNvwHRVFX_&_nc_oc=AdpTUjlx99yqAhuJVBljoRU75OSZXm8NiHi5C_kCBExfaf34YugsRnPVIvGEMvejy2A&_nc_zt=23&_nc_ht=scontent-lhr8-1.cdninstagram.com&edm=ANo9K5cEAAAA&_nc_gid=LaQxy_LHq7tODY_mOY0ruw&_nc_tpa=Q5bMBQFDEfXiGvL5Zyr987YmNmiZTBHoFfpEfI191D7_2GRt_8zIRaxWf_PfuAn4Sy_YjvpltiWB8f9bWQ&oh=00_Af7Ha00kR8wg1LIhVipGJ2VdoAfPcMAoFX84duzBfpxvpA&oe=6A12C55C";"https://www.instagram.com/p/DWElnPngiog/";"🎙️ The Mallorca-born rider was interviewed on ""L'Esportiu"", where he expressed confidence about this season and a potential move up to MotoGP in the near future.

🗣️ Even so, the Moto3 champion is the first to admit that he first needs to prove what he can do on track to deserve a seat among the 22 best riders in the world – most likely with Yamaha, as he shares sponsorship with Pramac.

📸 / Pramac Racing
📰 / Roger Amores, @lesportiucat 
#motogp #braziliangp #brazil #moto #motorcycle";2026-03-19 16:51;"37480";"20841";"2043";"52";"5";"39";2139;"10.26"
"18197021284343357";"FEED_IMAGE";"https://scontent-lhr6-2.cdninstagram.com/v/t51.82787-15/654717898_18328507258301445_5203227864657464246_n.jpg?stp=dst-jpg_e35_tt6&_nc_cat=104&ccb=7-5&_nc_sid=18de74&efg=eyJlZmdfdGFnIjoiRkVFRC5iZXN0X2ltYWdlX3VybGdlbi5DMyJ9&_nc_ohc=eduW-2MAV2UQ7kNvwEl5lxE&_nc_oc=AdoKwPWvIEAF03nOwdDi9R1kmjtsQteutcMel4G1WreQb5JSMMmuKIMtBg6wua4IJS4&_nc_zt=23&_nc_ht=scontent-lhr6-2.cdninstagram.com&edm=ANo9K5cEAAAA&_nc_gid=5jdsNZ-toWmCSf47kz6axQ&_nc_tpa=Q5bMBQHR2zF293Ui6luqZJE_cc0pwuDqxutM0rtAThEGkLULweg7FDQ_ZIOBk0NkuBN8XWoiM9EtZUE8Aw&oh=00_Af7zDNHNc5ydtnv5Qf_nL7jFnkQOTLbjulGEPjvWz0n1Pw&oe=6A1192BB";"https://www.instagram.com/p/DWB1Cmrgr5e/";"🚨 A Spanish publication reported that Mir is going to Aprilia to be back with Davide Brivio, with whom he won the 2020 world championship with Suzuki.

❌ However, his agent Paco Sánchez responded sarcastically to these reports, saying that he himself knew nothing about this rumor. Do you think Mir will remain with Honda or will he look for a new challenge?

#motogp #braziliangp #brazil #moto #motorcycle";2026-03-18 15:08;"61695";"41237";"3609";"119";"69";"301";4098;"9.94"
"18060126755677961";"FEED_IMAGE";"https://scontent-lhr6-2.cdninstagram.com/v/t51.82787-15/651934134_18328369840301445_5854487513629987004_n.jpg?stp=dst-jpg_e35_tt6&_nc_cat=104&ccb=7-5&_nc_sid=18de74&efg=eyJlZmdfdGFnIjoiRkVFRC5iZXN0X2ltYWdlX3VybGdlbi5DMyJ9&_nc_ohc=d3jYhwKzHjoQ7kNvwG6ySgS&_nc_oc=AdqiIDUbt00QPS_FasQnHzrFH7AmrjNAWu3uiPYgIwbuwHwPqNFlWzH9LvUmClvmhxU&_nc_zt=23&_nc_ht=scontent-lhr6-2.cdninstagram.com&edm=ANo9K5cEAAAA&_nc_gid=PnnQi9JRjlpGqZdj4v9REg&_nc_tpa=Q5bMBQH6vLQMtIu7LFhmx8QzS0hpO1NLKfjRTIdV5vFy33tKeVm5oonFrqT4rPNzylghP8mnVmL7k7Gw0w&oh=00_Af4838XYJtrPdXacyHR4ae1Pj4m0f-glOb0ODC5kVFo_Aw&oe=6A1033DC";"https://www.instagram.com/p/DV_Txb3Ahbu/";"😟 It’s hard to read these words, but even Marc Márquez himself admits that he doesn’t have many more years left before he retires.

🤕 The number 93 admits that all those injuries and operations are taking their toll on him physically. Will we at least get to see him win one more title before his departure?

📸 / Europa Press
#motogp #braziliangp #brazil #moto #motorcycle";2026-03-17 15:38;"170109";"119003";"13960";"695";"444";"3832";18931;"15.91"
"18092878865032192";"FEED_IMAGE";"https://scontent-lhr8-1.cdninstagram.com/v/t51.82787-15/650730356_18328144222301445_7230327546093658254_n.jpg?stp=dst-jpg_e35_tt6&_nc_cat=107&ccb=7-5&_nc_sid=18de74&efg=eyJlZmdfdGFnIjoiRkVFRC5iZXN0X2ltYWdlX3VybGdlbi5DMyJ9&_nc_ohc=4l6yVcmuwSoQ7kNvwEJzR6r&_nc_oc=AdrDNpAxsimG2VPFTfWHU9Ga6eo2LMz2nukOqy5xKcEfS4ApnSM27MHf0PiZ-8rJNao&_nc_zt=23&_nc_ht=scontent-lhr8-1.cdninstagram.com&edm=ANo9K5cEAAAA&_nc_gid=9r62cU7F5oksK3b9Wl8F5A&_nc_tpa=Q5bMBQGjs_4niIu1woqBG-Fl1hVq1Cnzxdlcj7WRLLAmuR078gZiq5j_wtr0eo_MpWRTmR3uA1pxlmRD6g&oh=00_Af5Loj7ptDylNse5VedJA9Cp_cB168DOKCQGpztIn9cnVA&oe=6A0ED671";"https://www.instagram.com/p/DV8dCRMAiIY/";"It’s Race Week again! 🇧🇷🤩

📸 / @lcr.team 
#motogp #braziliangp #brazil #moto #motorcycle";2026-03-16 13:07;"6793";"4010";"495";"7";"3";"9";514;"12.82"
"18009447344693055";"FEED_IMAGE";"https://scontent-lhr8-1.cdninstagram.com/v/t51.82787-15/652051174_18327970066301445_4419540584966510823_n.jpg?stp=dst-jpg_e35_tt6&_nc_cat=107&ccb=7-5&_nc_sid=18de74&efg=eyJlZmdfdGFnIjoiRkVFRC5iZXN0X2ltYWdlX3VybGdlbi5DMyJ9&_nc_ohc=BhoXKnZnhlYQ7kNvwEHvVjf&_nc_oc=AdolDp9B9lmZdD6VQESvevqSz4B-JifmGMLdd9JqFZ_RpZBp7EYqhr02XTfj7P70Vu8&_nc_zt=23&_nc_ht=scontent-lhr8-1.cdninstagram.com&edm=ANo9K5cEAAAA&_nc_gid=E-a-N8_UTZ2p18dm1-xaCQ&_nc_tpa=Q5bMBQEzJdy1LxQOPk7Ue9E1goyhzNqCETAzcyhdpx-Xz5h3bTzvvZ-fuU9gO0-nHsOioVObGA-AefZE-Q&oh=00_Af7LV4rReFRnEyuYegragH629ttvApS9dW2oWSNre3GXiQ&oe=6A0D8C78";"https://www.instagram.com/p/DV6RRcWgtEm/";"😯 How things have changed in such a short time!

📸 / @scuderiaferrari 
#motogp #f1 #hamilton #moto #motorcycle";2026-03-15 16:40;"49637";"29199";"4081";"164";"12";"82";4339;"14.86"
"18004886867854145";"FEED_IMAGE";"https://scontent-lhr8-2.cdninstagram.com/v/t51.82787-15/650671100_18327812191301445_4232760999241047755_n.jpg?stp=dst-jpg_e35_tt6&_nc_cat=106&ccb=7-5&_nc_sid=18de74&efg=eyJlZmdfdGFnIjoiRkVFRC5iZXN0X2ltYWdlX3VybGdlbi5DMyJ9&_nc_ohc=agtwtr0SmqAQ7kNvwEYrL1z&_nc_oc=AdrJcnF80KHCUXVrn619eIJIDMNuRiP6NpZi_yO1hq46JdGZNb48VKzEvJhe-P2e2Fs&_nc_zt=23&_nc_ht=scontent-lhr8-2.cdninstagram.com&edm=ANo9K5cEAAAA&_nc_gid=soIE-CPdoGDeL6f_IkKp6A&_nc_tpa=Q5bMBQFHcfyNLufIusrVdUJJ9YDPDoeVVsX10Oiy5-Rudj08SngaAbYUX-gnCIJtVHrgUbxkjyT6v6mrHg&oh=00_Af45dfnm74CcFy1DfjlUrftfoQEs3EkKOq9LHXOiwbv1tQ&oe=6A0C357A";"https://www.instagram.com/p/DV3yiSFgrbl/";"❌ The conflict between the United States, Israel and Iran will force MotoGP to postpone the Qatar Grand Prix, which was due to be the fourth round of the calendar.

🗓️ According to reports, it will be rescheduled for early November as the third-to-last round, forcing the Portuguese and Valencian Grands Prix to be postponed by a week.

📸 / @michelinmotorsport 
#motogp #qatargp #qatar #moto #motorcycle";2026-03-14 17:33;"77866";"46836";"2525";"146";"15";"860";3546;"7.57"
"18061842002669697";"FEED_CAROUSEL_ALBUM";"https://scontent-lhr8-2.cdninstagram.com/v/t51.82787-15/651006989_18327684172301445_5956564636469319531_n.jpg?stp=dst-jpg_e35_tt6&_nc_cat=106&ccb=7-5&_nc_sid=18de74&efg=eyJlZmdfdGFnIjoiQ0FST1VTRUxfSVRFTS5iZXN0X2ltYWdlX3VybGdlbi5DMyJ9&_nc_ohc=1BlQw20MyyEQ7kNvwFK1pkz&_nc_oc=Adpy9oUN69eOffUEBzaiO5ECoi1nXKh7BBXZW9dUQ2fSi8Pe87p3r4m5-64CeEC7BjA&_nc_zt=23&_nc_ht=scontent-lhr8-2.cdninstagram.com&edm=ANo9K5cEAAAA&_nc_gid=yZ45gclws9LQONU-cYeKUg&_nc_tpa=Q5bMBQEzZzt3sNF4uWxkihpYisvkLp6pE1ZQtzyhU9yOREZ8NnfNma2xvVd3eKCab24rtEV0zos1SwHrbQ&oh=00_Af7GAWVl_i21by1RGn-u5gWfq71E06gXpfzc6Yv_iMU6vQ&oe=6A0AEBF9";"https://www.instagram.com/p/DV1Kai-AsyE/";"⏱️ These were the riders' race paces in Thailand.

📊: Delta Data
📸 / @ducaticorse | @ktmfactoryracing | @aprilia | @hrc_motogp | @yamahamotogp 
#motogp #thaigp #moto #motorcycle";2026-03-13 17:04;"85948";"58497";"4462";"153";"16";"240";4871;"8.33"
"18039494867771815";"FEED_CAROUSEL_ALBUM";"https://scontent-lhr6-2.cdninstagram.com/v/t51.82787-15/652000158_18327509200301445_4937874339123784544_n.jpg?stp=dst-jpg_e35_tt6&_nc_cat=104&ccb=7-5&_nc_sid=18de74&efg=eyJlZmdfdGFnIjoiQ0FST1VTRUxfSVRFTS5iZXN0X2ltYWdlX3VybGdlbi5DMyJ9&_nc_ohc=JtiHD4pCE_cQ7kNvwHBNVhm&_nc_oc=Adoxrja68mxiAje4Wdofi5_PtMOjKSgj4xiK_OTM57nkbsHPgYbLg8aL3sB1ShVRAUs&_nc_zt=23&_nc_ht=scontent-lhr6-2.cdninstagram.com&edm=ANo9K5cEAAAA&_nc_gid=z2JHLdR-Eqi1R47izrbMIg&_nc_tpa=Q5bMBQEaSAUz5FHyNTKtXwCty8bZPGu1Sp6qcG2FNUbz0nsE_Y-2wkeuKBJ8Fun5s36Get6K64hqbt6-kw&oh=00_Af4__ZHeECYfA4C53oNzzBNsuWZc3gaidEVRf6DBMjfZxQ&oe=6A098791";"https://www.instagram.com/p/DVykPehgqPi/";"🥹 MotoGP organised a dinner with some of its Hall of Fame members, at which Pedrosa received his own plaque, something he had never been able to achieve but which icons such as Rossi and Stoner recognised he fully deserved.

#motogp #moto #motorcycle";2026-03-12 16:52;"297121";"210431";"14197";"619";"124";"397";15337;"7.29"
"18391178371157905";"FEED_IMAGE";"https://scontent-lhr8-1.cdninstagram.com/v/t51.82787-15/649233083_18327357601301445_6393594589717366115_n.jpg?stp=dst-jpg_e35_tt6&_nc_cat=111&ccb=7-5&_nc_sid=18de74&efg=eyJlZmdfdGFnIjoiRkVFRC5iZXN0X2ltYWdlX3VybGdlbi5DMyJ9&_nc_ohc=34ggIw9stwQQ7kNvwG8jZAh&_nc_oc=AdpMKzMJW6Dak8FOqlV5v2WSq4mIpMRMt4_q4j5VrHfHTaXCiziY5CPSpFThiY7RAhI&_nc_zt=23&_nc_ht=scontent-lhr8-1.cdninstagram.com&edm=ANo9K5cEAAAA&_nc_gid=sBOm19A9YISxjiaE0CbxlA&_nc_tpa=Q5bMBQE5RPtx7p7lrD19UTFMchr4Zk_a-dGl32KgQC3vWbsjMpzyTUeZ4DxttkeNEKKefZQ30KumolUCNA&oh=00_Af4eQuazdn6kGuRw8kW2RxX7fq6eTuzfXBudV0lXhwVKKg&oe=6A085197";"https://www.instagram.com/p/DVwBRNmgsfM/";"🙅‍♂️ In a recent interview with GPOne, Viñales denied any regrets about leaving Aprilia, contrary to his departure from Yamaha.

🏍️ The ‘12’ admitted that it was a precipitous decision, but one that was forced by the 2024 market, as well as coinciding with KTM’s financial collapse and some unexpected departures from the Austrian factory at that time.

📸 / @ktmfactoryracing | Rob Gray
#motogp #thaigp #moto #motorcycle";2026-03-11 17:08;"194691";"130349";"6798";"204";"66";"205";7273;"5.58"
"18037957805592071";"FEED_IMAGE";"https://scontent-lhr6-2.cdninstagram.com/v/t51.82787-15/649228020_18327202525301445_6023175392647921306_n.jpg?stp=dst-jpg_e35_tt6&_nc_cat=105&ccb=7-5&_nc_sid=18de74&efg=eyJlZmdfdGFnIjoiRkVFRC5iZXN0X2ltYWdlX3VybGdlbi5DMyJ9&_nc_ohc=e8kfCMREjgQQ7kNvwGpMprY&_nc_oc=Adrpqji3vWAQJkg_0gxT6hJg49dy0UOjujHHMYljTsEGiHq7-pNgxwiMMUBtyvYw76w&_nc_zt=23&_nc_ht=scontent-lhr6-2.cdninstagram.com&edm=ANo9K5cEAAAA&_nc_gid=1iRIRsouYw_ieu9RAEPtqQ&_nc_tpa=Q5bMBQFPK9E_KHvpq2eUkl-2UzJLljvV2gNA_BcGZDT3RLbcNtHDjgG-9hfoU8hSgwutEjbRfrKShKqbVA&oh=00_Af7xpctZCOqgf4WpT2GCjrfsn_ex-_-q408kSGSQ1uk5qg&oe=6A06C1C7";"https://www.instagram.com/p/DVtUqI7CMvn/";"🚨 THE VR46 TEAM STAYS WITH DUCATI

🗣️ Team manager Uccio revealed to Motorsport.com that he is in the final stages of negotiating a new contract with Ducati, expected to be for three years.

🤔 Is the VR team rmaking the right decision rejecting Aprilia?

📸 / @mircolazzari 
#motogp #thaigp #moto #motorcycle";2026-03-10 16:00;"27064";"18739";"813";"39";"6";"176";1034;"5.52"
"18536194891067080";"FEED_IMAGE";"https://scontent-lhr6-2.cdninstagram.com/v/t51.82787-15/649842299_18327061504301445_6233991101509617487_n.jpg?stp=dst-jpg_e35_tt6&_nc_cat=105&ccb=7-5&_nc_sid=18de74&efg=eyJlZmdfdGFnIjoiRkVFRC5iZXN0X2ltYWdlX3VybGdlbi5DMyJ9&_nc_ohc=Fef4p0t2vloQ7kNvwFb80Lw&_nc_oc=Adr4g-E03JjHhqm3j2ZsM9Hx60PDt6j3UOKAVj9UJytmVXGS81jxSzWaYuuj_zmbHGw&_nc_zt=23&_nc_ht=scontent-lhr6-2.cdninstagram.com&edm=ANo9K5cEAAAA&_nc_gid=SPlPZm3hCt-lY_uKLLX_ug&_nc_tpa=Q5bMBQH6DwvBe_g1thLeqN3jXSFYFtgELk3Nh__r9Fzw6xw4aqNpqb02l8dthzBeTz-auLhig_iHThI16g&oh=00_Af7C5M7VRiFHxzunjlllIuPb8GchLjgjNMinHM5oujCgxQ&oe=6A05A1DA";"https://www.instagram.com/p/DVq5jgXAv6G/";"🏅 The Motul Grand Prix of the Netherlands has been named the Best Grand Prix of 2025.

🤔 For you, which was the most exciting Grand Prix of 2025?

📸 / Gold and Goose
#motogp #dutchgp #moto #motorcycle";2026-03-09 17:25;"15486";"8561";"1798";"31";"14";"11";1854;"21.66"
"17846451270679198";"FEED_IMAGE";"https://scontent-lhr8-2.cdninstagram.com/v/t51.82787-15/648688519_18326889106301445_6445556979093422129_n.jpg?stp=dst-jpg_e35_tt6&_nc_cat=101&ccb=7-5&_nc_sid=18de74&efg=eyJlZmdfdGFnIjoiRkVFRC5iZXN0X2ltYWdlX3VybGdlbi5DMyJ9&_nc_ohc=hTU6bb65fIQQ7kNvwG5_SYn&_nc_oc=AdrTy1J5B0w9m94Kg4JsI7_cwCPpHYUtHwTupCuC2LuG2BHVeGnO9LwoEDqO8HHyMiM&_nc_zt=23&_nc_ht=scontent-lhr8-2.cdninstagram.com&edm=ANo9K5cEAAAA&_nc_gid=h87Hm4rNvAto4c2-bVvZ1A&_nc_tpa=Q5bMBQEYR9eq0mkW109V_5y-LLqbUGbKUGl4J1_aDJgFQINjpPVCO6MlkMUKhanNE4BvD-3EnuJJvgUAGA&oh=00_Af6bcV7GTZm8dh0-u_QGk-WJEBNdYFF93AGNpbJB54toQA&oe=6A0466D6";"https://www.instagram.com/p/DVn5pyJAplO/";"📻 Marc Márquez appeared on the Spanish radio channel Onda Cero a few days ago after the end of the Thai Grand Prix.

🎙️ The 93 left a statement that will be controversial for many, naming Jorge Lorenzo as his toughest rival, the only rider who broke his dominance with Repsol Honda.

🤔 Who do you think has been his toughest rival so far?

📸 / @europapress 
#motogp #thaigp #moto #motorcycle";2026-03-08 13:28;"79538";"46226";"5271";"230";"276";"758";6535;"14.14"
"18040233473565156";"FEED_IMAGE";"https://scontent-lhr6-2.cdninstagram.com/v/t51.82787-15/648708226_18326763643301445_6168392417335891695_n.jpg?stp=dst-jpg_e35_tt6&_nc_cat=104&ccb=7-5&_nc_sid=18de74&efg=eyJlZmdfdGFnIjoiRkVFRC5iZXN0X2ltYWdlX3VybGdlbi5DMyJ9&_nc_ohc=omtOCJVqB4wQ7kNvwEBzvcn&_nc_oc=AdrVfWKupWqFtTklod9TTusIobXR6pb0GhrTBhBgRIWjNo4vbNyAbPrCnQ_dHNJReuQ&_nc_zt=23&_nc_ht=scontent-lhr6-2.cdninstagram.com&edm=ANo9K5cEAAAA&_nc_gid=0tZFJHPCBIqKgsF_p0EK8w&_nc_tpa=Q5bMBQEbwkt-OVhaSnK6L_DHQX8YrtfTueAdnyoHWeLaH-oGEbwROYrJGlzLby95ZQ87I1T9Xis_5q7b6A&oh=00_Af7mp1CYmETlscp_wZGsO3FPXLehKSAbLx6d57QsdKOGeA&oe=6A031B6E";"https://www.instagram.com/p/DVloizJgqO8/";"⚔️ Once every few years, there is a space-time duel where the past and future collide.

👑 Marc Márquez burst onto the scene a few years ago to cut short the legacy of Valentino Rossi, who once was his idol. Now, Marc is no longer the challenger; that role has been taken over by Pedro Acosta, who, despite not having the best resources, he will fight to dethrone the king.

📸 / @ktmfactoryracing | @mircolazzari 
#motogp #thaigp #moto #motorcycle";2026-03-07 16:20;"19709";"10306";"1017";"49";"42";"35";1143;"11.09"
"18193541614349032";"FEED_IMAGE";"https://scontent-lhr6-1.cdninstagram.com/v/t51.82787-15/642144976_18326627173301445_8287800375200458250_n.jpg?stp=dst-jpg_e35_tt6&_nc_cat=109&ccb=7-5&_nc_sid=18de74&efg=eyJlZmdfdGFnIjoiRkVFRC5iZXN0X2ltYWdlX3VybGdlbi5DMyJ9&_nc_ohc=1haUsDTfH_AQ7kNvwEXxg0A&_nc_oc=Adqh77K8BEa0-_1n5J8sulVImauLLxVyrLlSOObUQeRLKaUQzZMDamd1Q5xrI5erzxY&_nc_zt=23&_nc_ht=scontent-lhr6-1.cdninstagram.com&edm=ANo9K5cEAAAA&_nc_gid=KVw2WIoImN2h3fqD7wa8Tw&_nc_tpa=Q5bMBQERtLB959PadxrX7Yc0PxicyMg4TluaAZZSkQQ0M5gQMGmRzE4V8YzHo2ZE68U8zoesvUaATUqssQ&oh=00_Af6deyDqlxi61grcE7HGsYD1adDlsISOJI3HiANwqN8fow&oe=6A01A570";"https://www.instagram.com/p/DVi_TGhAk-w/";"🏅 Marc Márquez equals Pecco and Jorge Martín as the rider with the most sprint podiums.

📸 / @ducaticorse | @aprilia 
#motogp #thaigp #moto #motorcycle";2026-03-06 15:41;"23778";"14551";"2238";"78";"11";"89";2416;"16.6"
"17939170020160780";"FEED_IMAGE";"https://scontent-lhr8-1.cdninstagram.com/v/t51.82787-15/642814134_18326411026301445_3238112805794797054_n.jpg?stp=dst-jpg_e35_tt6&_nc_cat=111&ccb=7-5&_nc_sid=18de74&efg=eyJlZmdfdGFnIjoiRkVFRC5iZXN0X2ltYWdlX3VybGdlbi5DMyJ9&_nc_ohc=vP_Q0LGmACQQ7kNvwGc2PhX&_nc_oc=AdrSwoO8WHGj9FoEZyuwsadF64vV0avSP5k-aVaz-4-C9yNZ9gPX0eZkmNzT_BFXKYY&_nc_zt=23&_nc_ht=scontent-lhr8-1.cdninstagram.com&edm=ANo9K5cEAAAA&_nc_gid=k42-Jklswbvlec4V8Av73A&_nc_tpa=Q5bMBQFYfHb3vPsXkrzJrY9LTxJUnFERZxW9MxqOcxpz9RJnrskGZvVNmBD-KjbosrKKGZYwpPxvaXLMig&oh=00_Af7r2ggmscVIm7LVsgg0xCr9s0KeTZ6p12X9vUve7SHMCQ&oe=6A002E46";"https://www.instagram.com/p/DVgXLmpApKa/";"😏 Behind the celebration was a meaning backed up with stats (which even Manu probably didn't know about). 6️⃣7️⃣

📸 / @intactgp | @gp_photo.de 
#motogp #thaigp #moto #motorcycle #67";2026-03-05 15:12;"19553";"10580";"1489";"53";"5";"130";1677;"15.85"
"18128823793546942";"FEED_IMAGE";"https://scontent-lhr6-2.cdninstagram.com/v/t51.82787-15/642315655_18326286484301445_2761735397782069228_n.jpg?stp=dst-jpg_e35_tt6&_nc_cat=105&ccb=7-5&_nc_sid=18de74&efg=eyJlZmdfdGFnIjoiRkVFRC5iZXN0X2ltYWdlX3VybGdlbi5DMyJ9&_nc_ohc=pOuRrcRRfSkQ7kNvwGsZDEr&_nc_oc=Adr4CiDs4eUSQM0BPPdrmCAUkOV4Js0-Szz6nO3rpPyMFNRPdJmptSxhJVI9YuaeEnE&_nc_zt=23&_nc_ht=scontent-lhr6-2.cdninstagram.com&edm=ANo9K5cEAAAA&_nc_gid=oZNQutQJAzxUXUFGVS0xAQ&_nc_tpa=Q5bMBQHIDTQFESEtET6EG1QNm4cS2Db7Ff_vPMit_LhezLk1VCzVgZu04FJmdu5suzf9dYxjK7rt7avQeQ&oh=00_Af56gu9tUgpBBc7r1u1VGsARmLBxM3_15-YrcjRi9qfABA&oe=69FEFF5E";"https://www.instagram.com/p/DVdxIxWAq4T/";"🤩 Bezzecchi is in impressive form. For many, the Italian and his Aprilia have become the rider to beat at this early stage of the season.

🤔 Will be able to keep up this level throughout the entire campaign?

📸 / @aprilia 
#motogp #thaigp #moto #motorcycle #racing";2026-03-04 15:01;"14568";"8504";"1140";"41";"32";"67";1280;"15.05"
"18411028153192266";"FEED_CAROUSEL_ALBUM";"https://scontent-lhr8-1.cdninstagram.com/v/t51.82787-15/641889600_18326151430301445_6531568994659882138_n.jpg?stp=dst-jpg_e35_tt6&_nc_cat=108&ccb=7-5&_nc_sid=18de74&efg=eyJlZmdfdGFnIjoiQ0FST1VTRUxfSVRFTS5iZXN0X2ltYWdlX3VybGdlbi5DMyJ9&_nc_ohc=l48fHhA69SkQ7kNvwF5Hcwu&_nc_oc=AdqusyaehpFgrorUDAX06fxuV9-mpbjTP4PrtBNF5rnM6gl46ESHKXJwSW7Y7u4G5r4&_nc_zt=23&_nc_ht=scontent-lhr8-1.cdninstagram.com&edm=ANo9K5cEAAAA&_nc_gid=Sp98VxJ8Yk80zhTlRl4d7A&_nc_tpa=Q5bMBQHGSncgIdfxJWRfWr9GgIzFt6tsKJfXgx1W2VpwywzZx67jX2Hl93OD0i8Il-j71N9VLox0ufX2Eg&oh=00_Af7O-JTy-7dLCKVUqCk-nhSUSzVixPexQdjbwX-AhuUc_g&oe=69FDCC69";"https://www.instagram.com/p/DVbGrvlgqzg/";"When the paddock meets corporate. 👨‍💼🧳

#motogp #thaigp #moto #motorcycle #racing";2026-03-03 14:11;"100933";"62071";"6153";"508";"32";"1548";8241;"13.28"
"18065708309649671";"FEED_CAROUSEL_ALBUM";"https://scontent-lhr6-2.cdninstagram.com/v/t51.82787-15/641238416_18326030062301445_5489445593655476472_n.jpg?stp=dst-jpg_e35_tt6&_nc_cat=100&ccb=7-5&_nc_sid=18de74&efg=eyJlZmdfdGFnIjoiQ0FST1VTRUxfSVRFTS5iZXN0X2ltYWdlX3VybGdlbi5DMyJ9&_nc_ohc=Dd299ZIlkUkQ7kNvwGfN8a9&_nc_oc=AdoabwIaJ5L0ZVqrOxSRY__PTqJb3Ncd8K-MKIfjrfGU7swU_ftoGhpDZmSQarNuw_8&_nc_zt=23&_nc_ht=scontent-lhr6-2.cdninstagram.com&edm=ANo9K5cEAAAA&_nc_gid=EZuyPAzIUTuCw2AiV1BEkg&_nc_tpa=Q5bMBQGBmQmtuGltvrBoINXR2_YGLvteKzqTr172TreGLMYyVEEjhqWXABkWe2w5-fQfagN93KrmxdmRtQ&oh=00_Af7L2g8u416mmtJdlOfJlnb73-NQkDDi0dGHhuqXl8wXfA&oe=69FC6E5E";"https://www.instagram.com/p/DVYmJL0gkAM/";"🇹🇭 THAI GP RANKINGS

✍️ The 2026 MotoGP rankings are based on an analytical methodology developed by @deltadata, structured around predefined performance scales designed to measure each rider’s performance as accurately as possible. The model aims to isolate external factors unrelated to riding ability, focusing the evaluation on the rider’s capacity to achieve results relative to the estimated performance level of their motorcycle. The analysis is strictly limited to on-track results obtained throughout the season.

Evaluation Criteria:

Combined session analysis with weighted distribution: qualifying (10%), sprint race (25%), and main race (65%).

An approximate deduction of 0.4 points in the rating for every tenth of a second per lap difference. This coefficient may vary depending on specific criteria, such as whether the rider competes on a factory or satellite motorcycle.

Continuous performance assessment throughout the season.

Specific consideration of motorcycle performance in order to isolate the technical factor from the rider’s contribution.

Analysis of each race start and positions gained relative to starting grid position.

Grands Prix contested by riders with evident physical limitations are excluded from evaluation.

Excluded Variables:

Contextual factors (rookie status, manufacturer changes, adaptation processes, etc.).

📸 / @ktmfactoryracing | @michelinmotorsport 
#motogp #thaigp #moto #motorcycle #racing";2026-03-02 14:49;"170346";"103462";"6956";"122";"107";"78";7263;"7.02"
"18423816901141564";"FEED_IMAGE";"https://scontent-lhr6-1.cdninstagram.com/v/t51.82787-15/642559408_18326018152301445_4898982193859523385_n.jpg?stp=dst-jpg_e35_tt6&_nc_cat=110&ccb=7-5&_nc_sid=18de74&efg=eyJlZmdfdGFnIjoiRkVFRC5iZXN0X2ltYWdlX3VybGdlbi5DMyJ9&_nc_ohc=FHx5QPUxNzgQ7kNvwH18y83&_nc_oc=Adow9wEYtUBZ4_9KQqtR6d0e-Po9NP7eqmuzOr6NP0PWzeY9FylLHcA4NT1lhY1Ho80&_nc_zt=23&_nc_ht=scontent-lhr6-1.cdninstagram.com&edm=ANo9K5cEAAAA&_nc_gid=EZuyPAzIUTuCw2AiV1BEkg&_nc_tpa=Q5bMBQFOn9NRUn_My3TBI-YABHPki8fvdPPeuhSF1Q-oF3cGzNuRrmnCyNounHEnJXrEvf9M6Cg3XLEa7w&oh=00_Af6IGm6XSJWKvxeNtypOG5wc5rC_lbmMuktmvJm3OrkweQ&oe=69FC59D8";"https://www.instagram.com/p/DVYYqBTgpCh/";"🗓️ We’re continuing full gas into March!

📸 / @ktmfactoryracing 
#motogp #thaigp #moto #motorcycle #racing";2026-03-02 12:52;"31986";"19335";"1966";"83";"8";"166";2223;"11.5"
"18572415346014537";"FEED_IMAGE";"https://scontent-lhr6-1.cdninstagram.com/v/t51.82787-15/641092756_18325888171301445_6571150978139185756_n.jpg?stp=dst-jpg_e35_tt6&_nc_cat=109&ccb=7-5&_nc_sid=18de74&efg=eyJlZmdfdGFnIjoiRkVFRC5iZXN0X2ltYWdlX3VybGdlbi5DMyJ9&_nc_ohc=kF2NlcWQGxgQ7kNvwGzL8yw&_nc_oc=Adpgkm8B5DyOs2qHm2VSTRviLYjMVPldF1pso-kNwqigcTdWbt-LxBuln9LByyIOi2k&_nc_zt=23&_nc_ht=scontent-lhr6-1.cdninstagram.com&edm=ANo9K5cEAAAA&_nc_gid=nFm9slmBzpXjnDeGxL_SqQ&_nc_tpa=Q5bMBQG80f6WzDG4d9ckgHKzh06L-QakPaupUjYVcP10IRK1yZygkz7SKPwx8Nou-Ndyn9-cdb0GC5LWYQ&oh=00_Af4QFHajOHMD-v2HTVNtv3fsZVACG_vZReh0CJjQNUPQqA&oe=69FAFF68";"https://www.instagram.com/p/DVV4Z8rgoMg/";"❌ Things haven't started in the best way for Ducati, as today saw the end of their streak of 88 consecutive podium finishes with a Ducati in one of the top three places.

📸 / @ducaticorse 
#motogp #thaigp #moto #motorcycle #racing";2026-03-01 13:30;"24997";"15342";"2859";"99";"10";"125";3093;"20.16"
"18117404674554290";"FEED_IMAGE";"https://scontent-lhr6-2.cdninstagram.com/v/t51.82787-15/642218686_18325874059301445_2479866918670522237_n.jpg?stp=dst-jpg_e35_tt6&_nc_cat=100&ccb=7-5&_nc_sid=18de74&efg=eyJlZmdfdGFnIjoiRkVFRC5iZXN0X2ltYWdlX3VybGdlbi5DMyJ9&_nc_ohc=6GoGpiBrPCgQ7kNvwFn0zvf&_nc_oc=AdpdLLeJAfmpHObKvTi_-pPcFkqlvafyjP8agyr-sGxm9b9otW4kQ8RULiMOHYwd9T0&_nc_zt=23&_nc_ht=scontent-lhr6-2.cdninstagram.com&edm=ANo9K5cEAAAA&_nc_gid=nFm9slmBzpXjnDeGxL_SqQ&_nc_tpa=Q5bMBQFC1enycmOUxBGG5IKUsHebruIb9fojLknqJeIMYyWSCTZxTwlpGZuLrr9uQYx08dQp221cfqh4yw&oh=00_Af7TGD1n5IgtdTNCHeZ1lPjXB9d8BWUFMicC9MwNO0HeTg&oe=69FAED02";"https://www.instagram.com/p/DVVnMr8AnVI/";"🔥 An overwhelming victory for Aprilia in Thailand, making it the brand to beat this year at tthis early stage of the championship.

📸 / @aprilia 
#motogp #thaigp #moto #motorcycle #racing";2026-03-01 11:00;"46803";"28946";"3161";"79";"10";"44";3294;"11.38"
"17886801252445662";"FEED_IMAGE";"https://scontent-lhr8-2.cdninstagram.com/v/t51.82787-15/639863932_18325868431301445_4276512626346832539_n.jpg?stp=dst-jpg_e35_tt6&_nc_cat=103&ccb=7-5&_nc_sid=18de74&efg=eyJlZmdfdGFnIjoiRkVFRC5iZXN0X2ltYWdlX3VybGdlbi5DMyJ9&_nc_ohc=nHlJzg8XWsQQ7kNvwGHlbos&_nc_oc=AdoV85hhauO-zf0lRYnOSmCiptAljMwcBZyYR0BteXLa8twNGKCbpC2iRxh8B96VbQ4&_nc_zt=23&_nc_ht=scontent-lhr8-2.cdninstagram.com&edm=ANo9K5cEAAAA&_nc_gid=nFm9slmBzpXjnDeGxL_SqQ&_nc_tpa=Q5bMBQEid0XzhZjHvbnJ5eZfarKbRacgMPpBvOS8pCRsGRLqGCcOgimjI2ULVcwamYkhcUjWWEPC_iek_w&oh=00_Af7sowyBkaXVWRL1bGqaq1F5Xf-OEfbbvOQiu3xey9Zj8Q&oe=69FAF399";"https://www.instagram.com/p/DVVhO3iAj3i/";"😕 One year later, the Márquez brothers got a totally different result from last opening GP.

📸 / @michelinmotorsport 
#motogp #thaigp #moto #motorcycle #racing";2026-03-01 10:08;"88942";"54807";"9399";"304";"114";"1004";10821;"19.74"
"18062802962673100";"FEED_IMAGE";"https://scontent-lhr6-2.cdninstagram.com/v/t51.82787-15/641314608_18325866301301445_5789834951536191677_n.jpg?stp=dst-jpg_e35_tt6&_nc_cat=105&ccb=7-5&_nc_sid=18de74&efg=eyJlZmdfdGFnIjoiRkVFRC5iZXN0X2ltYWdlX3VybGdlbi5DMyJ9&_nc_ohc=rRmzGSJQWJQQ7kNvwG8Hqwa&_nc_oc=Adr8ochetEECVXex42pTnZMNLUhJ70T6qHuW46o_wMD4YRHvZrZALCajVcJzx6aamyE&_nc_zt=23&_nc_ht=scontent-lhr6-2.cdninstagram.com&edm=ANo9K5cEAAAA&_nc_gid=nFm9slmBzpXjnDeGxL_SqQ&_nc_tpa=Q5bMBQFAbw6xiV2Q7gK5ohEZHIJYA4eCOKbfdPLKA7o8Ff644nEg_XIx_Z_4oHJlLirsKCLAj_rD1qg3sw&oh=00_Af5fmw3L7Mu4m9sBG4q7f_jRpa8eG-K4skNGpefQY6ieVg&oe=69FAF2DF";"https://www.instagram.com/p/DVVee9egqnB/";"Bezzecchi redeems himself with his third consecutive victory!

📸 / @aprilia 
#motogp #thaigp #moto #motorcycle #racing";2026-03-01 09:44;"20516";"12698";"1109";"23";"11";"40";1183;"9.32"
"18042349268530662";"FEED_IMAGE";"https://scontent-lhr8-1.cdninstagram.com/v/t51.82787-15/640423387_18325757926301445_6508998319117685213_n.jpg?stp=dst-jpg_e35_tt6&_nc_cat=108&ccb=7-5&_nc_sid=18de74&efg=eyJlZmdfdGFnIjoiRkVFRC5iZXN0X2ltYWdlX3VybGdlbi5DMyJ9&_nc_ohc=DCoWfi9efx0Q7kNvwG2rpAG&_nc_oc=Ado6vNPe-OAbg0V1Vz8Df9NJzasiCOvFH9hryZHWaP7iSt5QWIB5H4EL8FtFI5Ld1mk&_nc_zt=23&_nc_ht=scontent-lhr8-1.cdninstagram.com&edm=ANo9K5cEAAAA&_nc_gid=wC_lbYn0Zc2WcMY_s4YmCA&_nc_tpa=Q5bMBQGn7GHwqTK0P2TqndEX3wIWhMHiHnMHm7_QpYreWICD0o8I523TdeVVVbF99tO7yo8wVRhbHUV8FA&oh=00_Af438lLUqnnDOIPIYWkd1LO3uVK1I1kQ2T7K9R-RKRPf9A&oe=69F9BFEA";"https://www.instagram.com/p/DVTa0vfgl84/";"🤩 How things have changed for Raúl from one year to the next! The Madrid-born rider has already scored more points in just one sprint than he did in the first five GPs of 2025.

💭 Will he be able to repeat the feat tomorrow and even compete for the win?

📸 / @michelinmotorsport 
#motogp #thaigp #moto #motorcycle #racing";2026-02-28 14:33;"122574";"98658";"9500";"153";"12";"93";9758;"9.89"
"18038072186755032";"FEED_IMAGE";"https://scontent-lhr6-1.cdninstagram.com/v/t51.82787-15/641251756_18325736200301445_4563288457146996923_n.jpg?stp=dst-jpg_e35_tt6&_nc_cat=110&ccb=7-5&_nc_sid=18de74&efg=eyJlZmdfdGFnIjoiRkVFRC5iZXN0X2ltYWdlX3VybGdlbi5DMyJ9&_nc_ohc=vteXEO8lJXQQ7kNvwFhM4Op&_nc_oc=AdprbFOqocyL-H49B-0Y5pQUL4Pm12O6BvRcRY_bbjJrmMcao8OZmlciNAXg_kAFoAk&_nc_zt=23&_nc_ht=scontent-lhr6-1.cdninstagram.com&edm=ANo9K5cEAAAA&_nc_gid=wC_lbYn0Zc2WcMY_s4YmCA&_nc_tpa=Q5bMBQEONcWr941SVAq42O96mfRhE-wdbCoyI94CPFE9fxYBeXu3c55ZZCmTiVaBI9olAPJ7nqEEwoN3Yw&oh=00_Af6brT9R3tFJyqsUjgCtpVbHCngvAV-Db4-p1rr080bGGw&oe=69F9A6E0";"https://www.instagram.com/p/DVTCsTUgnf6/";"😡 Marc Márquez was not satisfied with Race Direction, responding with a gesture of ironic applause on the lap after the end of the race.

❓ Do you agree with the penalty, or do you think it is excessive?

📸 / Gold & Goose
#motogp #thaigp #moto #motorcycle #racing";2026-02-28 11:03;"54267";"33542";"4431";"113";"151";"60";4755;"14.18"
"18084749318246903";"FEED_IMAGE";"https://scontent-lhr6-1.cdninstagram.com/v/t51.82787-15/643602377_18325731508301445_5192944980624013137_n.jpg?stp=dst-jpg_e35_tt6&_nc_cat=110&ccb=7-5&_nc_sid=18de74&efg=eyJlZmdfdGFnIjoiRkVFRC5iZXN0X2ltYWdlX3VybGdlbi5DMyJ9&_nc_ohc=7yXRUPV7y_0Q7kNvwF_MTo6&_nc_oc=AdqfHJxczw_ZkgKo6OhNW9zkqMoKWtVxkLKuCXdFyJyf0JizNp5h7xQxG4-UdQMC8C8&_nc_zt=23&_nc_ht=scontent-lhr6-1.cdninstagram.com&edm=ANo9K5cEAAAA&_nc_gid=wC_lbYn0Zc2WcMY_s4YmCA&_nc_tpa=Q5bMBQGXGwVwims3OH96BGzCxvKpQRvD7AscMWBYSLEGmt6yt6KEIYa1qnswfO8ehG8kKy3dmM4A1Pehww&oh=00_Af6LMoxGIxNKRJkSmMHWBAnbBStMgvTEa2_BbYJnO1bbJg&oe=69F9A45E";"https://www.instagram.com/p/DVS7x-jAqfm/";"🎤 Pedro Acosta confessed to @dazn_es that for him this was not a “real” victory and that tomorrow he will try to win the long race without controversy, on his own merits.

❌ Tardozzi also spoke out, saying that he thought the penalty was unfair and was sure that Pedro would feel the same way.

📸 / @ktmfactoryracing 
#motogp #thaigp #moto #motorcycle #racing";2026-02-28 10:02;"51386";"30212";"3894";"119";"48";"612";4673;"15.47"
"18052905974687140";"FEED_IMAGE";"https://scontent-lhr6-2.cdninstagram.com/v/t51.82787-15/641773651_18325728619301445_856751332538570897_n.jpg?stp=dst-jpg_e35_tt6&_nc_cat=100&ccb=7-5&_nc_sid=18de74&efg=eyJlZmdfdGFnIjoiRkVFRC5iZXN0X2ltYWdlX3VybGdlbi5DMyJ9&_nc_ohc=f9WjQU2drgIQ7kNvwFWBhcH&_nc_oc=AdpYZYZYdYKyzYh8pp3-7FEXPml4Y8fRhB2jPOjX_OCFvqL6Ku91SQ1_Q-oXl575mOY&_nc_zt=23&_nc_ht=scontent-lhr6-2.cdninstagram.com&edm=ANo9K5cEAAAA&_nc_gid=ccGyunV8VdjoodMlkVcQXg&_nc_tpa=Q5bMBQGpdDd4lIKC2ktS6CsrghpeOSuNtAFDc9d9WEuJBrlBcqOE0MH01czw6-rLIP6UD8rX8n5RtNHM7w&oh=00_Af4p4sXfO8H-xFdwpc5AdCNgpEdEI1wNSA6WGYRKfgkc6Q&oe=69F9A81C";"https://www.instagram.com/p/DVS3pzfAh3c/";"Acosta wins his first sprint win of his career!

📸 / @michelinmotorsport
#motogp #thaigp #moto #motorcycle #racing";2026-02-28 09:26;"36041";"21223";"2220";"43";"43";"240";2546;"12"
"17995573040747027";"FEED_CAROUSEL_ALBUM";"https://scontent-lhr6-2.cdninstagram.com/v/t51.82787-15/640343593_18325709833301445_4254725927897607056_n.jpg?stp=dst-jpg_e35_tt6&_nc_cat=104&ccb=7-5&_nc_sid=18de74&efg=eyJlZmdfdGFnIjoiQ0FST1VTRUxfSVRFTS5iZXN0X2ltYWdlX3VybGdlbi5DMyJ9&_nc_ohc=3oFbEwxS6A0Q7kNvwE83u5j&_nc_oc=AdpWw7yu_82oBueM9i1iuG34a-vNUalqXQy7qGsZ01MwzvjfhVzHVirMIC5dpMXowSw&_nc_zt=23&_nc_ht=scontent-lhr6-2.cdninstagram.com&edm=ANo9K5cEAAAA&_nc_gid=ccGyunV8VdjoodMlkVcQXg&_nc_tpa=Q5bMBQEAAhWTPlyC2QHTgxDdqCo45kEKD5uotfh8yx2fSCakCbKNZM0r6TG2PbvlCIIwQCQqGA_Qy92hJQ&oh=00_Af6ACilY-wDBPAgPPo4oEbQX_csXI8UffymBx8OV4C_Hkg&oe=69F9A9D9";"https://www.instagram.com/p/DVSdU4rgqb-/";"⏱️ Bezz takes the first pole position of the season, followed by Marc and Raúl.

#motogp #thaigp #moto #motorcycle #racing";2026-02-28 05:36;"126393";"76147";"6628";"124";"38";"315";7105;"9.33"
"18124960954562751";"FEED_IMAGE";"https://scontent-lhr6-2.cdninstagram.com/v/t51.82787-15/639738227_18325582183301445_1347374936734623817_n.jpg?stp=dst-jpg_e35_tt6&_nc_cat=100&ccb=7-5&_nc_sid=18de74&efg=eyJlZmdfdGFnIjoiRkVFRC5iZXN0X2ltYWdlX3VybGdlbi5DMyJ9&_nc_ohc=-t4NkxQNxPUQ7kNvwGVxuH0&_nc_oc=Adqy8te-7R9Gd8K1vLB9m8fixQ9U4kddBbLq6vXJl2ThallNl23azqyEq8PsbvI-QeQ&_nc_zt=23&_nc_ht=scontent-lhr6-2.cdninstagram.com&edm=ANo9K5cEAAAA&_nc_gid=I8RSIGV7RXp4mEA91BNhRQ&_nc_tpa=Q5bMBQGVjKy22Qw7RbmkhHRX7xIOY-7h88X_IHE6VTWO5SK984yndexHiAXQovgy4I1spE4uRjlqDlwwAA&oh=00_Af15dNwUv4wa4q4uMB7r8h-4ZjObB9gBBhEYg_LM2x_DQg&oe=69F871EC";"https://www.instagram.com/p/DVP4d9PgjX3/";"🇮🇹 Aprilia dominance at the first session of the year.

📸 / @michelinmotorsport 
#motogp #moto #motorcycle #racing";2026-02-27 05:36;"35776";"19881";"1698";"31";"9";"97";1835;"9.23"
"17848359441662242";"FEED_IMAGE";"https://scontent-lhr6-1.cdninstagram.com/v/t51.82787-15/640428506_18325507183301445_3795375968462449096_n.jpg?stp=dst-jpg_e35_tt6&_nc_cat=109&ccb=7-5&_nc_sid=18de74&efg=eyJlZmdfdGFnIjoiRkVFRC5iZXN0X2ltYWdlX3VybGdlbi5DMyJ9&_nc_ohc=xzhN2BZkfSAQ7kNvwFzz0_x&_nc_oc=Adq2rsWC3uCrb-2VSe0fS7-DaIolzDSn6T3972Cy4dWfvdFt4JLIWd0vd05xTB6V6VQ&_nc_zt=23&_nc_ht=scontent-lhr6-1.cdninstagram.com&edm=ANo9K5cEAAAA&_nc_gid=kNbElgpU1wz-sw6rK-xCLw&_nc_tpa=Q5bMBQFmP0w9p51rFgXlHn2fbcymtGAnxh4Akb_eL2uEAvqdIMUov-1m1TjLC_Ltkh8jDU0s-FXp_Zqzgw&oh=00_Af3bJ7koMMITmdJ7cYZkc_r2Dfdzfet4XVlPTSZcltKPNQ&oe=69F6FFF4";"https://www.instagram.com/p/DVOZ_KegqMJ/";"🚨 According to the newspaper AS, Luca Marini has a great offer on the table from Yamaha to replace Quartararo, who is expected to leave for Honda.

🗝️ The reason behind this move? The Japanese see him as a great motorcycle developer and he would be key for 2027.

#motogp #moto #motorcycle #racing";2026-02-26 15:50;"126314";"88871";"6222";"197";"95";"632";7146;"8.04"
"18117787969533781";"FEED_IMAGE";"https://scontent-lhr6-1.cdninstagram.com/v/t51.82787-15/639730141_18325378951301445_2920483869664201510_n.jpg?stp=dst-jpg_e35_tt6&_nc_cat=102&ccb=7-5&_nc_sid=18de74&efg=eyJlZmdfdGFnIjoiRkVFRC5iZXN0X2ltYWdlX3VybGdlbi5DMyJ9&_nc_ohc=h_mFIpC9hXAQ7kNvwGS4678&_nc_oc=Adrl__-SPFinoVkcce5x2ORHHrcHBiVAorsrLOWiPPH2fgzE-rSPyNoEXx8gS7tU850&_nc_zt=23&_nc_ht=scontent-lhr6-1.cdninstagram.com&edm=ANo9K5cEAAAA&_nc_gid=j40wbpvxhh9lJWowLxpt6g&_nc_tpa=Q5bMBQEZ9_eDugNFCzS9OufhiuYILa7NH5DKSO9xOq6Szo9US_ZECwGzMn3-OcDd_U9CT7pxOITHcHdNkQ&oh=00_Af2JxOtCYogQHYZvwQbbEjGK1UuWNRnDOdApLWGEe_TYVA&oe=69F5C891";"https://www.instagram.com/p/DVLt2cpgn9G/";"🤩 In Sepang and Buriram, we saw Pecco riding at a competitive pace and putting in some good time attacks, so much so that Tardozzi is confident and expects the 63 to be back in contention for the MotoGP world championship.

🤔 Do you think the Italian will be in the running for the title?

📸 / @ducaticorse 
#motogp #moto #motorcycle #racing";2026-02-25 14:48;"34308";"20617";"2648";"78";"52";"134";2912;"14.12"
"18121773922603544";"FEED_IMAGE";"https://scontent-lhr6-1.cdninstagram.com/v/t51.82787-15/641691416_18325261471301445_544033933035327808_n.jpg?stp=dst-jpg_e35_tt6&_nc_cat=102&ccb=7-5&_nc_sid=18de74&efg=eyJlZmdfdGFnIjoiRkVFRC5iZXN0X2ltYWdlX3VybGdlbi5DMyJ9&_nc_ohc=UobEyteTct4Q7kNvwFn8FwO&_nc_oc=AdpTEK6qrpKyXNNn8myE_wvtB_EvE4Z94He92FvWVXGQ0zE5cRtgetdSYiCbir0fhkY&_nc_zt=23&_nc_ht=scontent-lhr6-1.cdninstagram.com&edm=ANo9K5cEAAAA&_nc_gid=ovXgu-cKbuVeFvkSIqcCTA&_nc_tpa=Q5bMBQH4iMT7cxaDdDvikYqTuCLrAbnOJVF1KaL3TycUPh9zXXJu1Ym_64HzooTGoLZKnfH53P4iUvoKaw&oh=00_Af2j_3_U5qnuHXRlKu0NCd404oescjbcAbxMFp644dzRPw&oe=69F47CA5";"https://www.instagram.com/p/DVJIcmvAkqc/";"🚏 First stop: Chang International Circuit

#motogp #moto #motorcycle #racing";2026-02-24 14:43;"9067";"5182";"320";"11";;"2";333;"6.43"
"17944191687117773";"FEED_IMAGE";"https://scontent-lhr6-1.cdninstagram.com/v/t51.82787-15/640379746_18325146715301445_4212837935077796876_n.jpg?stp=dst-jpg_e35_tt6&_nc_cat=110&ccb=7-5&_nc_sid=18de74&efg=eyJlZmdfdGFnIjoiRkVFRC5iZXN0X2ltYWdlX3VybGdlbi5DMyJ9&_nc_ohc=2B56TSPnEugQ7kNvwH9KhAQ&_nc_oc=AdpkecJbO2nQowfwgGQ5dbidddX66B3bjmkcVJUP5Gh6zLHoR4s9DGtPLb8lpItAVIU&_nc_zt=23&_nc_ht=scontent-lhr6-1.cdninstagram.com&edm=ANo9K5cEAAAA&_nc_gid=SqoFgGeV_3SbdrxRqSY5gg&_nc_tpa=Q5bMBQH-8CUkuA_PJ2oiaAnM8Xkdp_xFHSflcdzv4NqE6KJwK2E5iNibanSfTNVcmc4H2HSzGfX5OxXuJw&oh=00_Af08h_5IGRv-iZ4CginpkpmuLtkg4PQ1bn-aIhLO9BwZRg&oe=69F332D7";"https://www.instagram.com/p/DVGhHyGAkXG/";"It’s about to begin! These will be the 22 protagonists and numbers for 2026, aiming to make this a memorable season.

#motogp #moto #motorcycle #racing";2026-02-23 14:21;"15766";"11145";"1054";"80";"5";"20";1159;"10.4"
"17871060837550851";"FEED_IMAGE";"https://scontent-lhr6-1.cdninstagram.com/v/t51.82787-15/642513799_18325125682301445_1921312275379885526_n.jpg?stp=dst-jpg_e35_tt6&_nc_cat=109&ccb=7-5&_nc_sid=18de74&efg=eyJlZmdfdGFnIjoiRkVFRC5iZXN0X2ltYWdlX3VybGdlbi5DMyJ9&_nc_ohc=-DEulvYqMZ8Q7kNvwEB9v8l&_nc_oc=AdrobJ34cJgN_mDhLb_eocymxsYkWERLhFzJx7g_r1U0GkddJ0Gf8TH0jg4M0M3RzO0&_nc_zt=23&_nc_ht=scontent-lhr6-1.cdninstagram.com&edm=ANo9K5cEAAAA&_nc_gid=SqoFgGeV_3SbdrxRqSY5gg&_nc_tpa=Q5bMBQG4RXvs8ClECGTQWJxNq2QKisIHK5c9DvhSpmWjoDFEeFY8ksv1kPskVwsEMNEF6O9kVYv2-oWboA&oh=00_Af0Ixc863Ce0dVPHlhTWZAgxUOAP3nWyXgZJbAV_o1FB0Q&oe=69F33F9E";"https://www.instagram.com/p/DVGAUpmgusE/";"We’re sooo back! 🤩🤩

#motogp #moto #motorcycle #racing";2026-02-23 09:32;"5101";"3197";"160";"3";"1";"6";170;"5.32"
"17913152601144119";"FEED_CAROUSEL_ALBUM";"https://scontent-lhr8-1.cdninstagram.com/v/t51.82787-15/637716088_18325051144301445_3334687681951145356_n.jpg?stp=dst-jpg_e35_tt6&_nc_cat=108&ccb=7-5&_nc_sid=18de74&efg=eyJlZmdfdGFnIjoiQ0FST1VTRUxfSVRFTS5iZXN0X2ltYWdlX3VybGdlbi5DMyJ9&_nc_ohc=CtGd-HCpr-EQ7kNvwHRVS15&_nc_oc=Adr8KeiTAHKygByDZmxWYPQ3yIYeh_7XE8wqsKeO10Ov3hDmSgE1kEi5yd3egqC5xD0&_nc_zt=23&_nc_ht=scontent-lhr8-1.cdninstagram.com&edm=ANo9K5cEAAAA&_nc_gid=oNXKubitn0AckzgMc9WjTw&_nc_tpa=Q5bMBQFlpXxJVGY9UTbcPsUl1XUOg0WLYwHDLhVy4pFQFxRgMyhbgi7Az8q-KdhUXLI7sA4aTudZWcbOrA&oh=00_Af2CKjt9uXQeMm-07OtfAkLJPROOlTuVZuiRVz9MB1JAjg&oe=69F1D7CF";"https://www.instagram.com/p/DVELfWUgiyW/";"🌅 The Buriram test is coming to an end. Double tap to accept these airdrops.

📸: @ducaticorse | @yamahamotogp | @hrc_motogp | @vr46racingteam 

#motogp #moto #motorcycle #racing";2026-02-22 16:31;"12737";"5551";"513";"19";;"7";539;"9.71"
"17934778308184347";"FEED_IMAGE";"https://scontent-lhr6-2.cdninstagram.com/v/t51.82787-15/637250454_18325022944301445_71798410564016376_n.jpg?stp=dst-jpg_e35_tt6&_nc_cat=105&ccb=7-5&_nc_sid=18de74&efg=eyJlZmdfdGFnIjoiRkVFRC5iZXN0X2ltYWdlX3VybGdlbi5DMyJ9&_nc_ohc=JdqX_OWybyYQ7kNvwH_c-Kp&_nc_oc=AdrWDhIfp3UGPTH1W8ARiUzLbWQGOjkbpK-JT_o0qrdMwjZmKu03IpB0R3YGhCWS4Tc&_nc_zt=23&_nc_ht=scontent-lhr6-2.cdninstagram.com&edm=ANo9K5cEAAAA&_nc_gid=oNXKubitn0AckzgMc9WjTw&_nc_tpa=Q5bMBQEyvQ0425ZHxS925JWYAGBkMXpCWnTBxj2mtPzcXlHwQNd60i-AE7w1YQmKD2Y96Kthj-PWpBNOng&oh=00_Af3KbumlKVxwgY77sG8wFCr6IcmGJuhkHC9jyljyHcvivA&oe=69F1D641";"https://www.instagram.com/p/DVDmlu3Ash-/";"🏆 11 out of 12 sessions led at Phillip Island. With all of you, the king of Australia.

#motogp #moto #motorcycle #racing #BULEGAUS🇦🇺";2026-02-22 11:08;"41060";"25881";"1934";"71";"16";"172";2193;"8.47"
"17938319418153641";"FEED_IMAGE";"https://scontent-lhr8-2.cdninstagram.com/v/t51.82787-15/637723365_18324927961301445_1302497662488548738_n.jpg?stp=dst-jpg_e35_tt6&_nc_cat=103&ccb=7-5&_nc_sid=18de74&efg=eyJlZmdfdGFnIjoiRkVFRC5iZXN0X2ltYWdlX3VybGdlbi5DMyJ9&_nc_ohc=_9b096fbwtAQ7kNvwGNwjtD&_nc_oc=AdrMCfcNvXOgGYC5sil3KrnwO3pbKCbu3lrkDMmKl5iBq5e2emUWj8D4qbPOKaT4zQw&_nc_zt=23&_nc_ht=scontent-lhr8-2.cdninstagram.com&edm=ANo9K5cEAAAA&_nc_gid=NNT1Ud_SLifHWUzELoj6Rw&_nc_tpa=Q5bMBQHt7TFY7qwPN0i13YVrHQrGZSpI6S9RmlIyy9xovPw_xEa9cAbTsS8bwO_U3aBpNUw7zfEAvXUODw&oh=00_Af1C83zt1bAeYi4H8n1_iNewB8K8u6n7sb0EmsxIjNBUig&oe=69F0A722";"https://www.instagram.com/p/DVBZgosglkm/";"🤕 Despite suffering two crashes today, Marc Márquez finished second behind his brother.

🤔 The media asked him about his contract renewal, to which the number 93 replied that he would have no problem renewing with Ducati as long as his physical condition allowed it, with a two-year contract that would be “the ideal contract for Ducati.”

#motogp #moto #motorcycle #racing";2026-02-21 14:36;"54306";"43004";"4284";"105";"29";"202";4620;"10.74"
"18094786535314172";"FEED_IMAGE";"https://scontent-lhr8-1.cdninstagram.com/v/t51.82787-15/640060500_18324913963301445_4989434333394501488_n.jpg?stp=dst-jpg_e35_tt6&_nc_cat=108&ccb=7-5&_nc_sid=18de74&efg=eyJlZmdfdGFnIjoiRkVFRC5iZXN0X2ltYWdlX3VybGdlbi5DMyJ9&_nc_ohc=cjAMA5a_ZVwQ7kNvwEnRN_g&_nc_oc=AdoD3dRvkGUNpUilU816CHd9CSCBifSDETb8lpQ5YVhTseKtRo0OWE2UbKaok8gVWl4&_nc_zt=23&_nc_ht=scontent-lhr8-1.cdninstagram.com&edm=ANo9K5cEAAAA&_nc_gid=NNT1Ud_SLifHWUzELoj6Rw&_nc_tpa=Q5bMBQE0m0MSGtzg4GmVwCzWmO-5CwQPtTcTCAxm8QMvHIwWJ4LXsTYsYBfKmTwerHM0jO1XErhogVXODw&oh=00_Af1ymBMsTvsvHtpH2wPNH7qSXaWmFiv91yIcxciUoF0OSg&oe=69F08A9F";"https://www.instagram.com/p/DVBIuP8gnAs/";"Everything remains (almost the same)! 1-2 for the Márquez brothers.

#motogp #moto #motorcycle #racing";2026-02-21 12:09;"6476";"3601";"252";"10";"2";"3";267;"7.41"
"18048943061711169";"FEED_IMAGE";"https://scontent-lhr8-2.cdninstagram.com/v/t51.82787-15/637754078_18324908845301445_2897016685456146729_n.jpg?stp=dst-jpg_e35_tt6&_nc_cat=101&ccb=7-5&_nc_sid=18de74&efg=eyJlZmdfdGFnIjoiRkVFRC5iZXN0X2ltYWdlX3VybGdlbi5DMyJ9&_nc_ohc=4xJMv6xBF1gQ7kNvwGvHZb1&_nc_oc=AdoZkxXex5Wie8G3dNnAZ5J3zqkp7roSX6NDPmrPDVoE-5R1j-v-0ymTh81-O2OEzWs&_nc_zt=23&_nc_ht=scontent-lhr8-2.cdninstagram.com&edm=ANo9K5cEAAAA&_nc_gid=NNT1Ud_SLifHWUzELoj6Rw&_nc_tpa=Q5bMBQH6aYliAu_I2xFFSVeQoKO7qPShUHi316vKFYlILxYASzGfbWl02Eul1ybL--HGcdKC2hOmiJqJQA&oh=00_Af1nuHBexrGSKkiyWdL7eU3sKQtmbM4m0RDGLl0Ceet_Og&oe=69F0A7F3";"https://www.instagram.com/p/DVBBhsBAiVQ/";"🚨 Motosprint reports that Bagnaia has decided to join Aprilia and form an Italian duo alongside Bezz.

🇮🇹 The Italian, who had been strongly linked with Yamaha in recent days, is set to sign a three-year contract that will tie him to the Noale manufacturer until 2029.

#motogp #moto #motorcycle #racing";2026-02-21 11:06;"152433";"99420";"8926";"240";"122";"2369";11657;"11.73"
"18084887036183262";"FEED_CAROUSEL_ALBUM";"https://scontent-lhr6-2.cdninstagram.com/v/t51.82787-15/632294015_18324829612301445_1020233249355282186_n.jpg?stp=dst-jpg_e35_tt6&_nc_cat=104&ccb=7-5&_nc_sid=18de74&efg=eyJlZmdfdGFnIjoiQ0FST1VTRUxfSVRFTS5iZXN0X2ltYWdlX3VybGdlbi5DMyJ9&_nc_ohc=zgIoXiS8lA8Q7kNvwGPj_xw&_nc_oc=AdpdjcblQJLk3kB2v0B_G8U4uFbrU3n1LRO7hndIc39nP6cL6S1Lfpr_7yajdbxF4Es&_nc_zt=23&_nc_ht=scontent-lhr6-2.cdninstagram.com&edm=ANo9K5cEAAAA&_nc_gid=ZRMgdY3MqZPELPqfjlo-0Q&_nc_tpa=Q5bMBQG0FlBCQYpOf2B2FzPxeshTFADdTVhwarkcwqQX6zToqw2PPeIKgMFQpL3NcFJzOX2QvCzbAzN27Q&oh=00_Af2b8NRCRG4O3XQiSzN6UPR90hsRXEcS3xb86b9xUET2Yg&oe=69EF1DE3";"https://www.instagram.com/p/DU_JdLSgkpT/";"🧐 Let’s take a look at some of the riders who will be racing in their new colours in 2026.

📷: @bmwmotorradmotorsport | @aruba.it_racing | @barniracingteam | @patamaxusyamaha | @team_goeleven 

#motogp #moto #motorcycle #racing";2026-02-20 17:37;"55435";"27399";"4488";"87";"11";"13";4599;"16.79"
"17854008360622424";"FEED_CAROUSEL_ALBUM";"https://scontent-lhr6-2.cdninstagram.com/v/t51.82787-15/635106097_18324715525301445_8241629257658289882_n.jpg?stp=dst-jpg_e35_tt6&_nc_cat=104&ccb=7-5&_nc_sid=18de74&efg=eyJlZmdfdGFnIjoiQ0FST1VTRUxfSVRFTS5iZXN0X2ltYWdlX3VybGdlbi5DMyJ9&_nc_ohc=CppX8Bf-BIMQ7kNvwGRA0Bs&_nc_oc=AdrStFJaYF-y9OZyPxL-Qlmg-eQe94Dx1E6XXLlpGT6aguN8Lp-V22purzdolCH1vUg&_nc_zt=23&_nc_ht=scontent-lhr6-2.cdninstagram.com&edm=ANo9K5cEAAAA&_nc_gid=OKYqqx3z4gtjILGgOA9dUg&_nc_tpa=Q5bMBQGreoB5lL9TtvN6QKTtJtuf3ID9PzEf9Hi-3-DQAdtzb0ye1SlfuKQr23RT3GmVcI00UQZoC0Yq9w&oh=00_Af1jbHnhZYZdAtIU_hG1cW2BRjdK00AAojWjP0U4z3qNaw&oe=69EDF623";"https://www.instagram.com/p/DU8mnkbghis/";"🗣️ The current Moto2 champion spoke to Motosprint at the 46th edition of the Caschi d'Oro awards ceremony and stated that his goal this year is to win rookie of the year and therefore beat the other rookie from 2026, Toprak, in the overall standings.

📷 / @lcr.team 

#motogp #moto #motorcycle #racing";2026-02-19 17:54;"46336";"27983";"3658";"69";"33";"21";3781;"13.51"
"18074095427576602";"FEED_IMAGE";"https://scontent-lhr6-2.cdninstagram.com/v/t51.82787-15/636528022_18324599206301445_2175121006935076858_n.jpg?stp=dst-jpg_e35_tt6&_nc_cat=105&ccb=7-5&_nc_sid=18de74&efg=eyJlZmdfdGFnIjoiRkVFRC5iZXN0X2ltYWdlX3VybGdlbi5DMyJ9&_nc_ohc=pqW95GTdjcIQ7kNvwGBy_H0&_nc_oc=AdpdXGnpdKN4ofSCCEukeUR8axc9g5SJdqnaue9uOLH1_5V9Q6he0oxMglrLWH8bqxs&_nc_zt=23&_nc_ht=scontent-lhr6-2.cdninstagram.com&edm=ANo9K5cEAAAA&_nc_gid=tXCKLKgLn4F5SoFd6TIwbA&_nc_tpa=Q5bMBQFlFZePCKFa3EyIjNsLUa_aOvTn4f06hYa7wY5YSqDpo1yJUIJwnSLXeuyJNm90MowUnnsUOFlrHQ&oh=00_Af299kSoXfjX1kLr7aut3dX-Tj90w7oPBiJBA1L1VWHidw&oe=69ECAFEE";"https://www.instagram.com/p/DU5-a_jgncm/";"😡 Stoner has expressed his opinion on the rumor that the Australian Grand Prix at Phillip Island may be coming to an end, and he is not exactly pleased... 

#motogp #moto #motorcycle #racing";2026-02-18 17:24;"123445";"88938";"5666";"159";"288";"400";6513;"7.32"
"18338194936243760";"FEED_IMAGE";"https://scontent-lhr8-2.cdninstagram.com/v/t51.82787-15/632666342_18324437332301445_4489129515638852271_n.jpg?stp=dst-jpg_e35_tt6&_nc_cat=101&ccb=7-5&_nc_sid=18de74&efg=eyJlZmdfdGFnIjoiRkVFRC5iZXN0X2ltYWdlX3VybGdlbi5DMyJ9&_nc_ohc=xnzqcIaVD80Q7kNvwHn-10q&_nc_oc=AdqfVFRbkayIMURdbRC5RT0rQBJZEbhugk6K_Pc0kr1e8jwZ4lahXnFLI4FBdA6PbyA&_nc_zt=23&_nc_ht=scontent-lhr8-2.cdninstagram.com&edm=ANo9K5cEAAAA&_nc_gid=mlg0ZEfjtDbxUOhGHL2TZQ&_nc_tpa=Q5bMBQH4KKqikUcr3Vv3GlZPv8uEMR-JiudKLZZPrZE0on72YkauMHb8dpKIm95zma1ru9DDSDzI32f21A&oh=00_Af29QJPdROVHdI8I006tgNBN2EjjCitSdkwDaa-xH7VZaA&oe=69EB3F30";"https://www.instagram.com/p/DU2gHNXiGeJ/";"🚨 Honda HRC rider Jake Dixon crashed at Turn 11 during Day 2 of the official WorldSBK test at Phillip Island.

🏥 He sustained left wrist fractures and an elbow contusion, will travel to Melbourne for further checks, and has been ruled out of the Australian Round.

📷/ @hrc_worldsbk 
#motogp #moto #motorcycle #racing";2026-02-17 09:02;"10973";"6044";"472";"5";"4";"9";490;"8.11"
"18013351712827509";"FEED_IMAGE";"https://scontent-lhr8-1.cdninstagram.com/v/t51.82787-15/627918347_18324351481301445_7178841456033234602_n.jpg?stp=dst-jpg_e35_tt6&_nc_cat=111&ccb=7-5&_nc_sid=18de74&efg=eyJlZmdfdGFnIjoiRkVFRC5iZXN0X2ltYWdlX3VybGdlbi5DMyJ9&_nc_ohc=ZI64d01Ac70Q7kNvwGxeXbc&_nc_oc=AdpvyqCgSBdk0CP2EWk4wMpHwgKcZVMWxmelyg4YebIjBLSWYdD7J8qfgeOlgyOO5zg&_nc_zt=23&_nc_ht=scontent-lhr8-1.cdninstagram.com&edm=ANo9K5cEAAAA&_nc_gid=q-O9bcv_U1R5fwezBaFIkg&_nc_tpa=Q5bMBQEcdxEfvxtcLeNiRZOjR55L4Cz0zZRNyhtf-kHz6DBffX5J946KQ3a7ajTmubFLbwnKodHg0KTArA&oh=00_Af1_3n41EGQHzsszozS2v64AlSZioFo1533TTeXuqpQmJA&oe=69E9F6A8";"https://www.instagram.com/p/DU0fur6Ainh/";"😕In the latest tests in Sepang, Yamaha had problems with its V4 engine, so much so that the six riders with the fewest laps were all from the Japanese brand.

🤔 This week, the tests return, this time in Buriram. Will they be able to overcome this poor start to their new era with the V4?

#motogp #moto #motorcycle #racing";2026-02-16 14:22;"41155";"26617";"1555";"46";"6";"8";1615;"6.07"
"17919997224258956";"FEED_IMAGE";"https://scontent-lhr6-1.cdninstagram.com/v/t51.82787-15/633504777_18324260722301445_9071505819137823986_n.jpg?stp=dst-jpg_e35_tt6&_nc_cat=109&ccb=7-5&_nc_sid=18de74&efg=eyJlZmdfdGFnIjoiRkVFRC5iZXN0X2ltYWdlX3VybGdlbi5DMyJ9&_nc_ohc=-l3AsJq_vxwQ7kNvwE9CSAo&_nc_oc=AdrB5IkDldmGDRqmAYyum0VbGo2QVdb8QxMFJVqGLZY76xgWihDGLDSCar2XOl00thk&_nc_zt=23&_nc_ht=scontent-lhr6-1.cdninstagram.com&edm=ANo9K5cEAAAA&_nc_gid=GGefcnBMZt6FVVNSrqJtzA&_nc_tpa=Q5bMBQH4fezQZwyh-obQVwNdKQFef94LnoxkebTNlbB8hD83sJ8Ho_obmw_ADwW95XeCGj43eIy2gd6YqQ&oh=00_Af1ufPWvc3BdTSy1GOTaBGUxyI45pVRtelJnSj-fCTcpWg&oe=69E8AEBA";"https://www.instagram.com/p/DUyZGxVAt20/";"⚒️ The second day of Moto3 test ends with Máximo Quiles at the top of the standings

#motogp #moto #motorcycle #racing";2026-02-15 18:43;"9055";"5014";"338";"12";"1";"10";361;"7.2"
"18086343737136992";"FEED_IMAGE";"https://scontent-lhr8-2.cdninstagram.com/v/t51.82787-15/628384347_18324071866301445_2504224122410539965_n.jpg?stp=dst-jpg_e35_tt6&_nc_cat=103&ccb=7-5&_nc_sid=18de74&efg=eyJlZmdfdGFnIjoiRkVFRC5iZXN0X2ltYWdlX3VybGdlbi5DMyJ9&_nc_ohc=qFjW_XKGozEQ7kNvwFQCAu0&_nc_oc=AdqRVhpn80PEEX-FyNcYZCaY2PglStR3qM_r7yqj-dfXM3Y9WPBAhHyQlAYYBhQARfE&_nc_zt=23&_nc_ht=scontent-lhr8-2.cdninstagram.com&edm=ANo9K5cEAAAA&_nc_gid=R6y29r8B8KA6zg2ErAsFpQ&_nc_tpa=Q5bMBQGeXaD4ukFdV4mhEb0_yqqQRkMNPVZp5dyPL9IUxxZWXY829W6UeIcEqJ5CHHs9N17XxR_VS5Vt1Q&oh=00_Af1BHoIRGNUZ63R9wGuZBQdjQ5FSTJ3Q2YKN7OxBIJmJHA&oe=69E74C7F";"https://www.instagram.com/p/DUvEvhlgl3g/";"🗞️ L'Esportiu, a Catalan newspaper, interviewed Àlex Rins, who stated that he has not had the opportunity to demonstrate his full potential.

🗣️ He also confessed that in 2022 he had two offers on the table, one of which was from Gresini, but he ended up opting for Honda's satellite team, which, despite achieving a victory in Austin, never fulfilled its promises about factory support, according to the rider from Barcelona.

#motogp #moto #motorcycle #racing";2026-02-14 11:48;"40706";"29379";"1483";"63";"20";"74";1640;"5.58"
"17937946383155043";"FEED_IMAGE";"https://scontent-lhr6-1.cdninstagram.com/v/t51.82787-15/628259688_18323965936301445_156317792714010057_n.jpg?stp=dst-jpg_e35_tt6&_nc_cat=109&ccb=7-5&_nc_sid=18de74&efg=eyJlZmdfdGFnIjoiRkVFRC5iZXN0X2ltYWdlX3VybGdlbi5DMyJ9&_nc_ohc=amKe8gLLOR4Q7kNvwEa0Yg-&_nc_oc=AdqmFzGQjblDKIcmfpIib6hwMsZgc7lXNIR9HgkhZRZwmIbBD-Kk8X7jdsFFvUjl5B4&_nc_zt=23&_nc_ht=scontent-lhr6-1.cdninstagram.com&edm=ANo9K5cEAAAA&_nc_gid=whNknbxWCfxg5Uq0bfWnpg&_nc_tpa=Q5bMBQFFgI22cuLQHbMsjEPaJ-1_lM6DMHE1StK4EVO7e6wUDr-Fin4XbI_EAXTGk7k83VIKB0Onp9bfrg&oh=00_Af3xi7Xagh7_5nWsERyN94OOG9yMvkR615xgWvDPF96DYA&oe=69E5EECB";"https://www.instagram.com/p/DUs8ty6guIS/";"😳 Martín makes his prediction for the coming season and is already ruling out Aprilia, dressed in blue “just because of the rumors.”

#motogp #moto #motorcycle #racing";2026-02-13 15:59;"29421";"17100";"1309";"58";"10";"42";1419;"8.3"
"17994117743748037";"FEED_IMAGE";"https://scontent-lhr8-2.cdninstagram.com/v/t51.82787-15/628247745_18323872060301445_105063259829076987_n.jpg?stp=dst-jpg_e35_tt6&_nc_cat=106&ccb=7-5&_nc_sid=18de74&efg=eyJlZmdfdGFnIjoiRkVFRC5iZXN0X2ltYWdlX3VybGdlbi5DMyJ9&_nc_ohc=htzCZP4H9ssQ7kNvwHqo-xO&_nc_oc=AdokiHCbUxB-jLsw-8PLtNm2QtMYFwvnN4J6VZC1YCwkycnzwmMxzZctp4v09lbpfVY&_nc_zt=23&_nc_ht=scontent-lhr8-2.cdninstagram.com&edm=ANo9K5cEAAAA&_nc_gid=kLu-i0gppY0-xnZfWmyQ9w&_nc_tpa=Q5bMBQGcVShvfaIAVJV6UckLtpGibFK22ow5bqbTVZBgQ9CwfwAZKozXL1dBXG7fmuZCBJhbi19MfbZ2aA&oh=00_Af1CUJ__Y_eElaP8F_jFjq9kzeyZSdAD_vVAFo5EHzOkxw&oe=69E489C2";"https://www.instagram.com/p/DUqyhX5AspS/";"Manugasss closes the Portimao test on a day that ended early due to a series of crashes caused by oil on the track from Öncu's bike.

📷: @intactgp 

#motogp #moto #motorcycle #racing";2026-02-12 19:52;"13825";"7623";"743";"21";"3";"12";779;"10.22"
"18086659175175547";"FEED_IMAGE";"https://scontent-lhr6-1.cdninstagram.com/v/t51.82787-15/629622685_18323822938301445_5043031508585334897_n.jpg?stp=dst-jpg_e35_tt6&_nc_cat=102&ccb=7-5&_nc_sid=18de74&efg=eyJlZmdfdGFnIjoiRkVFRC5iZXN0X2ltYWdlX3VybGdlbi5DMyJ9&_nc_ohc=XeaCbYo0Zq8Q7kNvwFfHUK9&_nc_oc=AdpSmNbsqg3oVCjird2uIGpJNntOMQxzJLn6_TjANBaTzrJuP7E6GVEbcQrhDYHn9i8&_nc_zt=23&_nc_ht=scontent-lhr6-1.cdninstagram.com&edm=ANo9K5cEAAAA&_nc_gid=kLu-i0gppY0-xnZfWmyQ9w&_nc_tpa=Q5bMBQHFueWyerZPozZFDp-Ibq1I0eqMn_zIv4bEc2Bqe2WRY_URC9huFiGlIoFf0vPwVYQcaI2xKEkpnw&oh=00_Af2OczesaPTa6cx2_TvxBfrhfkgikqGULxKGM8j_dRsCug&oe=69E485D6";"https://www.instagram.com/p/DUp4pkkAmDa/";"🔮 Bezz, one of the few privileged riders who already has a contract for 2027, predicts up to 13 changes on next year's grid. Do you agree with the Italian?

#motogp #moto #motorcycle #racing";2026-02-12 11:26;"35037";"21827";"1476";"67";"12";"34";1589;"7.28"
"18095901185506890";"FEED_IMAGE";"https://scontent-lhr8-1.cdninstagram.com/v/t51.82787-15/628865460_18323643184301445_547271083537484592_n.jpg?stp=dst-jpg_e35_tt6&_nc_cat=107&ccb=7-5&_nc_sid=18de74&efg=eyJlZmdfdGFnIjoiRkVFRC5iZXN0X2ltYWdlX3VybGdlbi5DMyJ9&_nc_ohc=Rj-m6LbjL4wQ7kNvwEo_IE8&_nc_oc=AdpbPchFfwnbX1V382iyU0Yj17QfS2X8nt4UJytc_jKoaAbOVdujHgZb_JVg_AoGrkI&_nc_zt=23&_nc_ht=scontent-lhr8-1.cdninstagram.com&edm=ANo9K5cEAAAA&_nc_gid=0FN8Boqk86W08RdRkKBaxQ&_nc_tpa=Q5bMBQFtCRrKpugYrh3WsTPzBZu6mSo7pAylvrqOhP_7usLJTnaXUKp6HS-EZiazm1knWllupqAJQbNxwQ&oh=00_Af2StJc1arW0AJWvbDyTIC4yNkne6X6TxxF1jJCv2gb_0A&oe=69E1F7F4";"https://www.instagram.com/p/DUlUg4gAlk-/";"🏆 Just as they did with Moto3, our colleagues at @theracemoto asked MotoGP riders who they thought would win the Moto2 championship.

❓ Who do you think will win this year?

#motogp #moto #motorcycle #racing";2026-02-10 16:53;"54987";"30647";"2404";"130";"30";"94";2658;"8.67"
"18096139634481770";"FEED_IMAGE";"https://scontent-lhr6-1.cdninstagram.com/v/t51.82787-15/628294402_18323517658301445_1071061078874294239_n.jpg?stp=dst-jpg_e35_tt6&_nc_cat=102&ccb=7-5&_nc_sid=18de74&efg=eyJlZmdfdGFnIjoiRkVFRC5iZXN0X2ltYWdlX3VybGdlbi5DMyJ9&_nc_ohc=mshwQbaqh_EQ7kNvwEmShLx&_nc_oc=AdrdWjHewppWn38GMTqzX-fgq4lP3wqk_ko9zKQARUL2ze1EWiJaP-yRzR_bVD2spYo&_nc_zt=23&_nc_ht=scontent-lhr6-1.cdninstagram.com&edm=ANo9K5cEAAAA&_nc_gid=wEeliLeWNudAxH8OLJ0lsA&_nc_tpa=Q5bMBQHghzwMfatoXrJjo-yybIucyBOlwD-9JPAMYNSzmOCwdQgTnr0ZJbjpVOflmYMW7p8ESja62OIGkw&oh=00_Af1RtmcIfdR9g1l30_rxPdhrepefxA9EpwqlXwbB3q0umA&oe=69E0C869";"https://www.instagram.com/p/DUibYTlgjE6/";"🗣️ ManuGasss appeared on our partners’ podcast @entreboxespodcast, where he analyzed his 2025 season, reviewing his strengths and weaknesses.

🏍️ The Moto2 runner-up also spoke about the future and noted that the fact that contracts are decided so early could benefit him due to his high adaptability at the start of the championship. 

❓ Do you think he will be able to move up to the premier class despite MotoGP’s policy of reducing the number of Spanish riders?

#motogp #moto #motorcycle #racing";2026-02-09 14:07;"24474";"13798";"936";"29";"9";"10";984;"7.13"
"18096078223751291";"FEED_IMAGE";"https://scontent-lhr6-2.cdninstagram.com/v/t51.82787-15/629585612_18323416528301445_4114435962557343244_n.jpg?stp=dst-jpg_e35_tt6&_nc_cat=104&ccb=7-5&_nc_sid=18de74&efg=eyJlZmdfdGFnIjoiRkVFRC5iZXN0X2ltYWdlX3VybGdlbi5DMyJ9&_nc_ohc=TM-q1PY5Z-wQ7kNvwEAYYQm&_nc_oc=Adr9wHlttasUqxzEcNh7yokkBYElUZyTjTWmnNkMwEf2u0cSjUq5fdpK5uuHbnIwZdU&_nc_zt=23&_nc_ht=scontent-lhr6-2.cdninstagram.com&edm=ANo9K5cEAAAA&_nc_gid=aUKq1pX3ukOAo97umB7i5g&_nc_tpa=Q5bMBQEwqKI0UfhPGAJqnxCWgmHPgtPeoINrbfpi6j2av25Dqv0nWIjcIWSfHM8HitFKRB77n8_VdgDbwQ&oh=00_Af3WgpDqt92bSfAyXr23DKL61ZrFPCT-UE8GbEMdviiayQ&oe=69DF75E0";"https://www.instagram.com/p/DUf-F86Aq5d/";"🎙️ @theracemoto interviewed the riders in the premier class at the MotoGP launch in Malaysia and asked them who would win this year's Moto3 world championship.

🌟 Quiles is the clear favourite, while other riders are backing their compatriots, brands, brothers (or simply don't know).

#motogp #moto #motorcycle #racing";2026-02-08 15:01;"134321";"91065";"5084";"244";"78";"134";5540;"6.08"
"18063405272641976";"FEED_IMAGE";"https://scontent-lhr6-1.cdninstagram.com/v/t51.82787-15/627189451_18323303050301445_7873063769486423215_n.jpg?stp=dst-jpg_e35_tt6&_nc_cat=109&ccb=7-5&_nc_sid=18de74&efg=eyJlZmdfdGFnIjoiRkVFRC5iZXN0X2ltYWdlX3VybGdlbi5DMyJ9&_nc_ohc=LyVwOBDBQDYQ7kNvwFM1hms&_nc_oc=Ado9MShjcXmgrve4KUTsKuwLuYKiJs1PayORYkMDsMDZxFOxB9PjGwiYlOfo8lhJwTo&_nc_zt=23&_nc_ht=scontent-lhr6-1.cdninstagram.com&edm=ANo9K5cEAAAA&_nc_gid=XobCS0ImHD-TgKUe1nsa0Q&_nc_tpa=Q5bMBQFYMMmG-CgpXFbAWap6IIVANMVJ08CPgc2868tXGA7aRAqQViB0M9VE8y3gizD_gVRXCuTq9mYp0w&oh=00_Af0TphtggXYApuIwUhGqdtAYNUuwDbbZAn4k1rlWtizSYQ&oe=69DDF877";"https://www.instagram.com/p/DUdb3vbAsqu/";"🔍 Just a few days ago, we saw that the official Ducati SBK team lost its sponsorship from Monster Energy, and this is nothing more than a preview of Monster's future separation from the MotoGP team.

🔴 Red Bull wants Márquez back, even more so with Acosta's supposed signing with the Italian brand. Would you like to see Red Bull sponsoring the Ducati Lenovo Team?

#motogp #moto #motorcycle #racing";2026-02-07 15:24;"58741";"33151";"2696";"159";"31";"286";3172;"9.57"
"18004064939698828";"FEED_IMAGE";"https://scontent-lhr6-1.cdninstagram.com/v/t51.82787-15/629373891_18323199301301445_4747899586154812932_n.jpg?stp=dst-jpg_e35_tt6&_nc_cat=109&ccb=7-5&_nc_sid=18de74&efg=eyJlZmdfdGFnIjoiRkVFRC5iZXN0X2ltYWdlX3VybGdlbi5DMyJ9&_nc_ohc=7cA4OZUlVy0Q7kNvwG0aCGI&_nc_oc=AdpxXyKm9v0uQoFG4AFGOZ7Wxm5PEIR4REXf7Xx87UMpQ6FfM4okABBt20cQR1bEWtQ&_nc_zt=23&_nc_ht=scontent-lhr6-1.cdninstagram.com&edm=ANo9K5cEAAAA&_nc_gid=MpXMC4jgElD3MufDcdqINQ&_nc_tpa=Q5bMBQFJtRWfMkUInCwAbCQ_ZsBvg6FAuc8LzKJBuWOFcnT9lT9FJTc8XacdUmuIZ64jqumfI41CIzonbA&oh=00_Af2PlUcOZ2z8VAhjHRM5eRdcHhreZ_NlwTBYncyRv8xv9w&oe=69DCBF31";"https://www.instagram.com/p/DUbA2_UAgdl/";"⚒️ Ogura topped the list of riders who completed the most laps during the three days of testing at Sepang.

#motogp #moto #motorcycle #racing #sepangtest";2026-02-06 16:49;"22873";"13499";"1361";"27";"7";"15";1410;"10.45"
"17921499126088893";"FEED_CAROUSEL_ALBUM";"https://scontent-lhr6-1.cdninstagram.com/v/t51.82787-15/626257089_18323082835301445_431464201415156651_n.jpg?stp=dst-jpg_e35_tt6&_nc_cat=102&ccb=7-5&_nc_sid=18de74&efg=eyJlZmdfdGFnIjoiQ0FST1VTRUxfSVRFTS5iZXN0X2ltYWdlX3VybGdlbi5DMyJ9&_nc_ohc=eqgUAKh9B_sQ7kNvwFIp6lX&_nc_oc=Adpe5bZ8WeXn-cUxiRdHg9Pho5mzHUyS7z6YsMwODZyNpjnCuf2sN4c__0XxPYOJUsY&_nc_zt=23&_nc_ht=scontent-lhr6-1.cdninstagram.com&edm=ANo9K5cEAAAA&_nc_gid=uB_3syPzA_1JnsN9Z9HBbw&_nc_tpa=Q5bMBQERV5kQVHnpVQE7SakPLRJ_Y1l9MEhDR4640No18PTtfGJNdh6Urlniq_tc7XV-gtTekyYzmJRttA&oh=00_Af2XkzxyEXE4qV-bGaQv54yQhqHMcf1VKCRCl8aMqCmzvQ&oe=69DB6E54";"https://www.instagram.com/p/DUYRiNOgggr/";"🔮 These are the predictions for the 2027 MotoGP grid from some of the most influential accounts in motorcycling.

🤔 Would you dare to make your prediction?

#motogp #moto #motorcycle #racing";2026-02-05 15:17;"223275";"99119";"8433";"841";"164";"1107";10545;"10.64"
"18090655361470292";"FEED_CAROUSEL_ALBUM";"https://scontent-lhr6-1.cdninstagram.com/v/t51.82787-15/625049786_18322974418301445_3923940086792226281_n.jpg?stp=dst-jpg_e35_tt6&_nc_cat=109&ccb=7-5&_nc_sid=18de74&efg=eyJlZmdfdGFnIjoiQ0FST1VTRUxfSVRFTS5iZXN0X2ltYWdlX3VybGdlbi5DMyJ9&_nc_ohc=vP-_2h6L3KIQ7kNvwHGOXW0&_nc_oc=AdrcP-5io6ZcPRcWUTWTVsDK-PpVyda-AGg4ztUwEyNvjc_DDT2Q1KTVnNpoOkIRd4s&_nc_zt=23&_nc_ht=scontent-lhr6-1.cdninstagram.com&edm=ANo9K5cEAAAA&_nc_gid=ecVBhPNxnuK-4I_p4pmiDg&_nc_tpa=Q5bMBQEdebHmQgOIQzy4bXaYLtZMMRKL4XtYra9kTfO-ok_Hzj21aSzDLTSBO2l_xxQKmEC4tmvL_yR9KQ&oh=00_Af2rUCwkqd7BtoarbIDiAz5dy7FKMM5dtduu-DC7C5mFMg&oe=69D90509";"https://www.instagram.com/p/DUVnjRPAj0a/";"⚒️ Test mode activated 

🧐 Take a look at the different prototypes that the teams will be using this season, featuring some of the most impressive riding styles on the grid.";2026-02-04 14:32;"166658";"85468";"12030";"347";"44";"486";12907;"15.1"
"17873849244507688";"FEED_IMAGE";"https://scontent-lhr8-1.cdninstagram.com/v/t51.82787-15/626278508_18322871308301445_2177665521546521707_n.jpg?stp=dst-jpg_e35_tt6&_nc_cat=108&ccb=7-5&_nc_sid=18de74&efg=eyJlZmdfdGFnIjoiRkVFRC5iZXN0X2ltYWdlX3VybGdlbi5DMyJ9&_nc_ohc=qJQSf6b6d40Q7kNvwE02J4b&_nc_oc=Adr3ml90bnprbT25LRJ0OgQIfIEkVGZwBZljjZS7FboBrfSABqa-BYI7koSJ0GOHE1w&_nc_zt=23&_nc_ht=scontent-lhr8-1.cdninstagram.com&edm=ANo9K5cEAAAA&_nc_gid=ecVBhPNxnuK-4I_p4pmiDg&_nc_tpa=Q5bMBQECLC_lrCE_bis_Mcks-VFRWhAZro5K8GmYFC5OSmgFU5fsEWC1u7Q94QvS6TxuQIDBEZY_e_232A&oh=00_Af0jxEZtt0GMhJ64hPjdgiJp3Auf9_A8gGq7tvCNydzlcQ&oe=69D8F30A";"https://www.instagram.com/p/DUS_qIgCATy/";"🎙️ Yesterday, Ricard Jové and Judit Florensa were breaking down the MotoGP market on the DURALAVITA channel.

🇧🇷 During the video, they talked about the young Brazilian prospect, which Jové already places in the official team alongside the supposed signing of Quartararo.

#motogp #moto #motorsport #motorcycle #racing";2026-02-03 14:06;"40623";"26725";"2919";"76";"40";"207";3242;"12.13"
"18326145886218075";"FEED_CAROUSEL_ALBUM";"https://scontent-lhr6-2.cdninstagram.com/v/t51.82787-15/625880097_18322766683301445_7043742495302287579_n.jpg?stp=dst-jpg_e35_tt6&_nc_cat=104&ccb=7-5&_nc_sid=18de74&efg=eyJlZmdfdGFnIjoiQ0FST1VTRUxfSVRFTS5iZXN0X2ltYWdlX3VybGdlbi5DMyJ9&_nc_ohc=cZ-RC1X6SBwQ7kNvwFHuFlR&_nc_oc=Adp0NNeMgqKLOPv5UDoHLVx6z3oyNLL_FdcGe1UufAhf5ONVzrO3x6PmisoXODW_6V8&_nc_zt=23&_nc_ht=scontent-lhr6-2.cdninstagram.com&edm=ANo9K5cEAAAA&_nc_gid=DNz5_e5oQbVr6x_e93cohA&_nc_tpa=Q5bMBQFRKQ6n9rvdmyT-jeIyY1bJnknhEQcxWqMdIU6R9M0VPgZZPfFyUZFfiyws-DAY2JxTrStnmcuFNQ&oh=00_Af0h9FgzlBUi7qm40KFO9maauBIR34-8sYrmshB0MDRJIg&oe=69D77B0D";"https://www.instagram.com/p/DUQzXi0iOCY/";"🤝📝 With Bezzecchi's multi-year agreement with Aprilia, this is how the official grid for 2027 looks for now.

* In the case of Moreira and Toprak, they have brand contracts for 2028 and 2027 respectively, so they will continue with their brands but not necessarily with their current teams.

#motogp #moto #motorsport #motorcycle";2026-02-02 17:39;"90860";"53709";"4299";"165";"8";"87";4559;"8.49"
"17965605699009588";"FEED_IMAGE";"https://scontent-lhr8-1.cdninstagram.com/v/t51.82787-15/625677393_18322591717301445_4971687864121777227_n.jpg?stp=dst-jpg_e35_tt6&_nc_cat=107&ccb=7-5&_nc_sid=18de74&efg=eyJlZmdfdGFnIjoiRkVFRC5iZXN0X2ltYWdlX3VybGdlbi5DMyJ9&_nc_ohc=rmuZVA4nc-IQ7kNvwHsbU4D&_nc_oc=AdqT2_4ROEts9wxTiGU-Vf2mzZ38O_oIyLyVgoSowveHiIXrrc5H-sIYEAcfDrs9gMs&_nc_zt=23&_nc_ht=scontent-lhr8-1.cdninstagram.com&edm=ANo9K5cEAAAA&_nc_gid=KC66EfNDdA6AEUPk0xGY3A&_nc_tpa=Q5bMBQH4dWquBisVxbSE7FJQ3x_TbqTisRA3EWSHTXcVfkmXFh4UtsNWjPvYRTDGf35-XcuqhUnDOQMt7g&oh=00_Af1-lb4QaqkDqJJH0BWCPJM5hGELWcPWZxnbpBaXmR3epQ&oe=69D63AE8";"https://www.instagram.com/p/DUOL3zNgpI4/";"🗞️ Albert Valera spoke in an exclusive interview with SPEEDWEEK, where he denied recent rumours linking Pedro and Jorge to Ducati and Yamaha respectively.

🎙️ The manager of the two Spaniards clarified that they are still evaluating their best options and that for the moment they are focusing on current and future tests.

#motogp #moto #motorsport #motorcycle";2026-02-01 17:15;"31943";"18357";"786";"43";"6";"231";1066;"5.81"
"18120765424574273";"FEED_IMAGE";"https://scontent-lhr8-2.cdninstagram.com/v/t51.82787-15/625259795_18322359670301445_4477222792220198981_n.jpg?stp=dst-jpg_e35_tt6&_nc_cat=103&ccb=7-5&_nc_sid=18de74&efg=eyJlZmdfdGFnIjoiRkVFRC5iZXN0X2ltYWdlX3VybGdlbi5DMyJ9&_nc_ohc=5YK3nqI_3UgQ7kNvwFeHLf0&_nc_oc=Ado6g3j2ODbXjpnH2YE5kLo01kQrhOg_DhtMD9OXT4nMhTI18qtst_h-o2Hf-T-FAkw&_nc_zt=23&_nc_ht=scontent-lhr8-2.cdninstagram.com&edm=ANo9K5cEAAAA&_nc_gid=-gesRn4GTZuvyRXeWsL9dA&_nc_tpa=Q5bMBQEDrp0Ipi5Spe5WNRa67kyG-9IzWsqBjMEfym17e1F4q_Hlip_WVStN9Vl6R5DL7xBZRkFlFCgCcg&oh=00_Af39P7WUCcIUvbY-yW_ywrSCORs2AqarHXGRRzBaVaoATg&oe=69D5014E";"https://www.instagram.com/p/DULp5FXgk_5/";"🏍️⚒️ Today, the Shakedown test in Sepang ended with Aleix Espargaró setting the fastest time, which would place him P4 in the 2025 Malaysian Grand Prix qualifying.

🗣️ The Catalan rider thanked his box crew for their work on social media and called his RC213V the best he has ever ridden in his career.

#motogp #moto #motorsport #motorcycle #2026";2026-01-31 17:40;"99660";"59884";"5056";"144";"67";"771";6038;"10.08"
"18056942225352543";"FEED_IMAGE";"https://scontent-lhr6-1.cdninstagram.com/v/t51.82787-15/624542241_18322163434301445_2022920267016072846_n.jpg?stp=dst-jpg_e35_tt6&_nc_cat=109&ccb=7-5&_nc_sid=18de74&efg=eyJlZmdfdGFnIjoiRkVFRC5iZXN0X2ltYWdlX3VybGdlbi5DMyJ9&_nc_ohc=oo-NN9IlRscQ7kNvwFqTIGT&_nc_oc=AdqyaKXH4ONuI5od30V7DBSds1gyiCg9SlpvqVH0-OZUO5uHp1oHnyP73ZZtnItoCdQ&_nc_zt=23&_nc_ht=scontent-lhr6-1.cdninstagram.com&edm=ANo9K5cEAAAA&_nc_gid=IkuaKNjA6J9ptDMVTd_cFA&_nc_tpa=Q5bMBQF2s_qo1STeim-J0Voy5rvZkELbFoP9sLDq-qI81pzuDyJD6V6UP-tjCByOmWLeVu9IfFy_IXhrFA&oh=00_Af1apalcU7W0RdRKB1CZ9MED7o9QoeO7R4mNjzCI3UCpYA&oe=69D3E1B5";"https://www.instagram.com/p/DUJMjqtAu-J/";"🗞️ According to GP One, the younger Márquez brother could be on the Austrian brand's radar.

🟠 With the AS newspaper's exclusive report placing Pedro sharing a garage with Marc, KTM would be looking to recover with an excellent Spanish duo led by Álex and Viñales.

#motogp #moto #motorsport #motorcycle #2026";2026-01-30 18:45;"39800";"24456";"2055";"88";"58";"405";2606;"10.66"
"18080672015209870";"FEED_IMAGE";"https://scontent-lhr8-1.cdninstagram.com/v/t51.82787-15/624480168_18322130764301445_8776921319215405837_n.jpg?stp=dst-jpg_e35_tt6&_nc_cat=108&ccb=7-5&_nc_sid=18de74&efg=eyJlZmdfdGFnIjoiRkVFRC5iZXN0X2ltYWdlX3VybGdlbi5DMyJ9&_nc_ohc=oYvw_RtYH20Q7kNvwGJKRsa&_nc_oc=AdrHB4Hq2tt1SRiiLQeSNO6Ql1488V16FyN9KX7aL0OoM3yokJWQLqaGwpl9pwQaUxc&_nc_zt=23&_nc_ht=scontent-lhr8-1.cdninstagram.com&edm=ANo9K5cEAAAA&_nc_gid=IkuaKNjA6J9ptDMVTd_cFA&_nc_tpa=Q5bMBQEsafISYMBeERrRSYb6rLVo6Hjv8WzELNJX_8psvf4_jaV7XbVs8o4vRgUlm-MvwgB_ju5WqigphA&oh=00_Af14mZNroK46JMDAZvzbUBekMV8Y24lTQFwtAZLIyBCGNQ&oe=69D3E5D4";"https://www.instagram.com/p/DUI9zdzAunQ/";"Sad but true. 🫠

#motogp #moto #motorsport #motorcycle #2026";2026-01-30 16:36;"19311";"11652";"1190";"50";"8";"100";1348;"11.57"
"18418304893142649";"FEED_CAROUSEL_ALBUM";"https://scontent-lhr8-2.cdninstagram.com/v/t51.82787-15/607639308_18322085845301445_364073444841163002_n.jpg?stp=dst-jpg_e35_tt6&_nc_cat=106&ccb=7-5&_nc_sid=18de74&efg=eyJlZmdfdGFnIjoiQ0FST1VTRUxfSVRFTS5iZXN0X2ltYWdlX3VybGdlbi5DMyJ9&_nc_ohc=ds31zz1jlFkQ7kNvwG9CXxs&_nc_oc=AdoWzCY4yzozh0WN4Qs8ph4hJEfaUtpnrdaZ9r-MhO432ErQoMd6aU4LL9WU92K4Bd0&_nc_zt=23&_nc_ht=scontent-lhr8-2.cdninstagram.com&edm=ANo9K5cEAAAA&_nc_gid=IkuaKNjA6J9ptDMVTd_cFA&_nc_tpa=Q5bMBQEGfOEYIF-oSduBFSJ2ttWSgAvDvY3w3FBtoDgJiFldj2P-peiPaILEAay3XtbIUDr6rU2TLhbGSw&oh=00_Af2SLAreL1kZZZu6c67Sg1uQJFQWaKH96zz079EjuBXyhQ&oe=69D3E4B5";"https://www.instagram.com/p/DUIuFCdAgvx/";"👀 A first look at what these riders will look like in 2027.

#motogp #moto #motorsport #motorcycle #2026";2026-01-30 14:19;"64288";"36531";"4756";"250";"37";"275";5318;"14.56"
"17907590355338354";"FEED_IMAGE";"https://scontent-lhr6-1.cdninstagram.com/v/t51.82787-15/625045433_18322050133301445_3157743326407184152_n.jpg?stp=dst-jpg_e35_tt6&_nc_cat=102&ccb=7-5&_nc_sid=18de74&efg=eyJlZmdfdGFnIjoiRkVFRC5iZXN0X2ltYWdlX3VybGdlbi5DMyJ9&_nc_ohc=AsTjN_367a8Q7kNvwEA4Kog&_nc_oc=AdoOkqw-7_Tf0xb8U87XXk4QesssS3hoAbk4nMXaZCPT-IFKixiCSjniJ01COULFFFQ&_nc_zt=23&_nc_ht=scontent-lhr6-1.cdninstagram.com&edm=ANo9K5cEAAAA&_nc_gid=IkuaKNjA6J9ptDMVTd_cFA&_nc_tpa=Q5bMBQF_hgGH26E2_MvxOdDxUj4BIapg70JHY3uEd0rqkwi8jU4flv43rKueDqkqnlia7hU9NR32SWfrrA&oh=00_Af3qrZa2P26C2Wvw4jiT6IFkmbvbsIZbspDdiCKsfZNWmQ&oe=69D3D469";"https://www.instagram.com/p/DUIQxBeApDC/";"🔴Yesterday, significant reports were published indicating that Fabio had signed with Honda.

👀🔙Exactly six years earlier, Fabio signed with the official Yamaha team. 

#motogp #moto #motorsport #2026";2026-01-30 10:06;"65082";"42594";"2653";"136";"20";"64";2873;"6.75"
"18054138266404597";"FEED_IMAGE";"https://scontent-lhr8-1.cdninstagram.com/v/t51.82787-15/624597035_18321975016301445_6947695383613461259_n.jpg?stp=dst-jpg_e35_tt6&_nc_cat=107&ccb=7-5&_nc_sid=18de74&efg=eyJlZmdfdGFnIjoiRkVFRC5iZXN0X2ltYWdlX3VybGdlbi5DMyJ9&_nc_ohc=QtVzAxx5ZbQQ7kNvwH91-z9&_nc_oc=Adp8pN6hm0eG62M3deLNUPDX3xKmra_7DLUJ8hcAPkQm_ul73m9Y44zfDmE88mPE6qs&_nc_zt=23&_nc_ht=scontent-lhr8-1.cdninstagram.com&edm=ANo9K5cEAAAA&_nc_gid=fdUjKumAsGXeXLToqn7tKw&_nc_tpa=Q5bMBQECxMvEWDE68G4oWUZa9YZmR-kQ1bBCwasm4YFH9LswzCjvCq94W8xgNmFUu0qJyihkCYDLxlXDoA&oh=00_Af2A5YrUaM5IvO9kdF2QRTth52286yvMKip_vH_QELgJEg&oe=69D2820E";"https://www.instagram.com/p/DUG2zZSgrkT/";"🤯We are one day into the pre-season and already four factory riders have changed teams.

🫵 Which move has surprised you the most in this crazy start of market?

#motogp #moto #motorsport #2026";2026-01-29 20:56;"114652";"71106";"6732";"396";"97";"1156";8381;"11.79"
"17957448894059327";"FEED_IMAGE";"https://scontent-lhr6-1.cdninstagram.com/v/t51.82787-15/624785093_18321960835301445_1352090970617483126_n.jpg?stp=dst-jpg_e35_tt6&_nc_cat=102&ccb=7-5&_nc_sid=18de74&efg=eyJlZmdfdGFnIjoiRkVFRC5iZXN0X2ltYWdlX3VybGdlbi5DMyJ9&_nc_ohc=QXRI4oWY7vsQ7kNvwEaqTnx&_nc_oc=Ado6SVCKmz7v_j0k_FIoTlA9_2BmGykAzLMe3VEL-Cza4tE50qAlsOJCptJx47ZlK3g&_nc_zt=23&_nc_ht=scontent-lhr6-1.cdninstagram.com&edm=ANo9K5cEAAAA&_nc_gid=fdUjKumAsGXeXLToqn7tKw&_nc_tpa=Q5bMBQGneMTkydQi0lpYbD8ikt7a2q35fQ_rAO88FEW4YYRpZD3aAfckPF1s1tQMeglTe1Cm6pcSt1BONg&oh=00_Af0R5NzIrfCDaG5DJK3K-4kGNT9fRX3d6r1B29tb7DIikw&oe=69D25D74";"https://www.instagram.com/p/DUGnyA5gp-N/";"🔴 Mela Chércoles from the AS confirms that Pedro Acosta will sign with Ducati Lenovo for 2027 and 2028 alongside Marc Márquez!

#motogp #moto #motorsport #2026";2026-01-29 18:45;"126910";"71789";"7049";"316";"138";"3141";10644;"14.83"
"17921481291235820";"FEED_IMAGE";"https://scontent-lhr6-2.cdninstagram.com/v/t51.82787-15/624473836_18321787906301445_7856179577517748832_n.jpg?stp=dst-jpg_e35_tt6&_nc_cat=104&ccb=7-5&_nc_sid=18de74&efg=eyJlZmdfdGFnIjoiRkVFRC5iZXN0X2ltYWdlX3VybGdlbi5DMyJ9&_nc_ohc=FVdWxFzXJi0Q7kNvwFh0ijP&_nc_oc=AdqinELhEi13SxPhtZ04dSjjFkU_-TCq_J0J1sLfLdcyk9nBJV_r1wEaebT8rGbJKy0&_nc_zt=23&_nc_ht=scontent-lhr6-2.cdninstagram.com&edm=ANo9K5cEAAAA&_nc_gid=Re-acz1ThN1HXZNxvMzkAA&_nc_tpa=Q5bMBQHeLm2jHpb8s_IZOnPUlyQ7HQoqpEEdqa-cNlELgzrz_hjDt9g4rn8PHLsgXp5EdJ4okRfPdn-xSA&oh=00_Afz1uKXLDtIF8o7ufRjsMQDf8IgQxD2BR_v4wIVgr9vJeA&oe=69D13A6A";"https://www.instagram.com/p/DUDyIHaguQE/";"🐧 In 2023, Marc Márquez chose to believe in himself. He stepped into the unknown, leaving Honda, stability, and his second family behind to follow his instincts into uncertainty — a risk many wouldn’t dare to take.

🏆 In 2025, that courage turned into a title. Not luck, but resilience, perseverance, and unshakable faith in his own path.

#motogp #moto #motorsport #penguin #2026";2026-01-28 16:18;"134569";"79701";"14198";"755";"64";"805";15822;"19.85"
"18102688282766148";"FEED_IMAGE";"https://scontent-lhr6-1.cdninstagram.com/v/t51.82787-15/623340266_18321620452301445_8843031583680340576_n.jpg?stp=dst-jpg_e35_tt6&_nc_cat=109&ccb=7-5&_nc_sid=18de74&efg=eyJlZmdfdGFnIjoiRkVFRC5iZXN0X2ltYWdlX3VybGdlbi5DMyJ9&_nc_ohc=92ZWlZLgAiQQ7kNvwGfRaGJ&_nc_oc=AdriHZa8APrhzDXE57V5buqVhoqQHfk1rxV8gXrRTDNYcP5u_2ds8znv4SG07UFftwY&_nc_zt=23&_nc_ht=scontent-lhr6-1.cdninstagram.com&edm=ANo9K5cEAAAA&_nc_gid=Cz0DWEinHBz2mSCa6oUiEA&_nc_tpa=Q5bMBQHoQIQs7ev1fXCUNkZghz1dl99CjRZii1fQkZ8DnNfuSu1IqsU1w5QCGf8vLAvBy6W1OMpFDE9xAg&oh=00_Afy_vQhz3xCSwGBvjHFq33NOTZzqVClvfabmy5K2GyPTxQ&oe=69CFD221";"https://www.instagram.com/p/DUBJHNUAkJ5/";"🍊 Although the latest results have not been favourable, KTM's team is surely the most complete on the grid.

🫵 In what order do you think the four riders from the Austrian brand will finish?

#motogp #moto #motorsport #racing #2026";2026-01-27 15:41;"17932";"9943";"664";"36";"53";"11";764;"7.68"
"18554122879013287";"FEED_IMAGE";"https://scontent-lhr6-1.cdninstagram.com/v/t51.82787-15/621584101_18321430681301445_7020939389538687760_n.jpg?stp=dst-jpg_e35_tt6&_nc_cat=109&ccb=7-5&_nc_sid=18de74&efg=eyJlZmdfdGFnIjoiRkVFRC5iZXN0X2ltYWdlX3VybGdlbi5DMyJ9&_nc_ohc=4Mk-EZYBx5cQ7kNvwFaEZMR&_nc_oc=AdrHqj1WxsvY7_oOm5ECilUe9Ms0elGdSoiclfWScU763A5MAM-xpUFsv52eBhbyYNU&_nc_zt=23&_nc_ht=scontent-lhr6-1.cdninstagram.com&edm=ANo9K5cEAAAA&_nc_gid=HHyyXU-O3NYLQdiwnWI9Vw&_nc_tpa=Q5bMBQE0g6_uEl86qFNj74fv5sevYXvMC0aIcoK2VJqs1ITZ_4nLUVwilRNx4ZDtZVjktKlo5uOlTbNGxg&oh=00_Afw491__GzXJXAjlo3-wdwdvHuORoQvFYmz4bwzjG1xUQQ&oe=69CE894C";"https://www.instagram.com/p/DT-j55NAio8/";"🚨 According to Mela Chércoles, reporter for AS, Maverick Viñales will join the official team in 2027 to replace Pedro Acosta, who is expected to sign with Ducati.

💭 Don't forget that Mack was the rider who, in Beirer's words, ‘saved their asses’ at the beginning of 2025.

#motogp #moto #motorsport #racing #2026";2026-01-26 15:37;"84551";"49347";"3747";"151";"61";"908";4867;"9.86"
"18500431705073222";"FEED_IMAGE";"https://scontent-lhr6-1.cdninstagram.com/v/t51.82787-15/621411820_18321241006301445_938435375807398269_n.jpg?stp=dst-jpg_e35_tt6&_nc_cat=110&ccb=7-5&_nc_sid=18de74&efg=eyJlZmdfdGFnIjoiRkVFRC5iZXN0X2ltYWdlX3VybGdlbi5DMyJ9&_nc_ohc=_mZVltIU-b4Q7kNvwGs0OfT&_nc_oc=Adpp4HTy8btb6oZ2qwwIH_XSOuy6N8ip29qjqmEACHOEFKW_22sIwz9GWrqKemWqSlU&_nc_zt=23&_nc_ht=scontent-lhr6-1.cdninstagram.com&edm=ANo9K5cEAAAA&_nc_gid=o-_6u0HZnc8eUwydDocSNw&_nc_tpa=Q5bMBQHVvyBIaoGcMyYAzFvhQgnJzI5ImXbNb4SO2UHLt0f_koVrXiL8eLI98Uh1v32cUHDTTq7LyorsmA&oh=00_Afw2-MCj47URUV3ywSItEHUza0V5v0ugjp4mz5pOlrI4SA&oe=69CD1242";"https://www.instagram.com/p/DT73OnjAh7p/";"🎙️ Jorge Lorenzo was on Cadena SER radio and when asked if Marc Márquez would defend his title this year, he said that at some point in their careers, even the greatest athletes in history have seen their performance decline.

🤔 What do you expect from Marc in 2026? 

#motogp #moto #motorsport #racing #2026";2026-01-25 14:28;"60758";"39470";"1182";"52";"51";"24";1309;"3.32"
"18090420352997617";"FEED_IMAGE";"https://scontent-lhr6-1.cdninstagram.com/v/t51.82787-15/621200573_18321108448301445_6140708686650879555_n.jpg?stp=dst-jpg_e35_tt6&_nc_cat=102&ccb=7-5&_nc_sid=18de74&efg=eyJlZmdfdGFnIjoiRkVFRC5iZXN0X2ltYWdlX3VybGdlbi5DMyJ9&_nc_ohc=D0qfzX7tF2MQ7kNvwH82Luv&_nc_oc=AdrD0UXAHCu_vZTCDtHDXuhwE3k8liG4emv7YKeGyujgPIWTaA0ERWmGgkYmT3B1eJQ&_nc_zt=23&_nc_ht=scontent-lhr6-1.cdninstagram.com&edm=ANo9K5cEAAAA&_nc_gid=KMTQA0Qs2N3t909jzsCbfQ&_nc_tpa=Q5bMBQG4zo3USHUD1_hFhavwVkLZ4eaIbour8_SyS-Q4VwxsnrNM_LjpU1spV_-CYg3hciqrlFt4GdtO_Q&oh=00_AfwLaSvKJ_m5bDdv2TIFpCgSUGgobTFdVCWKSZHNzCOrKg&oe=69CBB3D7";"https://www.instagram.com/p/DT5UWZ1gtN4/";"🌚 It seems that all the teams have agreed to put their decorations in Night mode this year.

#motogp #moto #motorsport #racing #2026";2026-01-24 14:45;"28124";"17077";"2482";"92";"15";"18";2607;"15.27"
"18097742215900011";"FEED_CAROUSEL_ALBUM";"https://scontent-lhr8-1.cdninstagram.com/v/t51.82787-15/621027177_18320991499301445_2299900249068103508_n.jpg?stp=dst-jpg_e35_tt6&_nc_cat=111&ccb=7-5&_nc_sid=18de74&efg=eyJlZmdfdGFnIjoiQ0FST1VTRUxfSVRFTS5iZXN0X2ltYWdlX3VybGdlbi5DMyJ9&_nc_ohc=g-mIkNz2PwQQ7kNvwH7nF2u&_nc_oc=AdrNL2m-3LchCFqb9kMNsZijr2YhfHSO3ksX5U4rcu8psYfYs5js-3VnflgG0eQcyng&_nc_zt=23&_nc_ht=scontent-lhr8-1.cdninstagram.com&edm=ANo9K5cEAAAA&_nc_gid=ZWV7yvr-F8xSo86by55DrA&_nc_tpa=Q5bMBQHvAD4rNO61qb5vgafwchJULuF2wWTAzE2VVrcaAUGbVt1eUZ_afSLzr63OqILih71DcEUdSbhIgw&oh=00_AfzVV4o8OpFYU7OM0wmkPXVHsIcIwzzGEhn3POcQA68rvg&oe=69CA77B9";"https://www.instagram.com/p/DT26TJCgs6i/";"🔵 Fabio Quartararo will be facing his 8th season in MotoGP, all of them with Yamaha. The Frenchman has renewed his contract twice with the Japanese brand, placing his trust in a winning project that has never materialised.

🤔 Could this be his last season in blue? We will know sooner rather than later.

#motogp #moto #motorsport #racing #2026";2026-01-23 16:19;"123426";"71861";"10048";"204";"29";"140";10421;"14.5"
"18110409469568579";"FEED_IMAGE";"https://scontent-lhr6-2.cdninstagram.com/v/t51.82787-15/618801661_18320796358301445_7517064780517919270_n.jpg?stp=dst-jpg_e35_tt6&_nc_cat=105&ccb=7-5&_nc_sid=18de74&efg=eyJlZmdfdGFnIjoiRkVFRC5iZXN0X2ltYWdlX3VybGdlbi5DMyJ9&_nc_ohc=7cG5ijydqisQ7kNvwHGSsjT&_nc_oc=AdpGrdyKKsI8Nq5KwewgSRL-dST547u762jRemoVeBZAZxpverp13GK-ypTKRxnXMII&_nc_zt=23&_nc_ht=scontent-lhr6-2.cdninstagram.com&edm=ANo9K5cEAAAA&_nc_gid=k8tR0_T5Fne5GRD3rwSw9w&_nc_tpa=Q5bMBQFvfXW00tomScgUx3QAgb3mXGk5XnPW7q3A6RaXeG9IW7lywa7he32WsRDOUBTVKMbv0BOaJmqPsw&oh=00_AfwtdsmKqvmVzSFyw0ewBKMpO6juBaVOBYP_cK6CPf1e5A&oe=69C925FF";"https://www.instagram.com/p/DTznXc-gpZB/";"According to Motorsport, it is likely that the 89 will miss the Sepang test after undergoing two surgeries in recent weeks.

#motogp #moto #motorsport #racing #2026";2026-01-22 09:36;"14102";"7892";"735";"23";"8";"123";889;"11.26"
"18087175706146883";"FEED_IMAGE";"https://scontent-lhr6-1.cdninstagram.com/v/t51.82787-15/619087482_18320680462301445_2508536290629487543_n.jpg?stp=dst-jpg_e35_tt6&_nc_cat=102&ccb=7-5&_nc_sid=18de74&efg=eyJlZmdfdGFnIjoiRkVFRC5iZXN0X2ltYWdlX3VybGdlbi5DMyJ9&_nc_ohc=ynVAZE1Xyx4Q7kNvwH3qnfd&_nc_oc=AdqoEUU3TPU9GiCefeaY3x5oXZSfGTYFsL7Vuu4FPA0qmWIccoEQC8aORNOfYFzhO1I&_nc_zt=23&_nc_ht=scontent-lhr6-1.cdninstagram.com&edm=ANo9K5cEAAAA&_nc_gid=yBbyg6grshnYhf37JckSng&_nc_tpa=Q5bMBQGFzwveN6Ha_WX0uk-jUZtk3exNlYU61BL5U4t2O8CjKIDgGzmkFUVa54m2D61bNHEQvVFYCaWjag&oh=00_AfzjCobU74YQkAs9Hkzq4HnR95rH25tsc5lDlFOhJbjAuw&oe=69C7B878";"https://www.instagram.com/p/DTxlERDgn_h/";"📋🏆 At the presentation of the Ducati Lenovo Marc Márquez mentioned the list of the main riders he believes will be in contention for the 2026 title.

🤔 Do you agree with the 93 or are you missing someone?

#motogp #moto #motorsport #racing #2026";2026-01-21 14:37;"64845";"40792";"6256";"211";"207";"277";6951;"17.04"
"17992116848860317";"FEED_IMAGE";"https://scontent-lhr6-1.cdninstagram.com/v/t51.82787-15/619214563_18320519992301445_283262492398596093_n.jpg?stp=dst-jpg_e35_tt6&_nc_cat=110&ccb=7-5&_nc_sid=18de74&efg=eyJlZmdfdGFnIjoiRkVFRC5iZXN0X2ltYWdlX3VybGdlbi5DMyJ9&_nc_ohc=Nx92o67N_64Q7kNvwG-2ZDA&_nc_oc=AdrdMP8Et3pajakZjFCoEtmNp4ElzHBgiy1a7tCPlIcNhqq-AOO_5S-tNoNtVeJBvro&_nc_zt=23&_nc_ht=scontent-lhr6-1.cdninstagram.com&edm=ANo9K5cEAAAA&_nc_gid=fJUFGpdNqVjQuDA7n86rgQ&_nc_tpa=Q5bMBQG2qdEf1UZMVK-SYdl7CZiWIO-pvJhBAyWoy2XaHK8IpG3wP0JWyVPqE8aSLzQBuj6dBsOpnhdHkw&oh=00_AfyABb269eeLI8EN68jP6HWlRJyKar-qXVRwny0PtcfgMA&oe=69C68E6C";"https://www.instagram.com/p/DTvONSRAu8s/";"🚨 According to Motorsport.com, Marc Márquez has already reached a verbal agreement to stay with Ducati for the next two years.

✅❌ Do you think Marc is making the right decision with the rule change coming up?

#motogp #moto #motorsport #racing #2026";2026-01-20 16:39;"21974";"13235";"1999";"66";"50";"359";2474;"18.69"
"18394014583199177";"FEED_IMAGE";"https://scontent-lhr6-1.cdninstagram.com/v/t51.82787-15/618661360_18320385181301445_7999929004195175143_n.jpg?stp=dst-jpg_e35_tt6&_nc_cat=109&ccb=7-5&_nc_sid=18de74&efg=eyJlZmdfdGFnIjoiRkVFRC5iZXN0X2ltYWdlX3VybGdlbi5DMyJ9&_nc_ohc=HNbEt_dwQvcQ7kNvwGl7yag&_nc_oc=Adpeuzm1RLtZhYQldyJgZ6RKMTJeUBHX_746RRauz9NkOB1SPbSRJVNz2EzeW7hNUME&_nc_zt=23&_nc_ht=scontent-lhr6-1.cdninstagram.com&edm=ANo9K5cEAAAA&_nc_gid=fGtoItPLh9F6zJsbm0QeeA&_nc_tpa=Q5bMBQEiGcMZ_gXpZnQ4Lg74BXi-wmgJAcfzHIw4khNorkLXq47QKPJlPJCCV4wLPCGgsZLsoeCdzd7jAA&oh=00_AfxXZCpOKBwqGwP0FmrhMMIRg4axsdugbe-QhUy2bma5Yw&oe=69C510ED";"https://www.instagram.com/p/DTsnnwYgtFM/";"🆕 Both Pecco and Marc Márquez have changed the design of their numbers. 

🤔 Did you like this year's better or last year's?

#motogp #moto #motorsport #racing #2026";2026-01-19 16:23;"86305";"57919";"7449";"322";"33";"162";7966;"13.75"
"18447747523101206";"FEED_CAROUSEL_ALBUM";"https://scontent-lhr6-2.cdninstagram.com/v/t51.82787-15/615694336_18320168608301445_7421308556402071990_n.jpg?stp=dst-jpg_e35_tt6&_nc_cat=100&ccb=7-5&_nc_sid=18de74&efg=eyJlZmdfdGFnIjoiQ0FST1VTRUxfSVRFTS5iZXN0X2ltYWdlX3VybGdlbi5DMyJ9&_nc_ohc=K-xBzsUqG3oQ7kNvwER7OcT&_nc_oc=AdoREj6nRoe33Bx2jP7azu0YvWFYLatU-1_DcfqRvo8yMxt0-obAUKTxRHZo12F4mic&_nc_zt=23&_nc_ht=scontent-lhr6-2.cdninstagram.com&edm=ANo9K5cEAAAA&_nc_gid=mghZYimEKm-QTtJG1CBf2w&_nc_tpa=Q5bMBQHCz-ybIRube1autC4Gt4wc5vSj32KOre8nq_qqum96Azx2n5wG9IhAynLV-IYOPeverleqVNzyqg&oh=00_Afy069JV-Fe8ki5NHFaB06HDmKPJFlPdNdtwq0raAyl7eQ&oe=69C323BF";"https://www.instagram.com/p/DTnaHkDgpod/";"Back to 2016 🔙😌

#motogp #moto #motorsport #racing #2016";2026-01-17 15:49;"50450";"27000";"6646";"357";"8";"315";7326;"27.13"
"18087512354031288";"FEED_IMAGE";"https://scontent-lhr6-2.cdninstagram.com/v/t51.82787-15/615931186_18319907938301445_77730061295768310_n.jpg?stp=dst-jpg_e35_tt6&_nc_cat=105&ccb=7-5&_nc_sid=18de74&efg=eyJlZmdfdGFnIjoiRkVFRC5iZXN0X2ltYWdlX3VybGdlbi5DMyJ9&_nc_ohc=MnQfzKTAUKAQ7kNvwHNkrRf&_nc_oc=AdnvXkdj2gquQRsThcnXb__nGI9ih8Qqjd5gvzT0sboRGxw4lwc5f9QyPuW_nodhVQ4&_nc_zt=23&_nc_ht=scontent-lhr6-2.cdninstagram.com&edm=ANo9K5cEAAAA&_nc_gid=3CX7gzSVFuMyFDyKufFj9w&_nc_tpa=Q5bMBQFSSznW7oeF3Dg7x-TCxbStMSxujTg5SjszhWvbW1JFZlncRHheRCQvZSI6_t4qOsVSRiAGE4dXpQ&oh=00_AfxDil1jvWf3kIy7N6OqD9RmC37Xm-1uYk8gANDyxsx7_g&oe=69C00689";"https://www.instagram.com/p/DTioKDQAubE/";"The iconic winged lion of Venice will once again appear on the fairings of the Noale bikes. This year, Aprilia wants to demonstrate its strength and courage and become the brand to beat. Will they succeed?

#motogp #moto #motorsport #racing #motorcycle";2026-01-15 19:16;"8599";"4816";"365";"19";"1";"7";392;"8.14"
"17917836984247366";"FEED_CAROUSEL_ALBUM";"https://scontent-lhr6-2.cdninstagram.com/v/t51.82787-15/613796866_18319792300301445_3614310154324542014_n.jpg?stp=dst-jpg_e35_tt6&_nc_cat=105&ccb=7-5&_nc_sid=18de74&efg=eyJlZmdfdGFnIjoiQ0FST1VTRUxfSVRFTS5iZXN0X2ltYWdlX3VybGdlbi5DMyJ9&_nc_ohc=tXjDqoNpaRwQ7kNvwFeqjKY&_nc_oc=AdksVPazf_VC_3VmRZC_ycNALdQk2xPgroPrBVboZzWYHsXI7Ol4h9Ls_cpev4RYdeA&_nc_zt=23&_nc_ht=scontent-lhr6-2.cdninstagram.com&edm=ANo9K5cEAAAA&_nc_gid=K-2Fth_Ynd5stV07Pr0mBQ&_nc_tpa=Q5bMBQELxiwb8vd-BG1_ifYF6DrEO73VGtZFvQ2RnLAtT2mQoJzIiiKFL_uGTRu3DxPLHjsO_Zsv-90jiw&oh=00_AfxeToJdpWLzxp5wFDOz6AuKaJ0xtiGbqypjnlCbLZKhww&oe=69BEB2DD";"https://www.instagram.com/p/DTf8IClApS4/";"During the presentation of the Pertamina Enduro VR46 Team, Valentino Rossi said he was open to negotiating with Ducati to continue with the Italian brand despite the rumours. He also stated that he already has his riders locked in for 2027. Who do you think they will be?

#motogp #moto #motorsport #racing #motorcycle";2026-01-14 18:13;"116522";"69027";"4882";"156";"120";"172";5330;"7.72"
"17945336414962324";"FEED_CAROUSEL_ALBUM";"https://scontent-lhr6-1.cdninstagram.com/v/t51.82787-15/613187359_18319674895301445_7439396763185848023_n.jpg?stp=dst-jpg_e35_tt6&_nc_cat=109&ccb=7-5&_nc_sid=18de74&efg=eyJlZmdfdGFnIjoiQ0FST1VTRUxfSVRFTS5iZXN0X2ltYWdlX3VybGdlbi5DMyJ9&_nc_ohc=HQPam0jIIy0Q7kNvwHzm3mZ&_nc_oc=AdmY8m_lfIzVYU4iali-k7KY_7nM9ZPvzv30r6nXMEdI0xa1uT6waFnSUwL3xAMqVHU&_nc_zt=23&_nc_ht=scontent-lhr6-1.cdninstagram.com&edm=ANo9K5cEAAAA&_nc_gid=-HtIdzujTwU3K_b55DddzA&_nc_tpa=Q5bMBQGGV1hnlHAupFbdjMoKgZyEK824cEaY6m88YpeLncE2B4vYbxFZuGJqPQFgEcITV9nWle2ZPCEksA&oh=00_Afz3g2GBcbZOHgUr478LHIkhc4IaMaisqhkKmBWFEgd8Sw&oe=69BD7AD0";"https://www.instagram.com/p/DTdK7WsAjir/";"This is the complete standings so far this decade, with Pecco leading with the most points and Marc Márquez leading with the best average per GP.

#motogp #moto #motorsport #racing #motorcycle";2026-01-13 16:24;"255161";"158576";"8605";"328";"111";"159";9203;"5.8"
"17954873577025510";"FEED_IMAGE";"https://scontent-lhr6-1.cdninstagram.com/v/t51.82787-15/611247612_18319368190301445_7551652062005087040_n.jpg?stp=dst-jpg_e35_tt6&_nc_cat=102&ccb=7-5&_nc_sid=18de74&efg=eyJlZmdfdGFnIjoiRkVFRC5iZXN0X2ltYWdlX3VybGdlbi5DMyJ9&_nc_ohc=CVq1WmbMYgUQ7kNvwEbMhD4&_nc_oc=AdlcY4uM5jHic6kBZAL9ARuavdISutbikI7ICG-o2689msK-4OpJ83LTI_fV6nV5AAU&_nc_zt=23&_nc_ht=scontent-lhr6-1.cdninstagram.com&edm=ANo9K5cEAAAA&_nc_gid=Q_4wEZsanDH6Fs7QI94J2w&_nc_tpa=Q5bMBQESYJlfoKtuc_NXszzh6-J9xolIDa9amxUx1k-8Xk3t3Qst9jPSomtMNCv9O6cfC-1rUGL34VGu8w&oh=00_Afy9y8HF9G5kGIlAjgVQnimXrklCpCBXTuEii-Ifdt2Qfg&oe=69B9546E";"https://www.instagram.com/p/DTVkTtYggFl/";"Maximum equality! The top three riders with the most podium finishes in sprints are separated by just one. Who do you think will end up with the most podium finishes at the end of the season?

#motoGP #moto #motorsport #saythewordonbeat #2026";2026-01-10 17:32;"15036";"8886";"529";"18";"2";"2";551;"6.2"
"18065160596234702";"FEED_IMAGE";"https://scontent-lhr6-2.cdninstagram.com/v/t51.82787-15/610836965_18319132972301445_8253636228636919176_n.jpg?stp=dst-jpg_e35_tt6&_nc_cat=105&ccb=7-5&_nc_sid=18de74&efg=eyJlZmdfdGFnIjoiRkVFRC5iZXN0X2ltYWdlX3VybGdlbi5DMyJ9&_nc_ohc=8cno2kzA55MQ7kNvwHOBlrm&_nc_oc=AdlI_ME6wmMdx9Ce0HKzeOR6tM8KgCsQjESdCOhAI7Md_-CBueOxHHJN6gEcrMTIlsE&_nc_zt=23&_nc_ht=scontent-lhr6-2.cdninstagram.com&edm=ANo9K5cEAAAA&_nc_gid=Oc-4GS8TlKQbJB9OV0YpxA&_nc_tpa=Q5bMBQFeZnbkrDLT9KmgKEQ6JNGpfGkQMTAX986rJeuwBIEG0H-WBNylj8CPqJD9DhpXkGIyDA5QS2eTpQ&oh=00_Afwaa1CNQA-mxm0sM1KidHcxxpyYNYi8UC_xj2b7q1CnAA&oe=69B6AD5A";"https://www.instagram.com/p/DTQGt98gkO0/";"As we did last year, we asked ChatGPT what the MotoGP standings would look like this year, and this was the result. Do you agree?

#motoGP #moto #motorsport #saythewordonbeat #2026";2026-01-08 14:37;"44337";"23249";"1817";"143";"143";"127";2230;"9.59"
"18121312318563674";"FEED_IMAGE";"https://scontent-lhr8-2.cdninstagram.com/v/t51.82787-15/611813650_18318917152301445_1365193909881469607_n.jpg?stp=dst-jpg_e35_tt6&_nc_cat=101&ccb=7-5&_nc_sid=18de74&efg=eyJlZmdfdGFnIjoiRkVFRC5iZXN0X2ltYWdlX3VybGdlbi5DMyJ9&_nc_ohc=lC5Sqbfm-gkQ7kNvwEYVae3&_nc_oc=AdlvgcMAgOjXT1RUhuGi_XlQBxOV7gM-d4d5mhjlgWan-BYeKlSMeZ3XHZDDIISehFo&_nc_zt=23&_nc_ht=scontent-lhr8-2.cdninstagram.com&edm=ANo9K5cEAAAA&_nc_gid=GYKK4e_2zRZyuYqbsGON8w&_nc_tpa=Q5bMBQE3sndSp7LBldBVW-ianM-zQD1NJqzsaKU1gtNu4KttYEF9pxvUsgbxUQfhcXQ0-s-XXN7kYy3YkA&oh=00_AfyGbOgwKu7UEZS-PPNvh59uIE4nP_rpnPxYzuQ11iXtAQ&oe=69B409FF";"https://www.instagram.com/p/DTK6fRugnyZ/";"Martín remains the rider with the most sprint victories, closely followed by Marc Márquez, who has achieved 14 wins this year.

#motoGP #moto #motorsport #saythewordonbeat #2026";2026-01-06 14:14;"25979";"14790";"1442";"46";"7";"10";1505;"10.18"
"18069139745130438";"FEED_IMAGE";"https://scontent-lhr6-1.cdninstagram.com/v/t51.82787-15/609242058_18318704860301445_5652916121464781292_n.jpg?stp=dst-jpg_e35_tt6&_nc_cat=109&ccb=7-5&_nc_sid=18de74&efg=eyJlZmdfdGFnIjoiRkVFRC5iZXN0X2ltYWdlX3VybGdlbi5DMyJ9&_nc_ohc=GrntS6nvTnEQ7kNvwF_7Kvu&_nc_oc=Admxss3CkMMqWMLDpjJrR7zElOMj5JKllPV1gSpN3EW-zxQRvKd5M_1D8GSOawo2R5U&_nc_zt=23&_nc_ht=scontent-lhr6-1.cdninstagram.com&edm=ANo9K5cEAAAA&_nc_gid=_UmAMqhhY-3F74RjuTdEBw&_nc_tpa=Q5bMBQGOU56vX9t2g5fIQYk7GW0q5RwN0-QuxQDy6r3u7ZZ6Bg4XCXZaNT4c11O_E0igLLns0i2-Ctn3Zg&oh=00_AfxKVdeKhuqt5Bne1COQLuQ6D-1jG9Ubjmznl0PYeKWArQ&oe=69B17943";"https://www.instagram.com/p/DTF2cPTAhTd/";"With 59 podium finishes, Pecco is by far the rider with the most podiums in the first half of this decade, followed by Marc Márquez, who closed the gap on the Italian last season with a total of 15 podiums.

#motoGP #moto #motorsport #racing #2026";2026-01-04 15:03;"41936";"24676";"1665";"71";"39";"51";1826;"7.4"
"17860221996511954";"FEED_IMAGE";"https://scontent-lhr8-1.cdninstagram.com/v/t51.82787-15/610552377_18318606397301445_6978338135397430238_n.jpg?stp=dst-jpg_e35_tt6&_nc_cat=107&ccb=7-5&_nc_sid=18de74&efg=eyJlZmdfdGFnIjoiRkVFRC5iZXN0X2ltYWdlX3VybGdlbi5DMyJ9&_nc_ohc=vgD4qspwaNgQ7kNvwHwpFK0&_nc_oc=Adka80F5W8ZO2jOS7cZ9_s8HO38AWQh8hSzx2mX2frDNwl2o9a9mUl3hKcssxtrzShQ&_nc_zt=23&_nc_ht=scontent-lhr8-1.cdninstagram.com&edm=ANo9K5cEAAAA&_nc_gid=gIDjJzhrz86oFzaydmOqLQ&_nc_tpa=Q5bMBQEk1legs51CHRnICSkdWvkpGTaCGEmjD9Lz5H0RB4xCLE7XTWmu368qUmmVpeTpS3fDdh4PXmuCmg&oh=00_AfwdQNH0Xx9hspiQ5WWYCzSr9P_66sUN9xLvNISCxKl2oA&oe=69B03779";"https://www.instagram.com/p/DTDdA2SgrNT/";"Miguel Bernal, runner-up in the ESBK SS300 category, rode alongside Maverick Viñales, whom he interviewed and made it clear that this year's goal is to win.

If you want to know more, there is a video on the @miguelbernal_35 YouTube channel that I encourage you to visit!

#motogp #moto #motorsport #racing #motorcycle";2026-01-03 16:42;"17949";"10070";"577";"14";"2";"9";602;"5.98"
"17981891585939437";"FEED_IMAGE";"https://scontent-lhr8-1.cdninstagram.com/v/t51.82787-15/610685363_18318477244301445_715705537777031547_n.jpg?stp=dst-jpg_e35_tt6&_nc_cat=107&ccb=7-5&_nc_sid=18de74&efg=eyJlZmdfdGFnIjoiRkVFRC5iZXN0X2ltYWdlX3VybGdlbi5DMyJ9&_nc_ohc=iCiVLYd449MQ7kNvwF7686g&_nc_oc=AdlSJl9gEdMs2VZfid3rHMJDVjvJQPdVrSn8FS6Na3Mz4U6kCLmEl2v0SCvJ-WiaxEI&_nc_zt=23&_nc_ht=scontent-lhr8-1.cdninstagram.com&edm=ANo9K5cEAAAA&_nc_gid=Zk1LWALeoRu5O7HnWN3m8g&_nc_tpa=Q5bMBQHBGPGcoU8Z7HUDZLSXMKqv2xoXdVj57FP5IMy5QVAab9ApVdFc9qo61DQ6o6gv3c_M6wWj6plOjg&oh=00_AfyfTED0eTVLAVuP2XeMoBzUBby7wPh7CDgHzN0O9EHa3Q&oe=69AEC40C";"https://www.instagram.com/p/DTArMjeAr2w/";"Bagnaia leads the table of most pole positions so far this decade, closely followed by Martín and then Quartararo, who has secured an impressive 5 pole positions this season. 

#motoGP #moto #motorsport #racing #2026";2026-01-02 14:48;"27474";"14026";"1487";"60";"25";"54";1626;"11.59"
"18218542504308375";"FEED_IMAGE";"https://scontent-lhr6-1.cdninstagram.com/v/t51.82787-15/607597154_18318351640301445_840802948180423111_n.jpg?stp=dst-jpg_e35_tt6&_nc_cat=109&ccb=7-5&_nc_sid=18de74&efg=eyJlZmdfdGFnIjoiRkVFRC5iZXN0X2ltYWdlX3VybGdlbi5DMyJ9&_nc_ohc=lXRmxaMgOawQ7kNvwE05x6h&_nc_oc=Admdrb3EOvgYn6J0o5dcNwrCN9nRL8PSEYKnRiorXHQxCYpOtSh9J_f_SzrgrlSMuT4&_nc_zt=23&_nc_ht=scontent-lhr6-1.cdninstagram.com&edm=ANo9K5cEAAAA&_nc_gid=66oPYljVSCcvlPEx4F0qxQ&_nc_tpa=Q5bMBQECBcSc5fymu4k2cMAESAA2YEX2DB2071xw8Re4TOuHfurkdwnHQ62lrHn0HU6Q1CSu0t6eylg2nw&oh=00_AfxF2kjTv2gL8PzwkUqsN1ZmHUxgkYy5EDIWAkT9bAOVtw&oe=69AD869C";"https://www.instagram.com/p/DS9-nwGAsjm/";"These are the numbers of the 22 protagonists of 2026, along with the riders who carried them before the current owners. 

#motoGP #moto #motorsport #racing #2026";2026-01-01 13:40;"254043";"119581";"10666";"880";"88";"342";11976;"10.01"
"18102837925800365";"FEED_IMAGE";"https://scontent-lhr6-2.cdninstagram.com/v/t51.82787-15/609739938_18318260173301445_8852775607170080512_n.jpg?stp=dst-jpg_e35_tt6&_nc_cat=100&ccb=7-5&_nc_sid=18de74&efg=eyJlZmdfdGFnIjoiRkVFRC5iZXN0X2ltYWdlX3VybGdlbi5DMyJ9&_nc_ohc=ytoVSVhMHGIQ7kNvwFN7od0&_nc_oc=AdnmopOvK1xe4SsNrhlNK9bNg9FhKtIp7z1d-NEbGhoYvRq0a4LKB1mnPd566hMx5q0&_nc_zt=23&_nc_ht=scontent-lhr6-2.cdninstagram.com&edm=ANo9K5cEAAAA&_nc_gid=cSl16d4r-EgaggSVREclLQ&_nc_tpa=Q5bMBQGKTpY3A7Ehev00MB8IMzr8XycDvQvaGhSDWYJi4c0Scc0M2RL-xg5d7uAgA_TkzBTfRgxzA9-8JQ&oh=00_Afx1sKryFbGiRq-OeQMPXWcvDCKyFMieZK5JZvs3_Gteiw&oe=69AC0980";"https://www.instagram.com/p/DS8hEEOjPvF/";"Happy New Year to all of you! For an even better 2026!

#motoGP #moto #motorsport #racing #2026";2026-01-01 00:03;"28455";"12632";"1822";"72";"6";"38";1938;"15.34"
"18083016695160204";"FEED_IMAGE";"https://scontent-lhr8-2.cdninstagram.com/v/t51.82787-15/608073565_18318068371301445_3673433715388960285_n.jpg?stp=dst-jpg_e35_tt6&_nc_cat=101&ccb=7-5&_nc_sid=18de74&efg=eyJlZmdfdGFnIjoiRkVFRC5iZXN0X2ltYWdlX3VybGdlbi5DMyJ9&_nc_ohc=rV6sKKLiYnsQ7kNvwHYe87G&_nc_oc=AdkOOCi0McukZZRehSlgk0KB-LtIy59ZyKwP9bFcMBrtxmPIi22cUdkNcXDGRkKKgso&_nc_zt=23&_nc_ht=scontent-lhr8-2.cdninstagram.com&edm=ANo9K5cEAAAA&_nc_gid=Y4fkmTXdA8TDX2SL5eIh9Q&_nc_tpa=Q5bMBQGq_iYCMfE0IVFHmMjTVQuV48zte84ai9VuX0A-1PlGnPrFSyJvg_xXxnRqIwJWIYpbT8Hl6PAhDA&oh=00_Afx5YBXeADd2xPAplYVoP0snIQLdma06h2ingQh0R8ZAJg&oe=69AABD71";"https://www.instagram.com/p/DS5JGnQghM_/";"Dani Pedrosa praised the two Aspar Team riders in an interview with Motorsport-Magazin, saying that they will set the standard for the next generation and deliver us fantastic races. Without a doubt, the Aspar Team has some of the future stars of MotoGP on their roster 🌟🏍️

#motogp #moto #motorsport #racing #motorcycle";2025-12-30 16:36;"14292";"7165";"693";"25";"8";"28";754;"10.52"
"18099953542835485";"FEED_IMAGE";"https://scontent-lhr8-1.cdninstagram.com/v/t51.82787-15/607052514_18317959171301445_420712550125701787_n.jpg?stp=dst-jpg_e35_tt6&_nc_cat=108&ccb=7-5&_nc_sid=18de74&efg=eyJlZmdfdGFnIjoiRkVFRC5iZXN0X2ltYWdlX3VybGdlbi5DMyJ9&_nc_ohc=iOX12xDZqhgQ7kNvwFH9wro&_nc_oc=Adm1qZEBiavfeRlWS6dpc-CSB3p4Lk5VZQC5-2cEJA1nfAPCx_Sai7UV3U8DsRON14k&_nc_zt=23&_nc_ht=scontent-lhr8-1.cdninstagram.com&edm=ANo9K5cEAAAA&_nc_gid=JU14tofK3bFPpXzxHtaWbw&_nc_tpa=Q5bMBQE9OqG4EEABPm5ffSN0NCG0Tdz4djnOp5TvoI0nWCVKHr5aPVj8gn42lI9KjRTwMT6DxTDitxb2UA&oh=00_AfuWHql3V5hoK5178_L6QntemMUfYX9EFGzeNXmCCcOFVg&oe=69A960B2";"https://www.instagram.com/p/DS2lXAuAiDh/";"Pecco remains the rider with the most victories in the 2020s. Marc Márquez follows him with 17 and then Quartararo, who achieved his last win in 2022.

#motogp #moto #motorsport #racing #motorcycle";2025-12-29 16:45;"47298";"23843";"2683";"123";"54";"74";2934;"12.31"
"17939616320984761";"FEED_CAROUSEL_ALBUM";"https://scontent-lhr8-2.cdninstagram.com/v/t51.82787-15/604373220_18317840053301445_8891406815777616212_n.jpg?stp=dst-jpg_e35_tt6&_nc_cat=103&ccb=7-5&_nc_sid=18de74&efg=eyJlZmdfdGFnIjoiQ0FST1VTRUxfSVRFTS5iZXN0X2ltYWdlX3VybGdlbi5DMyJ9&_nc_ohc=JLvgbBwPzAUQ7kNvwGSe12u&_nc_oc=Adkx0gMPPXc1DFZVGHetRPtlWAkhBbaDwWBS-gdJN_zCOSOI1b5O-Iof9ZOsqop_ouc&_nc_zt=23&_nc_ht=scontent-lhr8-2.cdninstagram.com&edm=ANo9K5cEAAAA&_nc_gid=QjpdoZ7vkDaZi6PiBtbu4A&_nc_tpa=Q5bMBQFOtdZBmebp4pWKqMBN8RXYB3aFmnJLk8f9D-ODo_ATyFfOyYKYrZN6aNxxAJkvJ3wND0WhqgGIbQ&oh=00_AfvPoJX6MijLoD18V0FvKvr9C38fBkS82_lpPo7czSZiJw&oe=69A82447";"https://www.instagram.com/p/DSz5PebAnGk/";"The prestigious magazine AUTOhebdo recently published their top 50 best pilots of 2025, led by Max Verstappen. On this list appear the following four MotoGP riders. Do you agree?

#motogp #moto #motorsport #racing #motorcycle";2025-12-28 15:41;"57401";"23061";"3711";"110";"46";"31";3898;"16.9"
"18417378145189593";"FEED_IMAGE";"https://scontent-lhr8-2.cdninstagram.com/v/t51.82787-15/606495823_18317726854301445_3155356260108271733_n.jpg?stp=dst-jpg_e35_tt6&_nc_cat=103&ccb=7-5&_nc_sid=18de74&efg=eyJlZmdfdGFnIjoiRkVFRC5iZXN0X2ltYWdlX3VybGdlbi5DMyJ9&_nc_ohc=HQOw6-oWp4IQ7kNvwHFpWv6&_nc_oc=AdnJNK-Zwx1TQJ-12Hp4652Xavt0Xd-8B35BS6Lerf8Bcr8qEn-Ybwzy0eCnms46XKo&_nc_zt=23&_nc_ht=scontent-lhr8-2.cdninstagram.com&edm=ANo9K5cEAAAA&_nc_gid=pg0dMgzA13oYZNC-ZMW-Sg&_nc_tpa=Q5bMBQHgH9cH142lkwO7oqJveZAPT24mqLV57rAsgMHcIw3c-xNP77mGHPDYENVX8LgkS5SnPywdJFAwVw&oh=00_AfuBa68VLYOEvnh6TlIedLc0oyTWIdz6BMVXQurk-k4Cog&oe=69A6E7FD";"https://www.instagram.com/p/DSxXRsmgnWD/";"In an interview with GPOne, Vergani, one of the most renowned managers in the paddock, expressed his strong belief in Toprak's potential in MotoGP. So much so that he described him as a ‘Stoner 2.0’, an exceptional rider ‘with monstrous talent’.

#motogp #moto #motorsport #racing #motorcycle";2025-12-27 16:05;"26841";"13025";"1107";"57";"43";"64";1271;"9.76"
"18093677170907674";"FEED_IMAGE";"https://scontent-lhr6-2.cdninstagram.com/v/t51.82787-15/602390039_18317381464301445_2045894228060037510_n.jpg?stp=dst-jpg_e35_tt6&_nc_cat=105&ccb=7-5&_nc_sid=18de74&efg=eyJlZmdfdGFnIjoiRkVFRC5iZXN0X2ltYWdlX3VybGdlbi5DMyJ9&_nc_ohc=uzkmuPu9CH0Q7kNvwH5Cut9&_nc_oc=AdlpsQmUC1uK-83PEwYI2zJxbyR1ghN1kC3WJEHipbB3IOlMQN3qBIuLFlxcyWfjnwY&_nc_zt=23&_nc_ht=scontent-lhr6-2.cdninstagram.com&edm=ANo9K5cEAAAA&_nc_gid=yx4zrNSh-Qj3y9GUB4WuDg&_nc_tpa=Q5bMBQGemGEa7RmhtzL4pLDQckg5zyncY0G0KqKlSr6Y8Ddiu-43-cIWSkoKPjwAWo1ZhEieNdzz0Inamw&oh=00_Afv5YxYKoDlS9qAT_VnWvm-J7ssU45HsxYgDtlD5-wRjmQ&oe=69A2F770";"https://www.instagram.com/p/DSpy2mAArcf/";"These are the riders with the most victories in Ducati's history. How many wins do you think Pecco, Marc and Alex will achieve in 2026?

#motogp #moto #motorsport #racing #motorcycle";2025-12-24 17:33;"51617";"25608";"2455";"125";"86";"32";2698;"10.54"
"17900899824349226";"FEED_IMAGE";"https://scontent-lhr8-2.cdninstagram.com/v/t51.82787-15/590574776_18317150326301445_3332542143939627463_n.jpg?stp=dst-jpg_e35_tt6&_nc_cat=106&ccb=7-5&_nc_sid=18de74&efg=eyJlZmdfdGFnIjoiRkVFRC5iZXN0X2ltYWdlX3VybGdlbi5DMyJ9&_nc_ohc=RExxAtiV0T4Q7kNvwE6b5m7&_nc_oc=Adn_qgVouj5xZ6JuLZp0isQRz7IODXdTlhZRgaTNe6o03rKz-L0tN9rQmgf9hqyG3K8&_nc_zt=23&_nc_ht=scontent-lhr8-2.cdninstagram.com&edm=ANo9K5cEAAAA&_nc_gid=cqGk0frIVpyoh3fN9xKySA&_nc_tpa=Q5bMBQFHAYODHVK77Z6bplBTGstb_z65916iIaDaHCawJ2FTVb1Z5Ynlr68xJozt-UAaczQG4ujALMOR-g&oh=00_AfuogSzEArE3PZaN4cYCVDyM8RoPxb_cxzaGoYuaNYIxLA&oe=69A048CD";"https://www.instagram.com/p/DSkgVbfAkC9/";"A few days ago, it was announced that Rossi would no longer compete in the WEC for BMW. However, the Italian legend will return to racing in 2026 in the GT Challenge following the announcement of his participation in the Bathurst 12 Hour with BMW.

#motogp #moto #motorsport #racing #motorcycle";2025-12-22 16:15;"171754";"102396";"10311";"402";"45";"1560";12318;"12.03"
"18080587729908447";"FEED_IMAGE";"https://scontent-lhr6-2.cdninstagram.com/v/t51.82787-15/588213587_18317030635301445_5430910685982957167_n.jpg?stp=dst-jpg_e35_tt6&_nc_cat=104&ccb=7-5&_nc_sid=18de74&efg=eyJlZmdfdGFnIjoiRkVFRC5iZXN0X2ltYWdlX3VybGdlbi5DMyJ9&_nc_ohc=hNQb6FX6SWsQ7kNvwEXxgKH&_nc_oc=AdmM_YpNkuYSA6o4eYjYEPTuGY3ypT3eBf1Hc7D5fY-mf1JX1Gg23YwuWl7rk594VDk&_nc_zt=23&_nc_ht=scontent-lhr6-2.cdninstagram.com&edm=ANo9K5cEAAAA&_nc_gid=SOoOxuhaFjISIE1JXm4__Q&_nc_tpa=Q5bMBQGPmGsv7sSTwK9NH8ebPrB1kUvNijSmpYACPxInQ8j8dqsW38xWZV3P0Ki_7pgScUb1QocXiJJceg&oh=00_Afvz-0UrEEE_7MDdbmnPUaEELTLYxtkjlLOf5bct-o9asw&oe=699EBA3A";"https://www.instagram.com/p/DSh1lKSAtzz/";"Do you agree with this statement that Martinator made in an interview with our friends from Motorsport?";2025-12-21 15:22;"57229";"26378";"2256";"102";"235";"430";3023;"11.46"
"18088678933991159";"FEED_IMAGE";"https://scontent-lhr8-1.cdninstagram.com/v/t51.82787-15/587750777_18316804585301445_4606165609529160383_n.jpg?stp=dst-jpg_e35_tt6&_nc_cat=108&ccb=7-5&_nc_sid=18de74&efg=eyJlZmdfdGFnIjoiRkVFRC5iZXN0X2ltYWdlX3VybGdlbi5DMyJ9&_nc_ohc=4aqigIk-up8Q7kNvwHHQ5vw&_nc_oc=Adm4VzW7UEWDr0ogy5Y0-VKSsNhu4lJcJgXvCtaQNp1YLFnguo3mknJRiEp-POrHkQU&_nc_zt=23&_nc_ht=scontent-lhr8-1.cdninstagram.com&edm=ANo9K5cEAAAA&_nc_gid=cLup84wG6ET1nkxqQrnUuw&_nc_tpa=Q5bMBQFXtlzUZ03P8-IAP6GstlI2RMhMJTd1cJq6OaWh7aD8WeKeyQhZ8YPre29a8WTUGBsFbFJLEZ_vuw&oh=00_Afsyb9BaBgEue6UThQd9O2Wz7ujXf8W764vOeGNYeWEMNg&oe=699C465A";"https://www.instagram.com/p/DSctKbdAiqH/";"In an interview with LS2, Manu González admitted that he was very close to moving up to MGP mid-season. Even so, the rider from Madrid remained positive and believes he has a better chance this year. Since arriving in Moto2, the number 18 has done nothing but improve:
2022 - P16
2023 - P8
2024 - P3
2025 - P2

What will 2026 hold for him?

#motogp #moto #motorsport #racing #motorcycle";2025-12-19 15:33;"67243";"38113";"2333";"62";"14";"17";2426;"6.37"
"18007874918818590";"FEED_IMAGE";"https://scontent-lhr8-2.cdninstagram.com/v/t51.82787-15/588429858_18316702816301445_2157694259781449771_n.jpg?stp=dst-jpg_e35_tt6&_nc_cat=106&ccb=7-5&_nc_sid=18de74&efg=eyJlZmdfdGFnIjoiRkVFRC5iZXN0X2ltYWdlX3VybGdlbi5DMyJ9&_nc_ohc=wsZoaAjYBVMQ7kNvwF2Umc8&_nc_oc=Adlv5VAxVjwcG2BqYg7_oDjNdm2huB1-uzbWSO_ASSmi6WH4c7sJp_Zo3Ox1tTbgEmM&_nc_zt=23&_nc_ht=scontent-lhr8-2.cdninstagram.com&edm=ANo9K5cEAAAA&_nc_gid=yAcn-nDXKhrLzaqx-HbWCg&_nc_tpa=Q5bMBQFiM3Lb_I1W1XiSemR9cpEnnveFsSgp3W0K7tXaXtUUQRehEGkrXJfCsDgyrXOGVikucfSBt667aA&oh=00_Afuz1JQKHSJHRUTbERRSbJnVDm_Gf-8ZB4awHVK1fOEY1A&oe=699AFEAF";"https://www.instagram.com/p/DSaS0-jAhve/";"Melandri dared to make a prediction for GP One and he's betting that the Ducati Lenovo pair will end up being Marquez-Acosta, describing them as a dream team. Who do you think will be the red duo for 2027?

#motogp #moto #motorsport #racing #motorcycle";2025-12-18 17:04;"29372";"12560";"1355";"68";"156";"173";1752;"13.95"
"17950388625062591";"FEED_IMAGE";"https://scontent-lhr6-2.cdninstagram.com/v/t51.82787-15/587811888_18316584646301445_3229448579381566015_n.jpg?stp=dst-jpg_e35_tt6&_nc_cat=100&ccb=7-5&_nc_sid=18de74&efg=eyJlZmdfdGFnIjoiRkVFRC5iZXN0X2ltYWdlX3VybGdlbi5DMyJ9&_nc_ohc=DU3mgAB7ZkQQ7kNvwHSapu5&_nc_oc=AdmVIpV9S2v5Kv79pl6wCoxDmYAwv8mk0G4vvTQoMCvCoV7PF8h1htt5rVmpLtxZibE&_nc_zt=23&_nc_ht=scontent-lhr6-2.cdninstagram.com&edm=ANo9K5cEAAAA&_nc_gid=f3GUW-opHzfJL2xBzB9vtQ&_nc_tpa=Q5bMBQEuNxRczJ7qEv4bqFSFnAprsp0FM_n-GVXJWAFoaSW1XTuPHtr7DHPRFwGkAzCNDoMmO1utvskOPA&oh=00_AfutUbr4jrcLSXJo3yEjYahbZNUNEq3PQLac82DdyKg2jg&oe=69998C90";"https://www.instagram.com/p/DSXm2DNArHA/";"Santi Hernández gave an interview to the newspaper MARCA talking about Marc Márquez's redemption this year with his ninth title. During part of the interview, they discussed a possible return of the 93 to Honda in 2027, but although he makes it clear that he would be more than welcome, they are not considering it as the combination with Ducati is not working badly at all.

#motogp #moto #motorsport #racing #motorcycle";2025-12-17 16:01;"49007";"25183";"2286";"79";"6";"165";2536;"10.07"
"18002223800832934";"FEED_IMAGE";"https://scontent-lhr8-2.cdninstagram.com/v/t51.82787-15/589804879_18316490635301445_8997347947008533661_n.jpg?stp=dst-jpg_e35_tt6&_nc_cat=101&ccb=7-5&_nc_sid=18de74&efg=eyJlZmdfdGFnIjoiRkVFRC5iZXN0X2ltYWdlX3VybGdlbi5DMyJ9&_nc_ohc=sQd9UGC4TlEQ7kNvwEYsxby&_nc_oc=AdldR_xYCCcTEv7JjMi6C5a_K4x8xoTU-dHRDs5ROOX08EvXpymYSZdQMzyYdMskDpo&_nc_zt=23&_nc_ht=scontent-lhr8-2.cdninstagram.com&edm=ANo9K5cEAAAA&_nc_gid=MqcyP9pycBiliLoJ9r7svQ&_nc_tpa=Q5bMBQHUfnnUw_4L2Qx-DBKCyX9Na9GIOeheHVdGNia-ZCc3kT-8fDB4LIoYiLYDwYpQIi5sv_UG_fbPkg&oh=00_Aft4bXZRnStUkwdBvG_xpoaTuZY7rTOhIARX2GeZ7aj2xQ&oe=699858ED";"https://www.instagram.com/p/DSVTlaaAhjf/";"Another notable statement in the MotoGP documentary “From Heaven to Hell” was made by Aprilia CEO Massimo Rivola, who confirmed that Honda's offer to sign Jorge was indeed real, to which the Italian responded, “I'm sorry, but I'm not going to let you go.”

#motogp #moto #motorsport #racing #motorcycle";2025-12-16 18:34;"51048";"22541";"1175";"51";"7";"163";1396;"6.19"
"18106007671659997";"FEED_CAROUSEL_ALBUM";"https://scontent-lhr6-2.cdninstagram.com/v/t51.82787-15/590414168_18316362061301445_870356603405169061_n.jpg?stp=dst-jpg_e35_tt6&_nc_cat=104&ccb=7-5&_nc_sid=18de74&efg=eyJlZmdfdGFnIjoiQ0FST1VTRUxfSVRFTS5iZXN0X2ltYWdlX3VybGdlbi5DMyJ9&_nc_ohc=CJURw5lHZUsQ7kNvwF7c5sL&_nc_oc=AdnMUBz9aHG8P-lkpa7RiKIgyfDA3ujs0Bg5XmDxd_hLadPxMixwKrFWaH-W4ayztGs&_nc_zt=23&_nc_ht=scontent-lhr6-2.cdninstagram.com&edm=ANo9K5cEAAAA&_nc_gid=UzLxTTCIrEqzvuSaKy50Eg&_nc_tpa=Q5bMBQEJ32ARG7yRkcSK96Uh6APFyuk81zYaxJXHJMnTHpXmASBbxBioylkHKjL7W7G2UsRmBo5yQvaUFg&oh=00_Aftd0CebYs-FcB-ONA-EiMRlBPzziHCIU2F8Ze1m5d_AqA&oe=6996F3E2";"https://www.instagram.com/p/DSSWQypgj4k/";"These are the season ratings for the 2025 MotoGP riders.

The MotoGP 2025 Rankings are based on an analytical methodology developed by @deltadata, built on predefined scales designed to measure each rider’s true on-track performance. The model aims to isolate the human factor by accounting for bike performance, focusing the evaluation on the rider and limiting the analysis strictly to on-track results throughout the season.

Evaluation criteria:
- Combined analysis of qualifying, sprint, and race.
- Continuous assessment over the course of the season.
- Specific consideration of bike performance to isolate the technical factor.

Excluded variables
- Contextual factors (rookie status, manufacturer changes, etc.).
- Grands Prix contested with an evident physical impairment.

#motogp #moto #motorsport #racing #motorcycle";2025-12-15 15:00;"229246";"115355";"8975";"290";"129";"308";9702;"8.41"
"18250618627289041";"FEED_IMAGE";"https://scontent-lhr8-2.cdninstagram.com/v/t51.82787-15/590413640_18316241779301445_7072189253432777552_n.jpg?stp=dst-jpg_e35_tt6&_nc_cat=101&ccb=7-5&_nc_sid=18de74&efg=eyJlZmdfdGFnIjoiRkVFRC5iZXN0X2ltYWdlX3VybGdlbi5DMyJ9&_nc_ohc=brfO5LwEhokQ7kNvwHgdCBT&_nc_oc=AdkImG-biXx5zOVpg5CPc7EyWFaTHvEku0199_zeOo86WUuSIVaWl7392wbqVgy47AI&_nc_zt=23&_nc_ht=scontent-lhr8-2.cdninstagram.com&edm=ANo9K5cEAAAA&_nc_gid=-TPmoD8ZUv9Zg5tigVJHLA&_nc_tpa=Q5bMBQE_Tv56G_891E7GYBbmYSQZAeWk6fZS5QVkrjpQoFQ3D9ejw1qwWoOMwVKDS9F-VYAi-v8co6RzMg&oh=00_AfvUfu6o6i6nC-M_DD-gV3s6Z9Ej-5m-wtE7YBTr45pIxA&oe=6995C9F9";"https://www.instagram.com/p/DSPkDOQAmWP/";"A couple of days ago, the MotoGP documentary ‘Jorge Martín: From Heaven to Hell’ was released, in which the Spaniard talks about his difficult season, marked by multiple injuries.

One of the harshest statements came from his partner, who said that Martín was convinced he would not survive after the accident in Qatar.

We hope that 2026 will be much better for number 89. 🤞

#motogp #moto #motorsport #valenciatest #valencia #ricardotormo #racing #motorcycle";2025-12-14 13:03;"286267";"120915";"3946";"273";"46";"293";4558;"3.77"
"17850672528607662";"FEED_IMAGE";"https://scontent-lhr8-2.cdninstagram.com/v/t51.82787-15/584405171_18316131070301445_7328338843304542625_n.jpg?stp=dst-jpg_e35_tt6&_nc_cat=101&ccb=7-5&_nc_sid=18de74&efg=eyJlZmdfdGFnIjoiRkVFRC5iZXN0X2ltYWdlX3VybGdlbi5DMyJ9&_nc_ohc=gKtoW1TCE0oQ7kNvwG4uZMt&_nc_oc=Adkcc4jnQgh5XImE3UOYZg8dojpHxB7xcHwMyLi3B3Jx3HH1JlN8JoJICqx_oLs0UOw&_nc_zt=23&_nc_ht=scontent-lhr8-2.cdninstagram.com&edm=ANo9K5cEAAAA&_nc_gid=SP20sppzfvxLQjmfbweISg&_nc_tpa=Q5bMBQEH0S9Q3L-xauwZS37H53VsKUdzvTukDLYEIqyekmAgdCS2wMXuoy5nn133Ije_E6o_G4fCUFCjQQ&oh=00_Afs7tLBh_U0lVtmXx0_-mHRKyBYbFfh40bnFRrfybWYAcw&oe=69948921";"https://www.instagram.com/p/DSNBSFxgtrb/";"Pedro Acosta may have signed a contract with Ducati Lenovo from 2027. This has been confirmed by journalist Manuel Peccino, who has compared the Murcian rider's signing to Hamilton's move to Ferrari. What do you think of this possible move?

#motogp #moto #motorsport #valenciatest #valencia #ricardotormo #racing #motorcycle";2025-12-13 13:21;"306621";"160793";"8217";"410";"221";"3750";12598;"7.83"
"17990396636880762";"FEED_IMAGE";"https://scontent-lhr6-1.cdninstagram.com/v/t51.82787-15/590422931_18316039450301445_8751147951225750238_n.jpg?stp=dst-jpg_e35_tt6&_nc_cat=109&ccb=7-5&_nc_sid=18de74&efg=eyJlZmdfdGFnIjoiRkVFRC5iZXN0X2ltYWdlX3VybGdlbi5DMyJ9&_nc_ohc=0KCiZ3af2-wQ7kNvwGQi9f_&_nc_oc=AdntBmYgRpnuIleiujjy6ywXeblb8dplvUybXLMMEErnkglsuYF_M3bjhJMK4bPGgbI&_nc_zt=23&_nc_ht=scontent-lhr6-1.cdninstagram.com&edm=ANo9K5cEAAAA&_nc_gid=YU3Dfv82VIYWuFDM841OtQ&_nc_tpa=Q5bMBQE3oVxK4x2iSz-4YyWNZZ6vLhOdCl15QfzcSdEqPadcS551QaIeF9OdFo-DZmSyyAvxVxoPhFaOEQ&oh=00_AfvktOZTtXuX5KaTTR8tNY5qNgMzNSJ2KhbHrmesuMTRBg&oe=69931E8B";"https://www.instagram.com/p/DSK04tmgjeO/";"The 2027 regulation change will surely spell the end for the most successful prototype in MotoGP history, the Honda RC213V. To date, it has achieved 86 victories, 191 podium finishes, 6 riders' titles, and 7 constructors' titles.

#motogp #moto #motorsport #valenciatest #valencia #ricardotormo #racing #motorcycle";2025-12-12 16:54;"136118";"51052";"3671";"245";"21";"71";4008;"7.85"
"18049229642422917";"FEED_CAROUSEL_ALBUM";"https://scontent-lhr8-2.cdninstagram.com/v/t51.82787-15/589905021_18315917803301445_2571215346719448551_n.jpg?stp=dst-jpg_e35_tt6&_nc_cat=106&ccb=7-5&_nc_sid=18de74&efg=eyJlZmdfdGFnIjoiQ0FST1VTRUxfSVRFTS5iZXN0X2ltYWdlX3VybGdlbi5DMyJ9&_nc_ohc=gEpiK7TMywEQ7kNvwF5JN0e&_nc_oc=AdngSiHDScOwQxroj7_u_OJZa0JeY_vZ9jyaZzvi-01XreCIl_EgQouXl8WgdFLyVkI&_nc_zt=23&_nc_ht=scontent-lhr8-2.cdninstagram.com&edm=ANo9K5cEAAAA&_nc_gid=akS9GMUK-l54g4n0oqVPUw&_nc_tpa=Q5bMBQHodvGvz69V7I1PIK3Z8Jf8xanSbXuR73s4e-iI3LFJpWH1fYeeS3vPYlgF3jqk9k9gUpjmxnGCrg&oh=00_Afsqy5eV_lCvgHEy-edvUGUOK-Bp0PywFrYcMopGecoK4A&oe=6991AF2B";"https://www.instagram.com/p/DSIJWefgtQb/";"You asked for it, and here it is. These were ChatGPT's predictions at the start of the season that were furthest from the final result. Luckily, the bots still can't spoil the races for us. 😅

#motogp #moto #motorsport #valenciatest #valencia #ricardotormo #racing #motorcycle";2025-12-11 15:55;"96928";"28806";"3155";"104";"19";"76";3354;"11.64"
"17904775092317600";"FEED_IMAGE";"https://scontent-lhr8-1.cdninstagram.com/v/t51.82787-15/587485708_18315795160301445_1800598725843135196_n.jpg?stp=dst-jpg_e35_tt6&_nc_cat=107&ccb=7-5&_nc_sid=18de74&efg=eyJlZmdfdGFnIjoiRkVFRC5iZXN0X2ltYWdlX3VybGdlbi5DMyJ9&_nc_ohc=TR4b9q9ztA0Q7kNvwFnGx8m&_nc_oc=AdmvaYTMAYtWtG4SiucRorcGJUQhE3qily7syDpJahvzpxYTX0ORy_MBT2w902pFGJs&_nc_zt=23&_nc_ht=scontent-lhr8-1.cdninstagram.com&edm=ANo9K5cEAAAA&_nc_gid=jWr656LI4OrU3kqEKIuYuw&oh=00_AfuGHvS-DcmkWLYx5E9APAi3hkK2b7THwT3Pt8sxqS4qbQ&oe=69907C85";"https://www.instagram.com/p/DSFj54MAt6j/";"Fernando Alonso lauded Marc Márquez's spectacular return to glory in DAZN's documentary VOLVER. 👑🐜

#motogp #moto #motorsport #valenciatest #valencia #ricardotormo #racing #motorcycle";2025-12-10 15:49;"43507";"20240";"4651";"201";"20";"348";5220;"25.79"
"18332009416213483";"FEED_IMAGE";"https://scontent-lhr8-1.cdninstagram.com/v/t51.82787-15/587281266_18315684049301445_2073793559319591802_n.jpg?stp=dst-jpg_e35_tt6&_nc_cat=111&ccb=7-5&_nc_sid=18de74&efg=eyJlZmdfdGFnIjoiRkVFRC5iZXN0X2ltYWdlX3VybGdlbi5DMyJ9&_nc_ohc=hgMF4HejeNQQ7kNvwEO5sSK&_nc_oc=AdlEtrxDuPqC5Dalw6Cvni043spozqz5WtTbd9kuLBD9EzuCJdCURqm4IvG7RQMKDOM&_nc_zt=23&_nc_ht=scontent-lhr8-1.cdninstagram.com&edm=ANo9K5cEAAAA&_nc_gid=BKPV47mjZRixmyFQJfb6iQ&oh=00_Afu4I4rb3eLbx95wu_Bi-OZTak3n0aM7tdz7jGnZuZpVzQ&oe=698F4AE6";"https://www.instagram.com/p/DSC48wAAp1B/";"Yesterday it was confirmed that Lando Norris will wear the number 1 on his car. Should Marc Márquez do the same for the first time in his career? Will Liberty Media “force” him to use it?

#motogp #moto #motorsport #lando #f1";2025-12-09 14:55;"149852";"66312";"10456";"360";"165";"188";11169;"16.84"
"18092980801732223";"FEED_CAROUSEL_ALBUM";"https://scontent-lhr6-2.cdninstagram.com/v/t51.82787-15/590545289_18315569935301445_1050166058324536502_n.jpg?stp=dst-jpg_e35_tt6&_nc_cat=105&ccb=7-5&_nc_sid=18de74&efg=eyJlZmdfdGFnIjoiQ0FST1VTRUxfSVRFTS5iZXN0X2ltYWdlX3VybGdlbi5DMyJ9&_nc_ohc=fxJgF-vIaRYQ7kNvwH-OzxF&_nc_oc=Adl3bTtbIdMvykdapFOCSBdmf4ZMeP-8dvgwViMsm2Ay5D4k-HNdt_OIN-CiWRU5_mU&_nc_zt=23&_nc_ht=scontent-lhr6-2.cdninstagram.com&edm=ANo9K5cEAAAA&_nc_gid=Decg4OCOL0spRrgdidazTg&oh=00_AfvYx9k0phARrQvEr31VvVlXwb_V6vfjieTN1pgcOYLiRA&oe=698DB628";"https://www.instagram.com/p/DSAG7aKAkaF/";"Only the most “OG” fans will remember that at the beginning of the year, on January 19, we asked ChatGPT what the final standings would look like at the end of the year. Here are some of the best results the AI predicted.

#motogp #moto #motorsport #valenciatest #valencia #ricardotormo #racing #motorcycle";2025-12-08 13:00;"325624";"154757";"12783";"308";"24";"96";13211;"8.54"
"18063659735193527";"FEED_IMAGE";"https://scontent-lhr8-2.cdninstagram.com/v/t51.82787-15/589925650_18315467833301445_1864290283257577129_n.jpg?stp=dst-jpg_e35_tt6&_nc_cat=101&ccb=7-5&_nc_sid=18de74&efg=eyJlZmdfdGFnIjoiRkVFRC5iZXN0X2ltYWdlX3VybGdlbi5DMyJ9&_nc_ohc=HSUPoZqJDwsQ7kNvwHuw2dY&_nc_oc=AdnaPD34M36SYle8u8uwF8mBURcca7chvDQqwW6-NhYap_AVh7o_ZTtHNpy7vmtSlj0&_nc_zt=23&_nc_ht=scontent-lhr8-2.cdninstagram.com&edm=ANo9K5cEAAAA&_nc_gid=s2Dw89VAhE9afIU6vilGnA&oh=00_AfvrJ-V-CuENq4I9kFwCpR-seAiiWr57v8KuOhcS55PjSA&oe=698C5603";"https://www.instagram.com/p/DR9zeYDgj-w/";"From Overtake.GP, we congratulate Lando Norris on winning his first F1 world championship. Congrats Champ!

#lando #mclaren #motorsport #f1 #formula1";2025-12-07 15:31;"19757";"5922";"421";"13";"5";"30";469;"7.92"
"18317013982218002";"FEED_IMAGE";"https://scontent-lhr6-1.cdninstagram.com/v/t51.82787-15/589121142_18315238153301445_70005622028852323_n.jpg?stp=dst-jpg_e35_tt6&_nc_cat=110&ccb=7-5&_nc_sid=18de74&efg=eyJlZmdfdGFnIjoiRkVFRC5iZXN0X2ltYWdlX3VybGdlbi5DMyJ9&_nc_ohc=UZr0IkL9jgkQ7kNvwEtinFF&_nc_oc=AdmdK7Eh3ahYOH-3qr6ZV7LzbpXCBaY2LQHMRpTnlWCpIpI3JAy8qRt4rJaZ7e1SRhc&_nc_zt=23&_nc_ht=scontent-lhr6-1.cdninstagram.com&edm=ANo9K5cEAAAA&_nc_gid=3W_l6DU7_2WKxmW6aXbzJw&oh=00_AfvnVjzW2L6HEjdGOjzl1H8UebCFTqUCYfkUQ8DEoW02oA&oe=6989B812";"https://www.instagram.com/p/DR4sb6AAuaz/";"On the MotoGP subreddit they published a list of riders who have won the most rain-affected races in the 21st century, with Stoner having the best record (7/18) and Rossi the most wins (12). Who surprises you most on this list?

#motogp #moto #motorsport #valenciatest #valencia #ricardotormo #racing #motorcycle";2025-12-05 15:54;"183168";"62031";"2995";"178";"87";"112";3372;"5.44"
"18075544106266252";"FEED_IMAGE";"https://scontent-lhr6-2.cdninstagram.com/v/t51.82787-15/590427356_18315137365301445_9143022523837943305_n.jpg?stp=dst-jpg_e35_tt6&_nc_cat=104&ccb=7-5&_nc_sid=18de74&efg=eyJlZmdfdGFnIjoiRkVFRC5iZXN0X2ltYWdlX3VybGdlbi5DMyJ9&_nc_ohc=dt9afTG14nIQ7kNvwG6Xs93&_nc_oc=AdnR5ddLavAaa17Vd4YOJEkV2Ovy7jASU8Be6v4GayFDXl7McslYC6SNAlsPKGlW8Os&_nc_zt=23&_nc_ht=scontent-lhr6-2.cdninstagram.com&edm=ANo9K5cEAAAA&_nc_gid=bfA2E81fpIQa0e1T2CU75A&oh=00_AfvIvjHua-lKMqS5pzhPdOlupBqImCg6FaQx6BnEjVv44Q&oe=69888852";"https://www.instagram.com/p/DR2P72Fgvd9/";"At first it seemed like an obvious decision, but with the regulation change in 2027 fast approaching, Marc Márquez's future with Ducati is now in doubt, as things could change completely. Where would you like to see the nine-time world champion?

#motogp #moto #motorsport #valenciatest #valencia #ricardotormo #racing #motorcycle";2025-12-04 17:06;"125080";"51957";"5846";"207";"352";"377";6782;"13.05"
"18100784473704565";"FEED_IMAGE";"https://scontent-lhr8-1.cdninstagram.com/v/t51.82787-15/590422996_18315013990301445_2453740404458098600_n.jpg?stp=dst-jpg_e35_tt6&_nc_cat=107&ccb=7-5&_nc_sid=18de74&efg=eyJlZmdfdGFnIjoiRkVFRC5iZXN0X2ltYWdlX3VybGdlbi5DMyJ9&_nc_ohc=KGWLVDfYVc4Q7kNvwGeGrWi&_nc_oc=AdnwPrXJs81U9Sn1yPEd-8ipgX_B5qicmHjBREgXMglJiFbSlZc78SzT0X76Fy9mjXw&_nc_zt=23&_nc_ht=scontent-lhr8-1.cdninstagram.com&edm=ANo9K5cEAAAA&_nc_gid=bkOdb7Mzm52s0j0KK66PYw&oh=00_Afv9-5rb0qDZ4tyQ0pq9-TLgTJp4-d75bshIhABhksklZw&oe=69878712";"https://www.instagram.com/p/DRzk1zAAr_6/";"During the 22 GPs in 2025, a total of 3,660,716 fans enjoyed the MotoGP experience in person. This makes an average of more than 160,000 spectators (9.71% more than in 2024), with Le Mans being the GP with the most spectators with a total of 311,797.

#motogp #moto #motorsport #valenciatest #valencia #ricardotormo #racing #motorcycle";2025-12-03 16:11;"17118";"5406";"537";"25";"3";"12";577;"10.67"
"18136253914476156";"FEED_IMAGE";"https://scontent-lhr8-2.cdninstagram.com/v/t51.82787-15/588640779_18314905024301445_4433651356453548853_n.jpg?stp=dst-jpg_e35_tt6&_nc_cat=103&ccb=7-5&_nc_sid=18de74&efg=eyJlZmdfdGFnIjoiRkVFRC5iZXN0X2ltYWdlX3VybGdlbi5DMyJ9&_nc_ohc=VNRWJOzwOLEQ7kNvwHGJA-L&_nc_oc=Adn7EICHAHVykMk7kYCSZnOj4DKqGjsvY7E36kaodo8KOr1IF5_RRLwv3b-UcCzMWIU&_nc_zt=23&_nc_ht=scontent-lhr8-2.cdninstagram.com&edm=ANo9K5cEAAAA&_nc_gid=4NTkFzs_3bcbVamHV0eDiw&oh=00_AfurGulolRMGngT2LK0Z0NyL4n8kn9qv9uN1Y3dj_r3N4A&oe=69864E2C";"https://www.instagram.com/p/DRxFfqhAlB4/";"After finishing the Valencia GP, Fabio Quartararo was self-critical and gave his season a rating of only 5. Even so, the French rider managed to take his Yamaha to the podium three times in long races and sprints, and achieved a total of five pole positions. What rating would you give him?

#motogp #moto #motorsport #valenciatest #valencia #ricardotormo #racing #motorcycle";2025-12-02 16:59;"28085";"8763";"1131";"31";"18";"18";1198;"13.67"
"18517409287069110";"FEED_CAROUSEL_ALBUM";"https://scontent-lhr6-1.cdninstagram.com/v/t51.82787-15/588380857_18314806366301445_86338040529239363_n.jpg?stp=dst-jpg_e35_tt6&_nc_cat=109&ccb=7-5&_nc_sid=18de74&efg=eyJlZmdfdGFnIjoiQ0FST1VTRUxfSVRFTS5iZXN0X2ltYWdlX3VybGdlbi5DMyJ9&_nc_ohc=BGgPSuGBvY0Q7kNvwHcaZg4&_nc_oc=AdmRL58wSoBLuHZnYTeTQujMcqNKXVNW0NBs5bZjdXv-ylmmZuEpxWe0HfbfLwQfRU8&_nc_zt=23&_nc_ht=scontent-lhr6-1.cdninstagram.com&edm=ANo9K5cEAAAA&_nc_gid=hPOCN5R-pU2qBcPHo9bnLg&oh=00_AfvSuYo22FCnw1I0iEwi_aeZAoXFppyWqAkWdMq9BurnpQ&oe=6984C50E";"https://www.instagram.com/p/DRum9uHgrp6/";"Marc Márquez is now the rider with the most points in the all-time Sprint standings. He is followed by Pecco and Jorge Martín, separated by just one point.

#motogp #moto #motorsport #valenciatest #valencia #ricardotormo #racing #motorcycle";2025-12-01 17:53;"193540";"87700";"6687";"168";"45";"34";6934;"7.91"
"18107199562716229";"FEED_IMAGE";"https://scontent-lhr6-2.cdninstagram.com/v/t51.82787-15/587965906_18314675983301445_4183430370739214412_n.jpg?stp=dst-jpg_e35_tt6&_nc_cat=105&ccb=7-5&_nc_sid=18de74&efg=eyJlZmdfdGFnIjoiRkVFRC5iZXN0X2ltYWdlX3VybGdlbi5DMyJ9&_nc_ohc=ikjB0HOfLOAQ7kNvwH-SjIX&_nc_oc=Adm4o-XIAZ6fbIJRl009q-dGPczPCc_My_B_83787BwR3xYCEZVis92CiQdpfcwzHwA&_nc_zt=23&_nc_ht=scontent-lhr6-2.cdninstagram.com&edm=ANo9K5cEAAAA&_nc_gid=V1vf6Q-qacJa5-4U4lvveQ&oh=00_AftCDS1YqDRcO_i7xOV-UKzoQE6ASEsV_rHGfukbEBfLNQ&oe=69839FFD";"https://www.instagram.com/p/DRruaNgAsIG/";"These are the final results of the 11th edition of La 100km dei Campioni. ☀️🌙

#La100KmdeiCampioni #VR46";2025-11-30 15:01;"89512";"42150";"1631";"67";"30";"75";1803;"4.28"
"18049300688389985";"FEED_IMAGE";"https://scontent-lhr6-2.cdninstagram.com/v/t51.82787-15/586678125_18314574289301445_7289651491276738081_n.jpg?stp=dst-jpg_e35_tt6&_nc_cat=100&ccb=7-5&_nc_sid=18de74&efg=eyJlZmdfdGFnIjoiRkVFRC5iZXN0X2ltYWdlX3VybGdlbi5DMyJ9&_nc_ohc=YH6LISGIkCwQ7kNvwF4uKTQ&_nc_oc=AdnxjcAMGRn8zGFO_QBeG2jSnK4UHC0bIOKCkysylvUYhiXulqwrZHtll3FdmvMvmeg&_nc_zt=23&_nc_ht=scontent-lhr6-2.cdninstagram.com&edm=ANo9K5cEAAAA&_nc_gid=jGNt7xVRLXWNw8lBY4iG9Q&oh=00_Afo2JRgl0O2w5XBtq28gQU5zRREvC1M2AxLFRqC6RqEJ8A&oe=6982B04B";"https://www.instagram.com/p/DRpTW8kgkqa/";"The market is on fire. A few days ago, rumours emerged that VR could end up at Aprilia in 2027. In the last few hours, rumours have gained strength that Trackhouse and Tech3 could end up at Honda and Ducati respectively. 2026 hasn't even started yet and the market is already going crazy...

#motogp #moto #motorsport #valenciatest #valencia #ricardotormo #racing #motorcycle";2025-11-29 16:26;"189385";"85018";"8131";"612";"87";"2323";11153;"13.12"
"18074299829601694";"FEED_CAROUSEL_ALBUM";"https://scontent-lhr8-2.cdninstagram.com/v/t51.82787-15/587806920_18314468671301445_6860724463748711512_n.jpg?stp=dst-jpg_e35_tt6&_nc_cat=103&ccb=7-5&_nc_sid=18de74&efg=eyJlZmdfdGFnIjoiQ0FST1VTRUxfSVRFTS5iZXN0X2ltYWdlX3VybGdlbi5DMyJ9&_nc_ohc=hlIREiZZUngQ7kNvwHvb6hb&_nc_oc=Adn001MxY1DENGlBS6s422yOwFxvTl5RxHxyzV2wMrYlfjfi6K5eAmvdnZzCT5Iv_Bs&_nc_zt=23&_nc_ht=scontent-lhr8-2.cdninstagram.com&edm=ANo9K5cEAAAA&_nc_gid=1JuEQk1XTB1XCSAnUfReLQ&oh=00_AfoWsZtLZdqD3H5T2WLRTA-MTM8WsUW5JzXxYsXr8Cn5fQ&oe=69808E49";"https://www.instagram.com/p/DRm0LuygsxX/";"A glimpse inside their minds 💭✨

#motogp #moto #motorsport #valenciatest #valencia #ricardotormo #racing #motorcycle";2025-11-28 17:15;"46804";"13708";"2689";"172";"7";"145";3013;"21.98"
"18028692581766661";"FEED_IMAGE";"https://scontent-lhr6-1.cdninstagram.com/v/t51.82787-15/588864433_18314366110301445_2426917994676954279_n.jpg?stp=dst-jpg_e35_tt6&_nc_cat=102&ccb=7-5&_nc_sid=18de74&efg=eyJlZmdfdGFnIjoiRkVFRC5iZXN0X2ltYWdlX3VybGdlbi5DMyJ9&_nc_ohc=ENk_vAaYjeYQ7kNvwHXa3lF&_nc_oc=AdkS9FJRy0MbLkcD6iTcdtmZ01pN7DsH6Wb3sT-h7rqsYm26agVJr2rtl4bIH55PQWs&_nc_zt=23&_nc_ht=scontent-lhr6-1.cdninstagram.com&edm=ANo9K5cEAAAA&_nc_gid=x_cQ3FDqOeLBBa00txMeow&oh=00_Afr0W93IAWjjNe1P8pZVUpSEnjpnXATuI69ju9hyUr2Ihg&oe=697F35E0";"https://www.instagram.com/p/DRkPyXJgg9W/";"Marc Márquez has been the rider who has led the most sessions this season with a total of 70! 🤯

#motogp #moto #motorsport #valenciatest #valencia #ricardotormo #racing #motorcycle";2025-11-27 17:19;"45735";"15588";"2119";"101";"12";"43";2275;"14.59"
"18109579930719547";"FEED_IMAGE";"https://scontent-lhr8-2.cdninstagram.com/v/t51.82787-15/586681142_18314255842301445_7608569526137760861_n.jpg?stp=dst-jpg_e35_tt6&_nc_cat=101&ccb=7-5&_nc_sid=18de74&efg=eyJlZmdfdGFnIjoiRkVFRC5iZXN0X2ltYWdlX3VybGdlbi5DMyJ9&_nc_ohc=llv5iL_yT_gQ7kNvwFGGs1a&_nc_oc=AdksFuLN8CaRpS77RQGZ1VnPBphx67CSgQNzP3ZQIXVc5b3fhUhBR2z6vszj0tCbtu8&_nc_zt=23&_nc_ht=scontent-lhr8-2.cdninstagram.com&edm=ANo9K5cEAAAA&_nc_gid=m2l3xY68U2eTM5b-olRzRQ&oh=00_AfoaolV9OzJXLsdJYk6DiPRA7wTYEy2x3PiIdYpvszee5w&oe=697DF689";"https://www.instagram.com/p/DRhe3ZjiLMz/";"In the last interview with Maverick Viñales in ‘Duralavita’ Lorenzo said that the Catalan rider is very close to riders like the ‘Fantastic 4’ in terms of talent. It may sound crazy but if a rider who has been world champion 5 times said that, it must be for a reason. What do you think?

#motogp #moto #motorsport #valenciatest #valencia #ricardotormo #racing #motorcycle";2025-11-26 15:33;"83248";"32958";"2851";"114";"97";"121";3183;"9.66"
"18062418869541656";"FEED_IMAGE";"https://scontent-lhr8-1.cdninstagram.com/v/t51.82787-15/587045598_18314146279301445_7875458661812581033_n.jpg?stp=dst-jpg_e35_tt6&_nc_cat=107&ccb=7-5&_nc_sid=18de74&efg=eyJlZmdfdGFnIjoiRkVFRC5iZXN0X2ltYWdlX3VybGdlbi5DMyJ9&_nc_ohc=xaAjyWqYMaQQ7kNvwGN4W8d&_nc_oc=Adk9tpes-pRBJ-wmW2NUlCZAD7DWNChQPU3vDOtVRWrGE9StB51-K0Q2SOY8sTV-3vs&_nc_zt=23&_nc_ht=scontent-lhr8-1.cdninstagram.com&edm=ANo9K5cEAAAA&_nc_gid=rcejq-MusrCcP1EqlhIGRw&oh=00_AfoJqAZvKxcwBairy5iAbIKNZEzSIYR-C6EkZ47ocAyWbQ&oe=697D0703";"https://www.instagram.com/p/DRewxSrghCf/";"If we only counted the points from the main races, Marc Márquez would have remained the champion that year, something that did not happen the previous season, where Pecco was the most successful rider and Jorge Martín was the best in the Sprints, who ended up beating the Italian to the title.

#motogp #moto #motorsport #racing #motorcycle";2025-11-25 14:11;"134978";"41729";"3004";"100";"21";"31";3156;"7.56"
"18051085055369636";"FEED_IMAGE";"https://scontent-lhr6-2.cdninstagram.com/v/t51.82787-15/587683649_18314055421301445_1849284055529967724_n.jpg?stp=dst-jpg_e35_tt6&_nc_cat=105&ccb=7-5&_nc_sid=18de74&efg=eyJlZmdfdGFnIjoiRkVFRC5iZXN0X2ltYWdlX3VybGdlbi5DMyJ9&_nc_ohc=q0TbSf5sWvEQ7kNvwG2EY4Y&_nc_oc=Adl6bsuG1qaplPwiDcd7rWHRvxg1BC2NjYVXBQwR9kpRtb6bebbqh_Efuq9Uw7syF_o&_nc_zt=23&_nc_ht=scontent-lhr6-2.cdninstagram.com&edm=ANo9K5cEAAAA&_nc_gid=lHTZ1B34t3YtdAmL5B_YEA&oh=00_AfpKdtoDi-POUYrAw4QlNt87GYsKrhAjjzseDijhJhze0g&oe=697B94E4";"https://www.instagram.com/p/DRcYlEVgumw/";"Max Verstappen has it clear. 🐜🦁
 
And you? Which athlete do you enjoy watching the most?

#motogp #moto #motorsport #valenciatest #valencia #ricardotormo #racing #motorcycle";2025-11-24 16:01;"142430";"71203";"15389";"735";"163";"2716";19003;"26.69"
"18068909699101803";"FEED_CAROUSEL_ALBUM";"https://scontent-lhr8-2.cdninstagram.com/v/t51.82787-15/584333601_18313953283301445_6631752402913859547_n.jpg?stp=dst-jpg_e35_tt6&_nc_cat=101&ccb=7-5&_nc_sid=18de74&efg=eyJlZmdfdGFnIjoiQ0FST1VTRUxfSVRFTS5iZXN0X2ltYWdlX3VybGdlbi5DMyJ9&_nc_ohc=oJgt8bRkJgAQ7kNvwG9MuyF&_nc_oc=Adm-evUtSTsvrE6dSXgUEAuOO1SnFFAyL30ghqRKShOvB2aDfk0joz5WqE1xgc-SgSA&_nc_zt=23&_nc_ht=scontent-lhr8-2.cdninstagram.com&edm=ANo9K5cEAAAA&_nc_gid=VG88w0-0hUuZGzj2SJBqYA&oh=00_Afotp9zSOSZohGV0DNOWLcKkIVSMcKj1HP3z-VdgC0oZ1w&oe=697A2CEC";"https://www.instagram.com/p/DRaAEdVAiPO/";"117 GPs, 1 pole position, 7 podiums and 5 wins make him the rider with the most victories on a KTM. Boa sorte, Miguel!

#motogp #moto #motorsport #valenciatest #valencia #ricardotormo #racing #motorcycle";2025-11-23 17:49;"597566";"136237";"7985";"313";"84";"77";8459;"6.21"
"18000308780834674";"FEED_IMAGE";"https://scontent-lhr8-2.cdninstagram.com/v/t51.82787-15/584395200_18313830466301445_8586023304476410769_n.jpg?stp=dst-jpg_e35_tt6&_nc_cat=106&ccb=7-5&_nc_sid=18de74&efg=eyJlZmdfdGFnIjoiRkVFRC5iZXN0X2ltYWdlX3VybGdlbi5DMyJ9&_nc_ohc=YiTKCUt0TecQ7kNvwFIblpX&_nc_oc=AdkSiV29awOgWyGD2NQmQuUzzqf8VZh25pMryywvJUaBuVG5ioPPd65Gl9DsFwPwoWc&_nc_zt=23&_nc_ht=scontent-lhr8-2.cdninstagram.com&edm=ANo9K5cEAAAA&_nc_gid=Pai961OElh_baNW7Q5r1yA&oh=00_AfqbEYCVvAoX-XuxdO1J5upvrcV5jE7ErCPmsBQaMTiMEA&oe=6978C6E2";"https://www.instagram.com/p/DRXOvPKAjpd/";"Ai Ogura was the rider with the most laps in the Valencia test, with a total of 64. He was followed by Bezzecchi and rookie Moreira. 📝⚒️

#motogp #moto #motorsport #valenciatest #valencia #ricardotormo #racing #motorcycle";2025-11-22 15:59;"53940";"16636";"1423";"47";"1";"5";1476;"8.87"
"17943252099064302";"FEED_IMAGE";"https://scontent-lhr6-2.cdninstagram.com/v/t51.82787-15/585114384_18313723300301445_1502227225126313079_n.jpg?stp=dst-jpg_e35_tt6&_nc_cat=104&ccb=7-5&_nc_sid=18de74&efg=eyJlZmdfdGFnIjoiRkVFRC5iZXN0X2ltYWdlX3VybGdlbi5DMyJ9&_nc_ohc=eCZ76R9rUjgQ7kNvwHzkbId&_nc_oc=Adkq6lSut-3cUeoEsRJRaOo5hHXGttUEvxNMR5T-4shOeUnGHnjad0LWevp9_q6NIuU&_nc_zt=23&_nc_ht=scontent-lhr6-2.cdninstagram.com&edm=ANo9K5cEAAAA&_nc_gid=jvDltOOKBi32QXpUJhYtvw&oh=00_Afrxv65ft0-Cb1tP3WLROe9NnNjpQ1bCzT6l0MwdZU7cZw&oe=69777B6C";"https://www.instagram.com/p/DRUsDuTgq8K/";"Maverick Viñales and Jorge Lorenzo will join forces for the next season, and it is impossible not to remember this image they left in Catalonia a few years ago. 😅

#motogp #moto #motorsport #valenciatest #valencia #ricardotormo #racing #motorcycle";2025-11-21 16:18;"142071";"61080";"8056";"342";"37";"984";9419;"15.42"
"17902522032296763";"FEED_CAROUSEL_ALBUM";"https://scontent-lhr6-1.cdninstagram.com/v/t51.82787-15/584411530_18313605499301445_8844450614821703905_n.jpg?stp=dst-jpg_e35_tt6&_nc_cat=102&ccb=7-5&_nc_sid=18de74&efg=eyJlZmdfdGFnIjoiQ0FST1VTRUxfSVRFTS5iZXN0X2ltYWdlX3VybGdlbi5DMyJ9&_nc_ohc=3LaSoBXfU54Q7kNvwFkjSdx&_nc_oc=Adl3eXgcBgyvcIXnClE-NePBlhVrjkpxXykuztdjGaJDc6MpdKW5_MUHFlSgsspTLls&_nc_zt=23&_nc_ht=scontent-lhr6-1.cdninstagram.com&edm=ANo9K5cEAAAA&_nc_gid=4kajvvQ9XLtrv0c_jL-FGA&oh=00_Afrq5JmjM2qJZoiamFSMGkrMe8HoN4xgHlU-XWTWFlOCLw&oe=6976204A";"https://www.instagram.com/p/DRR6-VMAvyJ/";"19 out of 22 riders don’t have a contract for 2027!
Of the riders from this past 2025 season, only Zarco is guaranteed to continue in 2027. We’re in for a year with a lot of moves...

#motogp #moto #motorsport #valenciatest #valencia #ricardotormo #racing #motorcycle";2025-11-20 14:30;"242918";"98009";"7498";"533";"125";"1138";9294;"9.48"
"18088398655939832";"FEED_CAROUSEL_ALBUM";"https://scontent-lhr8-1.cdninstagram.com/v/t51.82787-15/584398763_18313506301301445_3103219752080975113_n.jpg?stp=dst-jpg_e35_tt6&_nc_cat=107&ccb=7-5&_nc_sid=18de74&efg=eyJlZmdfdGFnIjoiQ0FST1VTRUxfSVRFTS5iZXN0X2ltYWdlX3VybGdlbi5DMyJ9&_nc_ohc=krtwLxirUUIQ7kNvwGvrVkN&_nc_oc=AdlMqbXPVYv4oXq4yU4Y0DGvrXcUJmwejWQUNQd0k7O7-MG6YxiXOUOxqCOFP7tcZvY&_nc_zt=23&_nc_ht=scontent-lhr8-1.cdninstagram.com&edm=ANo9K5cEAAAA&_nc_gid=28RjkjpXZgZpIMqerYR0wQ&oh=00_Afr-MYtahJbYybD_89HTqDKr0JOm_FyMw04xqQpjlzyJYA&oe=6974C29C";"https://www.instagram.com/p/DRPWpZvgipI/";"These were the average speeds of the new riders on their best laps compared to Bezz’s leading times. How did you see the freshmen with their new colors? 🤔

#motogp #moto #motorsport #valenciagp #valencia #ricardotormo #racing #motorcycle";2025-11-19 14:34;"133868";"34482";"3348";"90";"12";"24";3474;"10.07"
"18085094084049802";"FEED_IMAGE";"https://scontent-lhr6-1.cdninstagram.com/v/t51.82787-15/583453717_18313424413301445_6140240127938721805_n.jpg?stp=dst-jpg_e35_tt6&_nc_cat=109&ccb=7-5&_nc_sid=18de74&efg=eyJlZmdfdGFnIjoiRkVFRC5iZXN0X2ltYWdlX3VybGdlbi5DMyJ9&_nc_ohc=vqx5hZBkcugQ7kNvwFkyNfv&_nc_oc=Adm6BkZu2YftOC0yHb9mN-wnuTI5JxC-cGwYhAQ83_PeAKNPUSzNxVRq8zvbCZSTaU0&_nc_zt=23&_nc_ht=scontent-lhr6-1.cdninstagram.com&edm=ANo9K5cEAAAA&_nc_gid=xEfKC4c03vEU2G945VlAfA&oh=00_Afr-Qu1915feef461poRCozVtWYaU1whUR7_KXDmMOkYGA&oe=6971AFBD";"https://www.instagram.com/p/DRNG-GSgvH_/";"These were the fastest riders in the Valencia test.

#motogp #moto #motorsport #valenciatest #valencia #ricardotormo #racing #motorcycle";2025-11-18 17:39;"37024";"9309";"514";"21";"5";"18";558;"5.99"
"18011905322636590";"FEED_IMAGE";"https://scontent-lhr8-2.cdninstagram.com/v/t51.82787-15/583653762_18313412032301445_313844190933853856_n.jpg?stp=dst-jpg_e35_tt6&_nc_cat=101&ccb=7-5&_nc_sid=18de74&efg=eyJlZmdfdGFnIjoiRkVFRC5iZXN0X2ltYWdlX3VybGdlbi5DMyJ9&_nc_ohc=-0M7nqNh89IQ7kNvwG8bDVz&_nc_oc=AdlxxDZnwSGrLqEKI0itPu_Vn-EZ7RXnFedLyMcV23Iwvt3ZktUyk_WkkB62WRWA2mE&_nc_zt=23&_nc_ht=scontent-lhr8-2.cdninstagram.com&edm=ANo9K5cEAAAA&_nc_gid=xEfKC4c03vEU2G945VlAfA&oh=00_AfrxnzL9duVdBjdN_1hW2paRALF4Mz8GIrN5q6wmPoe-Ew&oe=69718C50";"https://www.instagram.com/p/DRM48rsghgl/";"Toprak Razgatlioglu is already riding faster than his teammate Miller!

#motogp #moto #motorsport #valenciagp #valencia #ricardotormo #racing #motorcycle";2025-11-18 15:36;"532105";"161002";"14998";"411";"189";"3531";19129;"11.88"
"17993200676850646";"FEED_IMAGE";"https://scontent-lhr6-1.cdninstagram.com/v/t51.82787-15/581690371_18313382779301445_653995998612883061_n.jpg?stp=dst-jpg_e35_tt6&_nc_cat=102&ccb=7-5&_nc_sid=18de74&efg=eyJlZmdfdGFnIjoiRkVFRC5iZXN0X2ltYWdlX3VybGdlbi5DMyJ9&_nc_ohc=fEA5BJgG6pUQ7kNvwFsigtm&_nc_oc=Adn9LztBR6eddFpi5-2Sw0vjAvxN-K9WxDUS77nGT9MxqGVRU2mHtKc4tN2-HHvmFVc&_nc_zt=23&_nc_ht=scontent-lhr6-1.cdninstagram.com&edm=ANo9K5cEAAAA&_nc_gid=xEfKC4c03vEU2G945VlAfA&oh=00_Afrdf4Ml-d98S8hj52G95avPT44syw9BcfXzLnSZRayL0w&oe=69719AF1";"https://www.instagram.com/p/DRMO5K0Ai9R/";"The longest season in MotoGP history has taken its toll, with only 50% of the 22 official riders on the grid able to compete in all the GPs. These are the survivors.

#motogp #moto #motorsport #valenciagp #valencia #ricardotormo #racing #motorcycle";2025-11-18 09:29;"81771";"25767";"3010";"115";"30";"84";3239;"12.57"
"17886417405393412";"FEED_IMAGE";"https://scontent-lhr8-2.cdninstagram.com/v/t51.82787-15/582098902_18313336732301445_1180543162365596766_n.jpg?stp=dst-jpg_e35_tt6&_nc_cat=106&ccb=7-5&_nc_sid=18de74&efg=eyJlZmdfdGFnIjoiRkVFRC5iZXN0X2ltYWdlX3VybGdlbi5DMyJ9&_nc_ohc=qgQRvol2jLEQ7kNvwGRXvkf&_nc_oc=AdmN3Ucc8wC9PQ-9dRux0kwl5t0a-z5j9zzkrqATwD4RNPH_X_p8XbhMdsKXhJHjIJw&_nc_zt=23&_nc_ht=scontent-lhr8-2.cdninstagram.com&edm=ANo9K5cEAAAA&_nc_gid=xEfKC4c03vEU2G945VlAfA&oh=00_AfoBODOVmnquR-YOHzwkeuZFVCWni-Zpt7PWpnwFEMx75g&oe=69718863";"https://www.instagram.com/p/DRK4GQtAmcd/";"Both Diogo Moreira and Toprak Razgatlioglu have unveiled their new number designs for the 2026 season. How would you rate them?

#motogp #moto #motorsport #valenciagp #valencia #ricardotormo #racing #motorcycle";2025-11-17 20:50;"62213";"19254";"1884";"42";"6";"16";1948;"10.12"
"18108279163537803";"FEED_IMAGE";"https://scontent-lhr6-2.cdninstagram.com/v/t51.82787-15/582514346_18313318873301445_160036516642073904_n.jpg?stp=dst-jpg_e35_tt6&_nc_cat=105&ccb=7-5&_nc_sid=18de74&efg=eyJlZmdfdGFnIjoiRkVFRC5iZXN0X2ltYWdlX3VybGdlbi5DMyJ9&_nc_ohc=AiUAX0PnmesQ7kNvwHXXYD5&_nc_oc=AdngmzBnqSb7qRZHDv1YDcRahASwy2zEcfarP0GeWPSX-po7jZMDqaGGHWxWkia80P0&_nc_zt=23&_nc_ht=scontent-lhr6-2.cdninstagram.com&edm=ANo9K5cEAAAA&_nc_gid=xEfKC4c03vEU2G945VlAfA&oh=00_AfogiO6bge7K4bVehZmxdLYHQiKSccPYawjQ8Bop49RmSg&oe=697186A1";"https://www.instagram.com/p/DRKffAzgnlY/";"Aprilia achieves another 1-2 finish in a Grand Prix (the second time in its history). The first time was at Montmeló in September 2023, when Aleix and Maverick defeated Ducati at the height of their success.

#motogp #moto #motorsport #valenciagp #valencia #ricardotormo #racing #motorcycle";2025-11-17 17:15;"94882";"38363";"4742";"108";"8";"99";4957;"12.92"
"18075083048349807";"FEED_IMAGE";"https://scontent-lhr8-2.cdninstagram.com/v/t51.82787-15/581376721_18313300369301445_6418745996138190809_n.jpg?stp=dst-jpg_e35_tt6&_nc_cat=101&ccb=7-5&_nc_sid=18de74&efg=eyJlZmdfdGFnIjoiRkVFRC5iZXN0X2ltYWdlX3VybGdlbi5DMyJ9&_nc_ohc=C8ATM7rDK8sQ7kNvwEaJ5-b&_nc_oc=AdkpcKqhuJbrcUtEtBpAxE-QaBs8EO8JDSKlz3Dx7Zio8A6h_vk2zEP7nF4KTwutN6k&_nc_zt=23&_nc_ht=scontent-lhr8-2.cdninstagram.com&edm=ANo9K5cEAAAA&_nc_gid=xEfKC4c03vEU2G945VlAfA&oh=00_AfpYdpwiP1npEt5bSSAE9BvDhVo4NIBdNxAqMHVmZWESXg&oe=6971AF97";"https://www.instagram.com/p/DRKG73qAsAy/";"These are some of the most notable moves in the lower categories for 2026. What is your favorite move?

#motogp #moto #motorsport #valenciagp #valencia #ricardotormo #racing #motorcycle";2025-11-17 13:41;"208675";"56440";"4880";"260";"108";"85";5333;"9.45"
"18099469549685816";"FEED_IMAGE";"https://scontent-lhr6-2.cdninstagram.com/v/t51.82787-15/581539441_18313209781301445_5926988743439464359_n.jpg?stp=dst-jpg_e35_tt6&_nc_cat=100&ccb=7-5&_nc_sid=18de74&efg=eyJlZmdfdGFnIjoiRkVFRC5iZXN0X2ltYWdlX3VybGdlbi5DMyJ9&_nc_ohc=5TclWh454K0Q7kNvwEoZeCn&_nc_oc=AdnkyNMwc_aF3OSlF-Vgwrh5MVy-ORZkUqH09t-qVYtuZrZYHUetQKICwxZPWWKYl64&_nc_zt=23&_nc_ht=scontent-lhr6-2.cdninstagram.com&edm=ANo9K5cEAAAA&_nc_gid=xEfKC4c03vEU2G945VlAfA&oh=00_AfoOIzZjLH_6hqnqlfURPgARzoX6ZVWQf4tfGI-CZ5uXRA&oe=69718032";"https://www.instagram.com/p/DRHuBWLAt7g/";"The curse continues! In each of Bezzecchi's six MotoGP victories, Bagnaia has been unable to finish the race. 😯

#motogp #moto #motorsport #valenciagp #valencia #ricardotormo #racing #motorcycle";2025-11-16 15:25;"42500";"11825";"1607";"61";"3";"149";1820;"15.39"
"18119077123477684";"FEED_IMAGE";"https://scontent-lhr8-1.cdninstagram.com/v/t51.82787-15/581688571_18313206082301445_1208380316411475544_n.jpg?stp=dst-jpg_e35_tt6&_nc_cat=111&ccb=7-5&_nc_sid=18de74&efg=eyJlZmdfdGFnIjoiRkVFRC5iZXN0X2ltYWdlX3VybGdlbi5DMyJ9&_nc_ohc=3dHZJp2AmtIQ7kNvwGibtzf&_nc_oc=AdkGiaZ1-4HntikGoPSggbRXs0lXUJhAkv6Bk65pzjDhXYgjPUC0vJmomTSgF1IIz_M&_nc_zt=23&_nc_ht=scontent-lhr8-1.cdninstagram.com&edm=ANo9K5cEAAAA&_nc_gid=xEfKC4c03vEU2G945VlAfA&oh=00_AfqBPKmviUrSaEg2WSK7iRU3oJjWd7NqqGCOzxbUEynkSw&oe=6971AD51";"https://www.instagram.com/p/DRHpldGApna/";"Bezzecchi wins the final race of the season!

#motogp #moto #motorsport #valenciagp #valencia #ricardotormo #racing #motorcycle";2025-11-16 14:46;"26944";"5350";"360";"14";"2";"7";383;"7.16"
"17914835310217515";"FEED_IMAGE";"https://scontent-lhr8-2.cdninstagram.com/v/t51.82787-15/581080368_18313195903301445_7948657689067269994_n.jpg?stp=dst-jpg_e35_tt6&_nc_cat=106&ccb=7-5&_nc_sid=18de74&efg=eyJlZmdfdGFnIjoiRkVFRC5iZXN0X2ltYWdlX3VybGdlbi5DMyJ9&_nc_ohc=y_alM99UDFAQ7kNvwEyrRl7&_nc_oc=AdlsfgbM2au57jO36PBJtfnvHUK6ELF28qas1c_39oC2cZPzfyiQkRwCrf1qKb01Fo8&_nc_zt=23&_nc_ht=scontent-lhr8-2.cdninstagram.com&edm=ANo9K5cEAAAA&_nc_gid=xEfKC4c03vEU2G945VlAfA&oh=00_AfrruHvT7teACWT3kQ2URpei0O0Q4Uh69OWIx8jFyfbQlg&oe=69718BF1";"https://www.instagram.com/p/DRHc205gkgh/";"Diogo Moreira is your 2025 Moto2 World Champion!

#motogp #moto #motorsport #valenciagp #valencia #ricardotormo #racing #motorcycle";2025-11-16 12:55;"22005";"4374";"429";"7";"8";"6";450;"10.29"
"18154120876409351";"FEED_IMAGE";"https://scontent-lhr6-2.cdninstagram.com/v/t51.82787-15/581287342_18313113583301445_9132745700952310956_n.jpg?stp=dst-jpg_e35_tt6&_nc_cat=104&ccb=7-5&_nc_sid=18de74&efg=eyJlZmdfdGFnIjoiRkVFRC5iZXN0X2ltYWdlX3VybGdlbi5DMyJ9&_nc_ohc=hH5UdQMqfh8Q7kNvwG4d092&_nc_oc=AdnP-J8CiCVYFQyrHabReX4_J3n820jMaSu6vhcMfdlwl3g-ydGGaaodHV7w6D_1B5c&_nc_zt=23&_nc_ht=scontent-lhr6-2.cdninstagram.com&edm=ANo9K5cEAAAA&_nc_gid=ilCrwOFFngiSqWfhH4VxFg&oh=00_AfpOQD79l7L3QjLdxz3E-Gwo1W_Z2f4XBm_apq-G2P3-wA&oe=696A4526";"https://www.instagram.com/p/DRFYfbQAjM_/";"Marc Márquez finishes leading the standings counting only the sprints, followed by his brother and Bezzecchi.

#motogp #moto #motorsport #valenciagp #valencia #ricardotormo #racing #motorcycle";2025-11-15 17:38;"280198";"29827";"2650";"85";"14";"22";2771;"9.29"
"18098696701701304";"FEED_IMAGE";"https://scontent-lhr6-1.cdninstagram.com/v/t51.82787-15/581798598_18313100110301445_505225809925799337_n.jpg?stp=dst-jpg_e35_tt6&_nc_cat=109&ccb=7-5&_nc_sid=18de74&efg=eyJlZmdfdGFnIjoiRkVFRC5iZXN0X2ltYWdlX3VybGdlbi5DMyJ9&_nc_ohc=yHB4Dt4WPpsQ7kNvwFZCVJA&_nc_oc=Admevm6LSmnRf85i2glop4koIUlOpS8lnPQVs37YZULicalmELn1YbPjvJNhydveGkY&_nc_zt=23&_nc_ht=scontent-lhr6-1.cdninstagram.com&edm=ANo9K5cEAAAA&_nc_gid=ilCrwOFFngiSqWfhH4VxFg&oh=00_Afo4EQIPVBmov5ZRB3wvlrwNx_Ac9eA6HmABNXJ050PAMg&oe=696A4A2F";"https://www.instagram.com/p/DRFI987AkH_/";"Another sprint win for Alex Márquez!

#motogp #moto #motorsport #valenciagp #valencia #ricardotormo #racing #motorcycle";2025-11-15 15:22;"27447";"6242";"309";"8";"7";"4";328;"5.25"
"17865909735489240";"FEED_IMAGE";"https://scontent-lhr8-2.cdninstagram.com/v/t51.82787-15/582558958_18313079950301445_7126852469128740712_n.jpg?stp=dst-jpg_e35_tt6&_nc_cat=101&ccb=7-5&_nc_sid=18de74&efg=eyJlZmdfdGFnIjoiRkVFRC5iZXN0X2ltYWdlX3VybGdlbi5DMyJ9&_nc_ohc=KtCIXmN2RKoQ7kNvwGbmE-X&_nc_oc=Adk2hQbqpV5LQJiAwNnxHjtufUKLdJ6S2bF7iFtdTWg-ljdig73SRp4ysDLNBBmJVWE&_nc_zt=23&_nc_ht=scontent-lhr8-2.cdninstagram.com&edm=ANo9K5cEAAAA&_nc_gid=ilCrwOFFngiSqWfhH4VxFg&oh=00_Afq9l8v1qHJ9cYrfhHOYkgXRqNiOSU5I0nQTWcY3-b8ivA&oe=696A3942";"https://www.instagram.com/p/DREutYjgoeR/";"Bezz takes his fifth pole position in the last 10 GP.

#motogp #moto #motorsport #valenciagp #valencia #ricardotormo #racing #motorcycle";2025-11-15 11:33;"29158";"8053";"369";"6";;"16";391;"4.86"
"17868442908405478";"FEED_IMAGE";"https://scontent-lhr6-2.cdninstagram.com/v/t51.82787-15/581343573_18313005379301445_872493716058681654_n.jpg?stp=dst-jpg_e35_tt6&_nc_cat=105&ccb=7-5&_nc_sid=18de74&efg=eyJlZmdfdGFnIjoiRkVFRC5iZXN0X2ltYWdlX3VybGdlbi5DMyJ9&_nc_ohc=PO0dVhjhwp0Q7kNvwHyouKO&_nc_oc=AdlkQv-dpSjASldDvYw2fbX8K8QWefuDuGY-A0ABtziMUK7p8BI9cSyCaCP15UrHim8&_nc_zt=23&_nc_ht=scontent-lhr6-2.cdninstagram.com&edm=ANo9K5cEAAAA&_nc_gid=ilCrwOFFngiSqWfhH4VxFg&oh=00_AfoIK8FdJKF2IL_jcBRLf-qbg-Dn-UIkqyMPmnsGusjasQ&oe=696A2556";"https://www.instagram.com/p/DRCuqSxAqoB/";"Alex Márquez has been the only rider this season to qualify for Q2 in every Grand Prix. Simply lovely.

#motogp #moto #motorsport #valenciagp #valencia #ricardotormo #racing #motorcycle";2025-11-14 16:54;"22883";"5252";"680";"23";"5";"120";828;"15.77"
"18066711503621008";"FEED_IMAGE";"https://scontent-lhr8-2.cdninstagram.com/v/t51.82787-15/582108176_18312999754301445_3344834559859057539_n.jpg?stp=dst-jpg_e35_tt6&_nc_cat=103&ccb=7-5&_nc_sid=18de74&efg=eyJlZmdfdGFnIjoiRkVFRC5iZXN0X2ltYWdlX3VybGdlbi5DMyJ9&_nc_ohc=Q8kHsCj_B78Q7kNvwGCqhAJ&_nc_oc=AdkCjPO5SvBBhEyGHy2X3WfzpXqRELccF0o1Tc2V0vsSinKFGX3rqWBwXVYqzmKCras&_nc_zt=23&_nc_ht=scontent-lhr8-2.cdninstagram.com&edm=ANo9K5cEAAAA&_nc_gid=ilCrwOFFngiSqWfhH4VxFg&oh=00_AfocmrTLEtgkLD0tRejufKNlq-AbhJu_lbYJW_2QYBZJBg&oe=696A2873";"https://www.instagram.com/p/DRCo_f5Asaf/";"Acosta continues his great form and leads the practice session.

#motogp #moto #motorsport #valenciagp #valencia #ricardotormo #racing #motorcycle";2025-11-14 16:05;"30372";"5416";"426";"12";"1";"5";444;"8.2"
"17880243150422402";"FEED_IMAGE";"https://scontent-lhr6-1.cdninstagram.com/v/t51.82787-15/582527443_18312899275301445_4385949665879104197_n.jpg?stp=dst-jpg_e35_tt6&_nc_cat=102&ccb=7-5&_nc_sid=18de74&efg=eyJlZmdfdGFnIjoiRkVFRC5iZXN0X2ltYWdlX3VybGdlbi5DMyJ9&_nc_ohc=WxdR7hCATCwQ7kNvwG9VD69&_nc_oc=AdkbzGJgvj844GYfJu2XwyKVrVHUGTf3WdiRW_IRS-Jd90u4vWpnUY7DO7eyed6Duw8&_nc_zt=23&_nc_ht=scontent-lhr6-1.cdninstagram.com&edm=ANo9K5cEAAAA&_nc_gid=ilCrwOFFngiSqWfhH4VxFg&oh=00_AfpyUGFbhN5JbfAbXDZ3KycRnFAo5p-lSR7m1-_Cf3nQ1g&oe=696A2CD2";"https://www.instagram.com/p/DRAIO-UgmbH/";"It has been almost two years since the last race in Valencia. These are the last 10 winners at the Ricardo Tormo circuit.

#motogp #moto #motorsport #valenciagp #valencia #ricardotormo #racing #motorcycle";2025-11-13 16:40;"352505";"25592";"2149";"105";"15";"8";2277;"8.9"
"18329335966241390";"FEED_CAROUSEL_ALBUM";"https://scontent-lhr8-1.cdninstagram.com/v/t51.82787-15/580398631_18312798772301445_7035810822173711943_n.jpg?stp=dst-jpg_e35_tt6&_nc_cat=108&ccb=7-5&_nc_sid=18de74&efg=eyJlZmdfdGFnIjoiQ0FST1VTRUxfSVRFTS5iZXN0X2ltYWdlX3VybGdlbi5DMyJ9&_nc_ohc=C52JuWwQIuwQ7kNvwGxLdiW&_nc_oc=AdnAvkccmpu36wS-puHIY5v4XtUO1reA9MYzMJg50N-viJzdyAXDfvWQ27CuNwA8pXs&_nc_zt=23&_nc_ht=scontent-lhr8-1.cdninstagram.com&edm=ANo9K5cEAAAA&_nc_gid=ilCrwOFFngiSqWfhH4VxFg&oh=00_Afpqc4WHdCU4ay3lGNF05Vsb0JUv_1ZyLtqjXDCTMLdN-Q&oe=696A3943";"https://www.instagram.com/p/DQ9iZahAgVn/";"These motos are so... pt.2 😌

#motogp #moto #motorsport #racing #motorcycle";2025-11-12 16:31;"613300";"68022";"12050";"767";"77";"164";13058;"19.2"
"17959918901867154";"FEED_IMAGE";"https://scontent-lhr8-1.cdninstagram.com/v/t51.82787-15/575728884_18312604792301445_8508828835033387268_n.jpg?stp=dst-jpg_e35_tt6&_nc_cat=108&ccb=7-5&_nc_sid=18de74&efg=eyJlZmdfdGFnIjoiRkVFRC5iZXN0X2ltYWdlX3VybGdlbi5DMyJ9&_nc_ohc=SwQeuKNChDIQ7kNvwFuuPaZ&_nc_oc=AdkTjQS8AnOROUUjz5ugfQOqnyC4giZQxF3_cWyaZe2DSVcKHi239pur9D3e8ctX_R8&_nc_zt=23&_nc_ht=scontent-lhr8-1.cdninstagram.com&edm=ANo9K5cEAAAA&_nc_gid=ilCrwOFFngiSqWfhH4VxFg&oh=00_AfoW8IIHuhl9AJKu7f9UCiUHkrXfOFUCTPRfBppj1rVOOA&oe=696A2FD8";"https://www.instagram.com/p/DQ7N5KFAmSf/";"The six Ducati riders have practically the same number of points as the rest of the official grid this season. Who do you think will finish with the most points?

#motogp #valenciagp #valencia #ricardotormo #moto #motorsport #racing #motorcycle";2025-11-11 18:53;"112640";"43072";"5001";"137";"15";"123";5276;"12.25"
"18032580314722593";"FEED_IMAGE";"https://scontent-lhr6-2.cdninstagram.com/v/t51.82787-15/580741835_18312207433301445_3398150619105553467_n.jpg?stp=dst-jpg_e35_tt6&_nc_cat=100&ccb=7-5&_nc_sid=18de74&efg=eyJlZmdfdGFnIjoiRkVFRC5iZXN0X2ltYWdlX3VybGdlbi5DMyJ9&_nc_ohc=WIF61S-wetEQ7kNvwEdQqgc&_nc_oc=AdnmnzQv7cXXHEb__PB-uwPmqtevwF1irhlQROJ4W3asOqMPrihQ5L177c-wEaP2vrg&_nc_zt=23&_nc_ht=scontent-lhr6-2.cdninstagram.com&edm=ANo9K5cEAAAA&_nc_gid=xYR7KWSOADOfYLI_8Ov_bA&oh=00_AfrGbfavf-9TYjMky9dEao8jj5o0UQMAQ-S73B84myeYsA&oe=6968C899";"https://www.instagram.com/p/DQ4Wm7dAsp0/";"In the last 10 GPs, Oliveira has been the Yamaha rider who has scored the most points, not counting Quartararo. Surprisingly, Miguel is the only one of the four riders from the Japanese brand who will not continue next year, having been injured throughout a significant part of the season.

#motogp #portuguesegp #portugal #portimao #moto #motorsport #racing #motorcycle";2025-11-10 16:12;"261816";"143930";"8847";"263";"201";"837";10148;"7.05"
"18299231203261187";"FEED_IMAGE";"https://scontent-lhr8-2.cdninstagram.com/v/t51.82787-15/575110917_18311883022301445_7288013063661250906_n.jpg?stp=dst-jpg_e35_tt6&_nc_cat=101&ccb=7-5&_nc_sid=18de74&efg=eyJlZmdfdGFnIjoiRkVFRC5iZXN0X2ltYWdlX3VybGdlbi5DMyJ9&_nc_ohc=ZN4L-O40ZbUQ7kNvwFdNDjV&_nc_oc=AdnJbyTBpQQr8NnoRJBqyig6tAY03X4HoFrhJTrtYCwRObSXzT3cOb1xjEWn0qXJSaQ&_nc_zt=23&_nc_ht=scontent-lhr8-2.cdninstagram.com&edm=ANo9K5cEAAAA&_nc_gid=gYJA2PxJrsXb4JEpl1u3sw&oh=00_Afppcno69RLNxC2vMVBftP0PBy-nYo3AdYiqPvYaHuQqsw&oe=6967B044";"https://www.instagram.com/p/DQ1oBjYAoqP/";"Another win from Bezz!

#motogp #portuguesegp #portugal #portimao #moto #motorsport #racing #motorcycle";2025-11-09 14:46;"31357";"4496";"273";"6";;"1";280;"6.23"
"17924712090169973";"FEED_IMAGE";"https://scontent-lhr8-1.cdninstagram.com/v/t51.82787-15/575720898_18311659807301445_844950840463822744_n.jpg?stp=dst-jpg_e35_tt6&_nc_cat=111&ccb=7-5&_nc_sid=18de74&efg=eyJlZmdfdGFnIjoiRkVFRC5iZXN0X2ltYWdlX3VybGdlbi5DMyJ9&_nc_ohc=cFApinRBatIQ7kNvwEAxr5E&_nc_oc=AdkcU5kQ2PjAKSgM2aA3pUvFKMZXuwceTa8Cl2NFLGSi2bV7eeMIj8WD6j9jtvGgKrQ&_nc_zt=23&_nc_ht=scontent-lhr8-1.cdninstagram.com&edm=ANo9K5cEAAAA&_nc_gid=d2r3RY5jdoXmWNJFwgTXSw&oh=00_Afqof7v1-KLP9hhxrEkoIW6JvzcOIL8W1B8Wx8kkmeWYow&oe=69664BEA";"https://www.instagram.com/p/DQzOX6UApTr/";"What a sprint! 🤯

#motogp #portuguesegp #portugal #portimao #moto #motorsport #racing #motorcycle";2025-11-08 16:23;"22156";"3927";"261";"3";"4";"6";274;"6.98"
"17983245494869795";"FEED_IMAGE";"https://scontent-lhr8-1.cdninstagram.com/v/t51.82787-15/573434407_18311497882301445_3843706227678016389_n.jpg?stp=dst-jpg_e35_tt6&_nc_cat=107&ccb=7-5&_nc_sid=18de74&efg=eyJlZmdfdGFnIjoiRkVFRC5iZXN0X2ltYWdlX3VybGdlbi5DMyJ9&_nc_ohc=_Omgb6ob4J4Q7kNvwFB9xi9&_nc_oc=AdkoEwm-k9CvTXmypNatwkhAHGPyYmNKBLhWqzshS6c7MX--oKdtcP7XaGr9NVeblZI&_nc_zt=23&_nc_ht=scontent-lhr8-1.cdninstagram.com&edm=ANo9K5cEAAAA&_nc_gid=1hcKi-fooQ9ygIPyfXtpKg&oh=00_AfrSRe9rdVPqh2RAt5tJVkF5mYb7BckUhkwF0LFqL_bTww&oe=696512DA";"https://www.instagram.com/p/DQwuxzlAhZ8/";"Álex Márquez leads both friday sessions. ✅

#motogp #portuguesegp #portugal #portimao #moto #motorsport #racing #motorcycle";2025-11-07 17:09;"25447";"4451";"241";"5";"2";"2";250;"5.62"
"17988406142901845";"FEED_IMAGE";"https://scontent-lhr8-1.cdninstagram.com/v/t51.82787-15/573751129_18311276083301445_3016177226458874378_n.jpg?stp=dst-jpg_e35_tt6&_nc_cat=111&ccb=7-5&_nc_sid=18de74&efg=eyJlZmdfdGFnIjoiRkVFRC5iZXN0X2ltYWdlX3VybGdlbi5DMyJ9&_nc_ohc=8FcW5u0XumgQ7kNvwH5HuV-&_nc_oc=AdndgoSbt_bW74qVa0-E0Cd3aocLRqRsTGmUPI_fwd0ZC4sZMHsm3dKwttlBGXKuFGs&_nc_zt=23&_nc_ht=scontent-lhr8-1.cdninstagram.com&edm=ANo9K5cEAAAA&_nc_gid=JJB8M4KT5ZmNVnPEV9onzA&oh=00_AfqPsKa9FJ4cifGsplandiqt1W1yNn550XbPx9TZ4veC6A&oe=6963A8C7";"https://www.instagram.com/p/DQuKaFogmU8/";"Quartararo gave an interview to Motorsport where he made it clear that he doesn't want to wait any longer to compete. The French rider hasn't won since 2022 and says that if Yamaha doesn't achieve what it hasn't been able to do in these last years, the partnership is over.

#motogp #portuguesegp #portugal #portimao #moto #motorsport #racing #motorcycle";2025-11-06 17:13;"204650";"94052";"8758";"274";"118";"853";10003;"10.64"
"18103078162570019";"FEED_IMAGE";"https://scontent-lhr6-2.cdninstagram.com/v/t51.82787-15/573684902_18311112256301445_1212756684760152799_n.jpg?stp=dst-jpg_e35_tt6&_nc_cat=100&ccb=7-5&_nc_sid=18de74&efg=eyJlZmdfdGFnIjoiRkVFRC5iZXN0X2ltYWdlX3VybGdlbi5DMyJ9&_nc_ohc=b7LO8BmMJIAQ7kNvwEDD8e0&_nc_oc=Adnu8yqWKY6gvVoXPgKWakrCgbZmM64kSXQYWb9XVruYvDxtMjmGELE5wK5jvXYwxOw&_nc_zt=23&_nc_ht=scontent-lhr6-2.cdninstagram.com&edm=ANo9K5cEAAAA&_nc_gid=w6ooLsZDA8vJlnL99nSCJQ&oh=00_AfpHHfoK47Th97ND7TFxmamUqvLP90Uejf32aU05QRIIBw&oe=69626F89";"https://www.instagram.com/p/DQrjXQyAvCD/";"With two GPs remaining, this is how the concessions would stand for 2026.

Rank A (>85%): Ducati
- Tires for test: 170
- Wildcards: 0
- Engines: 8

Rank C (35-60%): Aprilia, KTM, Honda
- Tires for test: 220
- Wildcards: 6
- Engines: 8

Rank D (<35%): Yamaha
- Tires for testing: 260
- Wildcards: 6
- Engines: 10

#motogp #portuguesegp #portugal #portimao #moto #motorsport #racing #motorcycle";2025-11-05 16:53;"158226";"68306";"3868";"162";"15";"220";4265;"6.24"
"18096164344789626";"FEED_IMAGE";"https://scontent-lhr6-1.cdninstagram.com/v/t51.82787-15/571905162_18310981294301445_4003840154500064409_n.jpg?stp=dst-jpg_e35_tt6&_nc_cat=109&ccb=7-5&_nc_sid=18de74&efg=eyJlZmdfdGFnIjoiRkVFRC5iZXN0X2ltYWdlX3VybGdlbi5DMyJ9&_nc_ohc=gDxProvLiZkQ7kNvwGtEQTW&_nc_oc=AdnCQPAAc-zXKKCpp1yGJr2yW1Y0hNk4oRATxu6Ge6Wlo_hKFO2UjW3p7MuvMo4phT0&_nc_zt=23&_nc_ht=scontent-lhr6-1.cdninstagram.com&edm=ANo9K5cEAAAA&_nc_gid=IGAERgL0_zyezjmujD_7Ig&oh=00_AfqKon9zo9o4Or01_BCa9uzgCJcsYsQ-_8sMyk3BIASbPw&oe=6960FF1C";"https://www.instagram.com/p/DQpAENSguYQ/";"The winners of both races at last year's Portuguese GP will miss the 2025 edition. Who do you think will win this weekend's races?

#motogp #portuguesegp #portugal #portimao #moto #motorsport #racing #motorcycle";2025-11-04 17:06;"89920";"37321";"2247";"50";"3";"47";2347;"6.29"
"17871004845452116";"FEED_CAROUSEL_ALBUM";"https://scontent-lhr8-2.cdninstagram.com/v/t51.82787-15/571587661_18310876774301445_276539842215167545_n.jpg?stp=dst-jpg_e35_tt6&_nc_cat=103&ccb=7-5&_nc_sid=18de74&efg=eyJlZmdfdGFnIjoiQ0FST1VTRUxfSVRFTS5iZXN0X2ltYWdlX3VybGdlbi5DMyJ9&_nc_ohc=J5M9OfOwHawQ7kNvwGVj2xA&_nc_oc=AdmkUmdLfJcFaPEOXHcbsc6oUtyZMWFnEgrh3QSYTE09sonQJ3klteuP5oCLggMeif8&_nc_zt=23&_nc_ht=scontent-lhr8-2.cdninstagram.com&edm=ANo9K5cEAAAA&_nc_gid=Jy8d_--yeoocvHAUlLkzkQ&oh=00_Afobi_T7JjIPJFOcdbiVLHZfwQj8cgtE0qJSudhZW6JpNA&oe=695F8D16";"https://www.instagram.com/p/DQmcaLZAshh/";"These motos are so... 😌

#motogp #moto #motorsport #racing #motorcycle";2025-11-03 17:16;"500948";"82123";"18759";"913";"114";"430";20216;"24.62"
"18048970607377849";"FEED_IMAGE";"https://scontent-lhr8-1.cdninstagram.com/v/t51.82787-15/572979019_18310771732301445_3911873683719517873_n.jpg?stp=dst-jpg_e35_tt6&_nc_cat=108&ccb=7-5&_nc_sid=18de74&efg=eyJlZmdfdGFnIjoiRkVFRC5iZXN0X2ltYWdlX3VybGdlbi5DMyJ9&_nc_ohc=GhuKxBWca68Q7kNvwGIhcjw&_nc_oc=AdkoK3XufWz46yt1gktu1WQBZHLd8gVT4LKIS55M67Ih8I2osNJ4Cr6bZw35DrXrpL0&_nc_zt=23&_nc_ht=scontent-lhr8-1.cdninstagram.com&edm=ANo9K5cEAAAA&_nc_gid=YJ2A-xv6mqyh2--fKYefaw&oh=00_Afp6wL7e2hLrQ8hRPqqaWWRioJ_s_iaLfS4Q2YgPRGwXiA&oe=695E6958";"https://www.instagram.com/p/DQj3pUvAk7g/";"Brian Uriarte becomes the fourth winner in the category since it changed its name to the FIM JuniorGP World Championship. Here is a list of all of them.

#motogp #moto #motorsport #racing #motorcycle";2025-11-02 17:16;"359669";"78139";"5696";"202";"26";"50";5974;"7.65"
"17851188150577736";"FEED_IMAGE";"https://scontent-lhr6-2.cdninstagram.com/v/t51.82787-15/572001391_18310642492301445_8873349055183252210_n.jpg?stp=dst-jpg_e35_tt6&_nc_cat=105&ccb=7-5&_nc_sid=18de74&efg=eyJlZmdfdGFnIjoiRkVFRC5iZXN0X2ltYWdlX3VybGdlbi5DMyJ9&_nc_ohc=YWIOmlKRHXsQ7kNvwHJ-qRX&_nc_oc=Adk5iQOm56hun14qw7_rq303vwMjBp6jrLXeAhe0nlFZpV1R_DqSMUlwtGUtAZSgxdo&_nc_zt=23&_nc_ht=scontent-lhr6-2.cdninstagram.com&edm=ANo9K5cEAAAA&_nc_gid=Y6xA_hwApqSpqyKGFhtrBQ&oh=00_AfoZK5Vy_PGIJEz6JN53PP9e5tbMwpkYuTjCMJi-kO477g&oe=695D14A1";"https://www.instagram.com/p/DQhHjmaggY4/";"Álex Márquez has been the rider who has scored the most points during this season's Asian tour. Meanwhile, Marc would be second despite missing the last two GPs.

#motogp #moto #motorsport #racing #motorcycle";2025-11-01 15:37;"144299";"63791";"3626";"111";"14";"25";3776;"5.92"
"18097615390754509";"FEED_CAROUSEL_ALBUM";"https://scontent-lhr8-1.cdninstagram.com/v/t51.82787-15/572464639_18310525114301445_65629478276977231_n.jpg?stp=dst-jpg_e35_tt6&_nc_cat=108&ccb=7-5&_nc_sid=18de74&efg=eyJlZmdfdGFnIjoiQ0FST1VTRUxfSVRFTS5iZXN0X2ltYWdlX3VybGdlbi5DMyJ9&_nc_ohc=JGopQphHJ24Q7kNvwECY2oz&_nc_oc=AdmC8Ley4jc_WK5MHysiFlZBCk01RnIrfqNIiSV_vhSdaPoOuz1wfTvc7FbjIpQfo9s&_nc_zt=23&_nc_ht=scontent-lhr8-1.cdninstagram.com&edm=ANo9K5cEAAAA&_nc_gid=RJrkbV39L0-EfjjPzaAIyw&oh=00_AfoQhrAr8-zjk-hTK-Bzg5ChdOUNghDP9QHc8rkrd55ReQ&oe=695B8713";"https://www.instagram.com/p/DQenQ08gqvc/";"Nicolò Bulega made his debut in the MotoGP World Championship on November 8 in 2015. Exactly 10 years later, the Italian rider will make his debut in the premier class, replacing Marc Márquez. A clear example of hard work and dedication.

#motogp #moto #motorsport #racing #motorcycle";2025-10-31 16:17;"901941";"299148";"23837";"731";"93";"169";24830;"8.3"
"18080246375098621";"FEED_IMAGE";"https://scontent-lhr6-1.cdninstagram.com/v/t51.82787-15/571202965_18310423162301445_1433826674923129232_n.jpg?stp=dst-jpg_e35_tt6&_nc_cat=102&ccb=7-5&_nc_sid=18de74&efg=eyJlZmdfdGFnIjoiRkVFRC5iZXN0X2ltYWdlX3VybGdlbi5DMyJ9&_nc_ohc=ew_yXQFRyeAQ7kNvwECaVHv&_nc_oc=AdlJnAdVR-ji4kaIKg5DEd5yeryxv6KdtW3BKOfG5i3HhLuimOeqE49qxe2tl6Glxsc&_nc_zt=23&_nc_ht=scontent-lhr6-1.cdninstagram.com&edm=ANo9K5cEAAAA&_nc_gid=efjUjBg2TZs2hZODMxDoaA&oh=00_AflgxaTN0AxyA0XUgtbyrLg0jyKVB6tEvNIOv3JrBJ7tjA&oe=695A32F2";"https://www.instagram.com/p/DQcMBX5Ajx4/";"During an interview with Motorsport.com, Acosta stated that money is not his primary focus at the moment, although he's just 21 , he's focused on winning. Could Pedro be one of the contenders for the 2026 world championship?

#motogp #malaysiangp #malaysia #sepang #moto #motorsport #racing #motorcycle";2025-10-30 17:40;"58936";"17869";"2994";"93";"44";"109";3240;"18.13"
"17968017533964191";"FEED_IMAGE";"https://scontent-lhr8-1.cdninstagram.com/v/t51.82787-15/573051182_18310287838301445_4590661810770397198_n.jpg?stp=dst-jpg_e35_tt6&_nc_cat=107&ccb=7-5&_nc_sid=18de74&efg=eyJlZmdfdGFnIjoiRkVFRC5iZXN0X2ltYWdlX3VybGdlbi5DMyJ9&_nc_ohc=FU_JqwDWg4oQ7kNvwF-duE2&_nc_oc=AdkgmJtK7KZZdjOZ_qPPGzzNKE_9Uc3PBdT-18z-Fzdo9ViPPKvawKZZ2weczy7C1zo&_nc_zt=23&_nc_ht=scontent-lhr8-1.cdninstagram.com&edm=ANo9K5cEAAAA&_nc_gid=aI-Z9gryYZ0oxzXvWmhrlA&oh=00_AfmKmzWV_tp6azw6Spo3zQs2kpFKWpWZ0WM5mXBoO1Blpg&oe=6958FE31";"https://www.instagram.com/p/DQZTMI3grEt/";"With Luca Marini's crash in the Sepang sprint, all 22 official riders on the grid have had at least one crash this season. Zarco leads the standings, followed by Miller and Álex Márquez. 🤕

#motogp #malaysiangp #malaysia #sepang #moto #motorsport #racing #motorcycle";2025-10-29 14:45;"214420";"74645";"5852";"303";"48";"631";6834;"9.16"
"18427391029111404";"FEED_IMAGE";"https://scontent-lhr8-2.cdninstagram.com/v/t51.82787-15/572490097_18310173184301445_5163538908521473110_n.jpg?stp=dst-jpg_e35_tt6&_nc_cat=101&ccb=7-5&_nc_sid=18de74&efg=eyJlZmdfdGFnIjoiRkVFRC5iZXN0X2ltYWdlX3VybGdlbi5DMyJ9&_nc_ohc=aBba3d_CyZwQ7kNvwElC-QZ&_nc_oc=Adm_6NLQ1G4zgeyV0AE5Oq2zCMFE24VdS0tDvh60H-AQecTFHtiVUuvLhRW48RW0GWs&_nc_zt=23&_nc_ht=scontent-lhr8-2.cdninstagram.com&edm=ANo9K5cEAAAA&_nc_gid=pg3gsBQS9MNpiAUSBy3XgA&oh=00_AflKuIO6hNzi7rAxJIaZFlT9QNR7TGIqRC_8kgMCmUK0NQ&oe=6957D490";"https://www.instagram.com/p/DQWlz4WD-JL/";"Although the top two positions in the general standings have already been decided, the battle for third place is still ongoing. Who do you think will take the 3rd spot of the season?

#motogp #malaysiangp #malaysia #sepang #moto #motorsport #racing #motorcycle";2025-10-28 13:31;"80526";"12856";"1577";"47";"20";"82";1726;"13.43"
"18061224470179258";"FEED_CAROUSEL_ALBUM";"https://scontent-lhr6-2.cdninstagram.com/v/t51.82787-15/571558999_18310066906301445_2135098783734510594_n.jpg?stp=dst-jpg_e35_tt6&_nc_cat=105&ccb=7-5&_nc_sid=18de74&efg=eyJlZmdfdGFnIjoiQ0FST1VTRUxfSVRFTS5iZXN0X2ltYWdlX3VybGdlbi5DMyJ9&_nc_ohc=uvWrsSzSH0oQ7kNvwHIbxrh&_nc_oc=AdkOCONY2SkW7yroSWRZOw4z-RfKMtmaTRdABvGj5iD0-lyT959p0ATGlHAJla2uEwQ&_nc_zt=23&_nc_ht=scontent-lhr6-2.cdninstagram.com&edm=ANo9K5cEAAAA&_nc_gid=x6fzmlw-KSC_dPolQ0Y3AA&oh=00_AfkNwukp1v8NQLnO9ueFqiqV4oRbhxbgB__xeMKHg50YuQ&oe=6956783B";"https://www.instagram.com/p/DQUZSE-Au8F/";"Let’s look back at some of the best moments of the season in 3D 🕶️🕶️

#motogp #malaysiangp #malaysia #sepang #moto #motorsport #racing #motorcycle";2025-10-27 17:02;"43389";"8095";"941";"40";"1";"16";998;"12.33"
"17894224107200871";"FEED_IMAGE";"https://scontent-lhr8-1.cdninstagram.com/v/t51.82787-15/572270827_18309955534301445_4662807088204245068_n.jpg?stp=dst-jpg_e35_tt6&_nc_cat=107&ccb=7-5&_nc_sid=18de74&efg=eyJlZmdfdGFnIjoiRkVFRC5iZXN0X2ltYWdlX3VybGdlbi5DMyJ9&_nc_ohc=dTQLrHZ_uwkQ7kNvwHCNTyl&_nc_oc=Adk5AbNncV1m1Gx24f6LwXFdP9GSnyO9BNBLkV-WB-6bhR5ErEDlFxo-t0B9bXC8XRc&_nc_zt=23&_nc_ht=scontent-lhr8-1.cdninstagram.com&edm=ANo9K5cEAAAA&_nc_gid=YirTspAOO7QxdYLXpXvhcg&oh=00_AfnYIIcNPsA11qYWxT8MJL_Ch5UphVTqh0CDwl2HiC735g&oe=69550E84";"https://www.instagram.com/p/DQSBa0rAlqz/";"Álex Márquez gets his third win of the season and becomes the fifth different rider to win in the last five races.

#motogp #malaysiangp #malaysia #sepang #moto #motorsport #racing #motorcycle";2025-10-26 18:55;"130338";"30782";"2110";"105";"9";"32";2256;"7.33"
"17978108789925009";"FEED_IMAGE";"https://scontent-lhr6-1.cdninstagram.com/v/t51.82787-15/572654857_18309867976301445_2883034406261499291_n.jpg?stp=dst-jpg_e35_tt6&_nc_cat=110&ccb=7-5&_nc_sid=18de74&efg=eyJlZmdfdGFnIjoiRkVFRC5iZXN0X2ltYWdlX3VybGdlbi5DMyJ9&_nc_ohc=A9dTH9MEyzQQ7kNvwGGklu8&_nc_oc=Adl4PqipbOx0I4GxWqqjBiOL_-SZNVYQX5tfyZxmQCMeSET5KuWQSuHcuNUSdGkhuWo&_nc_zt=23&_nc_ht=scontent-lhr6-1.cdninstagram.com&edm=ANo9K5cEAAAA&_nc_gid=YirTspAOO7QxdYLXpXvhcg&oh=00_AfkTMOQpJEDlXMlrxaN8VHufql9akoOOySw-wQhnZDhw8A&oe=69552DDD";"https://www.instagram.com/p/DQRIITAguGF/";"Diogo Moreira takes the lead in the Moto2 World Championship for the first time! Do you think Manu will be able to regain the lead in the two remaining races?

#motogp #malaysiangp #malaysia #sepang #moto #motorsport #racing #motorcycle";2025-10-26 10:35;"20151";"5200";"568";"7";"21";"7";603;"11.6"
"17959356119861223";"FEED_IMAGE";"https://scontent-lhr6-2.cdninstagram.com/v/t51.82787-15/572982439_18309860548301445_7727777054528809841_n.jpg?stp=dst-jpg_e35_tt6&_nc_cat=100&ccb=7-5&_nc_sid=18de74&efg=eyJlZmdfdGFnIjoiRkVFRC5iZXN0X2ltYWdlX3VybGdlbi5DMyJ9&_nc_ohc=ICYtaSRo9voQ7kNvwE-qeJX&_nc_oc=AdlObD_ENJf3oRvXEU8e95xm-EUwomKEmQIScXSCshL0a-9racc77kej0KGGXyy3z-4&_nc_zt=23&_nc_ht=scontent-lhr6-2.cdninstagram.com&edm=ANo9K5cEAAAA&_nc_gid=YirTspAOO7QxdYLXpXvhcg&oh=00_AflbJ0pFGRjMdiUwl-44KaUkQoDahpGhI4GANKQr2-j6kg&oe=69552A24";"https://www.instagram.com/p/DQQ7W8fAprm/";"Alex Márquez wins his third victory of the season and of his MotoGP career!

#motogp #malaysiangp #malaysia #sepang #moto #motorsport #racing #motorcycle";2025-10-26 08:43;"33451";"6631";"659";"12";"3";"7";681;"10.27"
"18149158174416669";"FEED_IMAGE";"https://scontent-lhr6-1.cdninstagram.com/v/t51.82787-15/569862236_18309769777301445_8632140267293767782_n.jpg?stp=dst-jpg_e35_tt6&_nc_cat=109&ccb=7-5&_nc_sid=18de74&efg=eyJlZmdfdGFnIjoiRkVFRC5iZXN0X2ltYWdlX3VybGdlbi5DMyJ9&_nc_ohc=9mrgZ349C4EQ7kNvwE_YVZ_&_nc_oc=Admjbs3m1n8qnG8JqCUCF6mN7VI6Jk6WW7wzCGWubUDQMFzJmaJGSF8nMBGohxqcbTM&_nc_zt=23&_nc_ht=scontent-lhr6-1.cdninstagram.com&edm=ANo9K5cEAAAA&_nc_gid=Ff3Mz6aeFPiVSYMSFnPNxQ&oh=00_Afmi_YbRcFeMgn8DZtRQrvgvpxGxcJ9wfONJ7lIIc05jeQ&oe=6953A7DD";"https://www.instagram.com/p/DQO77_1AmMP/";"The 2025 season is proving to be a historic one for the Gresini team. On one side, Alex Márquez is already mathematically guaranteed to finish as vice-champion this season and the best “satellite” rider, while Aldeguer has become rookie of the year. Tomorrow, they could complete a memorable season becoming the 2025 best independent team. 🏆

#motogp #malaysiangp #malaysia #sepang #moto #motorsport #racing #motorcycle";2025-10-25 15:10;"90093";"32023";"5742";"136";"10";"46";5934;"18.53"
"18096547444694864";"FEED_IMAGE";"https://scontent-lhr8-1.cdninstagram.com/v/t51.82787-15/570817035_18309743167301445_8686192684000739676_n.jpg?stp=dst-jpg_e35_tt6&_nc_cat=107&ccb=7-5&_nc_sid=18de74&efg=eyJlZmdfdGFnIjoiRkVFRC5iZXN0X2ltYWdlX3VybGdlbi5DMyJ9&_nc_ohc=joPvmA48pbgQ7kNvwGsXHoM&_nc_oc=Adk5zDUU8AR22Ja_C-_Vmj623vz3SFpDpsbV3sp0h6iTBsHVRrV7sVUlF-yVqzT6G2k&_nc_zt=23&_nc_ht=scontent-lhr8-1.cdninstagram.com&edm=ANo9K5cEAAAA&_nc_gid=Ff3Mz6aeFPiVSYMSFnPNxQ&oh=00_AfkOjxDa8GbYZEkOf9aCN528MxU-sT0wIRKq7SFirGRYig&oe=6953A8A0";"https://www.instagram.com/p/DQOVCRAgpaM/";"These last few races have been a rollercoaster ride for Pecco, with the last eight sprints proving to be all or nothing for the Italian.

#motogp #malaysiangp #malaysia #sepang #moto #motorsport #racing #motorcycle";2025-10-25 09:30;"50783";"7221";"613";"27";"5";"86";731;"10.12"
"18547465003013052";"FEED_IMAGE";"https://scontent-lhr6-1.cdninstagram.com/v/t51.82787-15/571168833_18309629473301445_2025483481970939855_n.jpg?stp=dst-jpg_e35_tt6&_nc_cat=102&ccb=7-5&_nc_sid=18de74&efg=eyJlZmdfdGFnIjoiRkVFRC5iZXN0X2ltYWdlX3VybGdlbi5DMyJ9&_nc_ohc=uTFPqIZ72OsQ7kNvwG4tGzq&_nc_oc=AdkHNdb4X4paQ4YxuHbzhkEJcgCK22q7E-wN9V4C2NLRR5a29CTeXixzc6cSVmvL1cE&_nc_zt=23&_nc_ht=scontent-lhr6-1.cdninstagram.com&edm=ANo9K5cEAAAA&_nc_gid=MXxBPOx-WCNugEaUyY955A&oh=00_AfkWvo9Bl-3kE3vpHSV_hZJK7RiHhTcLdFWHJrjthYaKxw&oe=69527153";"https://www.instagram.com/p/DQMdFujgkcb/";"A positive day for Yamaha, which has three riders directly into Q2 for the second time this year. 👏

#motogp #malaysiangp #malaysia #sepang #moto #motorsport #racing #motorcycle";2025-10-24 16:02;"64124";"11796";"1346";"32";"2";"12";1392;"11.8"
"17919650466192588";"FEED_IMAGE";"https://scontent-lhr6-2.cdninstagram.com/v/t51.82787-15/569354990_18309488842301445_8406722141588867788_n.jpg?stp=dst-jpg_e35_tt6&_nc_cat=104&ccb=7-5&_nc_sid=18de74&efg=eyJlZmdfdGFnIjoiRkVFRC5iZXN0X2ltYWdlX3VybGdlbi5DMyJ9&_nc_ohc=gVpEoN6tcQsQ7kNvwHwLEL9&_nc_oc=AdlJvMB541MqfIg_RJXiMrW6kzqKleFarxzfG7q5cks7IVOcciyjSfzQaq4OB0NKr5A&_nc_zt=23&_nc_ht=scontent-lhr6-2.cdninstagram.com&edm=ANo9K5cEAAAA&_nc_gid=Eag0qWrLET_QIaotykc7Nw&oh=00_AflKijmo6KNNfHypYHQ0Cf24KGhiA0Go3I8Z7BG93hNmBg&oe=69514F1A";"https://www.instagram.com/p/DQKB4KjAr0D/";"With the official announcement that Marc Márquez will not be racing again this year, let's take a look back at his historic season. 🏆

#motogp #malaysiangp #malaysia #sepang #moto #motorsport #racing #motorcycle";2025-10-23 17:25;"63757";"18583";"2353";"83";"25";"19";2480;"13.35"
"18054383423296883";"FEED_IMAGE";"https://scontent-lhr8-2.cdninstagram.com/v/t51.82787-15/568272395_18309372316301445_541329253289255343_n.jpg?stp=dst-jpg_e35_tt6&_nc_cat=101&ccb=7-5&_nc_sid=18de74&efg=eyJlZmdfdGFnIjoiRkVFRC5iZXN0X2ltYWdlX3VybGdlbi5DMyJ9&_nc_ohc=PJDGAnDe33MQ7kNvwHQXZfX&_nc_oc=AdmaSQot27DrJxNp3LdKKkaqGL1xgiJAZUE7eYKcgnki3tvUdp8FmowLfvWczCdx8fQ&_nc_zt=23&_nc_ht=scontent-lhr8-2.cdninstagram.com&edm=ANo9K5cEAAAA&_nc_gid=1tGnqP6YLF01CgHBkUdTGw&oh=00_Afnnxc0lozSg1_sb-5dxrejf9vQFgExBozB-ER1YaK-I-w&oe=694FE407";"https://www.instagram.com/p/DQHVet-gtu-/";"While Diggia had another great weekend finishing second in the long race, Pecco lived the opposite, losing almost half a second per lap compared to his compatriot.

#motogp #australiangp #australia #phillipisland #moto #motorsport #racing #motorcycle";2025-10-22 16:19;"102662";"25251";"930";"22";"1";"27";980;"3.88"
"17885373576261102";"FEED_IMAGE";"https://scontent-lhr8-1.cdninstagram.com/v/t51.82787-15/567954420_18309202420301445_4307522347133915829_n.jpg?stp=dst-jpg_e35_tt6&_nc_cat=111&ccb=7-5&_nc_sid=18de74&efg=eyJlZmdfdGFnIjoiRkVFRC5iZXN0X2ltYWdlX3VybGdlbi5DMyJ9&_nc_ohc=ZBXpi8cdKa4Q7kNvwHJpJPk&_nc_oc=AdlSPlgMsrPyiYDut3oa-EeUHOgkME_l3kgd4TNGRbdXM0KBJc0zYK_Co6HdL0oFJGI&_nc_zt=23&_nc_ht=scontent-lhr8-1.cdninstagram.com&edm=ANo9K5cEAAAA&_nc_gid=oqoeU0o5463Mgj8KrYaLXA&oh=00_Afmwaf6QEnu1CxbLKKyHGa2vchg83oPZwlgrS8Gh4o5WRw&oe=694E87C6";"https://www.instagram.com/p/DQEdYPHD_I5/";"Without a doubt, it was a GP end to forget for Fabio Quartararo, who took a great pole position but was unable to finalize it in either the sprint and long race. Fabio with Yamaha has great potential on one lap, but in the race it is disastrous...

#motogp #australiangp #australia #phillipisland #moto #motorsport #racing #motorcycle";2025-10-21 13:32;"87440";"12171";"1285";"41";"18";"9";1353;"11.12"
"18063852566616962";"FEED_IMAGE";"https://scontent-lhr6-2.cdninstagram.com/v/t51.82787-15/566818882_18309025858301445_5928136809076813195_n.jpg?stp=dst-jpg_e35_tt6&_nc_cat=100&ccb=7-5&_nc_sid=18de74&efg=eyJlZmdfdGFnIjoiRkVFRC5iZXN0X2ltYWdlX3VybGdlbi5DMyJ9&_nc_ohc=wvAIM3Be_LQQ7kNvwFAZ9RF&_nc_oc=AdlDqojGEEMAF3OdeVYWVCOBdqO_ULiqJ3HNWrgyopdAWMTdRXgbQ_ZPo1de3Tg6NKg&_nc_zt=23&_nc_ht=scontent-lhr6-2.cdninstagram.com&edm=ANo9K5cEAAAA&_nc_gid=ZcNDpCZAVgftsUUZ6NvqKg&oh=00_AfmEQHbYGDWHp7r_FvMFQG62l3xJxCczOCGcmbdQjnUbSA&oe=694D5EBF";"https://www.instagram.com/p/DQB4ki_CpUN/";"It has been 14 years since the official Ducati team went through such a bad moment, with the Italian team failing to score any points in two consecutive races.

#motogp #australiangp #australia #phillipisland #moto #motorsport #racing #motorcycle";2025-10-20 13:31;"60819";"23000";"2670";"77";"21";"93";2861;"12.44"
"18051041204331748";"FEED_IMAGE";"https://scontent-lhr6-1.cdninstagram.com/v/t51.82787-15/567124386_18308733373301445_6132271676719724496_n.jpg?stp=dst-jpg_e35_tt6&_nc_cat=102&ccb=7-5&_nc_sid=18de74&efg=eyJlZmdfdGFnIjoiRkVFRC5iZXN0X2ltYWdlX3VybGdlbi5DMyJ9&_nc_ohc=OGveBaEVg4IQ7kNvwGlHpeB&_nc_oc=AdlcGwjIFmgdSqQAtpftZe-lZrqLREsf7xKKRSQTfprgWCecZy2PgZl1RCCm2jt27zQ&_nc_zt=23&_nc_ht=scontent-lhr6-1.cdninstagram.com&edm=ANo9K5cEAAAA&_nc_gid=RHoKLEYfcGqECJQszSvcEw&oh=00_Afn_fsqczMM_or0cD85rRmD5HT4BHqRW9JK4WbGLAklJ5g&oe=694BEDEA";"https://www.instagram.com/p/DP_Ua4egno0/";"Today's win had a vintage touch , because it was impossible not to see in Raúl that Viñales who won in his second year with Suzuki; same colors, number, and Davide Brivio, who never stopped trusting Raúl Fernández. 🩵

#motogp #australiangp #australia #phillipisland #moto #motorsport #racing #motorcycle";2025-10-19 13:36;"502564";"180766";"18790";"432";"42";"235";19499;"10.79"
"18097954195670309";"FEED_IMAGE";"https://scontent-lhr8-2.cdninstagram.com/v/t51.82787-15/566937645_18308532058301445_6141019691302454872_n.jpg?stp=dst-jpg_e35_tt6&_nc_cat=106&ccb=7-5&_nc_sid=18de74&efg=eyJlZmdfdGFnIjoiRkVFRC5iZXN0X2ltYWdlX3VybGdlbi5DMyJ9&_nc_ohc=iytU-InNNmkQ7kNvwEvNLKa&_nc_oc=AdlGgUCZTQVI7y1_xN7p2MTYd0gVCnO9Zfi7h6lsyGvQtHER769LRftKaqDGN0l4GI4&_nc_zt=23&_nc_ht=scontent-lhr8-2.cdninstagram.com&edm=ANo9K5cEAAAA&_nc_gid=uX3vowkNrlb9vkdEoHuEfQ&oh=00_Afm2W8hREtJKKq4kOvzjNhZFg-lyCzK3iIsurqtGIv8X7Q&oe=694AAA89";"https://www.instagram.com/p/DP9Iv2oghIQ/";"These are all the riders who have won a sprint this season. 🥇

#motogp #australiangp #australia #phillipisland #moto #motorsport #racing #motorcycle";2025-10-18 17:15;"40499";"12614";"992";"33";"1";"2";1028;"8.15"
"18088686754730853";"FEED_CAROUSEL_ALBUM";"https://scontent-lhr6-2.cdninstagram.com/v/t51.82787-15/566223579_18308357935301445_7759213368866081282_n.jpg?stp=dst-jpg_e35_tt6&_nc_cat=105&ccb=7-5&_nc_sid=18de74&efg=eyJlZmdfdGFnIjoiQ0FST1VTRUxfSVRFTS5iZXN0X2ltYWdlX3VybGdlbi5DMyJ9&_nc_ohc=Tamtn6oPPMkQ7kNvwHZN_mK&_nc_oc=Adk_oxS5cIIiwozFSZT9K40-hQbq0XbuJloHzmF3xdBCAf3yfd1D5xRz8dYucN_jqFE&_nc_zt=23&_nc_ht=scontent-lhr6-2.cdninstagram.com&edm=ANo9K5cEAAAA&_nc_gid=opwy_MuyHXqvmAyrZpzG9A&oh=00_Afn17pvhGdIAICfKQ3loViheyALDTcwNiFOkDhAtWdwNwA&oe=69496B16";"https://www.instagram.com/p/DP6kjDogmZz/";"Things in MotoGP are more evenly matched than ever, not only the brands are catching up with Ducati, but they are also very close to each other. So I ask you, what is the second best brand right now?

#motogp #australiangp #australia #phillipisland #moto #motorsport #racing #motorcycle";2025-10-17 17:20;"32869";"7422";"891";"25";"28";"6";950;"12.8"
"18030446663732766";"FEED_IMAGE";"https://scontent-lhr8-1.cdninstagram.com/v/t51.82787-15/566402388_18308219770301445_7994573423389479510_n.jpg?stp=dst-jpg_e35_tt6&_nc_cat=108&ccb=7-5&_nc_sid=18de74&efg=eyJlZmdfdGFnIjoiRkVFRC5iZXN0X2ltYWdlX3VybGdlbi5DMyJ9&_nc_ohc=mL7qyoUcOU4Q7kNvwEkkJP2&_nc_oc=AdmkIKy-KIogs-CD5ecNy3FLZZMl_9xch4Aa6oHFYSwGop7J1riZJhVu2XXpAVHSCNM&_nc_zt=23&_nc_ht=scontent-lhr8-1.cdninstagram.com&edm=ANo9K5cEAAAA&_nc_gid=_w90V32kBaALQo5XbDGCFQ&oh=00_AfkXhJ5rTB5PBNq4p4ezviYlq-b1VCvvtdcuuMBctkmhXw&oe=6947DAA9";"https://www.instagram.com/p/DP3-_6agnEV/";"Even though Marquez may miss the rest of the season, as rumors suggest, he already has the highest score of the season (355 points without Sprints). These are the five champions with the most points in that season. 

#motogp #australiangp #australia #phillipisland #moto #motorsport #racing #motorcycle";2025-10-16 17:14;"815649";"147968";"10086";"269";"47";"69";10471;"7.08"
"18060513923402290";"FEED_IMAGE";"https://scontent-lhr8-1.cdninstagram.com/v/t51.82787-15/565092686_18308112421301445_2374878326882299021_n.jpg?stp=dst-jpg_e35_tt6&_nc_cat=107&ccb=7-5&_nc_sid=18de74&efg=eyJlZmdfdGFnIjoiRkVFRC5iZXN0X2ltYWdlX3VybGdlbi5DMyJ9&_nc_ohc=DbBw8v_wywgQ7kNvwFYRkJo&_nc_oc=AdmOvTztBCpJm0wEA7EN2qBmqgrCPPYJRyVhWNQSTiF8At1k4tOJyquhTSDiUI7ch4k&_nc_zt=23&_nc_ht=scontent-lhr8-1.cdninstagram.com&edm=ANo9K5cEAAAA&_nc_gid=TTay21otmWx2JPhPxJhnYQ&oh=00_AfmWqJtXJG5OtDWEDvMFwhky0eRleS2a3QGTogIfPsF4qA&oe=6946912F";"https://www.instagram.com/p/DP1PJaAAokF/";"Jorge Martín won his first MotoGP title just one year ago, but due to injuries, he has not been able to defend his number 1 position as he would have liked. However, Bezz has made such a huge leap forward that he is now fighting for the top 3 in the overall standings. If you were in Massimo Rivola’s position, who would you assign as the number 1 rider?

#motogp #australiangp #australia #phillipisland #moto #motorsport #racing #motorcycle";2025-10-15 15:37;"115641";"52048";"5360";"103";"177";"29";5669;"10.89"
"17856369930541281";"FEED_IMAGE";"https://scontent-lhr8-2.cdninstagram.com/v/t51.82787-15/565090001_18308006848301445_3738195078731601946_n.jpg?stp=dst-jpg_e35_tt6&_nc_cat=106&ccb=7-5&_nc_sid=18de74&efg=eyJlZmdfdGFnIjoiRkVFRC5iZXN0X2ltYWdlX3VybGdlbi5DMyJ9&_nc_ohc=Vow5ZTvd2e4Q7kNvwHANHTP&_nc_oc=Adm_De4sjWaW0J8aB1uGkT0kcLhcOuR2ra0datJCPGMl-bbWtsYqaiH0cq6EuMlteVk&_nc_zt=23&_nc_ht=scontent-lhr8-2.cdninstagram.com&edm=ANo9K5cEAAAA&_nc_gid=MIU80hKJt9XjCEwikpdPqA&oh=00_AfnfqGpBwtOh8_ChimMEkVGSUJycx6XD3JnkogyVknS3Ww&oe=694557B4";"https://www.instagram.com/p/DPy9VpXAkAK/";"Rumors are circulating once again about Pedro Acosta's link with Honda, one of the main soap operas of this year. His contract expires at the end of 2026, and it seems that both Honda and Ducati are in a good position to sign the young talent. Where do you think the Spaniard will end up?

#motogp #australiangp #australia #phillipisland #moto #motorsport #racing #motorcycle";2025-10-14 18:23;"512940";"199029";"9407";"316";"317";"1181";11221;"5.64"
"18531091564028082";"FEED_IMAGE";"https://scontent-lhr8-1.cdninstagram.com/v/t51.82787-15/563466372_18307900636301445_842538635234549115_n.jpg?stp=dst-jpg_e35_tt6&_nc_cat=108&ccb=7-5&_nc_sid=18de74&efg=eyJlZmdfdGFnIjoiRkVFRC5iZXN0X2ltYWdlX3VybGdlbi5DMyJ9&_nc_ohc=YF5_QS7TpBsQ7kNvwGCHFe9&_nc_oc=Adm5Y0VRYuDl4rythgecwz1opNnfxIpXrk2dCCfCBS0_7FZlRVT8rJZIztoFPd-bCU0&_nc_zt=23&_nc_ht=scontent-lhr8-1.cdninstagram.com&edm=ANo9K5cEAAAA&_nc_gid=hq916Dw3UxmFYAHM_opF6A&oh=00_AfkSjbXoKFArKb0V0Og6kXnaElN2HCGRHUa95mTwFtatuw&oe=69441150";"https://www.instagram.com/p/DPwUG8-AiBi/";"There has been talk recently that MotoGP could follow the steps of F1 with all the teams on the grid being independent and operating under the same conditions. In a hypothetical scenario, these could be the brands that would make up the lineup. Which ones would you like to see in the world championship?

#motogp #australiangp #australia #phillipisland #moto #motorsport #racing #motorcycle";2025-10-13 17:44;"237174";"88154";"7365";"551";"198";"716";8830;"10.02"
"18055824779236275";"FEED_CAROUSEL_ALBUM";"https://scontent-lhr6-1.cdninstagram.com/v/t51.82787-15/562432303_18307752676301445_6660992001272902544_n.jpg?stp=dst-jpg_e35_tt6&_nc_cat=110&ccb=7-5&_nc_sid=18de74&efg=eyJlZmdfdGFnIjoiQ0FST1VTRUxfSVRFTS5iZXN0X2ltYWdlX3VybGdlbi5DMyJ9&_nc_ohc=g_1hPN3ZETgQ7kNvwE3MMiR&_nc_oc=AdkG0k84vpB3KfYVSyt4OeOj5EJE9DegwZp7L6QJtBfIMPmI4jn9DHaAM5JFbOg3rtc&_nc_zt=23&_nc_ht=scontent-lhr6-1.cdninstagram.com&edm=ANo9K5cEAAAA&_nc_gid=5oXxu0gpM4k7qUXR2BPyEA&oh=00_AflhSFRqFo1_PX7T7kjAg4N3kLA1YiTCi5Upnio-D8heew&oe=6942AC45";"https://www.instagram.com/p/DPtSHJ0AmZ_/";"Since Phillip Island returned to the calendar after COVID-19, there have been three different winners from three different teams, and this year the streak could continue due to the absence of Marc Márquez. Which rider are you betting on in this GP?

#motogp #australiangp #australia #phillipisland #moto #motorsport #racing #motorcycle";2025-10-12 13:29;"113417";"24240";"4372";"101";"19";"15";4507;"18.59"
"17869626708378320";"FEED_IMAGE";"https://scontent-lhr8-2.cdninstagram.com/v/t51.82787-15/564415144_18307600294301445_8165878532078788413_n.jpg?stp=dst-jpg_e35_tt6&_nc_cat=106&ccb=7-5&_nc_sid=18de74&efg=eyJlZmdfdGFnIjoiRkVFRC5iZXN0X2ltYWdlX3VybGdlbi5DMyJ9&_nc_ohc=4bhDW4b0OY4Q7kNvwEUSZui&_nc_oc=Adnwd7iKMQ4G8Xqgw2ftU1lPROLk07JXIIEWaVWU4riwIFONGvX64Zaq9DdGfJJRp_8&_nc_zt=23&_nc_ht=scontent-lhr8-2.cdninstagram.com&edm=ANo9K5cEAAAA&_nc_gid=HGg8p6LCaSSAa20nc1NTiQ&oh=00_AfkrNbuYGlseK3BxQoYCIl3MvHLtbbXPhGasXNhmjRy7RA&oe=69413762";"https://www.instagram.com/p/DPrE72wAjtO/";"The Moto2 World Championship is still up to be decided, and the fight for the title is closer than ever with two of the best talents in the category. Who do you think will end up taking the title?

#motogp #indonesiangp #indonesia #mandalika #moto #motorsport #racing #motorcycle";2025-10-11 16:56;"120314";"32855";"3566";"81";"92";"70";3809;"11.59"
"18067807811039810";"FEED_IMAGE";"https://scontent-lhr8-2.cdninstagram.com/v/t51.82787-15/561722418_18307432945301445_8482211843343051979_n.jpg?stp=dst-jpg_e35_tt6&_nc_cat=103&ccb=7-5&_nc_sid=18de74&efg=eyJlZmdfdGFnIjoiRkVFRC5iZXN0X2ltYWdlX3VybGdlbi5DMyJ9&_nc_ohc=hdzB9ksboC4Q7kNvwFeLDL0&_nc_oc=Adlu_GIaYrKMQ8itDdupCzXjeWl_1L3T2bWUkuW6ZdKI0zi0ePo_6NYFwZkQqYOHWwE&_nc_zt=23&_nc_ht=scontent-lhr8-2.cdninstagram.com&edm=ANo9K5cEAAAA&_nc_gid=IYUfCnEkb_1F84D1pHUWQg&oh=00_AflaRmHa2ShhzkUR-ymu6YdoLAubhdPy57fGIEAJzWPfIg&oe=69400442";"https://www.instagram.com/p/DPoeiLLAgN4/";"Pecco Bagnaia has spoken about what it means to have a rider like Marc Márquez as a teammate, and although it has not been a good year for the Italian, he says he has learned a lot from this situation.

#motogp #indonesiangp #indonesia #mandalika #moto #motorsport #racing #motorcycle";2025-10-10 16:42;"114433";"27444";"2731";"72";"7";"44";2854;"10.4"
"18085585820496588";"FEED_IMAGE";"https://scontent-lhr6-1.cdninstagram.com/v/t51.82787-15/562524946_18307292176301445_4299703107439899793_n.jpg?stp=dst-jpg_e35_tt6&_nc_cat=110&ccb=7-5&_nc_sid=18de74&efg=eyJlZmdfdGFnIjoiRkVFRC5iZXN0X2ltYWdlX3VybGdlbi5DMyJ9&_nc_ohc=FglZ-Jot6KAQ7kNvwGz0O-M&_nc_oc=Adkf_LkVO6efGmZBK6kQnN1w8jaIB6ZpK1jqg_8NNTkqnO7TlX5YOPaExY553DFiJb4&_nc_zt=23&_nc_ht=scontent-lhr6-1.cdninstagram.com&edm=ANo9K5cEAAAA&_nc_gid=kcJsx5_lCCnX4cwvcvCdfg&oh=00_AflbwDHsuNqf_Ntg8HbITl5BuopgCYkzh1VM6cFIwHRWoA&oe=693E9873";"https://www.instagram.com/p/DPlj1gmil9l/";"It seems unbelievable, but to date there have only been two Grand Prix in which all 22 riders on the 2025 grid have competed in all sessions. Furthermore, pending official confirmation, Viñales will miss the next two GP, bringing the number up to 20...

#motogp #indonesiangp #indonesia #mandalika #moto #motorsport #racing #motorcycle";2025-10-09 13:31;"52698";"16746";"1816";"61";"6";"87";1970;"11.76"
"18027034643727387";"FEED_IMAGE";"https://scontent-lhr8-2.cdninstagram.com/v/t51.82787-15/561125685_18307210951301445_4737886079851424501_n.jpg?stp=dst-jpg_e35_tt6&_nc_cat=103&ccb=7-5&_nc_sid=18de74&efg=eyJlZmdfdGFnIjoiRkVFRC5iZXN0X2ltYWdlX3VybGdlbi5DMyJ9&_nc_ohc=i2_-ycRYRP8Q7kNvwEusB5a&_nc_oc=AdmqRc2PVtVXAbX1IUmS9mhdCLIt4mJLLMw4Mmnjeo3hin0-VjUOhT7rRwS-nSBY1GQ&_nc_zt=23&_nc_ht=scontent-lhr8-2.cdninstagram.com&edm=ANo9K5cEAAAA&_nc_gid=zTeUONgMfKoUGstU6wU4XQ&oh=00_AfmVLVY63xnT7fXq6_AcBRY75OvE0TnEWw0pOuZYziSnuQ&oe=693D7175";"https://www.instagram.com/p/DPjVvY_gjlH/";"With Fermín’s victory last weekend, there are now 17 riders who have won a MotoGP race. Who do you think will be next?

#motogp #indonesiangp #indonesia #mandalika #moto #motorsport #racing #motorcycle";2025-10-08 16:49;"267028";"89728";"9750";"469";"151";"478";10848;"12.09"
"18081384758498116";"FEED_IMAGE";"https://scontent-lhr8-1.cdninstagram.com/v/t51.82787-15/561238767_18307084864301445_5197204525576241727_n.jpg?stp=dst-jpg_e35_tt6&_nc_cat=103&ccb=7-5&_nc_sid=18de74&efg=eyJlZmdfdGFnIjoiRkVFRC5iZXN0X2ltYWdlX3VybGdlbi5DMyJ9&_nc_ohc=GYuaw6bbQFcQ7kNvwG4xsZi&_nc_oc=Adm9o0gJEo3vs6KLRvMZEkW9Khiq80mkf2CeIhv24TeZ94P7SiR2X9a3q13dFsNaJm4&_nc_zt=23&_nc_ht=scontent-lhr8-1.cdninstagram.com&edm=ANo9K5cEAAAA&_nc_gid=3e8v4tKa48n-_PFNcXjsVg&oh=00_AfkX5sFXGpYSXkHXNkebWy9A0uN93miVOuHOGMksplH-CA&oe=693C404F";"https://www.instagram.com/p/DPgmdI8gi3C/";"Marc Marquez remains by far the rider with the most laps led, while Fermín and Pecco climb significantly in the ranking.

#motogp #indonesiangp #indonesia #mandalika #moto #motorsport #racing #motorcycle";2025-10-07 15:17;"116871";"31543";"1677";"60";"6";"13";1756;"5.57"
"17945144451027307";"FEED_IMAGE";"https://scontent-lhr6-2.cdninstagram.com/v/t51.82787-15/559525047_18306952651301445_4868928429393756872_n.jpg?stp=dst-jpg_e35_tt6&_nc_cat=104&ccb=7-5&_nc_sid=18de74&efg=eyJlZmdfdGFnIjoiRkVFRC5iZXN0X2ltYWdlX3VybGdlbi5DMyJ9&_nc_ohc=g50EcHHVQzgQ7kNvwGivXAy&_nc_oc=Adn_t9BWIlgyookI0bB7hfJt0Zv1wIgSZnIacWSeGRfHw2aDHNxIOueY4rgZvdifN2Q&_nc_zt=23&_nc_ht=scontent-lhr6-2.cdninstagram.com&edm=ANo9K5cEAAAA&_nc_gid=bn3xVkymjrCedLQkZufPGA&oh=00_AflT7xNOhaBdpcMUO4d25mw72rVPEk65YFbxO-AgRx1QMA&oe=693AD02E";"https://www.instagram.com/p/DPd6FCQgvGM/";"Obviously, it wasn’t Pecco’s best day, but during the laps he rode on Sunday, his pace was almost half a second slower than Chantra’s! It’s very sad to see a world champion in this situation...

#motogp #indonesiangp #indonesia #mandalika #moto #motorsport #racing #motorcycle";2025-10-06 14:11;"506404";"154261";"7331";"301";"89";"917";8638;"5.6"
"18078605534291881";"FEED_IMAGE";"https://scontent-lhr6-1.cdninstagram.com/v/t51.82787-15/559482957_18306698266301445_2007596813565200341_n.jpg?stp=dst-jpg_e35_tt6&_nc_cat=110&ccb=7-5&_nc_sid=18de74&efg=eyJlZmdfdGFnIjoiRkVFRC5iZXN0X2ltYWdlX3VybGdlbi5DMyJ9&_nc_ohc=_rA7TB0frecQ7kNvwHPxUPY&_nc_oc=AdnAu1WsEDx89vU5XmCcLUXzkz_8oCKc-yHs5_LWO3aGPZ6AjjSFsHh5WG5xvToe6-s&_nc_zt=23&_nc_ht=scontent-lhr6-1.cdninstagram.com&edm=ANo9K5cEAAAA&_nc_gid=xFU8IhOVG7ARikAkP6EHug&oh=00_AfkIlQ5yiQi0DTborw2qc6igDbyMZAwOZtofWYop4rbMLQ&oe=69394E7F";"https://www.instagram.com/p/DPbcK0lDLD8/";"Since Gresini became an independent team in 2022, five riders have passed through its ranks. All of them have won at least one race. Fausto's legacy is in good hands. 💙

#motogp #indonesiangp #indonesia #mandalika #moto #motorsport #racing #motorcycle";2025-10-05 15:11;"63912";"16768";"4025";"135";"14";"26";4200;"25.05"
"18094515973796884";"FEED_IMAGE";"https://scontent-lhr8-1.cdninstagram.com/v/t51.82787-15/560449521_18306648703301445_8624109032215583668_n.jpg?stp=dst-jpg_e35_tt6&_nc_cat=111&ccb=7-5&_nc_sid=18de74&efg=eyJlZmdfdGFnIjoiRkVFRC5iZXN0X2ltYWdlX3VybGdlbi5DMyJ9&_nc_ohc=7q_3TOgtlycQ7kNvwEPoxOj&_nc_oc=AdmPFFC9Y5hjGoAQcQ5RszaaIh5XIqhQPkW9I2fgEx0tct9eNNZv2AeglDM7KKhC33Y&_nc_zt=23&_nc_ht=scontent-lhr8-1.cdninstagram.com&edm=ANo9K5cEAAAA&_nc_gid=xFU8IhOVG7ARikAkP6EHug&oh=00_Afnv7wYRbiunmSbEZqPgZMlO1jqzoAllcTN12OJG2jvhfA&oe=69395A9C";"https://www.instagram.com/p/DPa8L5ejHlY/";"Since the inaugural Qatar GP in 2022, the Ducati Lenovo Team had always scored points in the long race. That streak came to an end after Bezz's incident with Márquez and the DNF in a horrific weekend for Pecco.

#motogp #indonesiangp #indonesia #mandalika #moto #motorsport #racing #motorcycle";2025-10-05 10:31;"188734";"48496";"6125";"195";"27";"520";6867;"14.16"
"18530862448058518";"FEED_IMAGE";"https://scontent-lhr8-2.cdninstagram.com/v/t51.82787-15/559357739_18306645685301445_5847669210268578857_n.jpg?stp=dst-jpg_e35_tt6&_nc_cat=103&ccb=7-5&_nc_sid=18de74&efg=eyJlZmdfdGFnIjoiRkVFRC5iZXN0X2ltYWdlX3VybGdlbi5DMyJ9&_nc_ohc=IFRvH-LVL4sQ7kNvwH1Gv_K&_nc_oc=AdmGUZ0iKXiS1EQ5tOqrHkOyW-D9UqksOTNFwRCdAdXvXfDmEYA-gLSuh2mRQliIbvc&_nc_zt=23&_nc_ht=scontent-lhr8-2.cdninstagram.com&edm=ANo9K5cEAAAA&_nc_gid=xFU8IhOVG7ARikAkP6EHug&oh=00_AfnA7rqYYZg3c7Il0NXDzooA6YJWAZOPKa78MaEEX1j_Nw&oe=69395EC8";"https://www.instagram.com/p/DPa23fxDCBU/";"FIRST WIN IN MOTOGP FOR THE ROOKIE ALDEGUER!!

#motogp #indonesiangp #indonesia #mandalika #moto #motorsport #racing #motorcycle";2025-10-05 09:45;"33442";"6807";"469";"6";"3";"8";486;"7.14"
"18043514054415236";"FEED_IMAGE";"https://scontent-lhr8-2.cdninstagram.com/v/t51.82787-15/559900789_18306354259301445_4384892216227019739_n.jpg?stp=dst-jpg_e35_tt6&_nc_cat=101&ccb=7-5&_nc_sid=18de74&efg=eyJlZmdfdGFnIjoiRkVFRC5iZXN0X2ltYWdlX3VybGdlbi5DMyJ9&_nc_ohc=SOI2_8tx9OkQ7kNvwFInnex&_nc_oc=AdnqW3ABUy1k6ytyzb1ubxo65flodobSR99eu41XUFqnVlFBidPBoBXfFHJTweRvv-k&_nc_zt=23&_nc_ht=scontent-lhr8-2.cdninstagram.com&edm=ANo9K5cEAAAA&_nc_gid=0bEHM1z7i4KSN6WeVxFfTg&oh=00_AfnnZeFjNKJNHvuIyhxFw6oDcDpmonVulB6g_W0XfN8OrA&oe=69381A7B";"https://www.instagram.com/p/DPYRoX6AhGj/";"Good comeback by Bezzecchi in the sprint after a terrible start with his Aprilia. Second sprint victory in the last three GPs for Bezz.

#motogp #indonesiangp #indonesia #mandalika #moto #motorsport #racing #motorcycle";2025-10-04 09:41;"21898";"5186";"538";"7";"1";"82";628;"12.11"
"17932008809983123";"FEED_CAROUSEL_ALBUM";"https://scontent-lhr8-1.cdninstagram.com/v/t51.82787-15/558911957_18306174706301445_378482272007281516_n.jpg?stp=dst-jpg_e35_tt6&_nc_cat=111&ccb=7-5&_nc_sid=18de74&efg=eyJlZmdfdGFnIjoiQ0FST1VTRUxfSVRFTS5iZXN0X2ltYWdlX3VybGdlbi5DMyJ9&_nc_ohc=rR5vAhYnkNcQ7kNvwFZciWd&_nc_oc=AdkZUMz46fHG2K_jnowEn8WvFqGW7cfNDiE5BV_S_bjCPjK2HQErRyEGmYfEBv4Hq94&_nc_zt=23&_nc_ht=scontent-lhr8-1.cdninstagram.com&edm=ANo9K5cEAAAA&_nc_gid=d5XdKd0bOuzsi0DlIaFhNg&oh=00_AfkTjRDe7R4usAC1QKMY8Io56QQcMupWutweTGG8RE5z9Q&oe=6936C81D";"https://www.instagram.com/p/DPWSSB-gk0E/";"Throughout the history of the World Motorcycle Championship, there have only been six champions with two different brands; the latest to join this exclusive list is Marc Márquez after his second year with Ducati.

#motogp #indonesiangp #indonesia #mandalika #moto #motorsport #racing #motorcycle";2025-10-03 15:08;"252971";"31171";"2976";"168";"14";"41";3199;"10.26"
"18154046815400081";"FEED_IMAGE";"https://scontent-lhr6-1.cdninstagram.com/v/t51.82787-15/558205583_18305882533301445_6206364178173117919_n.jpg?stp=dst-jpg_e35_tt6&_nc_cat=109&ccb=7-5&_nc_sid=18de74&efg=eyJlZmdfdGFnIjoiRkVFRC5iZXN0X2ltYWdlX3VybGdlbi5DMyJ9&_nc_ohc=4CQ2Uu-PJV8Q7kNvwFIbRZE&_nc_oc=AdkeSYUKTVKfy3dvuslzbbzgDOKjwKG4_N4xflqvvQi8ifaXdIeKw9vP9PbWrvZo-rc&_nc_zt=23&_nc_ht=scontent-lhr6-1.cdninstagram.com&edm=ANo9K5cEAAAA&_nc_gid=2IBeS5s-POOe-LcvVR1Ttw&oh=00_AfmZ1do91HbbpzfUuFWfSDUW2mR1Ul2qTtyTGM6VwBRySQ&oe=693561FF";"https://www.instagram.com/p/DPTiRPHD233/";"This will be the MotoGP grid for the 2026 season. Thoughts? 🤔

#motogp #indonesiangp #indonesia #mandalika #moto #motorsport #racing #motorcycle";2025-10-02 13:31;"241465";"92579";"9070";"396";"107";"378";9951;"10.75"
"17868775482446997";"FEED_IMAGE";"https://scontent-lhr8-1.cdninstagram.com/v/t51.82787-15/558213363_18305733445301445_486024802699951247_n.jpg?stp=dst-jpg_e35_tt6&_nc_cat=107&ccb=7-5&_nc_sid=18de74&efg=eyJlZmdfdGFnIjoiRkVFRC5iZXN0X2ltYWdlX3VybGdlbi5DMyJ9&_nc_ohc=EtIJiAOcZJIQ7kNvwFJji9C&_nc_oc=AdmI_Sg1BSqZ4KaLosyr3oqnXQxv-W7BsHnuw7A-bozntFC-qYz3g0OOEsCHpmuibTI&_nc_zt=23&_nc_ht=scontent-lhr8-1.cdninstagram.com&edm=ANo9K5cEAAAA&_nc_gid=7mJdYXSGkfmJ_jYUwB4jSA&oh=00_AfnMHTmC9M9or9CcOErc7F3T-OxnE27_7qwmmcsMg4w60Q&oe=6933FAC1";"https://www.instagram.com/p/DPROffvgox1/";"Jorge Lorenzo spoke on his podcast “Duralavita,” analyzing Márquez's ninth title. In it, the former three-time world champion stated that the Catalan rider is already the best in history. Do you agree?

#motogp #indonesiangp #indonesia #mandalika #moto #motorsport #racing #motorcycle";2025-10-01 15:59;"229915";"83122";"13383";"352";"192";"716";14643;"17.62"
"17940700059015388";"FEED_IMAGE";"https://scontent-lhr8-2.cdninstagram.com/v/t51.82787-15/556719005_18305682139301445_1228266357753061382_n.jpg?stp=dst-jpg_e35_tt6&_nc_cat=106&ccb=7-5&_nc_sid=18de74&efg=eyJlZmdfdGFnIjoiRkVFRC5iZXN0X2ltYWdlX3VybGdlbi5DMyJ9&_nc_ohc=bYReYgJlxLYQ7kNvwGU_iUb&_nc_oc=AdlwPVvsqZ_PAzgP9XXH7rW-zISo1Zv34BEhKwDTPe9rhVzJM9hNHsAp49_PnkKV1RA&_nc_zt=23&_nc_ht=scontent-lhr8-2.cdninstagram.com&edm=ANo9K5cEAAAA&_nc_gid=7mJdYXSGkfmJ_jYUwB4jSA&oh=00_AfnYFWTgcHgyIQrra94AZfJiQVFUAVyK2pxHgv8ttUSVeQ&oe=69342011";"https://www.instagram.com/p/DPQ9lwDCl8u/";"😢 Miguel Oliveira will end (for now) his career in MotoGP. 

📊 These have been his total numbers in the more than 100 GPs he has competed in in the premier class.

👋 We wish you all the best, Miguel!

#motogp #indonesiangp #indonesia #mandalika #moto #motorsport #racing #motorcycle";2025-10-01 13:32;"124471";"51484";"6778";"219";"81";"227";7305;"14.19"
"18070381313465698";"FEED_IMAGE";"https://scontent-lhr6-1.cdninstagram.com/v/t51.82787-15/556986585_18305384794301445_5829018742228060129_n.jpg?stp=dst-jpg_e35_tt6&_nc_cat=102&ccb=7-5&_nc_sid=18de74&efg=eyJlZmdfdGFnIjoiRkVFRC5iZXN0X2ltYWdlX3VybGdlbi5DMyJ9&_nc_ohc=eoTDNv_Bh0gQ7kNvwEZVSj2&_nc_oc=AdnNSUXLlPi2v9uVVG6TkqKwAzUKtERYV6qI3ioXHnLNqcYJ6ODHYXrBVKPSM7pBM1A&_nc_zt=23&_nc_ht=scontent-lhr6-1.cdninstagram.com&edm=ANo9K5cEAAAA&_nc_gid=c6iW5rrf_TNZd-Sey7VxWQ&oh=00_AfgSFCWsB7KwSaVPZ97_PN-3POdehB9irItWJRX8GdX1VA&oe=69328CF7";"https://www.instagram.com/p/DPOccrTip5i/";"With his latest title, Marc Márquez becomes the rider with the most world championships in the MotoGP era. Here are all the champions since the 2002 season.

#motogp #japanesegp #japan #motegi #moto #motorsport #racing #motorcycle";2025-09-30 14:04;"1952695";"231072";"23565";"2200";"292";"772";26829;"11.61"
"18052631966647110";"FEED_IMAGE";"https://scontent-lhr8-2.cdninstagram.com/v/t51.82787-15/554498797_18305068981301445_9174011910379794225_n.jpg?stp=dst-jpg_e35_tt6&_nc_cat=106&ccb=7-5&_nc_sid=18de74&efg=eyJlZmdfdGFnIjoiRkVFRC5iZXN0X2ltYWdlX3VybGdlbi5DMyJ9&_nc_ohc=mxchXj7yVyYQ7kNvwEQMzGZ&_nc_oc=Adn-k5aX_G2U-VU9jAno6R2H6-yYpZ_T6vX0_acmNBm_JcBCEvLCX2rCh67jDu34gvE&_nc_zt=23&_nc_ht=scontent-lhr8-2.cdninstagram.com&edm=ANo9K5cEAAAA&_nc_gid=xJC5sZPHVX0GGnLKsa9veA&oh=00_AfjGJBN_ilZOrSmYGFWd-Nk_o2OLuyg73VQ7s8aD9tf7TQ&oe=693039E8";"https://www.instagram.com/p/DPJGgxtAncN/";"Marc Márquez becomes the third most decorated rider across all categories, behind only legends Angel Nieto and Giacomo Agostini.

#motogp #japanesegp #japan #motegi #moto #motorsport #racing #motorcycle";2025-09-28 12:15;"276086";"74303";"8476";"375";"133";"132";9116;"12.27"
"17883392553265122";"FEED_CAROUSEL_ALBUM";"https://scontent-lhr8-2.cdninstagram.com/v/t51.82787-15/554733296_18305062837301445_7704337988605624122_n.jpg?stp=dst-jpg_e35_tt6&_nc_cat=101&ccb=7-5&_nc_sid=18de74&efg=eyJlZmdfdGFnIjoiQ0FST1VTRUxfSVRFTS5iZXN0X2ltYWdlX3VybGdlbi5DMyJ9&_nc_ohc=l-ab0kOg0IAQ7kNvwHrwDsW&_nc_oc=AdnF9_7KznFzFw44UgzWZguwNFWgaPUjGOUp8g1yH-rsoZZkF8fofkdC6Zgl7Zh7TAI&_nc_zt=23&_nc_ht=scontent-lhr8-2.cdninstagram.com&edm=ANo9K5cEAAAA&_nc_gid=xJC5sZPHVX0GGnLKsa9veA&oh=00_Afi9DxJxpd0e5JELCoLyCU89Y0oZyauLZIsUdq2q4iK_qw&oe=69303BA9";"https://www.instagram.com/p/DPI8zY5AutW/";"Marc Márquez i Alentà, nine-time world champion.

#motogp #japanesegp #japan #motegi #moto #motorsport #racing #motorcycle";2025-09-28 10:50;"518727";"30303";"4665";"407";"25";"107";5204;"17.17"
"18376603459178673";"FEED_IMAGE";"https://scontent-lhr6-2.cdninstagram.com/v/t51.82787-15/555152959_18305025646301445_3050749300195603198_n.jpg?stp=dst-jpg_e35_tt6&_nc_cat=104&ccb=7-5&_nc_sid=18de74&efg=eyJlZmdfdGFnIjoiRkVFRC5iZXN0X2ltYWdlX3VybGdlbi5DMyJ9&_nc_ohc=arEPSn6rhnIQ7kNvwFiTOuy&_nc_oc=Adm3-nKsd3NzyA2hS4CqdRd5Mboi8ZAX5qNFgeHImPAmubn4t1WJNCT03CHOHsZUa8I&_nc_zt=23&_nc_ht=scontent-lhr6-2.cdninstagram.com&edm=ANo9K5cEAAAA&_nc_gid=xJC5sZPHVX0GGnLKsa9veA&oh=00_AfgkYr9-pIEzLhRIbrTmy9UsfO6W_mSi24hxowYNfbkT1g&oe=69301379";"https://www.instagram.com/p/DPIr0FFgtY5/";"It took 2184 days to see Marc Márquez win another world championship. It took tears, pain, and sacrifice to get back to the top, and six years later, Marc is back where he deserves to be.

#motogp #japanesegp #japan #motegi #moto #motorsport #racing #motorcycle";2025-09-28 08:22;"72082";"14187";"1966";"142";"18";"124";2250;"15.86"
"18176465482352980";"FEED_IMAGE";"https://scontent-lhr8-1.cdninstagram.com/v/t51.82787-15/554687113_18305023318301445_5838352571553867305_n.jpg?stp=dst-jpg_e35_tt6&_nc_cat=108&ccb=7-5&_nc_sid=18de74&efg=eyJlZmdfdGFnIjoiRkVFRC5iZXN0X2ltYWdlX3VybGdlbi5DMyJ9&_nc_ohc=8wnLXB_nB2EQ7kNvwFtxsYD&_nc_oc=AdneiCdJVAj_3jbG0judr968kpwyf4m-bxwYbvRstXRyQ2zuDp4Jq3D0eDfVAIrXEJE&_nc_zt=23&_nc_ht=scontent-lhr8-1.cdninstagram.com&edm=ANo9K5cEAAAA&_nc_gid=xJC5sZPHVX0GGnLKsa9veA&oh=00_Afi0gL4Uxlb9bHT0ODW9hd_6XCU8l8Q81ZrHXqutQavT2Q&oe=69303B78";"https://www.instagram.com/p/DPIngDrgs9D/";"Marc Márquez wins his NINTH World Championship, tying Valentino Rossi's record. 🤯

#motogp #japanesegp #japan #motegi #moto #motorsport #racing #motorcycle";2025-09-28 07:44;"817433";"59544";"10737";"616";"26";"379";11758;"19.75"
"18111394582551818";"FEED_IMAGE";"https://scontent-lhr6-2.cdninstagram.com/v/t51.82787-15/554508404_18304701214301445_595274381664610867_n.jpg?stp=dst-jpg_e35_tt6&_nc_cat=104&ccb=7-5&_nc_sid=18de74&efg=eyJlZmdfdGFnIjoiRkVFRC5iZXN0X2ltYWdlX3VybGdlbi5DMyJ9&_nc_ohc=5xJOg8i_hY8Q7kNvwGHWFST&_nc_oc=AdmE_jlVk0aE1fHT3aFePv2sDZBcK-2PZjpsVh7HytxlR3u0nAPXbscO55c1D-527g4&_nc_zt=23&_nc_ht=scontent-lhr6-2.cdninstagram.com&edm=ANo9K5cEAAAA&_nc_gid=AIiEKeNCccj5Ul94_W096g&oh=00_AfjxsTVv0WRLXPHoLMb3uwNZhtwwz3WTb-n8sgVJO7vMpw&oe=692D98CF";"https://www.instagram.com/p/DPERBAaglhu/";"🚨 BREAKING NEWS 🚨

Diogo Moreira will be a Honda rider, as confirmed by Rosario Triolo of Sky Sport. He will sign a three-year contract and will race for LCR in 2026.

#motogp #japanesegp #japan #motegi #moto #motorsport #racing #motorcycle";2025-09-26 15:11;"764019";"284237";"26800";"426";"249";"1904";29379;"10.34"
"17970495284791472";"FEED_CAROUSEL_ALBUM";"https://scontent-lhr6-2.cdninstagram.com/v/t51.82787-15/554136139_18304596874301445_1844644595833826437_n.jpg?stp=dst-jpg_e35_tt6&_nc_cat=104&ccb=7-5&_nc_sid=18de74&efg=eyJlZmdfdGFnIjoiQ0FST1VTRUxfSVRFTS5iZXN0X2ltYWdlX3VybGdlbi5DMyJ9&_nc_ohc=0JyHnOa93F8Q7kNvwHrwLEm&_nc_oc=AdkrlTIvzi_ZkOyPeZGUuNFHA47zu0cYjiVrRkrwA-gsBYqXcSXNmGFtS8mFP3ouNKc&_nc_zt=23&_nc_ht=scontent-lhr6-2.cdninstagram.com&edm=ANo9K5cEAAAA&_nc_gid=YHDKhPAlOAxGdvbVvjA1Vg&oh=00_AfgrSVhufrZVXlwPr0Rf7V7H_HVTAVonnYKATSFzb1aRyQ&oe=692C251D";"https://www.instagram.com/p/DPCFPxegqM5/";"These are the riders who have gained/lost the most positions in the first lap, counting both sprints and long races.

#motogp #japanesegp #japan #motegi #moto #motorsport #racing #motorcycle";2025-09-25 18:49;"47796";"8985";"1104";"39";"2";"8";1153;"12.83"
"18029503532721479";"FEED_IMAGE";"https://scontent-lhr8-1.cdninstagram.com/v/t51.82787-15/552881610_18304397098301445_9133861273993636123_n.jpg?stp=dst-jpg_e35_tt6&_nc_cat=111&ccb=7-5&_nc_sid=18de74&efg=eyJlZmdfdGFnIjoiRkVFRC5iZXN0X2ltYWdlX3VybGdlbi5DMyJ9&_nc_ohc=vWuDydhduf8Q7kNvwHJyC6Z&_nc_oc=AdkYu3rKAqlntrLrY-EXnJ4E-ZYprFe-fFQywro4XeHGqa2GBE2NKiMiHDxcfr8l0nU&_nc_zt=23&_nc_ht=scontent-lhr8-1.cdninstagram.com&edm=ANo9K5cEAAAA&_nc_gid=E9-j4D9grxWzKCJEJxrxMw&oh=00_AfgBqFGBuIkJpvMY3s9MSTm3suy9OVe2G5O9byEwko8y1Q&oe=692ACC73";"https://www.instagram.com/p/DO_Ho8qAlLi/";"Marc Márquez has never finished lower than 4th in Japan, even in his recent difficult seasons with Honda, where he achieved his last podium finish with the Japanese brand. Will we see him win his ninth title this weekend?

#motogp #japanesegp #japan #motegi #moto #motorsport #racing #motorcycle";2025-09-24 15:13;"137339";"19886";"2642";"87";"11";"26";2766;"13.91"
"17900891646267506";"FEED_IMAGE";"https://scontent-lhr6-2.cdninstagram.com/v/t51.82787-15/551289238_18304209883301445_788638779335141758_n.jpg?stp=dst-jpg_e35_tt6&_nc_cat=105&ccb=7-5&_nc_sid=18de74&efg=eyJlZmdfdGFnIjoiRkVFRC5iZXN0X2ltYWdlX3VybGdlbi5DMyJ9&_nc_ohc=AUPXZ9sQtVMQ7kNvwHC0v5d&_nc_oc=AdlyopFtRKKVZ3pKxsuVe7hD8zCGzOIPKA6ZzUQBo3y1ha_7jYxqUOmmHbXR1APpySc&_nc_zt=23&_nc_ht=scontent-lhr6-2.cdninstagram.com&edm=ANo9K5cEAAAA&_nc_gid=0vnm6K44_ZjZ6SnqGasovQ&oh=00_AfhFC6kVw3xbHK93XdbJWlTAsbv0GfkGxBf9m41yNAFA9A&oe=6929762F";"https://www.instagram.com/p/DO8rGocgjYw/";"These would be the MotoGP Ballon d'Or winners since 2010 according to artificial intelligence. Do you agree?

#motogp #japanesegp #japan #motegi #moto #motorsport #racing #motorcycle";2025-09-23 16:25;"2383356";"199228";"16410";"769";"207";"423";17809;"8.94"
"18205911655308349";"FEED_CAROUSEL_ALBUM";"https://scontent-lhr8-2.cdninstagram.com/v/t51.82787-15/552403623_18303969610301445_7315537013208510000_n.jpg?stp=dst-jpg_e35_tt6&_nc_cat=103&ccb=7-5&_nc_sid=18de74&efg=eyJlZmdfdGFnIjoiQ0FST1VTRUxfSVRFTS5iZXN0X2ltYWdlX3VybGdlbi5DMyJ9&_nc_ohc=XaYktO0jY2IQ7kNvwGOkIyn&_nc_oc=AdkkhBzJRaOl8QYdRJc98v3-ikTGTmbIEFFklS7GUrgCoFBMIkdkcOOIrUAH6XVvtVY&_nc_zt=23&_nc_ht=scontent-lhr8-2.cdninstagram.com&edm=ANo9K5cEAAAA&_nc_gid=wSw6JBjwvqNQKCVnvOmeAw&oh=00_AfgEgS7z0jrMwpTg18JkqE6e0QuSh-LmU2RcMxt5T4UT8A&oe=69281874";"https://www.instagram.com/p/DO6BWl9grjF/";"Rider points comparison pt.3

#motogp #sanmarinogp #italia #misano #moto #motorsport #racing #motorcycle";2025-09-22 15:41;"89578";"9116";"709";"29";"6";"4";748;"8.21"
"18033433838651451";"FEED_IMAGE";"https://scontent-lhr8-2.cdninstagram.com/v/t51.82787-15/551802893_18303732736301445_7852333556511850324_n.jpg?stp=dst-jpg_e35_tt6&_nc_cat=103&ccb=7-5&_nc_sid=18de74&efg=eyJlZmdfdGFnIjoiRkVFRC5iZXN0X2ltYWdlX3VybGdlbi5DMyJ9&_nc_ohc=DjbmVYLvVcIQ7kNvwFZqWA4&_nc_oc=AdlVRVSpwYoHUPsCz-BRm-TAf-LeZHQBAtEpBvubda2MrmsAFCcNRUJhXi-4rZ7RvGk&_nc_zt=23&_nc_ht=scontent-lhr8-2.cdninstagram.com&edm=ANo9K5cEAAAA&_nc_gid=R5rHnSV6twDBTAqMZyok1w&oh=00_AfgzGltmVmH7EF6u3oJH3hIdbhawcQQdXWIzU8Z3b28b3A&oe=6926E373";"https://www.instagram.com/p/DO3a82wAtxL/";"MotoGP - Manufacturer performance Post-Misano.

#motogp #sanmarinogp #italia #misano #moto #motorsport #racing #motorcycle";2025-09-21 15:27;"56330";"7130";"560";"13";;"1";574;"8.05"
"17857828728513478";"FEED_CAROUSEL_ALBUM";"https://scontent-lhr6-1.cdninstagram.com/v/t51.82787-15/551063675_18303551437301445_356574825172075922_n.jpg?stp=dst-jpg_e35_tt6&_nc_cat=102&ccb=7-5&_nc_sid=18de74&efg=eyJlZmdfdGFnIjoiQ0FST1VTRUxfSVRFTS5iZXN0X2ltYWdlX3VybGdlbi5DMyJ9&_nc_ohc=0iF1ZOGxmtEQ7kNvwFupu7A&_nc_oc=Admu2BQukFxPVmfSeRXHOGoWRkPUmDroReFFIkTDf58cq1k_5pnFUWC435AkJPf7mpI&_nc_zt=23&_nc_ht=scontent-lhr6-1.cdninstagram.com&edm=ANo9K5cEAAAA&_nc_gid=bjOnTrNY3tZt9KZRc_yKXA&oh=00_Afju6Q0oz78Qx61eVAsStfSDBFDXsRBgspmfT0l1UGZw7g&oe=69257173";"https://www.instagram.com/p/DO0qKh0Ag3n/";"Rider points comparison pt.2

#motogp #sanmarinogp #italia #misano #moto #motorsport #racing #motorcycle";2025-09-20 13:43;"208394";"21151";"2707";"82";"17";"6";2812;"13.29"
"18116493145509689";"FEED_IMAGE";"https://scontent-lhr8-2.cdninstagram.com/v/t51.82787-15/551809917_18303453511301445_974856549423246853_n.jpg?stp=dst-jpg_e35_tt6&_nc_cat=103&ccb=7-5&_nc_sid=18de74&efg=eyJlZmdfdGFnIjoiRkVFRC5iZXN0X2ltYWdlX3VybGdlbi5DMyJ9&_nc_ohc=DVOcEPvtJeoQ7kNvwExvJTu&_nc_oc=Adk9eBAQ5fal9QgVXmIaySST_xhcNe9qRZDqbZTTkkNvykV8KYKzLg5jQQXtgJzzlGQ&_nc_zt=23&_nc_ht=scontent-lhr8-2.cdninstagram.com&edm=ANo9K5cEAAAA&_nc_gid=oeMW7gZruaUyCQqdcdif1g&oh=00_AfinzC5-BLUVI1h2LWWCv-yWoEmpLi7n7-3nSBfMEDIuGQ&oe=69241DE5";"https://www.instagram.com/p/DOyUNJ9gqBd/";"Alex Márquez had an interview with Spanish journalist Josep Pedrerol in which he reaffirmed that he was unable to move up from Moto2 to the premier class indirectly because of Rossi, who, as “Marc Márquez's brother,” was banned from Yamaha, even though he had signed a contract with the satellite team. What do you think about it?

#motogp #sanmarinogp #italia #misano #moto #motorsport #racing #motorcycle";2025-09-19 15:52;"294293";"165638";"8658";"503";"397";"131";9689;"5.85"
"18048052238639133";"FEED_CAROUSEL_ALBUM";"https://scontent-lhr6-1.cdninstagram.com/v/t51.82787-15/550692136_18303201496301445_220396461680315627_n.jpg?stp=dst-jpg_e35_tt6&_nc_cat=102&ccb=1-7&_nc_sid=18de74&efg=eyJlZmdfdGFnIjoiQ0FST1VTRUxfSVRFTS5iZXN0X2ltYWdlX3VybGdlbi5DMyJ9&_nc_ohc=uB2OQTJPDC0Q7kNvwFrg_nc&_nc_oc=Adk9lgcte2azCIDaSX_boqaYMfMlseuisYyUZB351aAFkUpm8tZpoeamsIGkdQHIARs&_nc_zt=23&_nc_ht=scontent-lhr6-1.cdninstagram.com&edm=ANo9K5cEAAAA&_nc_gid=Nb8xffCznKGAmJYOnTgGlw&oh=00_AfhmdC8VoRlFPhled5SnHzo5yTsX5nR67bF0JhhDJShxXA&oe=6921CEE8";"https://www.instagram.com/p/DOtJ1eLgpet/";"Rider points comparison pt.1

#motogp #sanmarinogp #italia #misano #moto #motorsport #racing #motorcycle";2025-09-17 15:45;"209021";"38687";"3799";"143";"8";"17";3967;"10.25"
"18078454063817302";"FEED_CAROUSEL_ALBUM";"https://scontent-lhr8-1.cdninstagram.com/v/t51.82787-15/548536096_18303030928301445_3976755745598102352_n.jpg?stp=dst-jpg_e35_tt6&_nc_cat=111&ccb=1-7&_nc_sid=18de74&efg=eyJlZmdfdGFnIjoiQ0FST1VTRUxfSVRFTS5iZXN0X2ltYWdlX3VybGdlbi5DMyJ9&_nc_ohc=ZZdumPcJ5O8Q7kNvwECxxw0&_nc_oc=AdmK-0PPjeuNc_cGqrLiOk05v-m3_j8DKBDm4t8LxLjl7vFq4UQ0SR2ZjfFJWQfitmU&_nc_zt=23&_nc_ht=scontent-lhr8-1.cdninstagram.com&edm=ANo9K5cEAAAA&_nc_gid=koCQba6Nxr0VkwLlf0FKkg&oh=00_Afhv0tf3-vjm_z4Ol-KRWpEDajuHgFZZxSsbz8OU5SCxCg&oe=691FC986";"https://www.instagram.com/p/DOqZPj1gs3n/";"With the release of the FC26 game this week we asked ChatGPT what would be the hypothetical ratings of the riders in the MotoGP game. Thoughts?

#motogp #sanmarinogp #italia #misano #moto #motorsport #racing #motorcycle";2025-09-16 14:02;"570185";"147288";"17426";"910";"223";"1000";19559;"13.28"
"18044001632362168";"FEED_IMAGE";"https://scontent-lhr6-2.cdninstagram.com/v/t51.82787-15/548716706_18302931220301445_2149233168752047578_n.jpg?stp=dst-jpg_e35_tt6&_nc_cat=105&ccb=1-7&_nc_sid=18de74&efg=eyJlZmdfdGFnIjoiRkVFRC5iZXN0X2ltYWdlX3VybGdlbi5DMyJ9&_nc_ohc=5JalakNlNB4Q7kNvwFHzovO&_nc_oc=AdnUO5_w_uMJkVfkfC0ocBd2sOCRSau5FdX3yPECRgEoALA4r0Z9-IIGp13DDAxwg9E&_nc_zt=23&_nc_ht=scontent-lhr6-2.cdninstagram.com&edm=ANo9K5cEAAAA&_nc_gid=koCQba6Nxr0VkwLlf0FKkg&oh=00_AfhoNDYJvN1Rit4iNrvJ7yfRy3J4vSC4qhkOd3xRBo0MKw&oe=691FC0C1";"https://www.instagram.com/p/DOoBGtHAviu/";"Another ROTGP for the alien 👽.

#motogp #sanmarinogp #italia #misano #moto #motorsport #racing #motorcycle";2025-09-15 15:53;"56399";"8616";"807";"10";"6";"6";829;"9.62"
"18096313540728431";"FEED_IMAGE";"https://scontent-lhr8-1.cdninstagram.com/v/t51.82787-15/549212825_18302814307301445_146348307683006419_n.jpg?stp=dst-jpg_e35_tt6&_nc_cat=111&ccb=1-7&_nc_sid=18de74&efg=eyJlZmdfdGFnIjoiRkVFRC5iZXN0X2ltYWdlX3VybGdlbi5DMyJ9&_nc_ohc=nMiT5KYd5YoQ7kNvwELslcs&_nc_oc=Admcsvs8AS5CgwWz4m7PWaO25GpYV9fyB2UXPUDr1cMNvAJwhfED0mQ33IZzLqVdalg&_nc_zt=23&_nc_ht=scontent-lhr8-1.cdninstagram.com&edm=ANo9K5cEAAAA&_nc_gid=0CBIy1n9Ld9Fg6TZPUBUbw&oh=00_Afg9vpdv2JIeG2P7aEJhd--TUNzkayT-T18qX81SmXEHWw&oe=691E29FD";"https://www.instagram.com/p/DOlbb7ngpOI/";"Déjà vu... 😌

#motogp #sanmarinogp #italia #misano #moto #motorsport #racing #motorcycle";2025-09-14 15:45;"120278";"41304";"4989";"211";"87";"505";5792;"14.02"
"18089743402753671";"FEED_IMAGE";"https://scontent-lhr8-1.cdninstagram.com/v/t51.82787-15/545335239_18302810773301445_3003887075974215382_n.jpg?stp=dst-jpg_e35_tt6&_nc_cat=108&ccb=1-7&_nc_sid=18de74&efg=eyJlZmdfdGFnIjoiRkVFRC5iZXN0X2ltYWdlX3VybGdlbi5DMyJ9&_nc_ohc=M3Lq67DUJRgQ7kNvwGribOD&_nc_oc=AdkBXmROfgohPMGtfafkO5-g4iRAvPYSuRhoJjaIEI-ddg7zturl0a8s3jQ4t_odySo&_nc_zt=23&_nc_ht=scontent-lhr8-1.cdninstagram.com&edm=ANo9K5cEAAAA&_nc_gid=0CBIy1n9Ld9Fg6TZPUBUbw&oh=00_AfjY50CrdYrLJAl0Z0OQACTzEBZFg6muwWL55pnAHC4gqA&oe=691E4FC5";"https://www.instagram.com/p/DOlXgTsAsZC/";"For some people it's already time to sleep... 😉

#motogp #sanmarinogp #italia #misano #moto #motorsport #racing #motorcycle";2025-09-14 15:11;"98121";"39802";"4685";"251";"100";"798";5834;"14.66"
"18032580902702025";"FEED_IMAGE";"https://scontent-lhr8-2.cdninstagram.com/v/t51.82787-15/548499010_18302808151301445_1258232545323503327_n.jpg?stp=dst-jpg_e35_tt6&_nc_cat=103&ccb=1-7&_nc_sid=18de74&efg=eyJlZmdfdGFnIjoiRkVFRC5iZXN0X2ltYWdlX3VybGdlbi5DMyJ9&_nc_ohc=d7wtZLvCagEQ7kNvwHGzWhn&_nc_oc=Adm-7ItGLjgLwkziuqgFixeQoAjmC6vkcEgp4BBU2AxnzgqYObKreqiU4H262fzcuH0&_nc_zt=23&_nc_ht=scontent-lhr8-2.cdninstagram.com&edm=ANo9K5cEAAAA&_nc_gid=0CBIy1n9Ld9Fg6TZPUBUbw&oh=00_AfhgfsPKOUorDs48MDnZcI4aFedggI9D2Blm5JAaBj75Yg&oe=691E2D0E";"https://www.instagram.com/p/DOlUXpBgpVC/";"Marc redeems himself after the sprint and wins at Misano!

#motogp #sanmarinogp #italia #misano #moto #motorsport #racing #motorcycle";2025-09-14 14:44;"37696";"7806";"757";"11";"7";"7";782;"10.02"
"18285516154286175";"FEED_IMAGE";"https://scontent-lhr8-2.cdninstagram.com/v/t51.82787-15/548876941_18302785963301445_3924133340878774174_n.jpg?stp=dst-jpg_e35_tt6&_nc_cat=101&ccb=1-7&_nc_sid=18de74&efg=eyJlZmdfdGFnIjoiRkVFRC5iZXN0X2ltYWdlX3VybGdlbi5DMyJ9&_nc_ohc=02lX_4O6o04Q7kNvwHKhKMI&_nc_oc=AdnEg_-22fa1Vr3zSmMgAtRHpqHqISBq56TrSdGMpbR2GRhHc-6MI9_wjqPTVYa7TMA&_nc_zt=23&_nc_ht=scontent-lhr8-2.cdninstagram.com&edm=ANo9K5cEAAAA&_nc_gid=0CBIy1n9Ld9Fg6TZPUBUbw&oh=00_AfhEuucdTJXM5O-1MGXIPUZC_q1sTPUbu4Sy-VtV5GPSDA&oe=691E34AD";"https://www.instagram.com/p/DOk6wOAgr9x/";"Last year this special decoration brought us quite a bit of fortune. Will we see the same again this year with Alex or Fermín?

#motogp #sanmarinogp #italia #misano #moto #motorsport #racing #motorcycle";2025-09-14 11:00;"35276";"7387";"803";"15";"1";;819;"11.09"
"18083400580905018";"FEED_IMAGE";"https://scontent-lhr8-1.cdninstagram.com/v/t51.82787-15/548030776_18302691334301445_4723609390914713323_n.jpg?stp=dst-jpg_e35_tt6&_nc_cat=108&ccb=1-7&_nc_sid=18de74&efg=eyJlZmdfdGFnIjoiRkVFRC5iZXN0X2ltYWdlX3VybGdlbi5DMyJ9&_nc_ohc=bz1LhF4XijEQ7kNvwFvX1TS&_nc_oc=AdlsOHzndV_AETlNYJcR53ES_o9WkRcCWB_zgRPLkiNBn3STGZ73XF_RJyMwBQj0I7Y&_nc_zt=23&_nc_ht=scontent-lhr8-1.cdninstagram.com&edm=ANo9K5cEAAAA&_nc_gid=BHni60PX9KlNu1knBpebkQ&oh=00_AfiYiUIaz06-6AJHHGkMCBXM2oiM-YsVIzWJcyPImvQtlw&oe=691D034C";"https://www.instagram.com/p/DOi5Zemgp-3/";"It seems hard to believe, but it has been more than 400 days since another brand won a Sprint race, the last one was another Aprilia, ridden by Aleix Espargaró at Montmeló.

#motogp #sanmarinogp #italia #misano #moto #motorsport #racing #motorcycle";2025-09-13 16:09;"75485";"33424";"4446";"84";"6";"108";4644;"13.89"
"17878076643403336";"FEED_IMAGE";"https://scontent-lhr6-2.cdninstagram.com/v/t51.82787-15/545344622_18302688310301445_2478611129773787141_n.jpg?stp=dst-jpg_e35_tt6&_nc_cat=104&ccb=1-7&_nc_sid=18de74&efg=eyJlZmdfdGFnIjoiRkVFRC5iZXN0X2ltYWdlX3VybGdlbi5DMyJ9&_nc_ohc=MPW07UKsMMIQ7kNvwGO5PxK&_nc_oc=Adl9wDBuPdVpbBTG02U7BfuN28zkYgYThWPyXVTzcWWE5C45h9DhDuOJFSjHgCCS-wE&_nc_zt=23&_nc_ht=scontent-lhr6-2.cdninstagram.com&edm=ANo9K5cEAAAA&_nc_gid=BHni60PX9KlNu1knBpebkQ&oh=00_AfgzLuceOq7NtavvCLwidnB2aezJvxyRTujUxBo-rPvgpw&oe=691CFFA0";"https://www.instagram.com/p/DOi2EZyAtvv/";"This is the first time in almost 200 days that Marc Márquez has not been on the podium in the sprint.

#motogp #sanmarinogp #italia #misano #moto #motorsport #racing #motorcycle";2025-09-13 15:40;"37356";"11854";"1434";"49";"11";"46";1540;"12.99"
"18096959800634917";"FEED_IMAGE";"https://scontent-lhr6-1.cdninstagram.com/v/t51.82787-15/547820872_18302686159301445_8858349967092607774_n.jpg?stp=dst-jpg_e35_tt6&_nc_cat=102&ccb=1-7&_nc_sid=18de74&efg=eyJlZmdfdGFnIjoiRkVFRC5iZXN0X2ltYWdlX3VybGdlbi5DMyJ9&_nc_ohc=52RkUZ7656IQ7kNvwHmM2oB&_nc_oc=Admzay4NmfoEWD7PpPh7TfF84V3Y1l1dUBOSqqkXSIvLW8BXMYDFkP5F5_Lfn7S5zlI&_nc_zt=23&_nc_ht=scontent-lhr6-1.cdninstagram.com&edm=ANo9K5cEAAAA&_nc_gid=BHni60PX9KlNu1knBpebkQ&oh=00_AfisUFTpCcNlhc4-CLUOxQyThP2bVNQl1N3d6EwEV5uSPg&oe=691D0029";"https://www.instagram.com/p/DOi0Aj9giIU/";"Marc crashes and Bezzecchi wins the Sprint race in Misano!

#motogp #sanmarinogp #italia #misano #moto #motorsport #racing #motorcycle";2025-09-13 15:22;"42877";"14066";"439";"8";;"13";460;"3.27"
"17922698610117437";"FEED_IMAGE";"https://scontent-lhr8-1.cdninstagram.com/v/t51.82787-15/547888860_18302666071301445_8777755992335076876_n.jpg?stp=dst-jpg_e35_tt6&_nc_cat=108&ccb=1-7&_nc_sid=18de74&efg=eyJlZmdfdGFnIjoiRkVFRC5iZXN0X2ltYWdlX3VybGdlbi5DMyJ9&_nc_ohc=JEx62SMSfScQ7kNvwFNAcYc&_nc_oc=Adlk6qLOgu2C0nr6WuLgSP0PfQ_CX1s7pv54KnWyqTb5Pqh7vQvM5Er0HTNVqRY4vno&_nc_zt=23&_nc_ht=scontent-lhr8-1.cdninstagram.com&edm=ANo9K5cEAAAA&_nc_gid=BHni60PX9KlNu1knBpebkQ&oh=00_AfhQDVGOP4PwNAadBD2s6ZCpbRIxbLT8cSebTlVjVdamPA&oe=691D1A60";"https://www.instagram.com/p/DOiZ6j2gvWV/";"Superpole from the Bezzt!

#motogp #sanmarinogp #italia #misano #moto #motorsport #racing #motorcycle";2025-09-13 11:34;"30392";"7258";"673";"24";"2";"38";737;"10.15"
"18422435977101147";"FEED_IMAGE";"https://scontent-lhr6-2.cdninstagram.com/v/t51.82787-15/546474336_18302584111301445_2123509760489600750_n.jpg?stp=dst-jpg_e35_tt6&_nc_cat=100&ccb=1-7&_nc_sid=18de74&efg=eyJlZmdfdGFnIjoiRkVFRC5iZXN0X2ltYWdlX3VybGdlbi5DMyJ9&_nc_ohc=v56HBWWuJDEQ7kNvwH7yWpF&_nc_oc=Adn8IRhveiBYacv_qTJyS831S0CwOOr0tP4x-3i2pHMwPvaH69d5_rgeMGnHtwdlRKI&_nc_zt=23&_nc_ht=scontent-lhr6-2.cdninstagram.com&edm=ANo9K5cEAAAA&_nc_gid=A2XCCKfkFJexbaC4AIFmRw&oh=00_AfjAeTXRRGpdm7jRHrmL3D3PHAyE7CcUkbsb_bSblgr3JQ&oe=691BBAB8";"https://www.instagram.com/p/DOgaPvrgk7W/";"Despite suffering a crash and running out of fuel, Augusto Fernández achieved a better time with his new M1 V4 than two of the four official Yamaha riders. 🙌

#motogp #sanmarinogp #italia #misano #moto #motorsport #racing #motorcycle";2025-09-12 16:59;"440514";"167371";"9085";"290";"56";"485";9916;"5.92"
"18099041947620242";"FEED_IMAGE";"https://scontent-lhr6-1.cdninstagram.com/v/t51.82787-15/546476139_18302579302301445_6646253145365716903_n.jpg?stp=dst-jpg_e35_tt6&_nc_cat=109&ccb=1-7&_nc_sid=18de74&efg=eyJlZmdfdGFnIjoiRkVFRC5iZXN0X2ltYWdlX3VybGdlbi5DMyJ9&_nc_ohc=yJdMLKMLh-QQ7kNvwEvQ3vh&_nc_oc=AdnuDQX7zqURB4NVo9HJ-PVVHCo78dy_l0iHXopRpk2I5yj4g8m_gy8_8fV7-uQX5QE&_nc_zt=23&_nc_ht=scontent-lhr6-1.cdninstagram.com&edm=ANo9K5cEAAAA&_nc_gid=A2XCCKfkFJexbaC4AIFmRw&oh=00_Afio136p2Xi3GjPQ4pyd-L68SHv-L3KiHXHcFAvHkeRU6Q&oe=691BD809";"https://www.instagram.com/p/DOgUF1jAlCT/";"This is your top10 at Misano.

#motogp #sanmarinogp #italia #misano #moto #motorsport #racing #motorcycle";2025-09-12 16:05;"44608";"9383";"809";"21";"2";"10";842;"8.97"
"17856608526458380";"FEED_IMAGE";"https://scontent-lhr8-1.cdninstagram.com/v/t51.82787-15/542919805_18302554969301445_4043497029103582783_n.jpg?stp=dst-jpg_e35_tt6&_nc_cat=107&ccb=1-7&_nc_sid=18de74&efg=eyJlZmdfdGFnIjoiRkVFRC5iZXN0X2ltYWdlX3VybGdlbi5DMyJ9&_nc_ohc=QvcmoU9_lFgQ7kNvwFfp2hd&_nc_oc=Adl0rBzeNzi75ji9TjbFCihvajmFMuChcI5u9mTg01X1ayrTAik4Ow_d-zyEnDE6abI&_nc_zt=23&_nc_ht=scontent-lhr8-1.cdninstagram.com&edm=ANo9K5cEAAAA&_nc_gid=A2XCCKfkFJexbaC4AIFmRw&oh=00_Afh6qfEQloXeukoMrRA68g2lWC6wlsLoSf62f1jsbILzmQ&oe=691BC66D";"https://www.instagram.com/p/DOf1CsGApaw/";"P1-P3 for the VR46 team.

#motogp #sanmarinogp #italia #misano #moto #motorsport #racing #motorcycle";2025-09-12 11:34;"22508";"5776";"429";"12";"4";"5";450;"7.79"
"17944197966023340";"FEED_IMAGE";"https://scontent-lhr8-2.cdninstagram.com/v/t51.82787-15/548053757_18302464315301445_5831066817894716242_n.jpg?stp=dst-jpg_e35_tt6&_nc_cat=103&ccb=1-7&_nc_sid=18de74&efg=eyJlZmdfdGFnIjoiRkVFRC5iZXN0X2ltYWdlX3VybGdlbi5DMyJ9&_nc_ohc=4xkI0NPY2gkQ7kNvwH6CDq7&_nc_oc=AdmVZ2ff8QMPHcT5dw1Wh58wTJf7rN-_MxY4WbttfbgD4NhVPBUuwKX-l4lItlOKHAY&_nc_zt=23&_nc_ht=scontent-lhr8-2.cdninstagram.com&edm=ANo9K5cEAAAA&_nc_gid=G967YwQfcd9GRJgnVWcsYQ&oh=00_AfhWZDGov1E41OfgUin6IdhL-LXX9RkugvcmR5ZeopdPDg&oe=691AABF6";"https://www.instagram.com/p/DOdunz8Atvm/";"Only three riders remain in contention for the world championship, with Marc Márquez's ninth title seeming inevitable...

#motogp #sanmarinogp #italia #misano #moto #motorsport #racing #motorcycle";2025-09-11 15:59;"150060";"71745";"5207";"193";"42";"72";5514;"7.69"
"17884062447369260";"FEED_IMAGE";"https://scontent-lhr8-2.cdninstagram.com/v/t51.82787-15/546514235_18302445025301445_3506533717855479107_n.jpg?stp=dst-jpg_e35_tt6&_nc_cat=103&ccb=1-7&_nc_sid=18de74&efg=eyJlZmdfdGFnIjoiRkVFRC5iZXN0X2ltYWdlX3VybGdlbi5DMyJ9&_nc_ohc=x1vLnBcGSo4Q7kNvwF_kKYn&_nc_oc=AdlhxFenup3aevUwxz63lLfPemgaCBjxiDblXbK0lFb7W1eVk8ci6EuuagK0dH4O1NM&_nc_zt=23&_nc_ht=scontent-lhr8-2.cdninstagram.com&edm=ANo9K5cEAAAA&_nc_gid=G967YwQfcd9GRJgnVWcsYQ&oh=00_Afgguusd_ql5UIgAXWvWF6fauOht_2-YI64cHFT5XHb2fA&oe=691AC4FD";"https://www.instagram.com/p/DOdWyZSAt17/";"KTM ranks as the best bike after Ducati in the last five Grand Prix races, while other brands are also closing the gap to the Borgo Panigale brand.

#motogp #catalangp #catalunya #montmelo #moto #motorsport #racing #motorcycle";2025-09-11 12:31;"78248";"13372";"1430";"43";"7";"4";1484;"11.1"
"18067915670186371";"FEED_IMAGE";"https://scontent-lhr8-2.cdninstagram.com/v/t51.82787-15/544805955_18302364679301445_559447590699638282_n.jpg?stp=dst-jpg_e35_tt6&_nc_cat=101&ccb=1-7&_nc_sid=18de74&efg=eyJlZmdfdGFnIjoiRkVFRC5iZXN0X2ltYWdlX3VybGdlbi5DMyJ9&_nc_ohc=1PvrPPLCNCMQ7kNvwHclvmq&_nc_oc=AdlPGA7SCW9AYLYrAEXxuRlrtB0Hvt4dx2K6sGpf1PlT7qqr8bK5Iw-sJNTuE2w1yl4&_nc_zt=23&_nc_ht=scontent-lhr8-2.cdninstagram.com&edm=ANo9K5cEAAAA&_nc_gid=tylR_2p3hANYMdpW2Ipjsw&oh=00_AfjmdRsr39L-NSsc8IVnLeNS5D1H08NT53FqGZse1Q4rTw&oe=6918F4ED";"https://www.instagram.com/p/DObah12AnGN/";"After 15 GPs, Marc Márquez remains comfortably the rider who has led the most laps, with more than 50% of laps completed both in sprints and long races.

#motogp #catalangp #catalunya #montmelo #moto #motorsport #racing #motorcycle";2025-09-10 18:25;"152589";"33380";"2819";"114";"14";"41";2988;"8.95"
"17865998403449921";"FEED_IMAGE";"https://scontent-lhr6-1.cdninstagram.com/v/t51.82787-15/544878976_18302340508301445_238806265568517945_n.jpg?stp=dst-jpg_e35_tt6&_nc_cat=102&ccb=1-7&_nc_sid=18de74&efg=eyJlZmdfdGFnIjoiRkVFRC5iZXN0X2ltYWdlX3VybGdlbi5DMyJ9&_nc_ohc=UdlAR1_ctM0Q7kNvwHOa5Mp&_nc_oc=Adlf7K0UxL8se0vsviFXVRn3NOoVYmu8FFSP1k3pPPN9rIPWcPrcVYwSszgKst8FZro&_nc_zt=23&_nc_ht=scontent-lhr6-1.cdninstagram.com&edm=ANo9K5cEAAAA&_nc_gid=tylR_2p3hANYMdpW2Ipjsw&oh=00_AfiqaG3Zqwo3qGrhthg47By2hW7YDo3nyWZg7uVRkLoEOw&oe=69191E32";"https://www.instagram.com/p/DOa_92DAucS/";"Both Pecco and Maverick started from the back of the grid, but that didn't stop them from making a good comeback to finish in the points.

#motogp #catalangp #catalunya #montmelo #moto #motorsport #racing #motorcycle";2025-09-10 14:33;"38085";"7992";"720";"14";"8";"2";744;"9.31"
"18085692151847109";"FEED_IMAGE";"https://scontent-lhr8-1.cdninstagram.com/v/t51.82787-15/543674532_18302224885301445_6989799225569213829_n.jpg?stp=dst-jpg_e35_tt6&_nc_cat=107&ccb=1-7&_nc_sid=18de74&efg=eyJlZmdfdGFnIjoiRkVFRC5iZXN0X2ltYWdlX3VybGdlbi5DMyJ9&_nc_ohc=5uyEFAB5fk0Q7kNvwGx5ryA&_nc_oc=AdlSlTQJLIBkKYqnImxL-kyHwRrslPnBzOlHNBm-PxU8RItKZgQtUpgckqLwU4sT5QQ&_nc_zt=23&_nc_ht=scontent-lhr8-1.cdninstagram.com&edm=ANo9K5cEAAAA&_nc_gid=g1ELbodBQk1trr9FJbGydA&oh=00_AfjDRi1tnUH-RcQZjcwuUvMk3HsOB9XTkuFpQBPOiKXixQ&oe=6917CDBD";"https://www.instagram.com/p/DOYYbfwggFr/";"Since Motorland, Zarco has had practically as many crashes as points scored, a truly devastating statistic.

#motogp #catalangp #catalunya #montmelo #moto #motorsport #racing #motorcycle";2025-09-09 14:09;"73449";"25585";"3047";"65";"25";"111";3248;"12.69"
"18085310182708649";"FEED_IMAGE";"https://scontent-lhr8-1.cdninstagram.com/v/t51.82787-15/542312436_18302138242301445_3442869711321787587_n.jpg?stp=dst-jpg_e35_tt6&_nc_cat=107&ccb=1-7&_nc_sid=18de74&efg=eyJlZmdfdGFnIjoiRkVFRC5iZXN0X2ltYWdlX3VybGdlbi5DMyJ9&_nc_ohc=6tfJQjKYB7QQ7kNvwF8LA3g&_nc_oc=Adk7rFJshGOZ2msG--dv_GuWaGx6W0-JGFzFkJSS5OabXk7nxd8oqMmR1X0zGAfC300&_nc_zt=23&_nc_ht=scontent-lhr8-1.cdninstagram.com&edm=ANo9K5cEAAAA&_nc_gid=KLidQPUBn8qSfiTyEtQSFg&oh=00_Afi-dlfq8p55sg-XAL6bXufp89-61VIMMmpEnGuRjtGwWw&oe=6916828F";"https://www.instagram.com/p/DOWSp2Sgkul/";"Seems hard to believe, but the last time Marc didn't win a race was over 100 days ago, on May 27 at Silverstone when Bezz won. And of course, it had to be another Márquez who broke this streak 😅

#motogp #catalangp #catalunya #montmelo #moto #motorsport #racing #motorcycle";2025-09-08 18:40;"69333";"22624";"3921";"133";"15";"53";4122;"18.22"
"18063741350349843";"FEED_IMAGE";"https://scontent-lhr6-2.cdninstagram.com/v/t51.82787-15/542333714_18302110483301445_3206999981881212602_n.jpg?stp=dst-jpg_e35_tt6&_nc_cat=105&ccb=1-7&_nc_sid=18de74&efg=eyJlZmdfdGFnIjoiRkVFRC5iZXN0X2ltYWdlX3VybGdlbi5DMyJ9&_nc_ohc=JDePWB2UQTEQ7kNvwE5XHG6&_nc_oc=AdmVUuI6hdPBYSf1GjxvIHhNBTYCa0cKNISuWMY9q4pK-R-2zO2-1kAeaRE8Uv0-ngI&_nc_zt=23&_nc_ht=scontent-lhr6-2.cdninstagram.com&edm=ANo9K5cEAAAA&_nc_gid=KLidQPUBn8qSfiTyEtQSFg&oh=00_AfhXLoLt6AzF1Of72IrJWHebdc9VT7OA92zSDyrCFZkXlg&oe=691675D7";"https://www.instagram.com/p/DOVx_BTgqTJ/";"Alex is your ROTGP in one of the closest votes of the season!

#motogp #catalangp #catalunya #montmelo #moto #motorsport #racing #motorcycle";2025-09-08 13:55;"23230";"5662";"434";"12";"2";;448;"7.91"
"18072007139136330";"FEED_IMAGE";"https://scontent-lhr6-1.cdninstagram.com/v/t51.82787-15/541987199_18302011573301445_1179116102478079222_n.jpg?stp=dst-jpg_e35_tt6&_nc_cat=109&ccb=1-7&_nc_sid=18de74&efg=eyJlZmdfdGFnIjoiRkVFRC5iZXN0X2ltYWdlX3VybGdlbi5DMyJ9&_nc_ohc=93ZqDlrV_XsQ7kNvwEtSTWA&_nc_oc=AdlOPp36bwSsZjE7TGTkqSm5V3hYnU5T2MmF_w29N-eh0eU5oth5WG5_viF6ch3k3qg&_nc_zt=23&_nc_ht=scontent-lhr6-1.cdninstagram.com&edm=ANo9K5cEAAAA&_nc_gid=OkOVOSpnEg3w_XNm58XH1A&oh=00_AfjYzynnL0zwpjkAFxPi6X8mM97XuphVOgrYFYGrRROgsQ&oe=6914C956";"https://www.instagram.com/p/DOTgY4mAgo4/";"Only one Grand Prix has passed since Guenther Steiner announced his acquisition of the Tech3 team, and one of his drivers has already secured a podium finish. The Steiner effect is real!

#motogp #catalangp #catalunya #montmelo #moto #motorsport #racing #motorcycle";2025-09-07 16:42;"26700";"6916";"782";"27";"2";"19";830;"12"
"18057302492575540";"FEED_IMAGE";"https://scontent-lhr6-1.cdninstagram.com/v/t51.82787-15/542760355_18301999048301445_7070208805226519696_n.jpg?stp=dst-jpg_e35_tt6&_nc_cat=110&ccb=1-7&_nc_sid=18de74&efg=eyJlZmdfdGFnIjoiRkVFRC5iZXN0X2ltYWdlX3VybGdlbi5DMyJ9&_nc_ohc=Kul3FpxfZjIQ7kNvwE1C67a&_nc_oc=Adnh66uVdbrpC7UrsLgdoXT4kj4mGm6BTaa08MztmK1F0aI27StzrMvxzvQeQ7qEesc&_nc_zt=23&_nc_ht=scontent-lhr6-1.cdninstagram.com&edm=ANo9K5cEAAAA&_nc_gid=OkOVOSpnEg3w_XNm58XH1A&oh=00_Afgx2JZW7793vNGR6jeVpomM6u5kO3sGm8AmjwPhcz0GQQ&oe=6914E19D";"https://www.instagram.com/p/DOTSsujgsfB/";"Alex redeems himself after yesterday's sprint and wins his second MotoGP race

#motogp #catalangp #catalunya #montmelo #moto #motorsport #racing #motorcycle";2025-09-07 14:43;"36169";"8904";"692";"14";"5";"24";735;"8.25"
"18066094928212973";"FEED_IMAGE";"https://scontent-lhr6-1.cdninstagram.com/v/t51.82787-15/544059079_18301900879301445_1971573704268698455_n.jpg?stp=dst-jpg_e35_tt6&_nc_cat=109&ccb=1-7&_nc_sid=18de74&efg=eyJlZmdfdGFnIjoiRkVFRC5iZXN0X2ltYWdlX3VybGdlbi5DMyJ9&_nc_ohc=4HV7mFcH8xwQ7kNvwH1g36D&_nc_oc=Adlhj9HkIP0YTXXhYZWVIVnFwlHtIslpYwrn86PcVdu4NHOd5IKpqrmb9emg3jp5BLs&_nc_zt=23&_nc_ht=scontent-lhr6-1.cdninstagram.com&edm=ANo9K5cEAAAA&_nc_gid=1hj6mTv263QnvVr-pOaoLQ&oh=00_AfiEleUi698gzF0HdNgpx_9VdYOiJe6RjwXqBow2gE43lw&oe=69143A18";"https://www.instagram.com/p/DORI0Bmgk7_/";"It's not mathematical yet, but seeing as Marc never fails and Alex is dropping points in every GP, it's only a matter of time before his brother wins his ninth world title with practically a third of the season still to go.

#motogp #catalangp #catalunya #montmelo #moto #motorsport #racing #motorcycle";2025-09-06 18:38;"268273";"65243";"6615";"148";"38";"35";6836;"10.48"
"18063247832585134";"FEED_IMAGE";"https://scontent-lhr6-2.cdninstagram.com/v/t51.82787-15/544487286_18301879447301445_4437709543300416143_n.jpg?stp=dst-jpg_e35_tt6&_nc_cat=105&ccb=1-7&_nc_sid=18de74&efg=eyJlZmdfdGFnIjoiRkVFRC5iZXN0X2ltYWdlX3VybGdlbi5DMyJ9&_nc_ohc=_Wku-AryW6wQ7kNvwGHXYSR&_nc_oc=AdmVsd-GscilqhQn-IxAQuSvDYgi8iQrRj9bYY8bn3sgvLIwhbYSf_ESiz-KhZCJyJg&_nc_zt=23&_nc_ht=scontent-lhr6-2.cdninstagram.com&edm=ANo9K5cEAAAA&_nc_gid=1hj6mTv263QnvVr-pOaoLQ&oh=00_AfgsqvSspfNqpDnGbwZnjCdZpI7fUEWy9k-BxQu2CgZ9eQ&oe=691426E9";"https://www.instagram.com/p/DOQynXNgu9J/";"Everything continues as usual and Marc wins another sprint!

#motogp #catalangp #catalunya #montmelo #moto #motorsport #racing #motorcycle";2025-09-06 15:24;"37409";"10121";"606";"12";"3";"11";632;"6.24"
"17923860267111761";"FEED_IMAGE";"https://scontent-lhr6-2.cdninstagram.com/v/t51.82787-15/542865110_18301869097301445_3454644714174807474_n.jpg?stp=dst-jpg_e35_tt6&_nc_cat=100&ccb=1-7&_nc_sid=18de74&efg=eyJlZmdfdGFnIjoiRkVFRC5iZXN0X2ltYWdlX3VybGdlbi5DMyJ9&_nc_ohc=1AuaBvzASp8Q7kNvwFDq8wW&_nc_oc=AdkZXhBHNHLhRCI9aXcYC_lf5ytcLR7rslXSYvrzOXSG4KJeODY1PE0M10xq9PzLMtM&_nc_zt=23&_nc_ht=scontent-lhr6-2.cdninstagram.com&edm=ANo9K5cEAAAA&_nc_gid=1hj6mTv263QnvVr-pOaoLQ&oh=00_AfjmuAUXiJte5IWGDlSpn_gd29UOTuESP5q0L3LerEo2ow&oe=69145863";"https://www.instagram.com/p/DOQkbiBAmkL/";"Another remarkable save by Marc Márquez during his final attempt for the fastest lap 🤯🤯

#motogp #catalangp #catalunya #montmelo #moto #motorsport #racing #motorcycle";2025-09-06 13:20;"224339";"33829";"4617";"254";"17";"580";5468;"16.16"
"18058731071614567";"FEED_IMAGE";"https://scontent-lhr6-2.cdninstagram.com/v/t51.82787-15/544986078_18301860661301445_6834264937448850634_n.jpg?stp=dst-jpg_e35_tt6&_nc_cat=104&ccb=1-7&_nc_sid=18de74&efg=eyJlZmdfdGFnIjoiRkVFRC5iZXN0X2ltYWdlX3VybGdlbi5DMyJ9&_nc_ohc=EeLSTXEri2kQ7kNvwECztS_&_nc_oc=Adn1TnqwMNRUXctg8ijoUximsQUN-93VlkahXlUn_n56KizCJrPZkXsFAQWVfIxEf-k&_nc_zt=23&_nc_ht=scontent-lhr6-2.cdninstagram.com&edm=ANo9K5cEAAAA&_nc_gid=1hj6mTv263QnvVr-pOaoLQ&oh=00_AfgNBMjfzem0dYxrMBbQWgszn1iXt_jzlFcvVLHH3g6PyA&oe=691456DA";"https://www.instagram.com/p/DOQYWVagjof/";"1st POLE OF THE YEAR FOR ALEX!

#motogp #catalangp #catalunya #montmelo #moto #motorsport #racing #motorcycle";2025-09-06 11:34;"52656";"8601";"648";"23";"2";"22";695;"8.08"
"18042726080348192";"FEED_IMAGE";"https://scontent-lhr8-1.cdninstagram.com/v/t51.82787-15/540256664_18301410622301445_517616815358554766_n.jpg?stp=dst-jpg_e35_tt6&_nc_cat=108&ccb=1-7&_nc_sid=18de74&efg=eyJlZmdfdGFnIjoiRkVFRC5iZXN0X2ltYWdlX3VybGdlbi5DMyJ9&_nc_ohc=FXZQkpqjuqMQ7kNvwHXr4W6&_nc_oc=Admsd_Cef47Tg8dwkktlgqt9M0Stqrk65uSRPVeAlQML26tS_Lu0onuh39L4a0RfJjQ&_nc_zt=23&_nc_ht=scontent-lhr8-1.cdninstagram.com&edm=ANo9K5cEAAAA&_nc_gid=aCEdl9ZZY1PnX5kOOWrETQ&oh=00_AfjpBMn98_rVfKcOGSsCjv0JDAjaepXZKewYJfqhoLvbhw&oe=690E139A";"https://www.instagram.com/p/DOGYNdogmcL/";"There are only two seats left to be officially confirmed for next year 😯

#motogp #catalangp #catalunya #montmelo #moto #motorsport #racing #motorcycle";2025-09-02 14:21;"120878";"31379";"2066";"105";"39";"84";2294;"7.31"
"17957299277989791";"FEED_IMAGE";"https://scontent-lhr8-2.cdninstagram.com/v/t51.82787-15/542172721_18301268257301445_5933714870910326057_n.jpg?stp=dst-jpg_e35_tt6&_nc_cat=101&ccb=1-7&_nc_sid=18de74&efg=eyJlZmdfdGFnIjoiRkVFRC5iZXN0X2ltYWdlX3VybGdlbi5DMyJ9&_nc_ohc=8gX69DLwI08Q7kNvwEU4IZS&_nc_oc=Adk3Zn9SKvJGiWEaHC4Vm-H83Pru8_KCJZQITXIonqwqChDLQbDjWgHSS5XjjZGEsrA&_nc_zt=23&_nc_ht=scontent-lhr8-2.cdninstagram.com&edm=ANo9K5cEAAAA&_nc_gid=m2awH2Yv-ezSztYtx-2qxw&oh=00_AfiSvcCkw0ibAD-oUGg-9hYEjQ9Awk_TG4m01hiFALCDuQ&oe=690CB905";"https://www.instagram.com/p/DODRlVmgoFZ/";"🚨 OFFICIAL 🚨
Zarco will be an LCR rider for the next two years, while the current Honda Catrol duo will continue until 2026.

#motogp #catalangp #catalunya #montmelo #moto #motorsport #racing #motorcycle";2025-09-01 09:25;"29183";"5888";"653";"7";;"4";664;"11.28"
"18074841341511045";"FEED_CAROUSEL_ALBUM";"https://scontent-lhr8-1.cdninstagram.com/v/t51.82787-15/540694201_18301174075301445_2086521989219226259_n.jpg?stp=dst-jpg_e35_tt6&_nc_cat=107&ccb=1-7&_nc_sid=18de74&efg=eyJlZmdfdGFnIjoiQ0FST1VTRUxfSVRFTS5iZXN0X2ltYWdlX3VybGdlbi5DMyJ9&_nc_ohc=JqpOy5cgrfsQ7kNvwHGy09G&_nc_oc=AdkTa29r3huh8j9IlM9o5pBYWqO9vSK3nsIEgczZMGNr8qze6AmCPWFoagKonyfPhF8&_nc_zt=23&_nc_ht=scontent-lhr8-1.cdninstagram.com&edm=ANo9K5cEAAAA&_nc_gid=I9H01VPACDEDGv6usxD9gA&oh=00_AfcQKueLJsJCvqbEtzCGK2m0LlFMTCl9B_2Zwu__iNdLFw&oe=690B7D2C";"https://www.instagram.com/p/DOBNnU9AsML/";"""El Parce"" is currently the 4th rider in the world championship with the most victories at just 19 years old. What talent awaits MotoGP in the upcoming years!

#motogp #hungariangp #hungary #balatonpark #moto #motorsport #racing #motorcycle";2025-08-31 14:12;"79238";"16647";"2346";"86";"13";"67";2512;"15.09"
"18103782421518268";"FEED_CAROUSEL_ALBUM";"https://scontent-lhr6-1.cdninstagram.com/v/t51.82787-15/540195931_18301060279301445_8292284291549122956_n.jpg?stp=dst-jpg_e35_tt6&_nc_cat=109&ccb=1-7&_nc_sid=18de74&efg=eyJlZmdfdGFnIjoiQ0FST1VTRUxfSVRFTS5iZXN0X2ltYWdlX3VybGdlbi5DMyJ9&_nc_ohc=QVfakEk2AN0Q7kNvwHZBbSG&_nc_oc=Adm4VVjUgfBQKVzsmwkcW3JpCwp2qi3VSmFXe-FDS9_CP5YNqKBQ-wqIxvvIMIE6SKY&_nc_zt=23&_nc_ht=scontent-lhr6-1.cdninstagram.com&edm=ANo9K5cEAAAA&_nc_gid=EiGbTBPHFyPA52OBoccujw&oh=00_AfdQft6a6hr7wZG9SBDOTp2NyEwuZTLYTYzf9c1IWv32tw&oe=690A72FB";"https://www.instagram.com/p/DN-yjBGAnuX/";"These are the riders who scored the most points during the Austro-Hungarian double-header 🇦🇹🇭🇺

#motogp #hungariangp #hungary #balatonpark #moto #motorsport #racing #motorcycle #squidgame";2025-08-30 15:37;"84320";"9362";"966";"28";"2";"6";1002;"10.7"
"18081728764737199";"FEED_IMAGE";"https://scontent-lhr8-2.cdninstagram.com/v/t51.82787-15/541034982_18300932101301445_8541953382193115445_n.jpg?stp=dst-jpg_e35_tt6&_nc_cat=104&ccb=1-7&_nc_sid=18de74&efg=eyJlZmdfdGFnIjoiRkVFRC5iZXN0X2ltYWdlX3VybGdlbi5DMyJ9&_nc_ohc=wLmmRw9cTsYQ7kNvwEjUnuL&_nc_oc=AdnbCXs8mUtLVzGhh-EEbaDGI6yMJXoCziug86QslGff26DHRERBM7jm5xrX9Z4KPIk&_nc_zt=23&_nc_ht=scontent-lhr8-2.cdninstagram.com&edm=ANo9K5cEAAAA&_nc_gid=HTIQ0N9_JazmX44oI7Zcdg&oh=00_Afc2cnMYWk6Yw8jVCb26BYRb2YZWrnmB0XyccJpTpwzn1Q&oe=69089C55";"https://www.instagram.com/p/DN7_0siAvB_/";"With the last GP finished, Zarco, Fermín, and the two Fabios lost any mathematical chance of winning the championship with eight races still to go. Only six riders remain in contention for the world title, and there could be only two left after Catalonia...

#motogp #hungariangp #hungary #balatonpark #moto #motorsport #racing #motorcycle #squidgame";2025-08-29 13:35;"217249";"78381";"4751";"254";"71";"232";5308;"6.77"
"18042116750356431";"FEED_IMAGE";"https://scontent-lhr8-2.cdninstagram.com/v/t51.82787-15/539183556_18300827119301445_1253089320715622358_n.jpg?stp=dst-jpg_e35_tt6&_nc_cat=101&ccb=1-7&_nc_sid=18de74&efg=eyJlZmdfdGFnIjoiRkVFRC5iZXN0X2ltYWdlX3VybGdlbi5DMyJ9&_nc_ohc=2Tibf4TYrCcQ7kNvwHDXnyQ&_nc_oc=AdkLac1_LFa-Sg6_IVpxu1Gvbu34qteZdLlROBHyjgAFrEhz6KwSvJT37U4j14j1_YM&_nc_zt=23&_nc_ht=scontent-lhr8-2.cdninstagram.com&edm=ANo9K5cEAAAA&_nc_gid=PYsaRoSQk29R6vVa9sYXOw&oh=00_AffTVbDfaUBLz_D6DBK-ImyywcUXZ7bD6tuqB_raVlsmag&oe=69078ED5";"https://www.instagram.com/p/DN5jpFKgomS/";"Oliveira has been one of the victims of the verbal agreement between Miller and Pramac to stay with Yamaha for another year. There have been rumors that Miguel could end up as a test rider for Aprilia, to which the Portuguese rider has responded that he wants to continue racing but is open to anything. Where will the 88 finally end up?

#motogp #hungariangp #hungary #balatonpark #moto #motorsport #racing #motorcycle";2025-08-28 14:50;"543944";"173864";"6284";"319";"160";"408";7171;"4.12"
"18133574293452993";"FEED_IMAGE";"https://scontent-lhr6-1.cdninstagram.com/v/t51.82787-15/539470112_18300732559301445_133926320063590999_n.jpg?stp=dst-jpg_e35_tt6&_nc_cat=102&ccb=1-7&_nc_sid=18de74&efg=eyJlZmdfdGFnIjoiRkVFRC5iZXN0X2ltYWdlX3VybGdlbi5DMyJ9&_nc_ohc=mB8x_7HyAD0Q7kNvwFlqyDo&_nc_oc=Adkegy_KuycFzeVaUafE3fvwQIxfVEpjTGTbz49tokMNo05FG_O3t-bLauzWE-iTpYA&_nc_zt=23&_nc_ht=scontent-lhr6-1.cdninstagram.com&edm=ANo9K5cEAAAA&_nc_gid=E-2eDZKWpnoGBRlFCi4nnw&oh=00_AfceO_QHsjMYO5Y2acYucaxx00kpWExKKi1r8M5deyum5g&oe=690643D5";"https://www.instagram.com/p/DN3R6-txAos/";"According to ChatGPT, these are the four eras of MotoGP that it recognizes throughout this century. It also adds a fifth era called the Neo-Márquez Era, due to the dominance that the Spanish rider is showing this year 😯

#motogp #hungariangp #hungary #balatonpark #moto #motorsport #racing #motorcycle";2025-08-27 17:37;"816358";"267485";"30011";"2147";"355";"1928";34441;"12.88"
"18186027718322603";"FEED_IMAGE";"https://scontent-lhr6-2.cdninstagram.com/v/t51.82787-15/539560195_18300714982301445_1977343541635253668_n.jpg?stp=dst-jpg_e35_tt6&_nc_cat=100&ccb=1-7&_nc_sid=18de74&efg=eyJlZmdfdGFnIjoiRkVFRC5iZXN0X2ltYWdlX3VybGdlbi5DMyJ9&_nc_ohc=kxxzrAUpDE4Q7kNvwHPh_HB&_nc_oc=AdkUSuwv8yT9NxaxgVyPO--V3CTB42Uob5XDL8Li9cU5Oj4FHzbht4Qcb2rxh9D5gmA&_nc_zt=23&_nc_ht=scontent-lhr6-2.cdninstagram.com&edm=ANo9K5cEAAAA&_nc_gid=E-2eDZKWpnoGBRlFCi4nnw&oh=00_Afc63k5MRWTCyVDLioUBuprp1M8s091opUZBYNs37adBHg&oe=69063309";"https://www.instagram.com/p/DN29Wg9RHeA/";"With the win in Hungary last weekend there are now only 2 circuits where Marc Márquez has not yet been able to conquer the victory 🥶

#motogp #hungariangp #hungary #balatonpark #moto #motorsport #racing #motorcycle";2025-08-27 14:37;"46468";"10929";"1440";"36";"5";"16";1497;"13.7"
"18129384130454182";"FEED_IMAGE";"https://scontent-lhr8-1.cdninstagram.com/v/t51.82787-15/538780217_18300593122301445_8452585578817930206_n.jpg?stp=dst-jpg_e35_tt6&_nc_cat=108&ccb=1-7&_nc_sid=18de74&efg=eyJlZmdfdGFnIjoiRkVFRC5iZXN0X2ltYWdlX3VybGdlbi5DMyJ9&_nc_ohc=KRMBzVgkql8Q7kNvwE3eB8s&_nc_oc=AdlMjoKIaWOlMgOkOCIMYiRsgOrC07qCpPsfSl6Qa6HTc41z3u-PzdaLziZa9g5woXU&_nc_zt=23&_nc_ht=scontent-lhr8-1.cdninstagram.com&edm=ANo9K5cEAAAA&_nc_gid=y6EkNaYAVH3DW1jbmNMHvw&oh=00_AffXQs9i4ymI_rq_MgOslVyBZCy0woNQ79Yi-uov28CNwQ&oe=6904CD92";"https://www.instagram.com/p/DN0RKqTRPrp/";"🚨 BREAKING NEWS 🚨
Pending official confirmation, Jack Miller will be Toprak's teammate at Pramac in 2026, according to @motorsportcom. As for the other candidates, Oliveira, despite having a contract, will not continue with the satellite team due to a clause in his contract, while Manu González will remain with Intact GP.

#motogp #hungariangp #hungary #balatonpark #moto #motorsport #racing #motorcycle";2025-08-26 13:33;"272885";"142483";"9484";"159";"71";"659";10373;"7.28"
"17844439608547680";"FEED_IMAGE";"https://scontent-lhr6-2.cdninstagram.com/v/t51.82787-15/538993573_18300489241301445_7049306772784334901_n.jpg?stp=dst-jpg_e35_tt6&_nc_cat=100&ccb=1-7&_nc_sid=18de74&efg=eyJlZmdfdGFnIjoiRkVFRC5iZXN0X2ltYWdlX3VybGdlbi5DMyJ9&_nc_ohc=j_oqCwdHvm4Q7kNvwHGAYtl&_nc_oc=AdmK3qEWhksMjVfqU1WUlOtp-RmfGiBIPWGboejcnGqucWiVt3-OWq1UJddxNeI937c&_nc_zt=23&_nc_ht=scontent-lhr6-2.cdninstagram.com&edm=ANo9K5cEAAAA&_nc_gid=1iJRfwf08apb0WVTAreAlA&oh=00_Affrnb6PftVlAcyaOgwrZOpZjsy8MDYtZnMtme9ZlDRiRg&oe=69034254";"https://www.instagram.com/p/DNx0qMHRFi4/";"🚨 BREAKING NEWS 🚨
Franco Morbidelli announced in the post-sprint interview on Sky Sports that he had renewed with VR46, with only the official signature remaining. He confirmed this after the interviewer asked him what had happened to see this version of Morbi again that we saw in 2020, and perhaps he spoke more than he should have 😅

#motogp #hungariangp #hungary #balatonpark #moto #motorsport #racing #motorcycle";2025-08-25 14:45;"196539";"91192";"5313";"91";"50";"243";5697;"6.25"
"18080311205504773";"FEED_IMAGE";"https://scontent-lhr6-1.cdninstagram.com/v/t51.82787-15/538836205_18300481243301445_3353248443283245129_n.jpg?stp=dst-jpg_e35_tt6&_nc_cat=110&ccb=1-7&_nc_sid=18de74&efg=eyJlZmdfdGFnIjoiRkVFRC5iZXN0X2ltYWdlX3VybGdlbi5DMyJ9&_nc_ohc=iF7MsArAOgAQ7kNvwEyoJ82&_nc_oc=AdkkTXWxu_5FCcz3pHcW6S7j1EoPl55woaAc3DsSpHqojeU2nCzBn5k6BIFXbBCrEPo&_nc_zt=23&_nc_ht=scontent-lhr6-1.cdninstagram.com&edm=ANo9K5cEAAAA&_nc_gid=1iJRfwf08apb0WVTAreAlA&oh=00_Affp1iT3F5HzIKAGojxVbrr5v2A9A9OBQNOGuSYotR0p5w&oe=690356B6";"https://www.instagram.com/p/DNxrPTpxDhI/";"First ROGP for Jorge Martín, who is gradually recovering from his injuries 🙌

#motogp #hungariangp #hungary #balatonpark #moto #motorsport #racing #motorcycle";2025-08-25 13:23;"467362";"268473";"9182";"224";"33";"41";9480;"3.53"
"17913552330186419";"FEED_IMAGE";"https://scontent-lhr8-2.cdninstagram.com/v/t51.82787-15/538416173_18300407008301445_2584602911767237435_n.jpg?stp=dst-jpg_e35_tt6&_nc_cat=101&ccb=1-7&_nc_sid=18de74&efg=eyJlZmdfdGFnIjoiRkVFRC5iZXN0X2ltYWdlX3VybGdlbi5DMyJ9&_nc_ohc=hyNLObpCyGcQ7kNvwF6xCPe&_nc_oc=Adn2Qz_wXZzENgLKVW-QJYuAvytkGaVNTLL3tDocYGGKmONzG-YpR_oA8CsPt5B7IVA&_nc_zt=23&_nc_ht=scontent-lhr8-2.cdninstagram.com&edm=ANo9K5cEAAAA&_nc_gid=yZ7ZQmZfcOAkkP6bMQB4kQ&oh=00_Afc47CkPkMbAYkktEHEgT7ib1sOZjycuHQZnngBtlX_iYQ&oe=690221CB";"https://www.instagram.com/p/DNvy8iXRLQc/";"If we took away all the points Marc Márquez has earned in the Sprints, he would still be leading the world championship right now. Speechless!

#motogp #hungariangp #hungary #balatonpark #moto #motorsport #racing #motorcycle";2025-08-24 19:52;"302041";"73730";"6819";"220";"7";"166";7212;"9.78"
"17845307262556319";"FEED_IMAGE";"https://scontent-lhr8-1.cdninstagram.com/v/t51.82787-15/539382049_18300373171301445_4765923827865426065_n.jpg?stp=dst-jpg_e35_tt6&_nc_cat=107&ccb=1-7&_nc_sid=18de74&efg=eyJlZmdfdGFnIjoiRkVFRC5iZXN0X2ltYWdlX3VybGdlbi5DMyJ9&_nc_ohc=0j7YKwSliqQQ7kNvwGDLIfk&_nc_oc=Adn34pMNhQQ7kPBuNXBQwiObh5uue7zGq01mKUDHTOOtP3DY7Scs7ODAQWEVGZyF-70&_nc_zt=23&_nc_ht=scontent-lhr8-1.cdninstagram.com&edm=ANo9K5cEAAAA&_nc_gid=yZ7ZQmZfcOAkkP6bMQB4kQ&oh=00_Afet_QQJ8Rx8x0LDYO0vsrGcYkNubpXUR_azNeUUkPPtRw&oe=690210B6";"https://www.instagram.com/p/DNvP6fxRJIn/";"Another win for Marc Márquez this time in a new circuit.

#motogp #austriangp #austria #spielberg #moto #motorsport #racing #motorcycle";2025-08-24 14:46;"34194";"8451";"944";"19";"11";"10";984;"11.64"
"18050812016534877";"FEED_IMAGE";"https://scontent-lhr6-1.cdninstagram.com/v/t51.82787-15/538946624_18300272776301445_2939572155717473652_n.jpg?stp=dst-jpg_e35_tt6&_nc_cat=110&ccb=1-7&_nc_sid=18de74&efg=eyJlZmdfdGFnIjoiRkVFRC5iZXN0X2ltYWdlX3VybGdlbi5DMyJ9&_nc_ohc=f0v-6_ROqe8Q7kNvwH0npz1&_nc_oc=AdnGPLNdWxf9WzPLji6D8SZ-2nkJgDonvfQc4yfUkeEew7DuoebWuJ1Daerqf3dhQpE&_nc_zt=23&_nc_ht=scontent-lhr6-1.cdninstagram.com&edm=ANo9K5cEAAAA&_nc_gid=CbsaQJ1No2dLha4iJ3l4Pg&oh=00_AffTJVgPrqji2UCl6hqkANzO4Zc7OrSZie9l-5ugSWEuPw&oe=6900CC6D";"https://www.instagram.com/p/DNtBWmjRImn/";"Superb performance by the two official Hondas, which seem to be gradually closing in on the leading positions.

#motogp #hungariangp #hungary #balaton #moto #motorsport #racing #motorcycle";2025-08-23 18:00;"21843";"4451";"313";"6";;"1";320;"7.19"
"17896122087274299";"FEED_IMAGE";"https://scontent-lhr6-1.cdninstagram.com/v/t51.82787-15/537503994_18300257746301445_7531262211857887902_n.jpg?stp=dst-jpg_e35_tt6&_nc_cat=110&ccb=1-7&_nc_sid=18de74&efg=eyJlZmdfdGFnIjoiRkVFRC5iZXN0X2ltYWdlX3VybGdlbi5DMyJ9&_nc_ohc=4Q1oJHSRtZAQ7kNvwFpHpGh&_nc_oc=AdkkCBaBxM9QZsnAEomwau8ULPK29a0tgJyh2GYyubRnGLczjOdm0dG3gXbdgJFYpAo&_nc_zt=23&_nc_ht=scontent-lhr6-1.cdninstagram.com&edm=ANo9K5cEAAAA&_nc_gid=CbsaQJ1No2dLha4iJ3l4Pg&oh=00_Afe-N_Hk6MB0C6eg5vMLGvKyDX-mNO_0EMaCDq0fvaDecw&oe=6900AB58";"https://www.instagram.com/p/DNsx-e8RCEi/";"That makes it 13 sprint victories this season for the alien. Simply impressive.

#motogp #austriangp #austria #spielberg #moto #motorsport #racing #motorcycle";2025-08-23 15:46;"43754";"12919";"1687";"44";"10";"4";1745;"13.51"
"18522218806037542";"FEED_IMAGE";"https://scontent-lhr6-2.cdninstagram.com/v/t51.82787-15/538977263_18300256072301445_2044907096552486191_n.jpg?stp=dst-jpg_e35_tt6&_nc_cat=105&ccb=1-7&_nc_sid=18de74&efg=eyJlZmdfdGFnIjoiRkVFRC5iZXN0X2ltYWdlX3VybGdlbi5DMyJ9&_nc_ohc=RAYjFAFMjrEQ7kNvwFSrNce&_nc_oc=AdlwCJ5vzZQxVbRJ5RlDEv4NnRDCfRUWkgGrcNR2Gz2eFQ0n94QNPk0Gf6QAT9czSfU&_nc_zt=23&_nc_ht=scontent-lhr6-2.cdninstagram.com&edm=ANo9K5cEAAAA&_nc_gid=CbsaQJ1No2dLha4iJ3l4Pg&oh=00_AffSPvGiKetpUPUO_fOnu_k-n_5uakQwj4LuboHe_FJWzA&oe=6900D035";"https://www.instagram.com/p/DNsvi4eRC8K/";"Sprint results.

#motogp #hungariangp #hungary #balatonpark #moto";2025-08-23 15:24;"37945";"9453";"516";"13";"2";"6";537;"5.68"
"18023149151722451";"FEED_IMAGE";"https://scontent-lhr6-2.cdninstagram.com/v/t51.82787-15/536312980_18300151537301445_7200660443321792452_n.jpg?stp=dst-jpg_e35_tt6&_nc_cat=105&ccb=1-7&_nc_sid=18de74&efg=eyJlZmdfdGFnIjoiRkVFRC5iZXN0X2ltYWdlX3VybGdlbi5DMyJ9&_nc_ohc=HhCx46vVXL4Q7kNvwEUUWx1&_nc_oc=AdnHZhiRfeJ1EREU9MUUcAH1Vg8tZ8LvBrlTiJStmlEIcP62n_zRxS-C15XSkhiXR5o&_nc_zt=23&_nc_ht=scontent-lhr6-2.cdninstagram.com&edm=ANo9K5cEAAAA&_nc_gid=qs8xRpr6ryfMa0zLJ2HT4Q&oh=00_AfeSDKAqF5pB0kNvMk1MIUonALGBzHAZBGNxnxrBI1THQA&oe=68FF603C";"https://www.instagram.com/p/DNqTTDhi5GK/";"Jorge Martín missed out on Q2 by just 1 thousandth of a second, a hard blow for the Spanish rider who is still adapting to the Aprilia.

#motogp #hungariangp #hungary #balatonpark #moto";2025-08-22 16:39;"54197";"15743";"1454";"49";"8";"4";1515;"9.62"
"18069012226898244";"FEED_IMAGE";"https://scontent-lhr8-1.cdninstagram.com/v/t51.82787-15/537228883_18300147595301445_5138511077982701983_n.jpg?stp=dst-jpg_e35_tt6&_nc_cat=107&ccb=1-7&_nc_sid=18de74&efg=eyJlZmdfdGFnIjoiRkVFRC5iZXN0X2ltYWdlX3VybGdlbi5DMyJ9&_nc_ohc=weZA57dysEwQ7kNvwFPBjE4&_nc_oc=AdkUQE3FMyEDQ_776kkWahWmyAyl6mrzMycpsp-ZHj4ylKa834WZZFfTJcJ9_Q-dr7Y&_nc_zt=23&_nc_ht=scontent-lhr8-1.cdninstagram.com&edm=ANo9K5cEAAAA&_nc_gid=qs8xRpr6ryfMa0zLJ2HT4Q&oh=00_AffBI7iyTYN0yxJgE4VZdBsJao6I51x0rY-0JmvAwHzoKA&oe=68FF54CF";"https://www.instagram.com/p/DNqPf2YC4xI/";"Top 10 in Hungary

#motogp #hungariangp #hungary #balatonpark #moto";2025-08-22 16:06;"35418";"7054";"474";"11";"5";"2";492;"6.97"
"18068449543946184";"FEED_IMAGE";"https://scontent-lhr8-2.cdninstagram.com/v/t51.82787-15/535859153_18299353726301445_6319117255531599158_n.jpg?stp=dst-jpg_e35_tt6&_nc_cat=106&ccb=1-7&_nc_sid=18de74&efg=eyJlZmdfdGFnIjoiRkVFRC5iZXN0X2ltYWdlX3VybGdlbi5DMyJ9&_nc_ohc=BTmcwk_UI1EQ7kNvwH22VMh&_nc_oc=AdnaWtFKqgJmb1t_XnyImj8H6Utiw3OiJcB_BkT6wujiFbgP8Xsngyul-jM5CNE12Bs&_nc_zt=23&_nc_ht=scontent-lhr8-2.cdninstagram.com&edm=ANo9K5cEAAAA&_nc_gid=T5xI1wZbfKQBWv4GCDX-jg&oh=00_AfdA-tek2yBsBU5wykgzDMOpt93dZ7RXscK2yOyKKo7xMA&oe=68FCE492";"https://www.instagram.com/p/DNk31MPCxnk/";"In his latest interview with Diario AS, Martín made a strong statement about his opinion of the two MotoGP legends 👀

#motogp #hungariangp #hungary #balatonpark #moto";2025-08-20 14:03;"250998";"131054";"4000";"239";"503";"36";4778;"3.65"
"18120136954489659";"FEED_IMAGE";"https://scontent-lhr6-2.cdninstagram.com/v/t51.82787-15/536465893_18299247742301445_2701218151533533114_n.jpg?stp=dst-jpg_e35_tt6&_nc_cat=104&ccb=1-7&_nc_sid=18de74&efg=eyJlZmdfdGFnIjoiRkVFRC5iZXN0X2ltYWdlX3VybGdlbi5DMyJ9&_nc_ohc=n5sAPi9vtAEQ7kNvwH_g-Cz&_nc_oc=Adlapq3Nq90aFNBJ3Zr28y1sKMUHqCjs280ZV2GtqRxIKdpKZF8WVnfUG5lSJa9NH9Q&_nc_zt=23&_nc_ht=scontent-lhr6-2.cdninstagram.com&edm=ANo9K5cEAAAA&_nc_gid=RpxoQkxpRZnIPX4DiwUNUQ&oh=00_AfdvxbsFgDgDfQ0Z6Y-v9ZdiPelQ50YUnKB74oLPEjlwsg&oe=68FB5B34";"https://www.instagram.com/p/DNibjkWCLnn/";"After Marc's first victory in Austria, there are only three circuits left in the MotoGP World Championship where he hasn't yet climbed to the top spot on the podium. Will he also achieve victory this weekend at the new circuit in Hungary?

#motogp #hungariangp #hungary #balatonpark #moto #motorsport";2025-08-19 15:17;"110484";"41775";"5307";"131";"28";"18";5484;"13.13"
"18058800839079323";"FEED_IMAGE";"https://scontent-lhr6-1.cdninstagram.com/v/t51.82787-15/534373596_18299144758301445_7630412258119318185_n.jpg?stp=dst-jpg_e35_tt6&_nc_cat=102&ccb=1-7&_nc_sid=18de74&efg=eyJlZmdfdGFnIjoiRkVFRC5iZXN0X2ltYWdlX3VybGdlbi5DMiJ9&_nc_ohc=4SqKWV-mRrkQ7kNvwE_I3Yt&_nc_oc=AdmuqbyDP1XeZAx-4Q3d7uY05j5wdmBURLTLTTTHCezD6iDs0Aa4fjLIu8U6vijEcOE&_nc_zt=23&_nc_ht=scontent-lhr6-1.cdninstagram.com&edm=ANo9K5cEAAAA&_nc_gid=YfJHA8NmoMOpJMZOjljq6g&oh=00_AfdneNyWtmX203YwMQxF1IkM54TZ-rb7XXFJMGq6DJqs_Q&oe=68FA1330";"https://www.instagram.com/p/DNf_lOYClM5/";"For the first time ever and with an excellent performance Fermín Aldeguer is your Rider of the GP!

#motogp #austriangp #austria #spielberg #moto #motorsport";2025-08-18 16:34;"104177";"59995";"2323";"46";"2";;2371;"3.95"
"18308829028172629";"FEED_IMAGE";"https://scontent-lhr6-1.cdninstagram.com/v/t51.82787-15/535309178_18299128369301445_2126415459282026237_n.jpg?stp=dst-jpg_e35_tt6&_nc_cat=102&ccb=1-7&_nc_sid=18de74&efg=eyJlZmdfdGFnIjoiRkVFRC5iZXN0X2ltYWdlX3VybGdlbi5DMiJ9&_nc_ohc=rzrMX1yP1FgQ7kNvwEDfq3D&_nc_oc=Adm5Whgd7qvH_PLjKCgz8fl7yIZkP0218o0GTSPALj1BNuIejpEkWOYM3dOTUVcgyPM&_nc_zt=23&_nc_ht=scontent-lhr6-1.cdninstagram.com&edm=ANo9K5cEAAAA&_nc_gid=YfJHA8NmoMOpJMZOjljq6g&oh=00_AfeubVDRj1kGi1-InklqAwUFjVpqajJc29eJDRn7fbNQjg&oe=68FA0CEF";"https://www.instagram.com/p/DNfuULhi_nN/";"Last week, there was a rumor that Gigi would contact Miller in Austria to convince him to join Ducati, but in the official Aruba SBK team, replacing Álvaro Bautista. Would you like to see this move happen?

#motogp #austriangp #austria #spielberg #moto #motorsport";2025-08-18 14:03;"212963";"89171";"4435";"180";"117";"9";4741;"5.32"
"17975353220867622";"FEED_CAROUSEL_ALBUM";"https://scontent-lhr6-1.cdninstagram.com/v/t51.82787-15/534764836_18299019844301445_4737122557903362857_n.jpg?stp=dst-jpg_e35_tt6&_nc_cat=110&ccb=1-7&_nc_sid=18de74&efg=eyJlZmdfdGFnIjoiQ0FST1VTRUxfSVRFTS5iZXN0X2ltYWdlX3VybGdlbi5DMyJ9&_nc_ohc=jAonjnwNQv8Q7kNvwGIcZgu&_nc_oc=AdnIyYUNEgktxHB9HY5nnrC0SLekQfTL65S9F2u3xNUh8F_kkOaObPsEYJ3L00uxFcU&_nc_zt=23&_nc_ht=scontent-lhr6-1.cdninstagram.com&edm=ANo9K5cEAAAA&_nc_gid=8G_hhMpgOD0UyQcOzM7hhg&oh=00_AfeGWSsXZIHT8R8_Bkd-ftJd5BecfSJd7wxOCdHrAQoh0w&oe=68F8D942";"https://www.instagram.com/p/DNdSy_4CGyt/";"This was clearly the error in the equation. 😅

#motogp #austriangp #austria #spielberg #moto #motorsport";2025-08-17 15:25;"105824";"30405";"4074";"125";"18";"18";4235;"13.93"
"17848770270536789";"FEED_IMAGE";"https://scontent-lhr6-1.cdninstagram.com/v/t51.82787-15/535440965_18299015545301445_1517169171861249722_n.jpg?stp=dst-jpg_e35_tt6&_nc_cat=110&ccb=1-7&_nc_sid=18de74&efg=eyJlZmdfdGFnIjoiRkVFRC5iZXN0X2ltYWdlX3VybGdlbi5DMyJ9&_nc_ohc=VZjppr8k3WMQ7kNvwFdPV5N&_nc_oc=AdnI0EAupzbgI238jtBQbGbT0Vsl-xjCi_cfhRDg5kIEeVOt8TzhEUo4Ui3ed2N2yOw&_nc_zt=23&_nc_ht=scontent-lhr6-1.cdninstagram.com&edm=ANo9K5cEAAAA&_nc_gid=8G_hhMpgOD0UyQcOzM7hhg&oh=00_AfeCpLqmJHPsRhCVrlYmjc-dOETFPOq6WWwXQrJ9a4yaYw&oe=68F8E83D";"https://www.instagram.com/p/DNdOPWICuQR/";"1st win in Austria for Marc!!

#motogp #austriangp #austria #spielberg #moto #motorsport";2025-08-17 14:45;"59643";"25033";"1205";"15";"4";"4";1228;"4.91"
"18076233892798567";"FEED_IMAGE";"https://scontent-lhr8-1.cdninstagram.com/v/t51.82787-15/533574424_18299005405301445_8603560524517534408_n.jpg?stp=dst-jpg_e35_tt6&_nc_cat=108&ccb=1-7&_nc_sid=18de74&efg=eyJlZmdfdGFnIjoiRkVFRC5iZXN0X2ltYWdlX3VybGdlbi5DMyJ9&_nc_ohc=XSOPWeOr89oQ7kNvwFjV3l0&_nc_oc=Adn3F3f7PKk0mCPSbPsqDpM6lqS0hez5P2fzSemX442hneijjytpex0FBnFw4ZubWYw&_nc_zt=23&_nc_ht=scontent-lhr8-1.cdninstagram.com&edm=ANo9K5cEAAAA&_nc_gid=8G_hhMpgOD0UyQcOzM7hhg&oh=00_AfcKYXOrEwFbTp5_7VGvxdRNrPqHqeT3nAaqK-sg1FSLfw&oe=68F8F811";"https://www.instagram.com/p/DNdBTT5ixZy/";"🚨EXCLUSIVE BY ROSARIO TRIOLO / SKYSPORT 🚨
Diogo Moreira will be in MotoGP in 2026. Depending on whether it is with Honda or Yamaha, another beneficiary could be Manu González, who would go to LCR provided that Diogo goes to Pramac. Therefore, Oliveira is not expected to continue at Pramac.

#motogp #austriangp #austria #spielberg #moto #motorsport #racing #motorcycle";2025-08-17 12:52;"211375";"82618";"4447";"193";"64";"32";4736;"5.73"
"17891159199180426";"FEED_IMAGE";"https://scontent-lhr6-2.cdninstagram.com/v/t51.82787-15/532921715_18298903321301445_1419857711935004160_n.jpg?stp=dst-jpg_e35_tt6&_nc_cat=104&ccb=1-7&_nc_sid=18de74&efg=eyJlZmdfdGFnIjoiRkVFRC5iZXN0X2ltYWdlX3VybGdlbi5DMyJ9&_nc_ohc=rHd_p-bi9p8Q7kNvwGGC9H6&_nc_oc=AdnGIROvETtMWsbscw7YKN6LTr38Ty6TZeomf8FuDZRm71OPMxifGx30NaGvNuq682Y&_nc_zt=23&_nc_ht=scontent-lhr6-2.cdninstagram.com&edm=ANo9K5cEAAAA&_nc_gid=3e69JxNvBA0NAl3LZb65rQ&oh=00_Afd4whwKm76HnZfuSqfDTwXRCBnc4uF6Rv8MQAKAQ9qnAQ&oe=68F79B0C";"https://www.instagram.com/p/DNayHgoCOq0/";"With 7 fewer Grand Prix than last year, Marc Márquez has already surpassed his 2024 score, and he still has 9 more Grand Prix races and tomorrow's race ahead of him 🤯

#motogp #austriangp #austria #spielberg #moto #motorsport #racing #motorcycle";2025-08-16 16:01;"226503";"60632";"4974";"190";"16";"34";5214;"8.6"
"18072866678319509";"FEED_IMAGE";"https://scontent-lhr6-1.cdninstagram.com/v/t51.82787-15/532836544_18298899577301445_8426302420362102933_n.jpg?stp=dst-jpg_e35_tt6&_nc_cat=109&ccb=1-7&_nc_sid=18de74&efg=eyJlZmdfdGFnIjoiRkVFRC5iZXN0X2ltYWdlX3VybGdlbi5DMyJ9&_nc_ohc=0zhpNsMLCgsQ7kNvwH-6JPI&_nc_oc=AdnEh-NJtjOQjQ5b1dyH9U2sdJPrJ2koVi-7UylVzhfClyu2tWi0U_XfMAxufFR80VI&_nc_zt=23&_nc_ht=scontent-lhr6-1.cdninstagram.com&edm=ANo9K5cEAAAA&_nc_gid=3e69JxNvBA0NAl3LZb65rQ&oh=00_AfdGXn9K0lJEhRXtLjkEEU0BYMQiw8UefTdeRN1MThwGTA&oe=68F7807E";"https://www.instagram.com/p/DNat5PsC_Z8/";"First time Marc Márquez finishes first in a race (sprint) in Austria

#motogp #austriangp #austria #spielberg #moto #motorsport #racing #motorcycle";2025-08-16 15:24;"36412";"12704";"592";"15";"2";"6";615;"4.84"
"18072425312088118";"FEED_IMAGE";"https://scontent-lhr8-1.cdninstagram.com/v/t51.82787-15/532357394_18298883068301445_3118949261041461483_n.jpg?stp=dst-jpg_e35_tt6&_nc_cat=108&ccb=1-7&_nc_sid=18de74&efg=eyJlZmdfdGFnIjoiRkVFRC5iZXN0X2ltYWdlX3VybGdlbi5DMyJ9&_nc_ohc=qe_68cVvbnEQ7kNvwGTM0tB&_nc_oc=Adk9vTC3l0hcPynaHbtaH7QBIJTsf1tNPK9kgF7AdZpwUM1W-hZ6CWdGokWFc1LOWQ8&_nc_zt=23&_nc_ht=scontent-lhr8-1.cdninstagram.com&edm=ANo9K5cEAAAA&_nc_gid=3e69JxNvBA0NAl3LZb65rQ&oh=00_AfdJhCJ4wdtZbB8zUkGPXrVlOTNhDuLr40aBa5QRv-k9gQ&oe=68F78888";"https://www.instagram.com/p/DNaYVVMCGOi/";"With Bezzecchi's pole position, there are now four riders who have managed to start from P1 this season in 13 GPs.

#motogp #austriangp #austria #spielberg #moto #motorsport #racing #motorcycle";2025-08-16 12:15;"36291";"11579";"1093";"32";"1";"1";1127;"9.73"
"17977692761862786";"FEED_IMAGE";"https://scontent-lhr6-2.cdninstagram.com/v/t51.82787-15/532599888_18298880263301445_2812993072238520780_n.jpg?stp=dst-jpg_e35_tt6&_nc_cat=100&ccb=1-7&_nc_sid=18de74&efg=eyJlZmdfdGFnIjoiRkVFRC5iZXN0X2ltYWdlX3VybGdlbi5DMyJ9&_nc_ohc=lr9HLeUP3YMQ7kNvwEbis-O&_nc_oc=Adk9AJKfr9_2Ranxy0ORX1Y0n_AFU0LgIg2W6IDo0jiSwCTv1JuOFvVah84hfEobuV8&_nc_zt=23&_nc_ht=scontent-lhr6-2.cdninstagram.com&edm=ANo9K5cEAAAA&_nc_gid=3e69JxNvBA0NAl3LZb65rQ&oh=00_AfcRhVgCGJRTomuvMIJB_16y9RLVm81tg47UDGROtETP7g&oe=68F79335";"https://www.instagram.com/p/DNaTnJrCuER/";"BEZZECHI'S POLE POSITION FROM Q1!

#motogp #austriangp #austria #spielberg #moto #motorsport #racing #motorcycle";2025-08-16 11:34;"28991";"6991";"437";"16";;"5";458;"6.55"
"18071843291154947";"FEED_IMAGE";"https://scontent-lhr6-1.cdninstagram.com/v/t51.82787-15/532610982_18298785145301445_538374322719577357_n.jpg?stp=dst-jpg_e35_tt6&_nc_cat=110&ccb=1-7&_nc_sid=18de74&efg=eyJlZmdfdGFnIjoiRkVFRC5iZXN0X2ltYWdlX3VybGdlbi5DMyJ9&_nc_ohc=B4qDcyJTkDIQ7kNvwHsn1Fq&_nc_oc=AdmapM8pKR6DWZXOMEYHRlzWFzaTusApD3fBScycKMD4czuIHMgDOyPU1AkMvo6HdEk&_nc_zt=23&_nc_ht=scontent-lhr6-1.cdninstagram.com&edm=ANo9K5cEAAAA&_nc_gid=9tOhbQ_OfE2CjtBYjTMS9w&oh=00_AffXXlHUP5TXFBVlfLNOEgEbsZvUXJuWn6ht6HuPVVuFyQ&oe=68F63FCE";"https://www.instagram.com/p/DNYP3oviEo8/";"This is your top10 in the Red Bull Ring.

#motogp #austriangp #austria #spielberg #moto #motorsport #racing #motorcycle";2025-08-15 16:23;"33411";"9298";"542";"14";"2";"9";567;"6.1"
"17876305326282731";"FEED_IMAGE";"https://scontent-lhr6-1.cdninstagram.com/v/t51.82787-15/532665630_18298758931301445_7161632206275234355_n.jpg?stp=dst-jpg_e35_tt6&_nc_cat=102&ccb=1-7&_nc_sid=18de74&efg=eyJlZmdfdGFnIjoiRkVFRC5iZXN0X2ltYWdlX3VybGdlbi5DMyJ9&_nc_ohc=hfAHGczq8g0Q7kNvwFIiywT&_nc_oc=AdmuWIENX5lujdhh7Et49Qn1mfJ8BhtsM5E5SfX3u0ztD03wdAyBcG61nYt5B7ofaUw&_nc_zt=23&_nc_ht=scontent-lhr6-1.cdninstagram.com&edm=ANo9K5cEAAAA&_nc_gid=9tOhbQ_OfE2CjtBYjTMS9w&oh=00_AfduCSTfjcLmHYfk0rsnoUfcHKO6mfSvbeWEfTIshNZfkA&oe=68F6261F";"https://www.instagram.com/p/DNXvAZViix3/";"Marc Márquez picks up where he left off and leads the first session after the summer break.

#motogp #austriangp #austria #spielberg #moto #motorsport #racing #motorcycle";2025-08-15 11:36;"21083";"5357";"527";"13";"1";"2";543;"10.14"
"17943083229019989";"FEED_IMAGE";"https://scontent-lhr8-2.cdninstagram.com/v/t51.82787-15/532055349_18298660306301445_1892311097867924283_n.jpg?stp=dst-jpg_e35_tt6&_nc_cat=106&ccb=1-7&_nc_sid=18de74&efg=eyJlZmdfdGFnIjoiRkVFRC5iZXN0X2ltYWdlX3VybGdlbi5DMyJ9&_nc_ohc=T80QT9m-UXQQ7kNvwGbiMEo&_nc_oc=AdmIWaRDOcWJwygXPSHqtfUjWnPiBoMgtYcMSP07VuK51eW3NgX_GevRPbxp8O1KTPE&_nc_zt=23&_nc_ht=scontent-lhr8-2.cdninstagram.com&edm=ANo9K5cEAAAA&_nc_gid=eipFcfuJ4SEP2qGdFpvuGg&oh=00_AfcY1THF7fjdFtbOHHXPbyLnMrG8LLP7PFjanmmvEX72lQ&oe=68F4CBE4";"https://www.instagram.com/p/DNVwRAoiODw/";"This would be the rider standings without taking Ducati into account. Beyond the top 10, the following riders would be ranked as follows:

11-Bastianini: 110
12-Rins: 110
13-Mir: 83
14-Oliveira: 42
15-Chantra: 32
16-Savadori: 31
17-Augusto: 22
18-Nakagami: 19
19-Pol E.: 12
20-Martín: 12
21-Aleix E.: 7

#motogp #austriangp #austria #spielberg #moto #motorsport #racing #motorcycle";2025-08-14 17:08;"119409";"55042";"4579";"144";"11";"39";4773;"8.67"
"18174631873338333";"FEED_IMAGE";"https://scontent-lhr8-1.cdninstagram.com/v/t51.82787-15/532816880_18298640770301445_1986920092024044978_n.jpg?stp=dst-jpg_e35_tt6&_nc_cat=111&ccb=1-7&_nc_sid=18de74&efg=eyJlZmdfdGFnIjoiRkVFRC5iZXN0X2ltYWdlX3VybGdlbi5DMyJ9&_nc_ohc=jgIWNNjfJe0Q7kNvwGh4y0O&_nc_oc=AdnS9pDbWn6kAb-F2RYmByZw-AHAdmQ8U44INA5JZ2GVbVDyg7XM9-ou3vIHsBD3Zcs&_nc_zt=23&_nc_ht=scontent-lhr8-1.cdninstagram.com&edm=ANo9K5cEAAAA&_nc_gid=eipFcfuJ4SEP2qGdFpvuGg&oh=00_Afe3mHduP_WjgwBkZdGVL0aIjNEzspFrRuETUkcupLpr7Q&oe=68F4D47E";"https://www.instagram.com/p/DNVaEF_iMgA/";"🚨 Exclusive from Rosario Triolo on @skysportmotogp 🚨
Luca Marini will remain with the official Honda team for another year. The Japanese brand considers his indications to be key to continuing his development. In addition, the fact that he was with Ducati recently makes him a valuable active for next year's prototype improvement.

#motogp #austriangp #austria #spielberg #moto #motorsport #racing #motorcycle";2025-08-14 13:54;"214769";"77616";"5337";"109";"34";"16";5496;"7.08"
"17876027325286957";"FEED_IMAGE";"https://scontent-lhr8-2.cdninstagram.com/v/t51.82787-15/533768634_18298541095301445_4989431976457056557_n.jpg?stp=dst-jpg_e35_tt6&_nc_cat=106&ccb=1-7&_nc_sid=18de74&efg=eyJlZmdfdGFnIjoiRkVFRC5iZXN0X2ltYWdlX3VybGdlbi5DMyJ9&_nc_ohc=qLqRMRGhcIEQ7kNvwHA5GTS&_nc_oc=Admcz4teoevg-4AgI0ozMaqP97k-ld5WnKFPQc5mQlHP0oqkBFGSuFIkSt3np975K9I&_nc_zt=23&_nc_ht=scontent-lhr8-2.cdninstagram.com&edm=ANo9K5cEAAAA&_nc_gid=CFwHNzcbUHq9YyD_N66CoQ&oh=00_AffOwe00jPGuSk97g3srWYZRN7Z6e8jD-tDbGD2AtQgf3w&oe=68F3972A";"https://www.instagram.com/p/DNTFkmIiDWd/";"These are the only four circuits on the calendar that Marc Márquez has yet to win. Will he make history and triumph at all of them this season?

#motogp #austriangp #austria #spielberg #moto #motorsport #racing #motorcycle";2025-08-13 16:17;"212821";"99714";"10568";"303";"80";"32";10983;"11.01"
"18124457689463761";"FEED_CAROUSEL_ALBUM";"https://scontent-lhr8-2.cdninstagram.com/v/t51.82787-15/530812928_18298426195301445_4556784540375185205_n.jpg?stp=dst-jpg_e35_tt6&_nc_cat=103&ccb=1-7&_nc_sid=18de74&efg=eyJlZmdfdGFnIjoiQ0FST1VTRUxfSVRFTS5iZXN0X2ltYWdlX3VybGdlbi5DMyJ9&_nc_ohc=u38SCv28aOQQ7kNvwEZ6dBo&_nc_oc=Adk9Y24D3Ttad6E0ztXX2iEWewAHVYeGtfbajgpMBmBDCydzjxfDu3kNZkUkXKEXXGc&_nc_zt=23&_nc_ht=scontent-lhr8-2.cdninstagram.com&edm=ANo9K5cEAAAA&_nc_gid=t176xAwxj8ULGVwsF2BF9g&oh=00_AfdnVZ7k4wdsEJXNwczP9K2yz8qUd-31CdrpHMLYnTZlTA&oe=68F225A9";"https://www.instagram.com/p/DNQkQZ3M7R9/";"These are the riders who are not yet guaranteed to stay in MotoGP regardless of their contract.

Honda’s situation is the one that can change the most, as 3 of its 4 riders are still without contract (although Zarco’s continuity is almost certain).

Morbidelli also has a favorable situation and the only threat he had was Acosta who seems to remain with KTM until the end of his contract.

Yamaha despite having its 4 riders confirmed for 2026 is a question mark since only Fabio is getting results for the Japanese brand.

And finally we have the Moto2 riders Moreira, who has sounded strongly for Honda and Yamaha and on the other hand Manu Gonzalez who already got on the Aprilia, but the fact that the 4 riders are still with the Noale brand and their passport makes it difficult for him to move up to the premier class.

#motogp #austriangp #austria #spielberg #moto #motorsport #racing #motorcycle";2025-08-12 16:47;"43268";"17981";"1624";"53";"9";"1";1687;"9.38"
"17887014324338938";"FEED_CAROUSEL_ALBUM";"https://scontent-lhr6-1.cdninstagram.com/v/t51.82787-15/530654914_18298294861301445_7872745817734644639_n.jpg?stp=dst-jpg_e35_tt6&_nc_cat=102&ccb=1-7&_nc_sid=18de74&efg=eyJlZmdfdGFnIjoiQ0FST1VTRUxfSVRFTS5iZXN0X2ltYWdlX3VybGdlbi5DMyJ9&_nc_ohc=SNrQ_eOgTK0Q7kNvwFDhOLP&_nc_oc=AdnVbrPEKxJ0wBxlY-nokz2ydwDTsT9dwGaf6Eejx9ZmTKGznFuafqSjYMW28onihM0&_nc_zt=23&_nc_ht=scontent-lhr6-1.cdninstagram.com&edm=ANo9K5cEAAAA&_nc_gid=wLyVQB0ctQAtTWHZQUu-pA&oh=00_AfeQJQiMZru_VZG_s3f462XafRQhO1I_ozYB-KM12YGPDA&oe=68F0E0A1";"https://www.instagram.com/p/DNNyR7KiCmi/";"Without Marc Márquez in the world championship, these would be the champions of the last 13 years, where surprisingly the rider with the most championships would have been Andrea Dovizioso 😳

#motogp #austriangp #austria #spielberg #moto #motorsport #racing #motorcycle";2025-08-11 14:52;"456631";"124488";"10246";"518";"269";"62";11095;"8.91"
"18070746002027852";"FEED_CAROUSEL_ALBUM";"https://scontent-lhr8-1.cdninstagram.com/v/t51.82787-15/530522093_18298039171301445_758680017856688477_n.jpg?stp=dst-jpg_e35_tt6&_nc_cat=107&ccb=1-7&_nc_sid=18de74&efg=eyJlZmdfdGFnIjoiQ0FST1VTRUxfSVRFTS5iZXN0X2ltYWdlX3VybGdlbi5DMyJ9&_nc_ohc=DGWqVWkQPacQ7kNvwGKqVGP&_nc_oc=AdkcF1V8cZZ05L0sYrBCId_H0nZ3jmA1B5sM5DkVVV93aD6_gEcg9rcLIq2yMxz6g64&_nc_zt=23&_nc_ht=scontent-lhr8-1.cdninstagram.com&edm=ANo9K5cEAAAA&_nc_gid=fo979KExcrTZUSjbRHfssw&oh=00_Affz5MB9mIGht5nhWn0goi7pcA-r0FpROEVXK37X7Vocxw&oe=68EE2C9C";"https://www.instagram.com/p/DNIpzy2iZ9a/";"Since joining Honda, Joan Mir has never been able to show consistency, either due to the performance of the bike or his bad luck with crashes and collisions with other riders. In the 62 GPs he has competed in over the last four years, he has crashed 67 times. Will we see Mir shine in the second half of the season with an increasingly improved Honda?

#motogp #moto #motorsport #racing #motorcycle";2025-08-09 15:02;"52167";"20202";"1734";"79";"9";"13";1835;"9.08"
"18173071216343566";"FEED_IMAGE";"https://scontent-lhr8-2.cdninstagram.com/v/t51.82787-15/529591737_18297899485301445_4285666570160702442_n.jpg?stp=dst-jpg_e35_tt6&_nc_cat=106&ccb=1-7&_nc_sid=18de74&efg=eyJlZmdfdGFnIjoiRkVFRC5iZXN0X2ltYWdlX3VybGdlbi5DMyJ9&_nc_ohc=__Zxe-I7lvoQ7kNvwGNyIzo&_nc_oc=AdlcIOXfswbErH6-Gntdic3vJBCx95V9us9nxJGkT6w0AnBBKwqLUDfng86RBz0XlR8&_nc_zt=23&_nc_ht=scontent-lhr8-2.cdninstagram.com&edm=ANo9K5cEAAAA&_nc_gid=oxH1A3rlhdIxnPYiQdHHWA&oh=00_AfdRoZt-OLi-7fJ5V4FgXbQVpakGMMnu6yN3i4n0w3Ijsg&oe=68ECEF50";"https://www.instagram.com/p/DNF973ACMfR/";"In an appearance on Andrea Migno's podcast, the Tech3 rider admitted that after seeing Marc Márquez's performance this year, there is absolutely no reason to reproach Gigi for choosing him over Martín or Enea himself.

#motogp #moto #motorsport #racing #motorcycle";2025-08-08 14:00;"99503";"61833";"3873";"141";"99";"6";4119;"6.66"
"18299811028301349";"FEED_CAROUSEL_ALBUM";"https://scontent-lhr6-2.cdninstagram.com/v/t51.82787-15/527984922_18297677980301445_7303036073721185063_n.jpg?stp=dst-jpg_e35_tt6&_nc_cat=104&ccb=1-7&_nc_sid=18de74&efg=eyJlZmdfdGFnIjoiQ0FST1VTRUxfSVRFTS5iZXN0X2ltYWdlX3VybGdlbi5DMyJ9&_nc_ohc=KIwhGTuj8h0Q7kNvwFLazyu&_nc_oc=Adl0d0-XgWBJC9iRb54_rxnL1uXJcbi6G0oa_10Uu7uN3d9qlV5hAP2ilpYvhZd26A8&_nc_zt=23&_nc_ht=scontent-lhr6-2.cdninstagram.com&edm=ANo9K5cEAAAA&_nc_gid=7nwULj5OqbVdb-z2DU63Aw&oh=00_AfcX2joSXYAID3gSr2T8R0lUNb-2rr7ZN5re5aOsfgJg0w&oe=68EA345C";"https://www.instagram.com/p/DNA-FoaCRye/";"Marc Márquez has gained a lot of stability and confidence with Ducati. Compared to his last year with Honda, he has reduced his average number of crashes per GP by up to three times, giving him a big advantage over his rivals going into the summer break.

#motogp #moto #motorsport #racing #motorcycle";2025-08-06 15:25;"336845";"96431";"7377";"305";"37";"16";7735;"8.02"
"17878563030264623";"FEED_IMAGE";"https://scontent-lhr8-2.cdninstagram.com/v/t51.82787-15/527140920_18297563230301445_6864229742134190578_n.jpg?stp=dst-jpg_e35_tt6&_nc_cat=103&ccb=1-7&_nc_sid=18de74&efg=eyJlZmdfdGFnIjoiRkVFRC5iZXN0X2ltYWdlX3VybGdlbi5DMyJ9&_nc_ohc=PebgO4scXWYQ7kNvwG9UoQR&_nc_oc=AdmH3I_0KYvonWhotCrla8kq58DMelRUEZkAXaO_513i-H6wVuX9yawHtqu_OlecqpU&_nc_zt=23&_nc_ht=scontent-lhr8-2.cdninstagram.com&edm=ANo9K5cEAAAA&_nc_gid=Ee3Ks4meGVUZZQ6IT04-jg&oh=00_AffCIHXPgUBezOEZWqj23eNuktmlW8z8zSlaOSsd8nHjag&oe=68E8E1AC";"https://www.instagram.com/p/DM-Uzl_igP9/";"These are your favorite riders who have received the most votes so far to decide who was the Rider of the GP in these first 12 rounds.

#motogp #moto #motorsport #racing #motorcycle";2025-08-05 14:46;"92445";"40343";"2457";"72";"14";"5";2548;"6.32"
"18066310346132033";"FEED_IMAGE";"https://scontent-lhr6-2.cdninstagram.com/v/t51.82787-15/527064470_18297474559301445_2026451172026297087_n.jpg?stp=dst-jpg_e35_tt6&_nc_cat=100&ccb=1-7&_nc_sid=18de74&efg=eyJlZmdfdGFnIjoiRkVFRC5iZXN0X2ltYWdlX3VybGdlbi5DMyJ9&_nc_ohc=h33gZWT4UTQQ7kNvwFLSqvK&_nc_oc=Adn6aog1O70Lqj-oSdH3kAKFVpOR1htK-_YgTMLEE-mtQLiRwfDxtHojBXnNCV83aSc&_nc_zt=23&_nc_ht=scontent-lhr6-2.cdninstagram.com&edm=ANo9K5cEAAAA&_nc_gid=HeE7kuI8DWsDjHbEa3421w&oh=00_Afe93cj9suDmgYTI-qM019KML4PWYfDVg2MzTotQGVHDVQ&oe=68E79EAA";"https://www.instagram.com/p/DM8KS9diout/";"So far this season, there have been many special liveries, which one is your favorite?

#motogp #moto #motorsport #racing #motorcycle";2025-08-04 18:35;"38783";"17751";"2008";"148";"27";"7";2190;"12.34"
"18002212160801314";"FEED_IMAGE";"https://scontent-lhr6-1.cdninstagram.com/v/t51.82787-15/525489086_18297081844301445_1227402544633506307_n.jpg?stp=dst-jpg_e35_tt6&_nc_cat=102&ccb=1-7&_nc_sid=18de74&_nc_ohc=ZRVGF0Jk2O0Q7kNvwEC4gNO&_nc_oc=AdlkpY2kjeAasYYTOFUxSHT3IGSrJw7ySFXNlFr9IiTnasXu5y3wQaEaKv_ENATxyx4&_nc_zt=23&_nc_ht=scontent-lhr6-1.cdninstagram.com&edm=ANo9K5cEAAAA&_nc_gid=PxDHVsx5z_MqImpbrzcYUg&oh=00_AfbjuAKD7Jucxfvhzy1EHfD1G0GvXnfr5GOSzlnmv6VD5w&oe=68E3CAA8";"https://www.instagram.com/p/DMz-bHxiXtD/";"Comparison of the top10 after 12 rounds disputed between 2024 and 2025.

#motogp #moto #motorsport #racing #motorcycle";2025-08-01 14:18;"121571";"48764";"2691";"107";"15";"3";2816;"5.77"
