date,followers_count,following_count,media_count,engagement_rate,average_likes,average_comments,comments_to_likes_ratio,weekly_posts
2026-05-31,1104272,687,17876,0.716%,7827.5,74.2,0.948%,30.00
2026-05-30,1104189,686,17870,0.595%,6504.3,60.3,0.927%,37.00
2026-05-29,1104141,686,17863,0.678%,7455.9,30.4,0.408%,45.00
2026-05-28,1104138,686,17858,0.579%,6369.4,18.6,0.292%,51.00
2026-05-27,1104116,686,17853,0.589%,6476.1,21.8,0.337%,61.00
2026-05-26,1104076,686,17848,0.369%,4052.8,17.6,0.434%,88.00
2026-05-25,1104031,686,17844,0.030%,331.0,0.0,0.000%,243.00
2026-05-24,1103761,686,17824,0.713%,7817.3,52.6,0.673%,63.00
2026-05-23,1103477,685,17782,0.659%,7182.4,84.6,1.178%,60.00
2026-05-22,1103434,685,17769,0.254%,2781.3,23.5,0.845%,63.00
2026-05-21,1103146,685,17757,0.149%,1624.2,20.9,1.287%,74.00
2026-05-20,1103040,684,17748,0.372%,4075.9,26.3,0.645%,66.00
2026-05-19,1103041,681,17740,0.984%,10762.7,86.8,0.806%,90.00
2026-05-18,1103017,681,17732,2.525%,27688.3,166.8,0.602%,102.00
2026-05-17,1102806,681,17718,1.561%,17172.0,40.0,0.233%,128.00
2026-05-16,1101982,681,17699,0.947%,10392.4,47.7,0.459%,55.00
2026-05-15,1101702,681,17686,0.292%,3191.6,28.5,0.893%,47.00
2026-05-14,1101491,681,17680,0.316%,3442.0,36.1,1.049%,52.00
2026-05-13,1101064,677,17669,0.217%,2372.5,15.6,0.658%,53.00
2026-05-12,1101075,677,17661,0.215%,2353.9,16.1,0.684%,54.00
2026-05-11,1101110,677,17656,0.185%,2009.0,23.1,1.150%,47.00
2026-05-10,1101110,677,17649,0.207%,2243.2,35.2,1.569%,53.00
2026-05-09,1101053,675,17637,0.372%,4039.4,53.0,1.312%,40.00
2026-05-08,1100992,675,17632,0.382%,4165.1,39.3,0.944%,46.00
2026-05-07,1102138,675,17626,0.359%,3911.0,41.3,1.056%,53.00
2026-05-06,1102041,674,17618,0.547%,5986.4,44.4,0.742%,59.00
2026-05-05,1104830,673,17612,0.710%,7790.6,52.3,0.671%,104.00
2026-05-04,1104690,673,17605,0.284%,3129.0,11.0,0.352%,207.00
2026-05-03,1104437,673,17594,0.081%,896.0,4.0,0.446%,382.00
2026-05-02,1104222,673,17559,0.263%,2876.0,26.4,0.918%,104.00
2026-05-01,1104045,672,17537,0.139%,1515.4,22.3,1.472%,71.00
2026-04-30,1103841,672,17515,0.594%,6462.9,89.5,1.385%,60.00
2026-04-29,1103836,669,17496,0.290%,3174.2,29.0,0.914%,66.00
2026-04-28,1103790,668,17484,0.392%,4236.2,92.7,2.188%,79.00
2026-04-27,1103812,667,17476,0.259%,2804.8,49.3,1.758%,69.00
2026-04-26,1103674,667,17464,0.262%,2858.8,36.4,1.273%,80.00
2026-04-25,1103465,665,17448,0.229%,2412.6,115.3,4.779%,42.00
2026-04-24,1103383,664,17437,0.362%,3899.1,92.4,2.370%,40.00
2026-04-23,1103291,664,17429,0.456%,4935.3,91.1,1.846%,43.00
2026-04-22,1103293,664,17427,0.574%,6289.9,48.4,0.769%,52.00
2026-04-21,1103225,663,17420,0.681%,7470.2,46.2,0.618%,58.00
2026-04-20,1103185,663,17414,1.598%,17411.9,211.9,1.217%,58.00
2026-04-19,1103076,661,17405,0.550%,5916.3,146.8,2.481%,50.00
2026-04-18,1102408,661,17390,0.328%,3491.7,124.0,3.551%,39.00
2026-04-17,1101664,659,17380,0.498%,5366.9,116.8,2.176%,44.00
2026-04-16,1101621,659,17374,0.511%,5564.7,65.7,1.181%,44.00
2026-04-15,1101595,659,17366,0.409%,4443.7,58.5,1.316%,40.00
2026-04-14,1101650,659,17358,0.647%,7055.0,74.3,1.053%,40.00
2026-04-13,1101707,660,17353,0.839%,9157.7,82.4,0.900%,40.00
2026-04-12,1101763,660,17342,0.860%,9421.8,58.6,0.622%,30.00
2026-04-11,1101711,660,17339,0.613%,6703.9,49.9,0.744%,33.00
2026-04-10,1101663,660,17335,0.497%,5430.8,46.1,0.849%,30.00
2026-04-09,1101652,660,17330,0.379%,4104.3,69.0,1.681%,33.00
2026-04-08,1101692,660,17324,0.423%,4572.0,91.8,2.008%,27.00
2026-04-07,1101684,660,17320,0.363%,3914.3,79.7,2.036%,31.00
2026-04-06,1101713,659,17316,0.508%,5478.7,114.4,2.088%,32.00
2026-04-05,1101673,659,17313,0.528%,5717.4,104.7,1.831%,35.00
2026-04-04,1101709,659,17307,0.841%,9182.3,87.9,0.957%,35.00
2026-04-03,1101651,659,17304,0.907%,9899.5,93.6,0.946%,41.00
2026-04-02,1101523,658,17299,0.893%,9776.6,62.2,0.636%,50.00
2026-04-01,1101364,658,17295,0.893%,9783.2,49.3,0.504%,58.00
2026-03-31,1101110,658,17286,0.495%,5392.8,52.8,0.979%,83.00
2026-03-30,1100895,658,17281,0.531%,5836.0,10.0,0.171%,141.00
2026-03-29,1100674,656,17268,0.341%,3641.0,116.0,3.186%,154.00
2026-03-28,1100314,656,17243,0.633%,6791.5,173.2,2.550%,58.00
2026-03-27,1100180,656,17223,0.582%,6293.9,104.1,1.654%,42.00
2026-03-26,1100026,655,17216,0.344%,3706.4,81.1,2.188%,45.00
2026-03-25,1099728,655,17212,0.216%,2353.1,19.3,0.820%,51.00
2026-03-24,1099579,655,17202,0.323%,3528.6,18.7,0.530%,58.00
2026-03-23,1099490,654,17195,1.057%,11436.6,186.0,1.626%,78.00
2026-03-22,1099490,654,17181,0.890%,9746.7,39.8,0.408%,77.00
2026-03-21,1099203,654,17173,0.442%,4733.7,124.4,2.628%,49.00
2026-03-20,1098554,654,17158,0.388%,4172.3,94.3,2.260%,47.00
2026-03-19,1098295,654,17148,0.745%,8133.4,43.9,0.540%,48.00
2026-03-18,1098092,654,17139,0.825%,9010.1,50.1,0.556%,56.00
2026-03-17,1097865,654,17136,0.904%,9860.2,59.7,0.605%,89.00
2026-03-16,1097676,653,17130,0.547%,5938.0,69.0,1.162%,117.00
2026-03-15,1097276,653,17121,0.521%,5680.0,37.0,0.651%,312.00
2026-03-14,1096428,650,17083,0.564%,6155.7,28.0,0.455%,105.00
2026-03-13,1096125,648,17063,1.340%,14585.2,102.2,0.701%,80.00
2026-03-12,1095888,648,17052,0.637%,6932.4,49.4,0.713%,51.00
2026-03-11,1095683,648,17039,0.481%,5223.7,48.8,0.934%,67.00
2026-03-10,1095497,648,17033,0.305%,3314.4,23.0,0.694%,79.00
2026-03-09,1095272,648,17026,0.236%,2569.0,18.0,0.701%,142.00
2026-03-08,1095017,647,17014,0.403%,4364.0,51.0,1.169%,204.00
2026-03-07,1094501,647,16982,1.073%,11685.0,62.0,0.531%,127.00
2026-03-06,1094059,647,16959,0.045%,477.0,16.0,3.354%,116.00
2026-03-05,1093796,647,16944,0.170%,1844.0,10.6,0.575%,76.00
2026-03-04,1093645,647,16928,0.484%,5226.6,61.9,1.184%,61.00
2026-03-03,1093796,646,16921,0.477%,5190.3,28.3,0.545%,69.00
2026-03-02,1093600,644,16915,0.163%,1776.3,10.6,0.597%,80.00
2026-03-01,1093549,643,16902,0.330%,3576.8,36.2,1.012%,48.00
2026-02-28,1093504,642,16890,0.241%,2583.5,50.0,1.935%,39.00
2026-02-27,1093421,642,16882,0.403%,4365.2,41.3,0.946%,40.00
2026-02-26,1093429,640,16875,0.077%,839.3,7.4,0.882%,18.00
2026-02-25,1093350,639,16867,0.812%,8855.9,26.8,0.303%,42.00
2026-02-24,1093283,636,16863,0.688%,7496.9,27.4,0.365%,43.00
2026-02-23,1093276,635,16856,0.805%,8751.1,45.3,0.518%,36.00
2026-02-22,1093203,635,16847,0.342%,3705.3,31.2,0.842%,32.00
2026-02-21,1093149,635,16843,0.321%,3477.8,35.7,1.027%,33.00
2026-02-20,1093055,635,16838,0.344%,3728.9,32.9,0.882%,40.00
2026-02-19,1093028,635,16834,0.336%,3635.7,32.7,0.899%,48.00
2026-02-18,1093014,635,16830,0.345%,3739.1,34.4,0.920%,62.00
2026-02-17,1093031,634,16826,0.635%,6910.4,28.6,0.414%,72.00
2026-02-16,1092795,634,16822,0.328%,3567.0,21.2,0.594%,77.00
2026-02-15,1092352,633,16808,0.183%,1983.8,12.4,0.625%,66.00
2026-02-14,1091902,633,16799,0.165%,1784.3,18.0,1.009%,63.00
2026-02-13,1091679,629,16785,0.302%,3263.5,33.0,1.011%,54.00
2026-02-12,1091506,629,16779,1.292%,13967.4,129.4,0.926%,52.00
2026-02-11,1091423,626,16771,1.124%,12186.0,81.7,0.670%,41.00
2026-02-10,1091311,626,16763,0.303%,3290.7,20.1,0.611%,37.00
2026-02-09,1091209,626,16755,0.325%,3520.3,21.6,0.614%,41.00
2026-02-08,1091161,626,16743,0.476%,5164.5,31.9,0.618%,32.00
2026-02-07,1091168,626,16739,0.502%,5444.8,34.6,0.635%,35.00
2026-02-06,1091085,626,16736,0.619%,6713.0,41.1,0.612%,41.00
2026-02-05,1091026,625,16732,0.612%,6631.1,41.5,0.626%,36.00
2026-02-04,1090979,622,16721,0.545%,5899.9,45.6,0.773%,27.00
2026-02-03,1090925,622,16717,0.472%,5098.1,50.9,0.998%,27.00
2026-02-02,1090778,622,16713,0.513%,5545.6,52.2,0.941%,29.00
2026-02-01,1090727,621,16708,0.453%,4886.8,49.4,1.011%,24.00
2026-01-31,1090654,621,16705,0.718%,7795.0,36.3,0.466%,27.00
2026-01-30,1090475,621,16701,0.764%,8271.7,56.3,0.681%,28.00
2026-01-29,1090311,621,16696,0.786%,8514.9,52.2,0.613%,30.00
2026-01-28,1090098,620,16690,0.971%,10529.8,50.5,0.480%,34.00
2026-01-27,1089972,620,16683,0.999%,10830.7,54.0,0.499%,38.00
2026-01-26,1089825,619,16681,0.936%,10134.8,61.8,0.610%,46.00
2026-01-25,1089574,619,16678,1.223%,13187.9,133.8,1.015%,50.00
2026-01-24,1089260,619,16670,1.194%,12836.0,168.9,1.316%,58.00
2026-01-23,1088870,619,16664,0.816%,8722.8,167.5,1.920%,58.00
2026-01-22,1088246,619,16653,0.621%,6686.2,74.1,1.108%,41.00
2026-01-21,1087449,618,16640,0.977%,10565.4,57.1,0.540%,26.00
2026-01-20,1087283,618,16625,0.951%,10294.4,42.5,0.413%,24.00
2026-01-19,1087100,618,16620,0.984%,10660.4,34.4,0.323%,24.00
2026-01-18,1086997,618,16615,0.886%,9458.5,175.9,1.860%,27.00
2026-01-17,1086825,618,16612,0.760%,8013.3,246.8,3.080%,27.00
2026-01-16,1086388,618,16609,0.556%,5762.6,275.6,4.783%,29.00
2026-01-15,1086053,617,16599,0.443%,4622.0,185.8,4.020%,22.00
2026-01-14,1086030,617,16596,0.394%,4099.8,183.2,4.469%,24.00
2026-01-13,1085922,617,16595,0.683%,7265.5,146.8,2.021%,26.00
2026-01-12,1085821,617,16589,0.721%,7722.8,101.2,1.310%,24.00
2026-01-11,1085790,616,16583,0.803%,8614.2,103.4,1.200%,24.00
2026-01-10,1085767,616,16579,0.865%,9292.2,104.9,1.129%,22.00
2026-01-09,1085602,616,16577,1.006%,10813.6,104.5,0.966%,26.00
2026-01-08,1085429,616,16573,0.803%,8609.1,112.3,1.304%,24.00
2026-01-07,1085241,616,16568,0.804%,8639.4,83.8,0.970%,26.00
2026-01-06,1084890,616,16562,0.818%,8783.9,89.0,1.013%,24.00
2026-01-05,1084772,616,16556,0.783%,8405.1,93.1,1.108%,24.00
2026-01-04,1084734,616,16552,0.781%,8374.0,96.8,1.156%,23.00
2026-01-03,1084648,616,16549,0.689%,7374.6,95.0,1.288%,26.00
2026-01-02,1084610,616,16543,0.626%,6714.8,73.1,1.089%,28.00
2026-01-01,1084697,616,16540,0.768%,8262.3,66.1,0.800%,27.00
2025-12-31,1084722,616,16536,0.697%,7499.7,57.7,0.769%,27.00
2025-12-30,1084649,616,16533,0.585%,6271.5,69.0,1.100%,27.00
2025-12-29,1084660,615,16528,0.555%,5946.3,70.1,1.179%,27.00
2025-12-28,1084637,613,16524,0.640%,6865.9,77.5,1.129%,26.00
2025-12-27,1084621,613,16519,0.444%,4740.0,77.4,1.633%,24.00
2025-12-26,1084581,613,16515,0.501%,5367.3,65.5,1.220%,24.00
2025-12-25,1084577,613,16512,0.768%,8262.5,66.4,0.804%,26.00
2025-12-24,1084521,613,16508,0.910%,9809.9,62.8,0.640%,27.00
2025-12-23,1084384,613,16503,0.959%,10338.9,61.6,0.596%,29.00
2025-12-22,1084267,613,16499,1.127%,12157.0,66.9,0.550%,31.00
2025-12-21,1084092,613,16496,1.094%,11794.5,64.3,0.545%,34.00
2025-12-20,1083885,613,16494,1.152%,12413.5,73.1,0.589%,35.00
2025-12-19,1083596,613,16490,0.983%,10564.7,86.9,0.823%,34.00
2025-12-18,1083196,613,16484,1.354%,14582.0,85.6,0.587%,33.00
2025-12-17,1082736,612,16478,1.031%,11089.9,74.3,0.670%,29.00
2025-12-16,1082597,612,16471,0.961%,10310.6,87.9,0.853%,29.00
2025-12-15,1082400,611,16466,0.974%,10488.2,56.0,0.534%,30.00
2025-12-14,1082231,611,16463,0.730%,7850.6,54.6,0.695%,33.00
2025-12-13,1081852,611,16460,0.883%,9476.9,71.8,0.758%,37.00
2025-12-12,1081479,610,16456,1.381%,14845.9,93.0,0.626%,40.00
2025-12-11,1081079,610,16450,1.594%,17141.3,92.9,0.542%,49.00
2025-12-10,1080532,610,16445,3.075%,33082.2,145.8,0.441%,64.00
2025-12-09,1080024,610,16440,4.425%,47609.4,181.0,0.380%,77.00
2025-12-08,1079711,609,16431,0.534%,5725.3,41.3,0.721%,98.00
2025-12-07,1078653,609,16420,0.323%,3418.0,61.0,1.785%,133.00
2025-12-06,1077668,608,16396,0.964%,10320.5,72.5,0.702%,63.00
2025-12-05,1077118,608,16383,1.087%,11601.1,102.1,0.880%,49.00
2025-12-04,1076588,608,16372,1.976%,21111.1,157.6,0.747%,48.00
2025-12-03,1076152,608,16362,2.048%,21903.1,132.6,0.605%,49.00
2025-12-02,1075798,608,16354,1.718%,18362.7,115.7,0.630%,62.00
2025-12-01,1075118,606,16347,1.399%,14946.9,92.3,0.618%,65.00
2025-11-30,1074346,606,16339,0.659%,7025.8,53.2,0.757%,48.00
2025-11-29,1073626,606,16324,0.240%,2549.4,22.8,0.894%,54.00
2025-11-28,1073352,606,16314,0.590%,6285.2,45.0,0.716%,35.00
2025-11-27,1073101,606,16303,1.711%,18260.7,101.4,0.555%,38.00
2025-11-26,1072766,606,16296,1.861%,19855.7,110.7,0.558%,47.00
2025-11-25,1072466,606,16292,1.717%,18306.0,110.5,0.604%,68.00
2025-11-24,1072098,606,16288,0.977%,10381.3,98.3,0.947%,80.00
2025-11-23,1071574,602,16283,1.164%,12387.0,91.0,0.735%,103.00
2025-11-22,1070646,602,16263,0.591%,6265.3,59.6,0.951%,78.00
2025-11-21,1070350,601,16251,0.785%,8376.8,28.8,0.344%,50.00
2025-11-20,1070052,601,16240,0.902%,9571.2,76.4,0.798%,38.00
2025-11-19,1069799,596,16226,0.528%,5579.8,65.8,1.179%,38.00
2025-11-18,1069613,595,16218,0.430%,4527.9,67.8,1.497%,42.00
2025-11-17,1069416,592,16214,0.537%,5685.7,54.7,0.962%,47.00
2025-11-16,1069038,592,16206,0.950%,10082.4,73.4,0.728%,52.00
2025-11-15,1068591,587,16200,0.877%,9298.5,69.1,0.743%,55.00
2025-11-14,1068109,587,16186,0.415%,4377.9,53.3,1.217%,43.00
2025-11-13,1067673,587,16178,1.234%,13022.0,150.7,1.157%,48.00
2025-11-12,1067213,586,16171,1.502%,15863.8,170.2,1.073%,64.00
2025-11-11,1066900,586,16163,1.324%,14018.2,107.1,0.764%,67.00
2025-11-10,1066463,584,16156,0.873%,9230.2,77.6,0.841%,82.00
2025-11-09,1065997,584,16150,10.831%,115330.0,132.0,0.114%,130.00
2025-11-08,1065495,584,16130,0.664%,6976.7,98.7,1.415%,39.00
2025-11-07,1065268,584,16118,0.625%,6523.3,135.0,2.070%,44.00
2025-11-06,1065245,584,16109,0.629%,6534.4,165.7,2.536%,47.00
2025-11-05,1064934,584,16104,0.468%,4833.0,153.9,3.184%,73.00
2025-11-04,1064683,584,16095,0.440%,4597.8,84.0,1.827%,89.00
2025-11-03,1064359,584,16088,0.099%,1044.0,7.0,0.670%,130.00
2025-11-02,1064010,584,16068,0.390%,4021.8,124.2,3.088%,87.00
2025-11-01,1063800,582,16054,0.608%,6401.6,65.8,1.028%,45.00
2025-10-31,1063603,581,16044,0.698%,7297.5,122.2,1.675%,39.00
2025-10-30,1063271,581,16035,0.625%,6515.7,131.2,2.014%,44.00
2025-10-29,1062873,581,16032,0.645%,6743.9,110.2,1.634%,67.00
2025-10-28,1062599,581,16027,0.821%,8602.8,124.3,1.445%,82.00
2025-10-27,1062158,581,16021,0.082%,858.0,11.0,1.282%,126.00
2025-10-26,1061652,581,16012,0.292%,3066.0,37.0,1.207%,129.00
2025-10-25,1061108,580,15989,1.487%,15696.6,84.8,0.540%,71.00
2025-10-24,1060430,580,15975,0.267%,2814.5,12.3,0.437%,80.00
2025-10-23,1059320,579,15961,1.098%,11470.0,166.1,1.448%,53.00
2025-10-22,1058673,578,15948,1.222%,12840.5,94.3,0.734%,67.00
2025-10-21,1057925,578,15939,1.017%,10706.1,54.8,0.512%,103.00
2025-10-20,1057263,578,15935,0.375%,3871.6,91.8,2.371%,88.00
2025-10-19,1056269,578,15923,0.375%,3871.6,91.8,2.371%,88.00
2025-10-18,1055282,577,15890,0.833%,8613.7,176.5,2.049%,78.00
2025-10-17,1054504,577,15877,1.117%,11647.8,129.3,1.110%,45.00
2025-10-16,1053576,577,15867,0.780%,8114.7,104.7,1.290%,50.00
2025-10-15,1053230,575,15854,0.517%,5377.3,72.7,1.352%,51.00
2025-10-14,1053009,573,15846,0.522%,5412.3,89.5,1.654%,58.00
2025-10-13,1052751,571,15840,0.491%,5114.3,50.5,0.987%,54.00
2025-10-12,1052445,564,15827,0.867%,9028.7,91.0,1.008%,41.00
2025-10-11,1052015,563,15818,0.962%,9987.1,134.3,1.345%,37.00
2025-10-10,1051892,563,15814,0.966%,10029.0,137.2,1.368%,41.00
2025-10-09,1051607,563,15808,0.908%,9438.7,109.6,1.161%,49.00
2025-10-08,1051220,563,15804,1.065%,11063.5,129.8,1.173%,56.00
2025-10-07,1050871,563,15798,1.592%,16522.3,202.8,1.227%,92.00
2025-10-06,1050259,563,15793,0.576%,5948.8,103.6,1.742%,98.00
2025-10-05,1049665,559,15779,0.125%,1304.0,9.0,0.690%,92.00
2025-10-04,1049071,559,15757,0.861%,8958.1,76.2,0.851%,47.00
2025-10-03,1048632,551,15744,0.642%,6709.1,27.6,0.411%,53.00
2025-10-02,1048361,549,15733,2.925%,30522.8,144.5,0.473%,51.00
2025-10-01,1048036,548,15722,2.593%,27026.6,149.9,0.555%,60.00
2025-09-30,1047558,548,15717,2.254%,23445.1,162.6,0.694%,63.00
2025-09-29,1046542,546,15708,3.343%,34804.7,186.4,0.536%,76.00
2025-09-28,1045786,545,15694,1.689%,17599.0,65.9,0.374%,58.00
2025-09-27,1044363,545,15687,1.143%,11898.1,41.6,0.350%,48.00
2025-09-26,1041841,543,15671,1.075%,11164.6,36.2,0.324%,49.00
2025-09-25,1040910,537,15662,2.110%,21890.8,68.6,0.313%,55.00
2025-09-24,1040547,537,15654,1.931%,20053.6,43.4,0.216%,58.00
2025-09-23,1040162,537,15647,2.036%,21136.2,41.3,0.195%,71.00
2025-09-22,1039778,529,15640,1.695%,17559.3,65.9,0.375%,74.00
2025-09-21,1039408,529,15632,0.979%,10113.8,60.3,0.596%,44.00
2025-09-20,1038845,529,15617,1.001%,10352.4,44.8,0.433%,36.00
2025-09-19,1038310,528,15607,0.980%,10141.8,36.3,0.358%,40.00
2025-09-18,1037934,528,15601,0.805%,8268.0,82.2,0.994%,38.00
2025-09-17,1037619,527,15594,0.760%,7797.4,93.1,1.194%,43.00
2025-09-16,1037417,527,15588,1.542%,15812.9,183.8,1.162%,50.00
2025-09-15,1037146,526,15584,1.711%,17575.7,167.6,0.954%,58.00
2025-09-14,1036836,515,15578,0.880%,8828.6,294.9,3.340%,73.00
2025-09-13,1036058,515,15565,0.727%,7498.3,38.9,0.519%,52.00
2025-09-12,1035145,514,15553,1.080%,11111.6,63.1,0.568%,40.00
2025-09-11,1034857,514,15544,0.956%,9791.7,97.8,0.999%,49.00
2025-09-10,1034728,514,15539,0.830%,8452.2,132.0,1.562%,63.00
2025-09-09,1034501,510,15531,0.850%,8636.7,159.1,1.842%,76.00
2025-09-08,1034283,510,15524,0.762%,7860.0,22.0,0.280%,85.00
2025-09-07,1033885,508,15513,1.341%,13694.8,168.8,1.233%,38.00
2025-09-06,1033177,508,15490,1.307%,13301.6,197.5,1.485%,42.00
2025-09-05,1032721,506,15478,1.589%,16211.7,202.1,1.247%,39.00
2025-09-04,1032423,506,15471,1.839%,18829.8,159.9,0.849%,44.00
2025-09-03,1032150,506,15465,1.208%,12391.7,81.4,0.657%,63.00
2025-09-02,1031793,502,15456,1.523%,15609.1,107.1,0.686%,95.00
2025-09-01,1031393,502,15451,0.399%,4046.0,74.0,1.829%,129.00
2025-08-31,1030893,500,15440,0.614%,6298.7,34.4,0.546%,49.00
2025-08-30,1030477,500,15419,0.709%,7218.8,90.7,1.256%,47.00
2025-08-29,1030196,498,15410,0.823%,8356.5,121.1,1.449%,53.00
2025-08-28,1029841,498,15402,1.401%,14345.3,87.9,0.613%,47.00
2025-08-27,1029469,498,15394,1.449%,14798.2,122.5,0.828%,53.00
2025-08-26,1028795,498,15388,0.895%,9130.8,72.9,0.798%,48.00
2025-08-25,1027935,497,15377,0.515%,5218.9,71.5,1.370%,54.00
2025-08-24,1027429,497,15370,0.706%,7047.8,202.8,2.877%,50.00
2025-08-23,1027103,496,15358,0.830%,8370.4,151.4,1.809%,37.00
2025-08-22,1026851,495,15353,0.915%,9263.2,128.7,1.389%,38.00
2025-08-21,1026701,495,15347,0.901%,9120.3,132.2,1.450%,40.00
2025-08-20,1026564,491,15341,1.006%,10218.1,104.5,1.023%,44.00
2025-08-19,1026349,490,15336,0.902%,9153.8,105.6,1.154%,50.00
2025-08-18,1026105,489,15330,1.105%,11291.6,44.9,0.398%,42.00
2025-08-17,1025923,487,15324,1.323%,13485.8,88.5,0.656%,42.00
2025-08-16,1025684,487,15315,1.324%,13410.2,169.6,1.265%,36.00
2025-08-15,1025450,485,15309,1.414%,14328.8,170.5,1.190%,39.00
2025-08-14,1025163,485,15304,1.482%,14995.6,200.9,1.340%,43.00
2025-08-13,1024896,485,15297,1.469%,14727.3,332.3,2.256%,41.00
2025-08-12,1024651,483,15291,1.165%,11634.8,305.8,2.628%,34.00
2025-08-11,1024377,482,15286,0.973%,9669.1,300.3,3.106%,31.00
2025-08-10,1024183,481,15281,0.833%,8276.6,254.5,3.075%,34.00
2025-08-09,1023824,480,15274,1.620%,16330.7,257.9,1.579%,29.00
2025-08-08,1023494,480,15271,1.537%,15524.5,203.2,1.309%,34.00
2025-08-07,1023195,480,15267,1.713%,17329.6,202.6,1.169%,41.00
2025-08-06,1022772,479,15264,2.018%,20517.7,118.7,0.579%,53.00
2025-08-05,1022379,480,15258,1.864%,18933.2,123.2,0.651%,62.00
2025-08-04,1022020,480,15254,1.703%,17265.8,141.1,0.817%,65.00
2025-08-03,1021518,480,15248,0.516%,5237.0,29.7,0.567%,78.00
2025-08-02,1021015,476,15232,1.127%,11387.1,117.4,1.031%,37.00
2025-08-01,1020545,476,15221,1.435%,14529.1,120.6,0.830%,42.00
2025-07-31,1020195,476,15216,1.608%,16314.6,91.1,0.558%,48.00
2025-07-30,1019713,476,15211,1.579%,16005.4,93.7,0.585%,59.00
2025-07-29,1019090,470,15206,0.950%,9608.5,71.1,0.740%,79.00
2025-07-28,1018570,469,15199,0.761%,7575.0,175.5,2.317%,77.00
2025-07-27,1018152,468,15186,1.895%,19205.6,91.4,0.476%,70.00
2025-07-26,1017604,467,15170,1.013%,10226.8,78.6,0.769%,48.00
2025-07-25,1017045,463,15163,1.065%,10721.1,108.4,1.011%,56.00
2025-07-24,1016564,458,15154,1.715%,17288.6,143.9,0.832%,47.00
2025-07-23,1016003,458,15144,1.775%,17877.7,158.2,0.885%,37.00
2025-07-22,1015484,457,15136,1.890%,18982.3,215.0,1.133%,36.00
2025-07-21,1014863,457,15130,1.453%,14539.6,204.5,1.407%,38.00
2025-07-20,1014057,455,15122,1.301%,12987.4,206.4,1.589%,40.00
2025-07-19,1013609,455,15113,1.424%,14215.3,214.1,1.506%,35.00
2025-07-18,1013372,455,15107,1.472%,14753.9,166.6,1.129%,40.00
2025-07-17,1012927,453,15099,1.554%,15634.4,109.8,0.702%,41.00
2025-07-16,1012285,448,15095,1.880%,18767.8,262.0,1.396%,38.00
2025-07-15,1011803,447,15089,2.150%,21370.6,378.3,1.770%,37.00
2025-07-14,1011222,446,15083,1.787%,17848.7,224.8,1.259%,38.00
2025-07-13,1009037,446,15075,2.084%,20822.9,203.6,0.978%,39.00
2025-07-12,1003728,445,15068,2.744%,27373.6,173.5,0.634%,39.00
2025-07-11,1002277,444,15059,3.347%,33444.7,99.3,0.297%,46.00
2025-07-10,1001774,442,15053,4.035%,40316.9,104.7,0.260%,50.00
2025-07-09,1001058,442,15046,2.717%,27139.5,59.4,0.219%,58.00
2025-07-08,999403,441,15032,2.521%,25079.7,118.8,0.474%,98.00
2025-07-07,998770,439,15023,0.453%,4518.0,9.0,0.199%,196.00
2025-07-06,997514,416,15013,0.845%,8426.0,3.0,0.036%,378.00
2025-07-05,995589,415,14982,0.686%,6789.6,41.2,0.607%,78.00
2025-07-04,994931,413,14968,1.740%,17231.6,78.0,0.453%,54.00
2025-07-03,994530,413,14957,1.314%,12994.6,71.0,0.546%,43.00
2025-07-02,993900,413,14948,1.556%,15401.3,60.3,0.392%,47.00
2025-07-01,993500,411,14941,1.184%,11704.9,61.1,0.522%,55.00
2025-06-30,993265,411,14931,1.155%,11439.9,35.6,0.311%,48.00
2025-06-29,993084,410,14925,1.226%,12114.2,60.3,0.498%,39.00
2025-06-28,992917,402,14907,1.230%,12160.1,55.7,0.458%,34.00
2025-06-27,992809,402,14898,1.353%,13374.8,60.3,0.451%,18.00
2025-06-26,992713,401,14893,1.398%,13837.0,43.0,0.311%,15.00
2025-06-25,992703,401,14884,1.327%,13143.3,30.8,0.234%,14.00
2025-06-24,992674,394,14876,1.506%,14908.8,40.8,0.274%,14.00
2025-06-23,992627,394,14872,1.546%,15301.6,40.8,0.267%,18.00
2025-06-22,992494,394,14867,1.589%,15723.4,42.4,0.270%,18.00
2025-06-21,992345,394,14861,1.409%,13942.5,42.5,0.305%,29.00
2025-06-20,992134,394,14855,1.303%,12884.3,43.9,0.341%,32.00
2025-06-19,991967,394,14850,1.228%,12139.8,46.2,0.381%,35.00
2025-06-18,991783,392,14845,1.037%,10243.5,44.9,0.438%,48.00
2025-06-17,991611,392,14840,0.799%,7880.8,45.4,0.576%,43.00
2025-06-16,991324,392,14836,0.799%,7874.8,43.8,0.556%,55.00
2025-06-15,990816,392,14825,0.864%,8518.0,39.2,0.460%,52.00
2025-06-14,990260,392,14811,1.315%,12969.1,57.1,0.440%,27.00
2025-06-13,989895,392,14801,1.470%,14500.4,52.2,0.360%,27.00
2025-06-12,989643,391,14797,1.225%,12084.7,33.5,0.277%,24.00
2025-06-11,989456,391,14790,1.301%,12840.9,27.8,0.216%,24.00
2025-06-10,989331,391,14784,1.320%,13032.0,30.7,0.236%,21.00
2025-06-09,989195,390,14780,1.908%,18834.3,35.3,0.187%,20.00
2025-06-08,988941,389,14775,2.177%,21444.1,80.7,0.376%,18.00
2025-06-07,988348,389,14771,2.221%,21833.8,118.2,0.541%,28.00
2025-06-06,987998,389,14759,2.025%,19900.4,107.5,0.540%,33.00
2025-06-05,987788,389,14749,1.886%,18525.0,107.2,0.579%,33.00
2025-06-04,987601,389,14744,1.605%,15747.9,104.4,0.663%,41.00
2025-06-03,987475,389,14740,1.421%,13937.6,90.5,0.649%,42.00
2025-06-02,987429,388,14737,1.182%,11596.1,73.6,0.635%,51.00
2025-06-01,987231,388,14734,0.779%,7622.5,66.0,0.866%,56.00
2025-05-31,986994,388,14718,1.168%,11473.3,51.9,0.452%,33.00
2025-05-30,986782,388,14707,2.321%,22752.4,148.2,0.651%,36.00
2025-05-29,986523,387,14701,2.300%,22533.2,154.7,0.687%,43.00
2025-05-28,986079,387,14693,1.885%,18453.8,130.2,0.706%,53.00
2025-05-27,985658,386,14686,1.746%,17112.3,101.7,0.594%,75.00
2025-05-26,984730,385,14683,0.302%,2958.0,19.0,0.642%,129.00
2025-05-25,983418,385,14676,0.236%,2313.0,12.0,0.519%,142.00
2025-05-24,982848,383,14638,3.528%,34599.0,77.8,0.225%,59.00
2025-05-23,982331,382,14617,1.426%,13959.9,48.5,0.347%,34.00
2025-05-22,981921,382,14607,1.919%,18767.0,77.1,0.411%,41.00
2025-05-21,981555,382,14599,2.193%,21443.8,81.4,0.380%,41.00
2025-05-20,981297,382,14592,2.147%,20980.9,90.4,0.431%,53.00
2025-05-19,980775,382,14583,1.549%,15124.3,70.8,0.468%,43.00
2025-05-18,980191,382,14579,1.627%,15869.2,81.8,0.515%,55.00
2025-05-17,979883,382,14566,1.749%,17064.8,73.2,0.429%,30.00
2025-05-16,979779,382,14551,1.357%,13245.1,52.2,0.394%,18.00
2025-05-15,979674,382,14547,1.204%,11763.5,27.9,0.237%,19.00
2025-05-14,979488,382,14540,1.055%,10309.4,24.7,0.240%,21.00
2025-05-13,979285,382,14536,1.406%,13712.5,60.1,0.438%,23.00
2025-05-12,979120,382,14532,1.917%,18697.3,72.4,0.387%,26.00
2025-05-11,979084,382,14528,2.250%,21943.0,82.2,0.375%,26.00
2025-05-10,978882,382,14522,2.222%,21662.8,83.6,0.386%,30.00
2025-05-09,978575,382,14519,2.823%,27516.1,110.4,0.401%,35.00
2025-05-08,978299,382,14514,2.371%,23122.6,71.3,0.308%,43.00
2025-05-07,978026,379,14510,2.058%,20060.1,66.1,0.330%,44.00
2025-05-06,977664,379,14507,1.616%,15702.7,94.5,0.602%,44.00
2025-05-05,977095,377,14501,1.582%,15356.6,101.6,0.662%,44.00
2025-05-04,976169,376,14495,0.958%,9315.2,40.4,0.434%,55.00
2025-05-03,975723,376,14476,1.298%,12598.4,64.7,0.514%,41.00
2025-05-02,975399,376,14467,1.650%,16018.4,72.4,0.452%,31.00
2025-05-01,974968,374,14456,1.916%,18609.9,67.8,0.364%,24.00
2025-04-30,974615,373,14437,1.876%,18214.5,66.0,0.362%,18.00
2025-04-29,974395,372,14434,2.074%,20131.7,76.8,0.381%,19.00
2025-04-28,974224,371,14429,1.653%,16033.0,67.9,0.424%,22.00
2025-04-27,974097,371,14424,1.607%,15590.7,60.7,0.389%,21.00
2025-04-26,973850,370,14419,1.644%,15947.1,59.4,0.372%,24.00
2025-04-25,973681,370,14417,1.659%,16092.2,62.8,0.390%,29.00
2025-04-24,973502,365,14410,1.489%,14436.1,62.4,0.432%,29.00
2025-04-23,973296,365,14404,1.544%,14960.5,62.4,0.417%,33.00
2025-04-22,973092,365,14401,1.432%,13868.8,62.0,0.447%,34.00
2025-04-21,972912,365,14393,1.196%,11588.8,43.4,0.374%,30.00
2025-04-20,972630,365,14389,1.152%,11170.2,37.1,0.332%,35.00
2025-04-19,972411,365,14377,1.270%,12278.3,75.0,0.611%,34.00
2025-04-18,972082,365,14363,1.125%,10854.5,78.4,0.722%,34.00
2025-04-17,971752,366,14356,1.277%,12330.7,75.3,0.611%,35.00
2025-04-16,971532,366,14349,1.245%,12029.6,68.9,0.573%,36.00
2025-04-15,971284,366,14341,1.329%,12860.3,51.4,0.400%,40.00
2025-04-14,971091,365,14337,1.352%,13087.5,43.5,0.332%,41.00
2025-04-13,970826,364,14333,1.423%,13770.5,40.5,0.294%,41.00
2025-04-12,970434,364,14318,2.110%,20383.7,89.7,0.440%,32.00
2025-04-11,970062,362,14310,2.862%,27608.4,157.3,0.570%,32.00
2025-04-10,969722,363,14304,3.187%,30701.7,201.2,0.655%,32.00
2025-04-09,969355,363,14299,3.476%,33490.1,200.9,0.600%,37.00
2025-04-08,969012,362,14293,3.123%,30100.7,161.9,0.538%,40.00
2025-04-07,968560,362,14293,2.570%,24778.3,114.2,0.461%,54.00
2025-04-06,967887,362,14289,2.392%,23079.3,74.3,0.322%,72.00
2025-04-05,967340,362,14276,2.866%,27655.8,65.8,0.238%,52.00
2025-04-04,966948,362,14265,3.397%,32775.1,75.1,0.229%,39.00
2025-04-03,966722,362,14257,3.275%,31539.1,119.7,0.380%,28.00
2025-04-02,966393,362,14254,2.727%,26241.6,108.8,0.415%,28.00
2025-04-01,966020,362,14248,2.467%,23710.0,121.5,0.512%,28.00
2025-03-31,965689,362,14247,2.623%,25198.8,133.5,0.530%,30.00
2025-03-30,965304,362,14241,2.569%,24676.6,125.1,0.507%,32.00
2025-03-29,964728,362,14238,2.687%,25796.5,126.6,0.491%,32.00
2025-03-28,964216,362,14233,2.745%,26308.5,159.4,0.606%,34.00
2025-03-27,963808,363,14227,3.634%,34844.1,178.8,0.513%,40.00
2025-03-26,963139,363,14220,3.777%,36201.1,175.2,0.484%,49.00
2025-03-25,962366,363,14215,3.303%,31632.6,150.8,0.477%,50.00
2025-03-24,961440,363,14210,3.077%,29450.3,135.8,0.461%,65.00
2025-03-23,960113,363,14204,3.070%,29397.7,81.7,0.278%,79.00
2025-03-22,957800,363,14192,4.994%,47646.1,191.1,0.401%,72.00
2025-03-21,956068,363,14181,1.954%,18542.9,141.4,0.763%,74.00
2025-03-20,954618,363,14170,2.599%,24571.7,235.2,0.957%,50.00
2025-03-19,953674,362,14163,4.176%,39625.8,198.7,0.501%,49.00
2025-03-18,952989,362,14156,4.651%,44097.4,222.9,0.505%,65.00
2025-03-17,952147,362,14150,4.167%,39564.2,111.7,0.282%,68.00
2025-03-16,951118,363,14149,3.340%,31594.3,172.8,0.547%,108.00
2025-03-15,949320,364,14139,3.816%,36137.3,88.3,0.244%,51.00
2025-03-14,948457,364,14121,2.510%,23723.9,80.1,0.338%,24.00
2025-03-13,947936,361,14117,1.589%,14987.6,73.6,0.491%,23.00
2025-03-12,947549,361,14112,1.926%,18183.2,69.4,0.382%,28.00
2025-03-11,947237,360,14103,1.765%,16648.5,65.5,0.393%,29.00
2025-03-10,946967,360,14097,1.892%,17839.3,81.7,0.458%,29.00
2025-03-09,946797,360,14093,2.206%,20800.3,85.5,0.411%,28.00
2025-03-08,946582,360,14091,2.595%,24470.2,97.1,0.397%,33.00
2025-03-07,946348,360,14090,2.850%,26836.0,135.6,0.505%,40.00
2025-03-06,946030,359,14081,2.636%,24821.9,114.3,0.460%,28.00
2025-03-05,945698,358,14075,2.290%,21566.7,87.2,0.404%,28.00
2025-03-04,945409,358,14073,2.394%,22543.8,88.9,0.394%,32.00
2025-03-03,945303,357,14073,2.221%,20910.5,88.4,0.423%,34.00
2025-03-02,945237,356,14068,2.452%,23083.2,95.3,0.413%,40.00
2025-03-01,945128,356,14065,2.378%,22380.2,95.9,0.429%,34.00
2025-02-28,944817,356,14061,2.950%,27758.5,109.7,0.395%,28.00
2025-02-27,944624,356,14052,2.752%,25837.3,157.1,0.608%,21.00
2025-02-26,944414,357,14043,2.730%,25626.4,156.3,0.610%,15.00
2025-02-25,944204,356,14046,2.558%,24035.6,119.5,0.497%,18.00
2025-02-24,944067,356,14045,2.646%,24868.4,109.9,0.442%,24.00
2025-02-23,944012,356,14053,2.070%,19461.4,78.6,0.404%,34.00
2025-02-22,943883,356,14052,1.962%,18458.4,58.4,0.316%,33.00
2025-02-21,943704,356,14050,1.887%,17752.1,55.5,0.313%,29.00
2025-02-20,943592,356,14047,1.517%,14272.1,45.4,0.318%,30.00
2025-02-19,943426,356,14045,0.856%,8037.9,39.9,0.496%,33.00
2025-02-18,942949,356,14037,1.220%,11438.8,62.4,0.546%,28.00
2025-02-17,942880,356,14026,1.385%,13000.7,59.1,0.455%,20.00
2025-02-16,942812,356,14023,1.748%,16421.7,56.8,0.346%,23.00
2025-02-15,942704,356,14023,1.691%,15894.7,51.0,0.321%,30.00
2025-02-14,942454,356,14018,1.692%,15910.1,38.9,0.244%,23.00
2025-02-13,942315,356,14012,2.552%,23984.6,67.2,0.280%,21.00
2025-02-12,942187,356,14006,5.199%,48802.3,186.7,0.383%,20.00
2025-02-11,941965,356,14003,5.743%,53883.4,210.3,0.390%,20.00
2025-02-10,941642,356,13999,4.547%,42649.7,169.4,0.397%,20.00
2025-02-09,941254,356,13994,3.919%,36724.7,166.1,0.452%,18.00
2025-02-08,940602,356,13994,3.326%,31123.7,160.9,0.517%,19.00
2025-02-07,939854,356,13991,1.322%,12354.5,68.7,0.556%,18.00
2025-02-06,939327,354,13987,1.379%,12869.0,82.8,0.643%,20.00
2025-02-05,939150,352,13983,1.420%,13256.8,82.3,0.621%,24.00
2025-02-04,939063,352,13982,1.465%,13686.3,74.5,0.544%,29.00
2025-02-03,939117,352,13975,1.612%,15067.2,70.0,0.465%,33.00
2025-02-02,938975,352,13971,1.633%,15257.7,72.3,0.474%,28.00
2025-02-01,938865,352,13969,1.866%,17452.2,70.0,0.401%,33.00
2025-01-31,938664,352,13966,2.080%,19437.3,85.1,0.438%,33.00
2025-01-30,938418,352,13962,3.953%,36950.6,145.7,0.394%,27.00
2025-01-29,937975,352,13953,3.601%,33655.9,122.5,0.364%,20.00
2025-01-28,937721,352,13940,3.616%,33793.1,118.2,0.350%,22.00
2025-01-27,937446,352,13936,3.311%,30924.6,113.6,0.367%,27.00
2025-01-26,937068,352,13932,3.003%,28038.7,101.3,0.361%,28.00
2025-01-25,936545,351,13928,2.854%,26634.3,95.3,0.358%,24.00
2025-01-24,936198,351,13927,2.710%,25263.1,103.5,0.410%,28.00
2025-01-23,935789,350,13922,1.981%,18447.1,88.9,0.482%,24.00
2025-01-22,935470,350,13918,2.026%,18855.3,99.8,0.529%,28.00
2025-01-21,934771,349,13909,2.089%,19366.9,163.2,0.843%,20.00
2025-01-20,934470,348,13903,1.864%,17275.7,143.8,0.832%,19.00
2025-01-19,934329,350,13899,1.736%,16103.9,119.9,0.745%,18.00
2025-01-18,934176,350,13896,1.773%,16430.2,130.0,0.791%,18.00
2025-01-17,933980,350,13894,2.670%,24743.0,194.0,0.784%,19.00
2025-01-16,933803,351,13890,2.761%,25663.9,121.9,0.475%,18.00
2025-01-15,933544,351,13887,2.782%,25852.2,118.2,0.457%,18.00
2025-01-14,933298,351,13882,3.180%,29555.4,127.5,0.431%,16.00
2025-01-13,933093,351,13877,3.296%,30632.8,124.4,0.406%,14.00
2025-01-12,932156,351,13874,2.639%,24525.9,75.3,0.307%,13.00
2025-01-11,931134,351,13873,2.810%,26087.3,78.8,0.302%,14.00
2025-01-10,930951,351,13871,3.035%,28167.0,88.8,0.315%,16.00
2025-01-09,930797,351,13868,3.001%,27846.7,87.6,0.315%,15.00
2025-01-08,930633,351,13864,3.121%,28959.1,86.8,0.300%,12.00
2025-01-07,930557,351,13863,3.044%,28224.0,98.2,0.348%,12.00
2025-01-06,930367,351,13860,3.004%,27681.5,263.8,0.953%,11.00
2025-01-05,930350,350,13851,2.861%,26364.0,251.3,0.953%,9.00
2025-01-04,930254,350,13850,3.284%,30307.8,246.1,0.812%,9.00
2025-01-03,930217,350,13848,3.261%,30089.1,244.9,0.814%,8.00
2025-01-02,930215,350,13846,3.080%,28306.9,341.3,1.206%,8.00
2025-01-01,930101,350,13846,3.043%,27960.1,340.2,1.217%,8.00
2024-12-31,929950,351,13845,2.919%,26798.7,343.8,1.283%,8.00
2024-12-30,929875,351,13844,2.894%,26571.9,339.4,1.277%,9.00
2024-12-29,929734,351,13842,2.789%,25598.6,330.8,1.292%,9.00
2024-12-28,929598,351,13841,2.766%,25545.3,170.0,0.665%,11.00
2024-12-27,929412,351,13840,2.744%,25329.8,169.2,0.668%,12.00
2024-12-26,929209,351,13838,2.812%,25958.2,167.6,0.646%,15.00
2024-12-25,928953,351,13838,4.024%,37173.4,208.9,0.562%,22.00
2024-12-24,928743,351,13838,3.973%,36695.3,207.9,0.567%,29.00
2024-12-23,928461,351,13836,4.107%,37976.4,157.8,0.416%,33.00
2024-12-22,928229,351,13833,4.157%,38399.5,189.2,0.493%,33.00
2024-12-21,927826,351,13830,4.413%,40727.3,214.8,0.527%,32.00
2024-12-20,927285,351,13828,3.419%,31504.2,197.6,0.627%,34.00
2024-12-19,926554,351,13823,3.016%,27800.1,147.8,0.532%,28.00
2024-12-18,926203,351,13816,3.159%,29139.7,116.4,0.399%,28.00
2024-12-17,925684,351,13810,2.935%,27086.3,86.1,0.318%,28.00
2024-12-16,925152,351,13805,2.955%,27208.1,130.0,0.478%,33.00
2024-12-15,924672,351,13801,3.002%,27600.4,162.3,0.588%,35.00
2024-12-14,924432,351,13797,3.346%,30765.6,168.3,0.547%,40.00
2024-12-13,923977,351,13794,3.435%,31562.1,180.3,0.571%,50.00
2024-12-12,923418,351,13787,3.856%,35457.9,145.6,0.411%,54.00
2024-12-11,922921,351,13779,4.862%,44773.4,99.0,0.221%,56.00
2024-12-10,922356,351,13775,5.156%,47435.4,119.1,0.251%,77.00
2024-12-09,921340,350,13762,11.348%,104511.0,47.0,0.045%,124.00
2024-12-08,919857,350,13752,2.327%,21273.0,136.0,0.639%,136.00
2024-12-07,918319,350,13729,3.836%,35017.2,210.8,0.602%,75.00
2024-12-06,916684,350,13719,3.211%,29359.2,79.3,0.270%,55.00
2024-12-05,915359,350,13706,2.924%,26667.2,96.9,0.363%,50.00
2024-12-04,914600,350,13697,3.787%,34414.4,218.6,0.635%,55.00
2024-12-03,914071,350,13688,3.904%,35463.2,224.1,0.632%,74.00
2024-12-02,913337,350,13685,1.422%,12964.0,25.0,0.193%,114.00
2024-12-01,912259,349,13677,1.356%,12258.0,109.0,0.889%,130.00
2024-11-30,911400,350,13661,2.420%,21971.5,87.3,0.397%,108.00
2024-11-29,910956,350,13647,2.704%,24526.9,106.7,0.435%,54.00
2024-11-28,910442,350,13635,2.085%,18842.7,139.1,0.738%,56.00
2024-11-27,910006,350,13629,2.816%,25449.9,173.2,0.681%,74.00
2024-11-26,909592,348,13620,1.896%,17177.3,69.5,0.405%,72.00
2024-11-25,909142,348,13611,3.684%,33318.3,170.9,0.513%,107.00
2024-11-24,908685,348,13601,1.818%,16433.3,85.7,0.522%,110.00
2024-11-23,908082,352,13586,2.640%,23882.0,91.3,0.382%,89.00
2024-11-22,907525,349,13575,1.727%,15501.7,167.6,1.081%,79.00
2024-11-21,906915,348,13561,1.484%,13405.8,51.8,0.386%,69.00
2024-11-20,906602,348,13545,1.609%,14535.6,52.5,0.361%,33.00
2024-11-19,906454,347,13536,2.230%,20115.8,95.5,0.475%,32.00
2024-11-18,906220,346,13531,3.301%,29782.4,134.1,0.450%,34.00
2024-11-17,906042,346,13524,3.622%,32683.4,136.7,0.418%,34.00
2024-11-16,905725,346,13521,3.881%,35012.2,136.9,0.391%,40.00
2024-11-15,905510,346,13518,3.583%,32313.8,131.6,0.407%,49.00
2024-11-14,905067,347,13514,3.025%,27246.7,130.7,0.480%,52.00
2024-11-13,904412,347,13507,2.629%,23609.9,165.8,0.702%,60.00
2024-11-12,904096,345,13495,1.983%,17824.3,104.5,0.586%,33.00
2024-11-11,903800,343,13485,2.881%,25884.9,150.6,0.582%,29.00
2024-11-10,903506,343,13485,2.862%,25692.1,170.4,0.663%,29.00
2024-11-09,902904,343,13479,2.993%,26856.1,168.3,0.627%,32.00
2024-11-08,902336,343,13476,3.607%,32318.9,224.9,0.696%,35.00
2024-11-07,901889,343,13473,4.150%,37075.5,356.7,0.962%,43.00
2024-11-06,901287,343,13467,3.862%,34521.9,290.2,0.841%,56.00
2024-11-05,900524,342,13461,4.664%,41732.7,267.8,0.642%,74.00
2024-11-04,899886,342,13456,1.161%,10415.0,33.0,0.317%,78.00
2024-11-03,898587,342,13458,1.052%,9266.0,185.0,1.997%,134.00
2024-11-02,897221,342,13439,1.831%,16296.0,129.0,0.792%,70.00
2024-11-01,896734,342,13429,2.940%,26234.3,128.6,0.490%,52.00
2024-10-31,896259,342,13420,2.408%,21459.7,122.7,0.572%,50.00
2024-10-30,895887,342,13412,3.373%,30063.5,156.7,0.521%,59.00
2024-10-29,895480,342,13405,3.432%,30560.3,170.8,0.559%,59.00
2024-10-28,895109,342,13397,2.151%,19163.5,86.8,0.453%,77.00
2024-10-27,894504,342,13389,1.287%,11418.5,90.1,0.789%,75.00
2024-10-26,894164,342,13377,1.665%,14831.5,54.4,0.367%,73.00
2024-10-25,893974,342,13369,2.931%,26008.6,194.7,0.749%,68.00
2024-10-24,893732,341,13358,2.287%,20304.3,133.9,0.659%,52.00
2024-10-23,893496,341,13342,2.700%,23980.8,142.9,0.596%,57.00
2024-10-22,893273,340,13337,3.324%,29532.0,161.2,0.546%,72.00
2024-10-21,893011,340,13333,3.779%,33566.3,185.0,0.551%,82.00
2024-10-20,892461,340,13324,1.653%,14601.2,153.0,1.048%,72.00
2024-10-19,891903,340,13310,1.773%,15732.3,80.5,0.512%,50.00
2024-10-18,891576,340,13303,3.152%,27997.1,106.8,0.381%,40.00
2024-10-17,891078,340,13294,3.169%,28115.5,126.4,0.450%,27.00
2024-10-16,890634,340,13285,2.663%,23596.7,123.3,0.523%,24.00
2024-10-15,890288,340,13283,2.693%,23874.7,103.5,0.434%,24.00
2024-10-14,889909,340,13453,2.507%,22214.1,100.2,0.451%,24.00
2024-10-13,889748,339,13446,2.278%,20172.1,95.7,0.474%,28.00
2024-10-12,889537,339,13445,1.907%,16895.3,72.1,0.427%,29.00
2024-10-11,889115,339,13442,2.046%,18113.6,78.2,0.432%,33.00
2024-10-10,888695,339,13435,1.252%,11068.7,60.5,0.547%,28.00
2024-10-09,888380,339,13429,1.387%,12222.2,101.5,0.830%,28.00
2024-10-08,888423,339,13425,1.224%,10783.1,92.8,0.861%,28.00
2024-10-07,888248,339,13421,1.394%,12281.0,100.2,0.816%,32.00
2024-10-06,888092,338,13414,1.848%,16261.1,147.1,0.905%,27.00
2024-10-05,888030,338,13410,1.822%,16027.4,153.8,0.960%,23.00
2024-10-04,887812,338,13407,1.970%,17362.1,125.7,0.724%,23.00
2024-10-03,887616,338,13401,3.297%,29112.3,149.4,0.513%,20.00
2024-10-02,887379,338,13397,3.972%,35074.4,176.1,0.502%,21.00
2024-10-01,887226,338,13390,3.454%,30531.7,115.9,0.380%,20.00
2024-09-30,886922,337,13385,4.020%,35537.6,118.2,0.333%,19.00
2024-09-29,886660,334,13383,4.516%,39884.3,156.2,0.392%,23.00
2024-09-28,886285,334,13381,4.527%,39969.4,155.7,0.390%,28.00
2024-09-27,885853,334,13378,4.083%,36012.3,154.3,0.428%,33.00
2024-09-26,885146,333,13375,3.873%,34128.5,149.3,0.437%,40.00
2024-09-25,884675,333,13370,3.113%,27390.7,148.2,0.541%,41.00
2024-09-24,884396,330,13372,3.003%,26410.7,148.7,0.563%,41.00
2024-09-23,883388,330,13376,1.552%,13624.0,85.6,0.628%,52.00
2024-09-22,885907,329,13370,1.904%,16752.1,112.9,0.674%,51.00
2024-09-21,888332,330,13353,2.080%,18372.1,107.4,0.585%,50.00
2024-09-20,888162,330,13348,1.939%,17139.5,77.8,0.454%,41.00
2024-09-19,887978,330,13343,2.390%,21126.1,94.2,0.446%,41.00
2024-09-18,887841,330,13337,2.921%,25866.1,67.3,0.260%,41.00
2024-09-17,887671,329,13330,2.509%,22202.4,71.3,0.321%,49.00
2024-09-16,887445,327,13327,2.919%,25826.7,75.4,0.292%,50.00
2024-09-15,887230,460,13323,3.708%,32808.8,87.3,0.266%,49.00
2024-09-14,886756,460,13314,1.758%,15537.3,50.7,0.326%,33.00
2024-09-13,886386,459,13309,1.683%,14770.3,147.1,0.996%,24.00
2024-09-12,886414,468,13310,1.963%,17221.2,175.3,1.018%,24.00
2024-09-11,886366,469,13305,2.193%,19229.6,206.1,1.072%,22.00
2024-09-10,886351,468,13302,2.465%,21619.4,226.8,1.049%,22.00
2024-09-09,886319,468,13298,2.320%,20405.9,155.7,0.763%,21.00
2024-09-08,886312,469,13294,2.455%,21636.1,123.2,0.569%,22.00
2024-09-07,886353,469,13291,2.369%,20896.5,102.7,0.491%,28.00
2024-09-06,886320,469,13289,2.387%,21052.2,101.8,0.484%,33.00
2024-09-05,886326,469,13286,2.380%,21009.1,86.6,0.412%,39.00
2024-09-04,886398,469,13281,2.885%,25456.3,115.3,0.453%,42.00
2024-09-03,886370,466,13278,2.564%,22619.8,108.2,0.478%,51.00
2024-09-02,886333,466,13276,2.588%,22833.4,106.9,0.468%,55.00
2024-09-01,886101,466,13272,3.263%,28750.9,161.0,0.560%,53.00
2024-08-31,885752,472,13264,2.076%,18283.7,100.3,0.549%,40.00
2024-08-30,885511,472,13257,2.152%,18949.6,105.5,0.557%,34.00
2024-08-29,885421,473,13253,2.163%,19048.6,104.7,0.550%,40.00
2024-08-28,885434,473,13248,1.883%,16599.7,72.6,0.437%,41.00
2024-08-27,885390,473,13244,1.675%,14760.1,68.3,0.463%,50.00
2024-08-26,885417,473,13240,1.379%,12136.3,73.8,0.608%,49.00
2024-08-25,885450,473,13235,1.463%,12863.4,93.4,0.726%,42.00
2024-08-24,885456,473,13227,1.490%,13121.8,69.9,0.533%,34.00
2024-08-23,885518,472,13219,1.195%,10490.7,90.6,0.864%,24.00
2024-08-22,885560,472,13214,1.636%,14385.4,105.1,0.731%,21.00
2024-08-21,885596,472,13211,1.542%,13562.3,97.8,0.721%,20.00
2024-08-20,885682,473,13207,2.050%,18041.1,113.3,0.628%,18.00
2024-08-19,885758,472,13205,2.159%,19006.8,121.1,0.637%,18.00
2024-08-18,885836,472,13202,1.958%,17243.3,105.4,0.611%,19.00
2024-08-17,885924,484,13200,1.903%,16760.3,103.0,0.615%,18.00
2024-08-16,885937,482,13198,1.597%,14058.2,91.8,0.653%,17.00
2024-08-15,886059,482,13198,1.390%,12142.7,170.9,1.407%,21.00
2024-08-14,886185,482,13196,1.400%,12230.4,173.5,1.419%,22.00
2024-08-13,886233,482,13193,1.569%,13706.7,197.4,1.440%,20.00
2024-08-12,886330,482,13191,1.910%,16654.1,277.1,1.664%,21.00
2024-08-11,886383,482,13186,1.948%,16963.3,299.2,1.764%,19.00
2024-08-10,886386,482,13185,1.953%,17084.2,226.6,1.326%,22.00
2024-08-09,886333,482,13182,2.018%,17658.5,224.3,1.270%,21.00
2024-08-08,886345,482,13178,3.863%,34012.0,224.3,0.659%,18.00
2024-08-07,886345,482,13174,3.966%,34907.9,240.4,0.689%,17.00
2024-08-06,886365,482,13172,3.740%,33012.9,134.9,0.409%,19.00
2024-08-05,886410,482,13169,4.149%,36646.8,132.3,0.361%,19.00
2024-08-04,886423,482,13168,4.014%,35426.5,156.8,0.443%,23.00
2024-08-03,886383,482,13164,4.126%,36376.7,195.5,0.537%,28.00
2024-08-02,886207,482,13162,3.567%,31408.9,199.2,0.634%,33.00
2024-08-01,886106,482,13161,3.631%,31972.7,204.6,0.640%,40.00
2024-07-31,885937,483,13158,4.705%,41460.7,225.8,0.545%,42.00
2024-07-30,885708,484,13154,4.559%,40170.2,209.7,0.522%,39.00
2024-07-29,885372,484,13151,4.639%,40873.7,203.1,0.497%,40.00
2024-07-28,884697,484,13145,2.684%,23566.9,178.0,0.755%,39.00
2024-07-27,884118,484,13136,2.332%,20438.5,183.1,0.896%,32.00
2024-07-26,883843,486,13135,1.797%,15731.2,148.2,0.942%,34.00
2024-07-25,883703,485,13132,1.830%,16025.2,148.1,0.924%,40.00
2024-07-24,883509,484,13129,1.939%,17013.7,116.0,0.682%,42.00
2024-07-23,883348,483,13127,1.747%,15340.9,91.1,0.594%,51.00
2024-07-22,883385,483,13135,1.709%,15015.5,81.9,0.545%,71.00
2024-07-21,883269,484,13133,1.294%,11380.6,52.6,0.462%,75.00
2024-07-20,883106,484,13120,2.027%,17813.5,82.8,0.465%,41.00
2024-07-19,883031,484,13113,1.582%,13914.4,57.0,0.410%,29.00
2024-07-18,882799,484,13106,2.051%,18029.1,77.2,0.428%,21.00
2024-07-17,882554,484,13101,1.924%,16854.5,130.0,0.771%,20.00
2024-07-16,882461,483,13095,1.749%,15321.9,109.7,0.716%,19.00
2024-07-15,882352,483,13092,1.465%,12804.3,119.5,0.933%,19.00
2024-07-14,882071,484,13091,1.702%,14888.7,127.1,0.854%,27.00
2024-07-13,881979,482,13087,1.673%,14644.9,108.8,0.743%,29.00
2024-07-12,881800,482,13085,1.762%,15421.7,116.7,0.757%,34.00
2024-07-11,881708,488,13083,1.927%,16894.8,99.8,0.591%,41.00
2024-07-10,881744,488,13079,2.167%,19004.5,106.1,0.558%,52.00
2024-07-09,881731,487,13075,2.226%,19549.6,81.9,0.419%,57.00
2024-07-08,881564,487,13073,1.551%,13595.2,78.6,0.578%,78.00
2024-07-07,881248,487,13066,0.377%,3226.0,96.5,2.991%,83.00
2024-07-06,880804,487,13052,1.793%,15502.8,293.8,1.895%,40.00
2024-07-05,880608,487,13046,3.921%,34116.3,414.5,1.215%,34.00
2024-07-04,880452,487,13041,3.659%,31865.5,353.8,1.110%,40.00
2024-07-03,880113,487,13042,3.421%,29878.5,227.5,0.761%,41.00
2024-07-02,879864,487,13039,2.529%,22115.1,141.0,0.638%,51.00
2024-07-01,879485,487,13035,2.153%,18830.6,102.3,0.543%,51.00
2024-06-30,879285,486,13029,1.446%,12456.7,259.5,2.083%,49.00
2024-06-29,879002,487,13019,1.423%,12212.9,298.9,2.447%,33.00
2024-06-28,878922,487,13014,1.439%,12378.8,265.9,2.148%,34.00
2024-06-27,878857,487,13009,1.274%,11058.4,140.4,1.270%,34.00
2024-06-26,878784,486,13004,1.435%,12515.4,90.9,0.726%,40.00
2024-06-25,878760,486,13001,1.246%,10863.9,86.5,0.796%,42.00
2024-06-24,878733,486,12996,1.157%,10114.5,53.3,0.527%,49.00
2024-06-23,878684,486,12994,1.289%,11260.1,67.8,0.602%,52.00
2024-06-22,878573,486,12985,2.744%,23980.4,127.9,0.533%,39.00
2024-06-21,878482,486,12978,2.932%,25644.6,111.0,0.433%,32.00
2024-06-20,878310,486,12971,2.281%,19930.8,105.6,0.530%,27.00
2024-06-19,878104,486,12967,2.187%,19095.5,107.6,0.563%,27.00
2024-06-18,877968,485,12964,2.027%,17675.2,125.1,0.708%,28.00
2024-06-17,877905,485,12960,2.050%,17839.2,153.5,0.860%,29.00
2024-06-16,877769,484,12955,2.081%,18139.7,129.8,0.716%,33.00
2024-06-15,877498,483,12951,1.907%,16630.6,102.9,0.619%,33.00
2024-06-14,877380,483,12946,1.800%,15701.0,93.1,0.593%,35.00
2024-06-13,877219,483,12942,1.642%,14319.6,84.6,0.591%,42.00
2024-06-12,877061,483,12938,1.280%,11151.1,72.5,0.650%,51.00
2024-06-11,877076,483,12931,1.281%,11164.5,66.8,0.598%,56.00
2024-06-10,877085,483,12926,1.333%,11527.7,160.6,1.393%,58.00
2024-06-09,877006,482,9894,1.215%,10576.5,80.0,0.756%,72.00
2024-06-08,876913,482,9894,2.098%,18244.2,155.6,0.853%,55.00
2024-06-07,876944,482,9894,1.642%,14238.2,159.7,1.122%,41.00
2024-06-06,876940,482,9894,2.687%,23254.8,304.8,1.311%,41.00
2024-06-05,876873,482,9894,2.134%,18456.0,257.4,1.395%,33.00
2024-06-04,876857,481,9894,2.100%,18176.4,235.0,1.293%,34.00
2024-06-03,876748,480,9894,1.887%,16305.2,236.0,1.447%,39.00
2024-06-02,876640,481,9894,2.547%,21805.6,524.1,2.404%,34.00
2024-06-01,876649,480,9894,2.711%,23219.2,545.8,2.351%,40.00
2024-05-31,876668,480,9894,3.050%,25961.8,772.9,2.977%,42.00
2024-05-30,876602,482,9894,2.870%,24592.5,563.2,2.290%,45.00
2024-05-29,876492,482,9894,2.555%,22239.4,157.0,0.706%,56.00
2024-05-28,876312,482,9894,3.047%,26643.5,53.7,0.202%,76.00
2024-05-27,876019,482,9894,1.191%,10358.0,75.0,0.724%,120.00
2024-05-26,875511,482,9894,5.068%,44292.0,82.0,0.185%,114.00
2024-05-25,874832,482,9894,1.871%,16327.3,37.3,0.228%,55.00
2024-05-24,874464,482,9894,5.815%,50747.5,106.3,0.209%,53.00
2024-05-23,874154,482,9894,5.792%,50432.2,201.0,0.399%,55.00
2024-05-22,873652,481,9894,3.564%,31062.7,77.5,0.249%,55.00
2024-05-21,872693,480,9894,4.000%,34830.3,76.5,0.220%,69.00
2024-05-20,872450,480,9894,3.182%,27565.3,192.0,0.697%,55.00
2024-05-19,872308,480,9894,3.663%,31793.3,160.0,0.503%,55.00
2024-05-18,871993,480,9894,2.625%,22632.4,256.8,1.135%,51.00
2024-05-17,871670,480,9894,2.156%,18618.1,175.4,0.942%,42.00
2024-05-16,871497,480,9894,3.151%,27372.6,90.8,0.332%,40.00
2024-05-15,871432,480,9894,2.402%,20833.2,98.7,0.474%,34.00
2024-05-14,871368,480,9894,2.170%,18787.9,117.3,0.624%,35.00
2024-05-13,871307,480,9894,2.266%,19600.4,140.1,0.715%,40.00
2024-05-12,871214,477,9894,2.044%,17680.0,131.0,0.741%,40.00
2024-05-11,871027,477,9894,2.160%,18683.8,131.9,0.706%,50.00
2024-05-10,870835,476,9894,3.335%,28974.7,67.3,0.232%,52.00
2024-05-09,870694,476,9894,2.991%,25848.8,195.8,0.757%,54.00
2024-05-08,870560,476,9894,3.424%,29551.8,252.6,0.855%,68.00
2024-05-07,870326,475,9894,3.660%,31808.6,45.3,0.142%,81.00
2024-05-06,869868,475,9894,3.621%,31203.5,292.0,0.936%,86.00
2024-05-05,869181,475,9894,2.131%,18398.5,124.5,0.677%,84.00
2024-05-04,868984,474,9894,1.348%,11677.5,33.5,0.287%,85.00
2024-05-03,868725,474,9894,2.477%,21301.4,212.8,0.999%,71.00
2024-05-02,868511,473,9894,3.796%,32835.4,137.3,0.418%,54.00
2024-05-01,868031,472,9894,2.633%,22662.7,194.0,0.856%,40.00
2024-04-30,867267,473,9894,2.772%,23726.3,311.0,1.311%,34.00
2024-04-29,867046,473,9894,3.263%,28025.8,263.6,0.941%,35.00
2024-04-28,866706,473,9894,4.531%,39074.8,197.3,0.505%,39.00
2024-04-27,866258,473,9894,3.901%,33646.4,147.4,0.438%,40.00
2024-04-26,865998,470,9894,4.669%,40185.1,247.5,0.616%,49.00
2024-04-25,865577,470,9894,1.551%,13185.4,240.4,1.823%,50.00
2024-04-24,865118,470,9894,1.989%,17086.4,124.2,0.727%,49.00
2024-04-23,864938,470,9894,2.599%,22333.5,145.4,0.651%,52.00
2024-04-22,864888,470,9894,3.094%,26646.6,116.8,0.438%,68.00
2024-04-21,864813,470,9894,2.571%,22136.7,96.7,0.437%,78.00
2024-04-20,864436,469,9894,4.891%,42074.0,203.5,0.484%,75.00
2024-04-19,864141,469,9894,2.283%,19505.1,224.0,1.148%,54.00
2024-04-18,863954,469,9894,1.935%,16466.8,250.3,1.520%,50.00
2024-04-17,863882,469,9894,1.327%,11333.1,126.7,1.118%,39.00
2024-04-16,863791,469,9894,1.357%,11590.3,135.1,1.166%,39.00
2024-04-15,863747,469,9894,1.996%,16786.8,457.9,2.728%,40.00
2024-04-14,863701,469,9894,1.991%,16779.4,418.9,2.497%,41.00
2024-04-13,863509,469,9894,1.852%,15561.3,433.7,2.787%,41.00
2024-04-12,863319,469,9894,1.434%,12235.8,140.8,1.151%,50.00
2024-04-11,863125,469,9894,1.285%,10941.3,149.6,1.367%,51.00
2024-04-10,863015,469,9894,1.361%,11615.2,131.9,1.136%,49.00
2024-04-09,862871,469,9894,1.646%,14151.2,55.8,0.394%,55.00
2024-04-08,862852,469,9894,1.615%,13868.2,69.0,0.498%,68.00
2024-04-07,862701,469,9894,2.262%,19292.5,218.5,1.133%,73.00
2024-04-06,862298,469,9894,1.730%,14892.0,30.0,0.201%,75.00
2024-04-05,862048,469,9894,3.067%,26388.5,53.8,0.204%,68.00
2024-04-04,861868,469,9894,2.944%,25237.7,137.0,0.543%,50.00
2024-04-03,861648,469,9894,2.930%,25040.6,208.5,0.833%,33.00
2024-04-02,861407,469,9894,3.216%,27539.1,165.8,0.602%,33.00
2024-04-01,861305,469,9894,3.256%,27881.1,164.2,0.589%,33.00
2024-03-31,861182,469,9894,3.260%,27915.2,157.1,0.563%,34.00
2024-03-30,860999,469,9894,3.020%,25829.6,170.1,0.659%,40.00
2024-03-29,860630,469,9894,3.290%,28090.9,221.3,0.788%,50.00
2024-03-28,860315,469,9894,3.962%,33962.1,123.9,0.365%,53.00
2024-03-27,859958,471,9894,4.036%,34607.8,96.9,0.280%,52.00
2024-03-26,859636,470,9894,3.284%,28169.4,60.0,0.213%,65.00
2024-03-25,859350,471,9894,2.574%,22043.2,80.1,0.363%,77.00
2024-03-24,858991,471,9894,3.610%,30921.0,90.0,0.291%,101.00
2024-03-23,858397,471,9894,1.727%,14749.0,76.0,0.515%,72.00
2024-03-22,857973,470,9894,5.232%,44580.9,306.0,0.686%,56.00
2024-03-21,857125,470,9894,3.078%,26081.6,296.6,1.137%,41.00
2024-03-20,856095,470,9894,2.822%,23759.1,399.6,1.682%,29.00
2024-03-19,855896,470,9894,3.114%,26265.2,388.1,1.478%,28.00
2024-03-18,855850,469,9894,3.481%,29403.4,390.4,1.328%,23.00
2024-03-17,855769,469,9894,3.162%,26777.1,285.6,1.067%,28.00
2024-03-16,855613,469,9894,3.010%,25547.6,203.9,0.798%,29.00
2024-03-15,855106,469,9894,2.966%,25123.0,236.7,0.942%,33.00
2024-03-14,854903,468,9894,2.766%,23460.0,186.9,0.797%,35.00
2024-03-13,854699,468,9894,2.797%,23782.4,126.3,0.531%,43.00
2024-03-12,854361,468,9894,3.377%,28743.7,111.3,0.387%,53.00
2024-03-11,854155,468,9894,4.456%,37950.0,107.0,0.282%,72.00
2024-03-10,853797,467,9894,3.069%,26125.8,79.4,0.304%,78.00
2024-03-09,852947,467,9894,2.131%,17730.0,449.0,2.532%,80.00
2024-03-08,852442,467,9894,2.325%,19629.7,185.5,0.945%,56.00
2024-03-07,851957,467,9894,2.653%,22343.8,258.8,1.158%,53.00
2024-03-06,851586,467,9894,3.553%,29898.6,359.2,1.201%,41.00
2024-03-05,851193,467,9894,3.403%,28733.4,228.8,0.796%,43.00
2024-03-04,850772,467,9894,2.833%,23951.3,149.2,0.623%,51.00
2024-03-03,849890,466,9894,2.176%,18398.6,96.6,0.525%,51.00
2024-03-02,848870,466,9894,2.716%,22929.5,129.3,0.564%,60.00
2024-03-01,848436,466,9894,2.475%,20824.0,173.5,0.833%,54.00
2024-02-29,848139,466,9894,3.214%,27144.8,117.8,0.434%,52.00
2024-02-28,847740,466,9894,3.807%,32054.9,220.9,0.689%,35.00
2024-02-27,847124,466,9894,2.408%,20184.4,213.3,1.057%,34.00
2024-02-26,846177,466,9894,2.767%,23256.7,157.1,0.676%,34.00
2024-02-25,845821,466,9894,2.674%,22505.4,107.7,0.479%,34.00
2024-02-24,845710,467,9894,2.786%,23469.2,95.4,0.406%,40.00
2024-02-23,845526,467,9894,2.983%,25083.5,141.4,0.564%,40.00
2024-02-22,845466,467,9894,2.128%,17775.2,219.0,1.232%,29.00
2024-02-21,845242,467,9894,2.416%,20072.4,347.2,1.730%,30.00
2024-02-20,845169,467,9894,2.165%,18040.7,257.1,1.425%,33.00
2024-02-19,845187,467,9894,2.001%,16675.8,235.3,1.411%,34.00
2024-02-18,845061,467,9894,2.203%,18413.8,203.4,1.105%,40.00
2024-02-17,844896,467,9894,2.708%,22787.7,94.6,0.415%,51.00
2024-02-16,844646,470,9894,3.872%,32614.1,91.6,0.281%,53.00
2024-02-15,844273,468,9894,2.724%,22825.7,172.1,0.754%,53.00
2024-02-14,843676,467,9894,3.715%,31181.8,158.6,0.509%,33.00
2024-02-13,843410,466,9894,3.265%,27401.6,133.3,0.486%,32.00
2024-02-12,843115,464,9894,2.778%,23277.7,141.9,0.610%,33.00
2024-02-11,842815,465,9894,2.938%,24605.7,160.0,0.650%,33.00
2024-02-10,842557,465,9894,2.680%,22432.3,147.5,0.658%,35.00
2024-02-09,841869,465,9894,2.953%,24678.3,184.2,0.746%,43.00
2024-02-08,841458,465,9894,2.991%,25018.7,151.3,0.605%,50.00
2024-02-07,841250,465,9894,3.011%,25078.8,247.5,0.987%,34.00
2024-02-06,840895,464,9894,3.146%,25940.1,514.0,1.981%,39.00
2024-02-05,840478,464,9894,4.170%,34635.9,414.9,1.198%,40.00
2024-02-04,840081,464,9894,4.264%,35367.3,455.5,1.288%,32.00
2024-02-03,839831,463,9894,,,,,33.00
2024-02-02,839550,463,9894,12.668%,106041.0,317.0,0.299%,39.00
2024-02-01,838852,464,9894,2.706%,22602.0,94.5,0.418%,29.00
2024-01-31,836671,464,9894,,,,,27.00
2024-01-30,836606,464,9894,,,,,27.00
2024-01-29,836615,463,9894,,,,,27.00
2024-01-28,836624,477,9894,2.244%,18412.4,362.7,1.970%,24.00
2024-01-27,836650,477,9894,2.418%,19825.8,407.2,2.054%,24.00
2024-01-26,836720,478,9894,2.607%,21329.9,481.7,2.258%,24.00
2024-01-25,836669,477,9894,2.209%,18251.7,232.7,1.275%,24.00
2024-01-24,836647,475,9894,1.811%,14963.5,189.5,1.266%,22.00
2024-01-23,836538,474,9894,1.791%,14880.7,99.6,0.669%,21.00
2024-01-22,836506,471,9894,1.806%,14999.6,104.8,0.699%,23.00
2024-01-21,836500,471,9894,1.751%,14565.7,82.5,0.566%,24.00
2024-01-20,836497,471,9894,1.721%,14308.8,90.6,0.633%,24.00
2024-01-19,836467,471,9894,1.851%,15391.5,92.4,0.600%,29.00
2024-01-18,836450,472,9894,1.812%,15071.1,87.1,0.578%,27.00
2024-01-17,836422,472,9894,1.624%,13498.6,88.3,0.654%,28.00
2024-01-16,836374,468,9894,1.586%,13179.2,84.2,0.639%,29.00
2024-01-15,836297,469,9894,1.574%,13070.7,94.7,0.725%,24.00
2024-01-14,836329,468,9894,1.975%,16392.9,126.9,0.774%,23.00
2024-01-13,836258,466,9894,1.886%,15586.7,182.0,1.168%,24.00
2024-01-12,836262,464,9894,1.957%,16162.1,202.0,1.250%,20.00
2024-01-11,836274,464,9894,2.155%,17767.9,251.9,1.418%,19.00
2024-01-10,836323,463,9894,2.010%,16586.5,222.8,1.343%,17.00
2024-01-09,836315,463,9894,2.067%,17013.7,270.7,1.591%,15.00
2024-01-08,836276,463,9894,2.283%,18819.1,274.9,1.461%,13.00
2024-01-07,836279,463,9894,2.379%,19659.3,236.8,1.205%,13.00
2024-01-06,836269,462,9894,2.271%,18730.5,265.2,1.416%,13.00
2024-01-05,836225,462,9894,2.242%,18457.0,288.8,1.565%,14.00
2024-01-04,836254,462,9894,1.761%,14556.9,172.3,1.184%,13.00
2024-01-03,836299,462,9894,1.714%,14168.3,163.5,1.154%,12.00
2024-01-02,836314,462,9894,1.638%,13504.7,195.2,1.445%,11.00
2024-01-01,836455,462,9894,1.427%,11769.7,166.4,1.414%,11.00
2023-12-31,836464,462,9894,1.402%,11562.8,165.2,1.429%,9.00
2023-12-30,836350,462,9894,1.197%,9842.6,165.6,1.682%,8.00
2023-12-29,836011,462,9894,1.111%,9145.3,142.1,1.554%,10.00
2023-12-28,835992,462,9894,0.938%,7711.0,130.2,1.688%,12.00
2023-12-27,835980,462,9894,0.981%,8020.0,177.8,2.217%,14.00
2023-12-26,836029,462,9894,1.444%,11823.1,252.8,2.138%,17.00
2023-12-25,836114,462,9894,1.658%,13532.1,328.9,2.431%,19.00
2023-12-24,836013,462,9894,1.950%,15971.2,328.8,2.059%,21.00
2023-12-23,835858,462,9894,2.061%,16882.8,344.8,2.042%,20.00
2023-12-22,836032,462,9894,2.520%,20721.3,343.9,1.660%,21.00
2023-12-21,835954,462,9894,2.652%,21785.1,382.9,1.758%,21.00
2023-12-20,835996,462,9894,2.740%,22539.3,363.9,1.615%,20.00
2023-12-19,835949,461,9894,2.856%,23596.3,275.2,1.166%,18.00
2023-12-18,835960,461,9894,2.956%,24460.5,254.1,1.039%,17.00
2023-12-17,835969,461,9894,3.012%,24905.8,275.5,1.106%,19.00
2023-12-16,835885,461,9894,3.221%,26579.1,342.9,1.290%,19.00
2023-12-15,835837,461,9894,2.863%,23660.0,270.6,1.144%,16.00
2023-12-14,835748,461,9894,2.462%,20472.9,104.1,0.508%,18.00
2023-12-13,835762,461,9894,2.470%,20500.7,142.7,0.696%,19.00
2023-12-12,835711,461,9894,2.277%,18867.9,163.1,0.864%,21.00
2023-12-11,835699,461,9894,1.916%,15680.0,330.5,2.108%,23.00
2023-12-10,835770,461,9894,2.201%,18045.3,352.3,1.952%,19.00
2023-12-09,835719,461,9894,2.020%,16538.4,342.8,2.073%,20.00
2023-12-08,835628,556,9894,1.553%,12686.8,291.7,2.299%,21.00
2023-12-07,835668,555,9894,1.648%,13487.7,281.0,2.083%,20.00
2023-12-06,835531,555,9894,1.702%,13950.2,273.6,1.961%,21.00
2023-12-05,835557,555,9894,2.235%,18402.0,268.7,1.460%,20.00
2023-12-04,835479,555,9894,2.118%,17497.6,201.5,1.152%,19.00
2023-12-03,835394,554,9894,1.977%,16297.9,215.5,1.322%,23.00
2023-12-02,835432,554,9894,2.088%,17265.1,182.1,1.055%,29.00
2023-12-01,835311,554,9895,2.095%,17323.3,177.6,1.025%,34.00
2023-11-30,835247,554,9895,1.749%,14468.2,143.1,0.989%,40.00
2023-11-29,835153,554,9896,1.546%,12787.5,120.5,0.942%,42.00
2023-11-28,835200,555,9896,1.481%,12274.4,91.2,0.743%,50.00
2023-11-27,835020,555,9896,1.537%,12621.2,210.2,1.665%,51.00
2023-11-26,834950,555,9897,1.400%,11516.3,175.8,1.527%,51.00
2023-11-25,834803,555,9897,1.388%,11293.5,291.6,2.582%,34.00
2023-11-24,834780,555,9897,1.681%,13706.8,325.7,2.376%,39.00
2023-11-23,834644,555,9897,1.754%,14259.7,382.6,2.683%,41.00
2023-11-22,834547,555,9899,1.783%,14685.2,195.4,1.331%,49.00
2023-11-21,834652,555,9899,1.510%,12414.5,190.6,1.535%,65.00
2023-11-20,834400,555,9899,1.985%,16424.9,139.1,0.847%,74.00
2023-11-19,834208,558,9899,1.325%,10957.9,93.0,0.849%,100.00
2023-11-18,834148,558,9899,2.322%,19208.3,158.9,0.827%,83.00
2023-11-17,834519,558,9899,1.493%,12385.8,75.0,0.606%,68.00
2023-11-16,833847,558,9899,2.582%,21274.2,251.6,1.183%,42.00
2023-11-15,833737,558,9900,2.628%,21624.9,282.3,1.305%,32.00
2023-11-14,833518,559,9900,2.320%,19091.7,244.5,1.281%,28.00
2023-11-13,833270,558,9900,2.165%,17913.6,126.9,0.708%,27.00
2023-11-12,833238,557,9900,2.070%,17135.7,113.4,0.662%,26.00
2023-11-11,833156,557,9900,1.806%,14943.8,105.8,0.708%,28.00
2023-11-10,833034,557,9900,1.846%,15263.9,109.8,0.719%,32.00
2023-11-09,833034,557,9900,1.663%,13742.8,110.2,0.802%,33.00
2023-11-08,832799,556,9901,1.513%,12509.3,86.8,0.694%,35.00
2023-11-07,832732,556,9901,1.458%,12046.3,96.7,0.803%,40.00
2023-11-06,832655,557,9901,1.733%,14327.5,105.9,0.739%,49.00
2023-11-05,832542,556,9902,1.992%,16467.6,112.9,0.686%,51.00
2023-11-04,832513,556,9902,2.132%,17597.5,154.0,0.875%,39.00
2023-11-03,832405,556,9902,2.006%,16562.9,131.3,0.793%,39.00
2023-11-02,832309,556,9903,2.148%,17763.0,112.4,0.633%,41.00
2023-11-01,832039,556,9903,1.948%,16098.4,110.0,0.683%,42.00
2023-10-31,831899,556,9903,1.980%,16350.0,125.4,0.767%,43.00
2023-10-30,831644,556,9903,1.375%,11256.0,175.1,1.556%,50.00
2023-10-29,831515,556,9903,1.503%,12321.9,178.1,1.445%,39.00
2023-10-28,831338,557,9903,1.045%,8559.7,126.4,1.477%,34.00
2023-10-27,831197,557,9903,1.238%,10141.5,147.1,1.450%,35.00
2023-10-26,830998,556,9903,1.396%,11463.6,134.6,1.174%,42.00
2023-10-25,830881,552,9903,1.822%,15005.1,133.0,0.886%,45.00
2023-10-24,830759,551,9903,1.900%,15669.8,117.4,0.749%,56.00
2023-10-23,830654,550,9904,2.269%,18756.0,93.5,0.499%,60.00
2023-10-22,830398,550,9904,1.085%,8984.3,22.9,0.255%,73.00
2023-10-21,830188,548,9904,1.320%,10831.9,125.3,1.157%,55.00
2023-10-20,830091,548,9904,1.119%,9167.4,119.4,1.302%,42.00
2023-10-19,830136,548,9904,0.942%,7724.9,99.1,1.283%,39.00
2023-10-18,829875,546,9904,1.118%,9028.8,247.5,2.741%,32.00
2023-10-17,829807,547,9904,1.392%,11089.6,463.8,4.182%,32.00
2023-10-16,829752,547,9905,1.545%,12331.0,491.5,3.986%,34.00
2023-10-15,829734,547,9905,1.823%,14628.1,497.1,3.398%,34.00
2023-10-14,829640,537,9905,1.694%,13699.3,351.5,2.566%,34.00
2023-10-13,829573,537,9905,1.786%,14640.1,176.4,1.205%,39.00
2023-10-12,829514,537,9905,1.735%,14267.9,128.1,0.898%,42.00
2023-10-11,829337,537,9905,1.854%,15289.8,86.1,0.563%,43.00
2023-10-10,829077,537,9905,1.939%,16016.2,61.7,0.385%,54.00
2023-10-09,828695,537,9905,1.672%,13741.0,114.3,0.832%,56.00
2023-10-08,828460,536,9906,1.289%,10610.4,67.4,0.635%,55.00
2023-10-07,827918,536,9906,1.266%,10329.8,154.8,1.499%,50.00
2023-10-06,827405,535,9906,1.833%,15014.3,155.8,1.038%,39.00
2023-10-05,827105,540,9906,1.486%,12162.2,128.1,1.053%,28.00
2023-10-04,826852,540,9906,1.684%,13770.8,150.9,1.096%,28.00
2023-10-03,826644,539,9906,1.568%,12797.8,161.7,1.263%,28.00
2023-10-02,826378,539,9906,1.547%,12637.7,147.2,1.165%,28.00
2023-10-01,825986,539,9906,1.573%,12878.6,116.9,0.908%,28.00
2023-09-30,825684,540,9906,1.492%,12208.5,113.7,0.931%,32.00
2023-09-29,825391,540,9907,1.369%,11241.0,57.1,0.508%,33.00
2023-09-28,825017,540,9908,1.441%,11835.5,48.9,0.413%,39.00
2023-09-27,824533,540,9908,1.952%,16047.9,50.3,0.313%,48.00
2023-09-26,823793,540,9908,2.182%,17894.9,76.8,0.429%,52.00
2023-09-25,823158,540,9908,3.209%,26339.1,74.9,0.284%,64.00
2023-09-24,822497,540,9908,3.368%,27624.8,80.7,0.292%,72.00
2023-09-23,821070,560,9908,2.123%,17355.4,79.6,0.459%,68.00
2023-09-22,819510,560,9908,2.977%,24261.7,135.8,0.560%,51.00
2023-09-21,818689,559,9908,2.691%,21823.1,204.3,0.936%,43.00
2023-09-20,817875,558,9908,2.811%,22819.4,172.0,0.754%,49.00
2023-09-19,817898,558,9908,2.443%,19856.0,124.2,0.626%,42.00
2023-09-18,817577,557,9908,1.859%,15022.0,179.4,1.194%,42.00
2023-09-17,817067,557,9908,1.589%,12819.0,160.8,1.254%,49.00
2023-09-16,816320,557,9908,1.323%,10639.3,162.3,1.525%,40.00
2023-09-15,816494,557,9908,1.072%,8648.3,108.2,1.251%,41.00
2023-09-14,816291,557,9908,1.105%,8942.1,74.4,0.832%,39.00
2023-09-13,816141,621,9908,0.871%,7063.9,46.0,0.651%,33.00
2023-09-12,815626,621,9908,1.014%,8149.4,122.1,1.498%,32.00
2023-09-11,815818,621,9908,1.545%,12378.2,229.4,1.853%,29.00
2023-09-10,815646,622,9908,1.666%,13353.6,233.8,1.751%,29.00
2023-09-09,815481,622,9908,2.114%,16974.2,262.7,1.548%,33.00
2023-09-08,814909,622,9908,2.205%,17709.1,260.2,1.469%,35.00
2023-09-07,815080,622,9908,2.033%,16250.4,317.4,1.953%,41.00
2023-09-06,814937,623,9908,1.677%,13425.9,241.4,1.798%,42.00
2023-09-05,814737,624,9909,1.280%,10207.6,224.6,2.200%,39.00
2023-09-04,814684,624,9909,0.844%,6764.3,108.1,1.598%,49.00
2023-09-03,814525,624,9909,0.694%,5594.5,58.3,1.042%,51.00
2023-09-02,814159,624,9909,1.009%,8128.2,84.1,1.035%,39.00
2023-09-01,813887,624,9909,1.226%,9876.8,103.7,1.050%,39.00
2023-08-31,813284,624,9910,1.237%,9980.8,82.1,0.823%,42.00
2023-08-30,813325,623,9910,1.201%,9694.8,71.9,0.742%,42.00
2023-08-29,813093,623,9910,1.005%,8126.1,47.4,0.583%,51.00
2023-08-28,812924,623,9910,1.067%,8631.7,45.5,0.527%,54.00
2023-08-27,812459,623,9911,0.968%,7811.5,49.5,0.634%,53.00
2023-08-26,812245,623,9911,0.747%,5965.2,105.9,1.775%,50.00
2023-08-25,812085,623,9911,0.896%,7115.3,162.4,2.282%,42.00
2023-08-24,811878,622,9911,1.005%,8056.1,105.9,1.315%,41.00
2023-08-23,811687,622,9911,0.818%,6592.9,49.0,0.743%,49.00
2023-08-22,811581,622,9911,0.593%,4745.3,66.3,1.397%,41.00
2023-08-21,811522,622,9911,0.854%,6765.4,161.5,2.387%,41.00
2023-08-20,811451,622,9910,1.738%,13873.2,226.4,1.632%,41.00
2023-08-19,811388,622,9910,1.851%,14744.8,271.8,1.843%,39.00
2023-08-18,811167,622,9910,1.831%,14621.2,228.8,1.565%,40.00
2023-08-17,810923,622,9910,1.692%,13522.7,199.6,1.476%,34.00
2023-08-16,810809,622,9910,1.511%,12061.5,190.5,1.579%,33.00
2023-08-15,810738,622,9910,1.743%,13986.1,142.8,1.021%,27.00
2023-08-14,810694,622,9910,1.742%,13976.0,148.4,1.062%,27.00
2023-08-13,810646,622,9911,1.763%,14150.5,142.1,1.004%,23.00
2023-08-12,810520,622,9911,1.704%,13693.5,117.1,0.855%,22.00
2023-08-11,810403,622,9911,1.316%,10553.6,112.5,1.066%,23.00
2023-08-10,810254,622,9911,1.497%,11979.1,152.0,1.269%,27.00
2023-08-09,810088,622,9912,1.548%,12359.4,181.3,1.467%,28.00
2023-08-08,809978,622,9912,1.465%,11700.1,169.5,1.449%,28.00
2023-08-07,809889,621,9912,1.584%,12530.8,294.1,2.347%,27.00
2023-08-06,809784,621,9912,1.669%,13226.0,288.2,2.179%,27.00
2023-08-05,809641,621,9912,1.665%,13185.4,293.9,2.229%,28.00
2023-08-04,809468,620,9912,1.538%,12167.2,281.2,2.311%,33.00
2023-08-03,809319,630,9912,1.541%,12216.8,257.1,2.104%,34.00
2023-08-02,809099,630,9912,1.387%,11087.7,131.5,1.186%,39.00
2023-08-01,808930,630,9912,1.381%,11016.7,156.3,1.419%,42.00
2023-07-31,808626,629,9912,1.255%,10036.0,114.1,1.137%,52.00
2023-07-30,808275,629,9912,1.043%,8313.5,112.9,1.358%,55.00
2023-07-29,807963,628,9912,0.991%,7839.8,164.4,2.097%,53.00
2023-07-28,807653,627,9912,1.366%,10841.0,188.5,1.739%,40.00
2023-07-27,807369,627,9912,1.685%,13451.4,156.5,1.163%,34.00
2023-07-26,807068,627,9912,2.144%,17136.7,170.7,0.996%,33.00
2023-07-25,806715,627,9912,2.504%,20025.1,172.6,0.862%,32.00
2023-07-24,806449,627,9912,2.763%,22084.9,198.1,0.897%,32.00
2023-07-23,806175,651,9912,3.137%,25090.0,199.2,0.794%,28.00
2023-07-22,805780,651,9912,3.072%,24560.9,189.4,0.771%,28.00
2023-07-21,805389,651,9912,2.658%,21227.0,182.2,0.858%,22.00
2023-07-20,805155,651,9913,2.672%,21351.4,159.3,0.746%,23.00
2023-07-19,804882,651,9913,2.433%,19365.1,220.6,1.139%,24.00
2023-07-18,804682,651,9913,2.481%,19750.4,217.5,1.101%,24.00
2023-07-17,804396,651,9913,2.787%,22168.5,252.1,1.137%,24.00
2023-07-16,804146,652,9914,2.673%,21276.3,219.2,1.030%,28.00
2023-07-15,803795,652,9914,2.414%,19205.9,196.6,1.024%,29.00
2023-07-14,803555,652,9914,2.302%,18370.2,131.0,0.713%,34.00
2023-07-13,803278,652,9915,2.190%,17472.9,116.4,0.666%,34.00
2023-07-12,802963,652,9915,1.806%,14423.6,74.0,0.513%,41.00
2023-07-11,802697,652,9915,1.786%,14227.7,106.9,0.751%,42.00
2023-07-10,802454,652,9915,1.530%,12158.5,116.8,0.961%,52.00
2023-07-09,802254,652,9915,1.392%,11018.3,152.5,1.384%,54.00
2023-07-08,802116,652,9915,1.644%,13063.5,122.4,0.937%,51.00
2023-07-07,801948,652,9915,1.683%,13363.3,132.3,0.990%,42.00
2023-07-06,801514,652,9915,1.852%,14718.8,127.4,0.866%,41.00
2023-07-05,800980,702,9915,1.987%,15832.6,85.9,0.543%,51.00
2023-07-04,800511,702,9915,1.929%,15367.7,75.1,0.489%,51.00
2023-07-03,799652,702,9915,1.662%,13215.6,75.5,0.571%,56.00
2023-07-02,798415,702,9915,2.772%,21964.2,169.6,0.772%,70.00
2023-07-01,797009,702,9915,1.650%,12947.5,204.7,1.581%,41.00
2023-06-30,795765,702,9915,1.699%,13323.9,195.9,1.470%,34.00
2023-06-29,795573,703,9915,1.960%,15379.9,214.6,1.395%,27.00
2023-06-28,795484,703,9915,1.881%,14744.6,220.9,1.498%,24.00
2023-06-27,795416,703,9915,2.232%,17480.4,271.7,1.554%,23.00
2023-06-26,795366,703,9915,2.344%,18304.0,340.7,1.861%,22.00
2023-06-25,795293,703,9915,1.983%,15538.7,234.1,1.507%,24.00
2023-06-24,795215,703,9915,2.142%,16808.7,221.8,1.320%,29.00
2023-06-23,795126,703,9915,1.921%,15088.6,185.1,1.227%,32.00
2023-06-22,795045,703,9915,1.875%,14728.9,178.7,1.213%,35.00
2023-06-21,795031,703,9915,1.751%,13789.1,134.8,0.978%,34.00
2023-06-20,794977,703,9915,1.553%,12201.6,144.1,1.181%,39.00
2023-06-19,794878,703,9915,1.583%,12411.8,170.2,1.371%,39.00
2023-06-18,794850,703,9915,2.164%,17044.1,152.5,0.895%,33.00
2023-06-17,794688,703,9916,2.078%,16393.5,119.8,0.731%,30.00
2023-06-16,794612,703,9916,2.128%,16751.3,156.7,0.935%,28.00
2023-06-15,794523,703,9916,1.808%,14227.9,139.4,0.980%,28.00
2023-06-14,794436,703,9916,2.073%,16311.5,157.6,0.966%,29.00
2023-06-13,794331,703,9916,2.121%,16612.8,235.5,1.418%,30.00
2023-06-12,794206,703,9916,2.128%,16588.6,314.1,1.893%,28.00
2023-06-11,794045,703,9916,2.244%,17546.6,273.3,1.558%,27.00
2023-06-10,793837,703,9916,2.744%,21525.7,254.2,1.181%,31.00
2023-06-09,793667,703,9916,2.314%,18175.9,190.9,1.050%,39.00
2023-06-08,793434,703,9916,2.274%,17887.9,158.1,0.884%,38.00
2023-06-07,793208,703,9916,2.146%,16902.9,117.8,0.697%,37.00
2023-06-06,793016,703,9916,1.998%,15737.1,111.3,0.707%,36.00
2023-06-05,792730,703,9916,1.592%,12521.7,100.6,0.803%,37.00
2023-06-04,792356,703,9916,1.655%,12980.1,131.4,1.012%,36.00
2023-06-03,792131,703,9916,1.463%,11482.3,110.3,0.961%,31.00
2023-06-02,791878,703,9916,1.374%,10783.8,93.0,0.862%,32.00
2023-06-01,791696,703,9916,1.290%,10145.7,64.7,0.638%,36.00
2023-05-31,791397,703,9916,1.392%,10939.1,73.2,0.669%,37.00
2023-05-30,791170,703,9916,1.390%,10914.1,79.3,0.727%,38.00
2023-05-29,790954,703,9916,1.798%,14141.6,82.6,0.584%,39.00
2023-05-28,790851,703,9916,2.631%,20698.8,105.4,0.509%,38.00
2023-05-27,790595,703,9917,2.892%,22721.4,144.0,0.634%,34.00
2023-05-26,790350,703,9917,3.166%,24848.8,172.4,0.694%,29.00
2023-05-25,790173,703,9917,3.046%,23861.3,206.7,0.866%,25.00
2023-05-24,789705,703,9917,3.023%,23653.1,219.0,0.926%,23.00
2023-05-23,788942,703,9917,2.884%,22538.1,211.7,0.939%,22.00
2023-05-22,788354,703,9917,2.413%,18787.1,238.9,1.272%,19.00
2023-05-21,788118,703,9917,2.238%,17431.9,205.9,1.181%,20.00
2023-05-20,787951,703,9917,1.748%,13653.0,120.9,0.886%,22.00
2023-05-19,787804,703,9917,1.510%,11767.5,127.9,1.087%,23.00
2023-05-18,787652,703,9917,1.273%,9919.0,107.8,1.087%,25.00
2023-05-17,787511,703,9917,1.929%,15043.8,144.9,0.963%,26.00
2023-05-16,787273,703,9917,2.263%,17691.6,127.4,0.720%,27.00
2023-05-15,787042,703,9917,2.559%,19979.5,157.3,0.787%,28.00
2023-05-14,786990,703,9917,3.066%,23892.4,234.9,0.983%,29.00
2023-05-13,786789,703,9917,2.709%,21107.8,207.2,0.982%,34.00
2023-05-12,786544,703,9917,2.660%,20727.3,197.3,0.952%,39.00
2023-05-11,786096,703,9917,2.203%,17158.8,159.5,0.930%,41.00
2023-05-10,785522,703,9917,1.900%,14794.0,131.9,0.892%,44.00
2023-05-09,785049,703,9917,1.681%,13110.1,87.3,0.666%,43.00
2023-05-08,784625,703,9918,2.299%,17950.5,89.5,0.499%,46.00
2023-05-07,784308,703,9918,2.429%,18957.2,91.1,0.481%,44.00
2023-05-06,783919,703,9918,2.261%,17636.8,86.5,0.490%,42.00
2023-05-05,783479,703,9918,2.342%,18223.6,126.9,0.696%,44.00
2023-05-04,783124,703,9919,2.602%,20244.8,133.7,0.660%,43.00
2023-05-03,782847,703,9919,2.205%,17140.2,118.8,0.693%,42.00
2023-05-02,782463,693,9919,2.245%,17434.3,134.0,0.769%,45.00
2023-05-01,782195,693,9919,2.158%,16750.9,130.7,0.780%,42.00
2023-04-30,781872,693,9919,2.357%,18301.0,124.8,0.682%,42.00
2023-04-29,781496,693,9919,2.507%,19396.9,196.3,1.012%,36.00
2023-04-28,781184,693,9920,2.393%,18470.6,219.5,1.188%,30.00
2023-04-27,780885,692,9920,2.408%,18562.9,241.9,1.303%,28.00
2023-04-26,780518,692,9920,3.069%,23688.9,267.8,1.130%,25.00
2023-04-25,780266,692,9920,2.976%,22931.1,291.5,1.271%,22.00
2023-04-24,779986,692,9920,2.968%,22937.2,215.9,0.941%,22.00
2023-04-23,779606,692,9920,2.668%,20567.4,230.3,1.120%,22.00
2023-04-22,779069,692,9920,2.239%,17263.2,181.4,1.051%,25.00
2023-04-21,778494,692,9920,2.264%,17413.6,212.0,1.217%,26.00
2023-04-20,777868,692,9813,2.538%,19549.1,190.6,0.975%,22.00
2023-04-19,777408,692,9813,2.860%,22052.3,183.9,0.834%,22.00
2023-04-18,777148,692,9813,2.731%,21076.2,146.6,0.696%,22.00
2023-04-17,776917,694,9814,3.327%,25667.4,181.6,0.708%,24.00
2023-04-16,776680,694,9815,3.562%,27458.2,206.4,0.752%,24.00
2023-04-15,776281,694,9816,3.147%,24173.6,259.4,1.073%,23.00
2023-04-14,775942,694,9816,2.880%,22093.2,254.9,1.154%,22.00
2023-04-13,775076,694,9816,3.143%,24106.8,255.4,1.059%,23.00
2023-04-12,773495,694,9816,2.930%,22424.9,235.5,1.050%,23.00
2023-04-11,772949,694,9920,4.102%,31470.4,233.1,0.741%,23.00
2023-04-10,772283,694,9920,4.742%,36374.7,245.6,0.675%,24.00
2023-04-09,771534,694,9920,5.356%,41072.2,252.1,0.614%,27.00
2023-04-08,770404,693,9920,4.942%,37863.3,211.5,0.559%,33.00
2023-04-07,768462,693,9920,4.244%,32426.4,185.8,0.573%,35.00
2023-04-06,766164,693,9920,3.137%,23888.1,148.2,0.620%,42.00
2023-04-05,764343,693,9920,2.832%,21495.4,151.7,0.706%,47.00
2023-04-04,763392,693,9920,2.360%,17881.0,136.7,0.764%,48.00
2023-04-03,762552,693,9920,2.160%,16336.2,138.5,0.848%,48.00
2023-04-02,761784,693,9920,2.043%,15430.0,129.5,0.839%,48.00
2023-04-01,761197,693,9920,2.391%,18008.9,192.6,1.069%,45.00
2023-03-31,760683,693,9920,2.414%,18156.8,202.5,1.115%,42.00
2023-03-30,760182,693,9920,2.475%,18655.2,159.5,0.855%,36.00
2023-03-29,759524,694,9920,2.470%,18585.5,176.5,0.950%,33.00
2023-03-28,758919,693,9920,2.812%,21136.9,201.4,0.953%,33.00
2023-03-27,758377,694,9920,3.373%,25300.2,281.8,1.114%,32.00
2023-03-26,757829,694,9920,3.822%,28692.7,275.3,0.959%,31.00
2023-03-25,757060,694,9920,3.607%,27062.3,241.4,0.892%,33.00
2023-03-24,756168,694,9920,3.307%,24791.9,214.8,0.866%,41.00
2023-03-23,755374,694,9920,3.355%,25123.3,221.7,0.882%,43.00
2023-03-22,754452,694,9920,3.260%,24402.6,192.0,0.787%,43.00
2023-03-21,753651,693,9920,3.017%,22573.3,162.9,0.722%,43.00
2023-03-20,752738,693,9920,3.299%,24645.3,184.6,0.749%,43.00
2023-03-19,751701,693,9920,3.586%,26769.8,184.7,0.690%,41.00
2023-03-18,750698,693,9920,3.226%,24071.7,148.3,0.616%,33.00
2023-03-17,749795,693,9920,3.703%,27583.3,185.2,0.671%,27.00
2023-03-16,748848,692,9920,3.576%,26612.8,165.5,0.622%,26.00
2023-03-15,748144,692,9920,3.214%,23891.7,155.5,0.651%,24.00
2023-03-14,747446,692,9921,2.729%,20256.1,142.0,0.701%,24.00
2023-03-13,746824,692,9921,2.708%,20092.2,131.2,0.653%,24.00
2023-03-12,746059,693,9921,2.483%,18411.3,114.6,0.622%,25.00
2023-03-11,745187,693,9921,2.357%,17456.7,104.2,0.597%,32.00
2023-03-10,744337,693,9921,2.347%,17375.6,94.0,0.541%,42.00
2023-03-09,743477,693,9921,2.392%,17690.2,91.8,0.519%,46.00
2023-03-08,742811,693,9921,2.497%,18445.4,101.5,0.550%,52.00
2023-03-07,742064,693,9921,2.526%,18591.6,150.0,0.807%,55.00
2023-03-06,741311,693,9921,2.329%,17099.1,164.5,0.962%,55.00
2023-03-05,740326,693,9921,2.530%,18534.1,196.6,1.061%,54.00
2023-03-04,739084,693,9921,2.513%,18353.2,220.0,1.199%,41.00
2023-03-03,737986,693,9921,2.596%,18938.0,219.0,1.156%,34.00
2023-03-02,736998,693,9921,2.802%,20542.4,111.4,0.542%,34.00
2023-03-01,736149,693,9921,2.683%,19668.2,85.8,0.436%,32.00
2023-02-28,735497,693,9921,2.707%,19831.7,75.0,0.378%,30.00
2023-02-27,734776,693,9921,2.635%,19298.6,64.1,0.332%,31.00
2023-02-26,733675,694,9921,2.661%,19432.3,93.5,0.481%,30.00
2023-02-25,733180,694,9921,2.684%,19562.9,119.1,0.609%,29.00
2023-02-24,732021,694,9921,2.530%,18382.9,134.6,0.732%,27.00
2023-02-23,731885,694,9921,2.815%,20422.1,178.8,0.876%,25.00
2023-02-22,730902,694,9921,3.081%,22333.9,188.2,0.843%,24.00
2023-02-21,730384,694,9921,3.814%,27690.1,169.4,0.612%,25.00
2023-02-20,729775,694,9922,3.686%,26763.9,137.0,0.512%,26.00
2023-02-19,729042,694,9922,4.408%,31987.2,150.6,0.471%,30.00
2023-02-18,727965,694,9922,4.390%,31815.4,139.3,0.438%,31.00
2023-02-17,727031,694,9922,4.447%,32188.8,143.0,0.444%,32.00
2023-02-16,726031,694,9922,4.101%,29648.6,124.7,0.421%,31.00
2023-02-15,725090,694,9922,4.114%,29695.1,133.0,0.448%,28.00
2023-02-14,724076,694,9922,3.486%,25097.8,140.3,0.559%,27.00
2023-02-13,723240,694,9922,3.323%,23879.4,151.8,0.636%,28.00
2023-02-12,722865,694,9922,3.336%,23962.0,150.4,0.628%,24.00
2023-02-11,721996,694,9922,2.965%,21267.3,141.5,0.665%,23.00
2023-02-10,721543,694,9922,3.184%,22824.3,152.6,0.669%,22.00
2023-02-09,721127,694,9922,3.816%,27368.9,149.7,0.547%,26.00
2023-02-08,720704,694,9922,3.871%,27614.6,284.7,1.031%,26.00
2023-02-07,720371,694,9922,3.739%,26630.4,305.6,1.148%,26.00
2023-02-06,719910,694,9922,3.838%,27333.9,299.3,1.095%,25.00
2023-02-05,719435,694,9921,3.469%,24693.7,264.8,1.072%,25.00
2023-02-04,718999,694,9921,2.925%,20714.1,315.6,1.524%,25.00
2023-02-03,718586,694,9922,2.796%,19912.4,176.6,0.887%,28.00
2023-02-02,718023,694,9922,2.716%,19334.9,168.3,0.870%,26.00
2023-02-01,717650,694,9922,2.597%,18504.9,133.7,0.723%,28.00
2023-01-31,717392,694,9918,2.665%,18945.4,175.2,0.925%,27.00
2023-01-30,717046,694,9918,2.660%,18929.7,142.5,0.753%,25.00
2023-01-29,716721,694,9919,2.985%,21237.7,159.8,0.752%,26.00
2023-01-28,716268,694,9919,3.488%,24742.7,241.6,0.976%,26.00
2023-01-27,715838,694,9919,3.664%,25956.3,272.1,1.048%,24.00
2023-01-26,715442,694,9919,3.498%,24811.4,216.6,0.873%,22.00
2023-01-25,715010,694,9919,3.241%,22999.9,171.8,0.747%,20.00
2023-01-24,714635,694,9919,2.892%,20513.8,154.9,0.755%,20.00
2023-01-23,714329,694,9919,2.590%,18375.8,121.9,0.663%,20.00
2023-01-22,714045,693,9919,2.514%,17836.3,114.6,0.643%,17.00
2023-01-21,713830,693,9919,2.978%,21093.1,164.0,0.778%,16.00
2023-01-20,713833,693,9919,2.818%,19943.4,175.3,0.879%,16.00
2023-01-19,713389,693,9919,3.345%,23629.2,234.9,0.994%,15.00
2023-01-18,713223,694,9919,3.002%,21206.9,204.0,0.962%,18.00
2023-01-17,713066,694,9919,2.846%,20111.8,182.4,0.907%,19.00
2023-01-16,712850,694,9919,2.463%,17333.1,224.3,1.294%,20.00
2023-01-15,712604,695,9919,2.446%,17198.3,231.3,1.345%,21.00
2023-01-14,712414,695,9919,2.615%,18370.2,260.2,1.416%,21.00
2023-01-13,712203,695,9919,2.538%,17833.6,240.9,1.351%,21.00
2023-01-12,711990,695,9919,2.900%,20395.0,254.7,1.249%,21.00
2023-01-11,711768,695,9919,3.517%,24840.8,194.3,0.782%,18.00
2023-01-10,711457,695,9920,3.653%,25827.4,163.3,0.632%,17.00
2023-01-09,711082,695,9920,4.475%,31667.5,153.5,0.485%,17.00
2023-01-08,710838,695,9921,4.403%,31147.8,152.9,0.491%,16.00
2023-01-07,710663,695,9921,4.281%,30275.2,148.4,0.490%,18.00
2023-01-06,710444,695,9923,3.725%,26368.9,97.6,0.370%,17.00
2023-01-05,710234,694,9923,4.307%,30497.3,90.0,0.295%,16.00
2023-01-04,710013,694,9923,4.282%,30274.7,124.7,0.412%,16.00
2023-01-03,709558,694,9923,3.283%,23197.1,94.3,0.407%,14.00
2023-01-02,707684,694,9923,3.143%,22149.7,91.0,0.411%,11.00
2023-01-01,707680,694,9923,3.602%,25383.5,104.1,0.410%,11.00
2022-12-31,707617,695,9923,3.499%,24661.0,98.6,0.400%,11.00
2022-12-30,707499,695,9923,2.913%,20518.1,93.0,0.453%,10.00
2022-12-29,707376,695,9923,2.907%,20486.8,77.4,0.378%,11.00
2022-12-28,707209,694,9923,2.999%,20995.9,214.1,1.020%,10.00
2022-12-27,707162,694,9923,2.923%,20455.4,212.8,1.040%,12.00
2022-12-26,707038,695,9923,2.926%,20480.5,210.3,1.027%,12.00
2022-12-25,706986,694,9923,2.792%,19525.4,213.0,1.091%,12.00
2022-12-24,707044,694,9923,2.487%,17384.5,202.5,1.165%,12.00
2022-12-23,706815,694,9924,2.382%,16637.3,201.9,1.214%,12.00
2022-12-22,706737,694,9924,2.631%,18340.8,256.3,1.397%,13.00
2022-12-21,706721,694,9924,2.139%,15017.0,96.5,0.643%,14.00
2022-12-20,706645,694,9924,2.553%,17931.4,108.5,0.605%,13.00
2022-12-19,706447,695,9924,2.459%,17280.8,92.4,0.535%,19.00
2022-12-18,706415,696,9924,2.826%,19825.8,134.7,0.679%,22.00
2022-12-17,706363,696,9924,2.753%,19312.5,134.7,0.697%,22.00
2022-12-16,706218,696,9925,3.233%,22685.9,146.9,0.648%,23.00
2022-12-15,706133,696,9925,2.968%,20820.1,136.8,0.657%,23.00
2022-12-14,706189,696,9925,2.858%,20037.5,145.8,0.728%,23.00
2022-12-13,706041,696,9925,2.642%,18528.6,122.7,0.662%,24.00
2022-12-12,705857,696,9925,2.854%,20012.3,133.8,0.669%,20.00
2022-12-11,705848,696,9925,2.981%,20930.3,111.2,0.531%,19.00
2022-12-10,705817,696,9925,3.492%,24493.7,154.4,0.630%,20.00
2022-12-09,705747,696,9925,3.447%,24178.3,151.6,0.627%,19.00
2022-12-08,705604,696,9925,4.054%,28409.9,193.1,0.680%,19.00
2022-12-07,705447,696,9925,3.620%,25367.0,167.5,0.660%,19.00
2022-12-06,705211,696,9925,2.950%,20592.8,210.6,1.023%,20.00
2022-12-05,704979,696,9925,2.806%,19592.9,187.3,0.956%,22.00
2022-12-04,704614,696,9925,3.340%,23329.5,205.7,0.882%,21.00
2022-12-03,704556,696,9925,3.248%,22692.5,190.2,0.838%,19.00
2022-12-02,704468,696,9925,3.527%,24638.1,211.3,0.858%,20.00
2022-12-01,704324,696,9925,3.964%,27683.5,233.6,0.844%,21.00
2022-11-30,704139,696,9925,5.159%,36101.5,223.4,0.619%,21.00
2022-11-29,703937,695,9925,4.961%,34734.6,186.3,0.536%,21.00
2022-11-28,703651,695,9925,4.850%,33945.2,182.9,0.539%,20.00
2022-11-27,703355,695,9925,4.204%,29422.5,145.0,0.493%,23.00
2022-11-26,702825,695,9925,4.384%,30692.9,116.7,0.380%,31.00
2022-11-25,702287,695,9925,4.140%,28971.9,106.2,0.367%,42.00
2022-11-24,701911,695,9925,4.366%,30514.6,132.0,0.433%,48.00
2022-11-23,701642,695,9925,4.468%,31213.7,133.7,0.428%,58.00
2022-11-22,701281,695,9925,4.441%,31018.7,128.3,0.414%,58.00
2022-11-21,700784,695,9925,4.292%,29923.1,153.9,0.514%,57.00
2022-11-20,700070,695,9926,4.146%,28802.2,222.4,0.772%,57.00
2022-11-19,699157,695,9926,4.104%,28451.2,241.5,0.849%,47.00
2022-11-18,698505,695,9926,3.430%,23728.3,229.9,0.969%,45.00
2022-11-17,697605,695,9926,3.183%,22016.9,190.3,0.864%,49.00
2022-11-16,696881,695,9927,3.213%,22222.5,168.9,0.760%,49.00
2022-11-15,696450,695,9927,3.036%,21005.7,136.7,0.651%,51.00
2022-11-14,695956,695,9927,2.835%,19641.8,90.9,0.463%,52.00
2022-11-13,695244,695,9928,3.020%,20903.6,90.8,0.434%,49.00
2022-11-12,694703,695,9928,3.018%,20863.2,101.0,0.484%,42.00
2022-11-11,694171,696,9928,2.575%,17776.3,96.0,0.540%,36.00
2022-11-10,693851,695,9928,2.683%,18509.1,108.4,0.586%,27.00
2022-11-09,693543,695,9929,2.660%,18325.7,119.5,0.652%,27.00
2022-11-08,693249,695,9929,2.381%,16402.4,104.3,0.636%,29.00
2022-11-07,692990,695,9929,2.596%,17867.5,122.2,0.684%,29.00
2022-11-06,692684,695,9929,2.632%,18069.9,159.2,0.881%,31.00
2022-11-05,692216,695,9929,2.659%,18260.7,144.5,0.791%,34.00
2022-11-04,691725,695,9929,2.473%,16972.2,132.0,0.778%,40.00
2022-11-03,691306,695,9929,2.570%,17615.6,151.0,0.857%,46.00
2022-11-02,690865,695,9929,2.759%,18902.5,156.8,0.830%,47.00
2022-11-01,690378,695,9929,2.760%,18898.5,153.8,0.814%,46.00
2022-10-31,689882,696,9929,2.717%,18615.1,129.2,0.694%,47.00
2022-10-30,689448,696,9929,2.780%,19031.8,134.4,0.706%,45.00
2022-10-29,688923,696,9930,2.804%,19187.5,127.2,0.663%,49.00
2022-10-28,688399,696,9932,2.507%,17151.4,106.6,0.622%,54.00
2022-10-27,687978,696,9932,2.449%,16732.6,112.6,0.673%,59.00
2022-10-26,687626,695,9931,2.324%,15875.9,106.4,0.670%,59.00
2022-10-25,687246,695,9926,2.310%,15769.0,103.4,0.656%,60.00
2022-10-24,687019,695,9918,2.315%,15802.0,104.1,0.659%,57.00
2022-10-23,686722,695,9911,2.518%,17176.1,117.4,0.684%,51.00
2022-10-22,686249,695,9894,2.610%,17780.3,129.7,0.729%,41.00
2022-10-21,685945,695,9881,2.567%,17485.9,120.4,0.689%,30.00
2022-10-20,685706,695,9878,2.166%,14740.4,110.5,0.750%,24.00
2022-10-19,685282,694,9871,1.978%,13469.4,84.7,0.629%,22.00
2022-10-18,685147,694,9867,2.577%,17600.7,54.4,0.309%,19.00
2022-10-17,684949,694,9863,2.523%,17211.7,69.3,0.403%,20.00
2022-10-16,684876,694,9861,2.849%,19354.2,159.7,0.825%,22.00
2022-10-15,684753,694,9859,3.307%,22484.1,157.4,0.700%,30.00
2022-10-14,684622,694,9857,3.347%,22744.7,169.1,0.743%,35.00
2022-10-13,684456,695,9854,3.195%,21711.6,158.2,0.729%,41.00
2022-10-12,684129,695,9851,2.900%,19697.4,143.2,0.727%,46.00
2022-10-11,683878,695,9847,2.702%,18381.7,95.7,0.521%,51.00
2022-10-10,683719,695,9842,2.737%,18596.5,118.3,0.636%,52.00
2022-10-09,683253,695,9837,2.764%,18763.7,122.7,0.654%,50.00
2022-10-08,682720,695,9827,2.924%,19855.8,109.2,0.550%,49.00
2022-10-07,682290,695,9816,2.820%,19113.8,126.3,0.661%,45.00
2022-10-06,681983,695,9807,2.872%,19456.9,129.8,0.667%,45.00
2022-10-05,681551,695,9802,2.770%,18768.9,111.9,0.596%,43.00
2022-10-04,681044,695,9797,2.760%,18680.6,119.5,0.640%,41.00
2022-10-03,680594,695,9793,2.665%,18008.9,126.6,0.703%,40.00
2022-10-02,680229,695,9789,2.904%,19623.3,133.0,0.678%,38.00
2022-10-01,679493,695,9779,3.274%,22095.4,153.6,0.695%,30.00
2022-09-30,679313,695,9772,3.125%,21101.8,130.1,0.617%,25.00
2022-09-29,678888,695,9763,3.012%,20339.5,110.0,0.541%,20.00
2022-09-28,678919,695,9759,2.832%,19126.6,99.8,0.522%,20.00
2022-09-27,678826,696,9756,2.472%,16695.6,84.6,0.507%,20.00
2022-09-26,678677,696,9753,2.530%,17076.3,93.3,0.546%,22.00
2022-09-25,678553,696,9751,2.581%,17412.8,103.0,0.592%,23.00
2022-09-24,678453,695,9749,2.704%,18218.1,127.5,0.700%,24.00
2022-09-23,678413,695,9747,2.432%,16376.6,122.8,0.750%,25.00
2022-09-22,678321,695,9743,2.637%,17716.7,170.9,0.965%,25.00
2022-09-21,678266,695,9739,2.580%,17340.7,157.8,0.910%,25.00
2022-09-20,678155,695,9736,2.632%,17630.3,217.9,1.236%,27.00
2022-09-19,678080,695,9731,2.741%,18374.2,213.9,1.164%,27.00
2022-09-18,678012,695,9728,3.104%,20829.0,218.5,1.049%,28.00
2022-09-17,677860,695,9725,3.347%,22452.1,233.3,1.039%,35.00
2022-09-16,677653,695,9722,3.200%,21482.8,200.9,0.935%,42.00
2022-09-15,677323,695,9718,3.208%,21569.1,161.0,0.746%,45.00
2022-09-14,677343,695,9714,3.264%,21941.7,164.9,0.752%,42.00
2022-09-13,677147,695,9709,3.084%,20713.5,169.8,0.820%,41.00
2022-09-12,676910,695,9704,3.198%,21482.4,164.3,0.765%,40.00
2022-09-11,676798,695,9700,3.221%,21607.8,189.4,0.877%,41.00
2022-09-10,676459,695,9688,3.268%,21879.6,229.1,1.047%,40.00
2022-09-09,676205,695,9680,3.225%,21611.4,196.6,0.910%,43.00
2022-09-08,675891,695,9673,2.935%,19681.6,158.8,0.807%,48.00
2022-09-07,675614,695,9672,2.917%,19548.7,156.5,0.801%,53.00
2022-09-06,675376,695,9668,2.774%,18603.5,132.1,0.710%,54.00
2022-09-05,675089,695,9664,2.807%,18814.9,132.5,0.704%,56.00
2022-09-04,674742,695,9659,2.805%,18787.6,140.6,0.748%,57.00
2022-09-03,674334,695,9646,2.989%,19998.8,160.4,0.802%,54.00
2022-09-02,674051,695,9637,2.950%,19731.4,155.7,0.789%,53.00
2022-09-01,673735,695,9625,2.957%,19770.4,153.7,0.777%,49.00
2022-08-31,673441,695,9619,3.172%,21211.0,151.8,0.716%,48.00
2022-08-30,673140,695,9614,2.989%,19985.2,135.7,0.679%,49.00
2022-08-29,672642,695,9608,3.053%,20418.2,116.1,0.569%,47.00
2022-08-28,672250,695,9602,3.103%,20729.3,131.9,0.636%,46.00
2022-08-27,671691,695,9592,2.977%,19859.9,134.4,0.677%,39.00
2022-08-26,671345,695,9605,2.651%,17660.7,134.0,0.759%,34.00
2022-08-25,670862,695,9596,2.403%,15985.9,131.6,0.823%,25.00
2022-08-24,670543,695,9591,2.284%,15146.1,167.3,1.105%,25.00
2022-08-23,670216,695,9585,3.099%,20555.8,215.5,1.048%,24.00
2022-08-22,670027,695,9581,3.108%,20596.1,226.8,1.101%,23.00
2022-08-21,669839,695,9577,3.319%,22018.4,213.1,0.968%,23.00
2022-08-20,669830,695,9574,3.446%,22853.9,227.3,0.995%,24.00
2022-08-19,669789,695,9571,3.616%,24007.3,210.6,0.877%,25.00
2022-08-18,669658,695,9567,3.082%,20461.9,175.8,0.859%,24.00
2022-08-17,669525,695,9564,3.146%,20901.5,163.1,0.780%,24.00
2022-08-16,669444,695,9561,3.191%,21190.1,168.7,0.796%,25.00
2022-08-15,669362,695,9558,3.102%,20580.6,182.9,0.889%,24.00
2022-08-14,669260,695,9554,3.013%,19983.9,179.9,0.900%,23.00
2022-08-13,669057,695,9550,3.098%,20542.7,181.8,0.885%,21.00
2022-08-12,668885,695,9546,3.039%,20122.5,204.3,1.015%,20.00
2022-08-11,668688,695,9543,3.520%,23280.5,255.7,1.098%,21.00
2022-08-10,668484,695,9540,3.782%,25018.9,260.9,1.043%,21.00
2022-08-09,668227,695,9536,3.739%,24746.1,240.9,0.973%,21.00
2022-08-08,668023,695,9534,4.231%,28017.8,245.4,0.876%,29.00
2022-08-07,667870,695,9531,4.256%,28191.3,235.8,0.836%,30.00
2022-08-06,667579,695,9529,3.943%,26094.7,226.5,0.868%,35.00
2022-08-05,667060,695,9526,3.576%,23663.0,189.7,0.802%,41.00
2022-08-04,666279,695,9522,3.384%,22378.2,167.3,0.748%,43.00
2022-08-03,665835,695,9519,3.561%,23490.4,220.6,0.939%,47.00
2022-08-02,665084,695,9515,3.460%,22798.1,214.8,0.942%,47.00
2022-08-01,664243,695,9506,3.681%,24242.6,211.2,0.871%,42.00
2022-07-31,663792,695,9502,3.790%,24925.5,230.5,0.925%,43.00
2022-07-30,663283,695,9493,3.993%,26242.6,241.3,0.919%,41.00
2022-07-29,662803,695,9486,3.353%,22057.6,164.4,0.745%,41.00
2022-07-28,662324,695,9480,2.945%,19351.4,155.2,0.802%,39.00
2022-07-27,661338,694,9473,2.772%,18201.8,129.0,0.709%,38.00
2022-07-26,660557,694,9469,2.784%,18253.1,136.8,0.749%,37.00
2022-07-25,659986,694,9464,2.522%,16530.3,115.9,0.701%,36.00
2022-07-24,659740,693,9459,2.715%,17783.8,130.0,0.731%,35.00
2022-07-23,659295,693,9452,3.270%,21408.1,148.9,0.696%,31.00
2022-07-22,658989,693,9445,2.958%,19340.4,152.1,0.786%,27.00
2022-07-21,658667,693,9441,3.080%,20138.6,147.5,0.732%,27.00
2022-07-20,658311,693,9435,3.006%,19627.1,160.6,0.818%,25.00
2022-07-19,657972,693,9432,2.897%,18908.0,152.4,0.806%,27.00
2022-07-18,657627,693,9428,3.159%,20561.3,211.2,1.027%,28.00
2022-07-17,657287,693,9424,3.170%,20610.5,226.3,1.098%,28.00
2022-07-16,656821,693,9421,4.111%,26632.9,371.3,1.394%,34.00
2022-07-15,656400,691,9418,3.711%,24041.5,320.7,1.334%,40.00
2022-07-14,655924,691,9414,3.009%,19479.1,259.8,1.334%,50.00
2022-07-13,655383,690,9410,2.831%,18327.3,224.6,1.225%,51.00
2022-07-12,654998,690,9405,2.598%,16806.1,208.0,1.238%,52.00
2022-07-11,654406,690,9400,2.043%,13181.3,185.2,1.405%,53.00
2022-07-10,653681,690,9396,2.121%,13732.7,133.4,0.971%,54.00
2022-07-09,652817,690,9387,2.541%,16460.6,127.3,0.773%,60.00
2022-07-08,652404,690,9378,2.556%,16541.0,135.0,0.816%,60.00
2022-07-07,652061,690,9362,2.457%,15893.1,127.2,0.800%,50.00
2022-07-06,651676,690,9356,2.679%,17293.1,165.2,0.955%,51.00
2022-07-05,651308,690,9383,2.508%,16150.9,185.5,1.149%,51.00
2022-07-04,650885,691,9379,2.594%,16637.0,250.2,1.504%,54.00
2022-07-03,650300,691,9374,2.766%,17690.7,294.8,1.666%,52.00
2022-07-02,649611,691,9359,2.958%,18892.7,325.8,1.724%,40.00
2022-07-01,649306,691,9348,2.573%,16385.8,322.7,1.969%,31.00
2022-06-30,648914,691,9341,2.458%,15746.5,203.1,1.290%,29.00
2022-06-29,648554,691,9333,2.408%,15429.5,190.7,1.236%,25.00
2022-06-28,648207,691,9326,2.463%,15598.4,365.9,2.346%,22.00
2022-06-27,647824,691,9319,2.513%,15923.2,354.4,2.226%,21.00
2022-06-26,647676,691,9315,2.555%,16202.9,343.4,2.119%,22.00
2022-06-25,647523,691,9313,2.485%,15816.4,274.3,1.734%,30.00
2022-06-24,647237,691,9311,2.452%,15634.1,233.6,1.494%,40.00
2022-06-23,646926,691,9307,2.409%,15445.5,138.1,0.894%,44.00
2022-06-22,646633,691,9302,2.396%,15369.7,121.8,0.792%,44.00
2022-06-21,646291,690,9298,2.365%,15173.3,110.6,0.729%,45.00
2022-06-20,646056,691,9292,2.900%,18602.1,133.8,0.719%,44.00
2022-06-19,645730,691,9288,3.133%,20037.0,195.6,0.976%,45.00
2022-06-18,645117,691,9272,3.418%,21830.3,219.2,1.004%,44.00
2022-06-17,644689,691,9261,3.452%,22054.1,198.3,0.899%,43.00
2022-06-16,644342,691,9252,3.599%,22965.8,222.9,0.971%,41.00
2022-06-15,644046,691,9246,3.698%,23597.6,219.9,0.932%,43.00
2022-06-14,643881,691,9241,3.558%,22715.7,193.5,0.852%,42.00
2022-06-13,643371,691,9237,3.643%,23272.9,165.4,0.711%,41.00
2022-06-12,642735,690,9232,3.394%,21657.0,158.9,0.734%,39.00
2022-06-11,641800,691,9221,3.380%,21543.5,152.3,0.707%,34.00
2022-06-10,641434,691,9212,3.152%,20099.1,120.7,0.601%,27.00
2022-06-09,641221,691,9205,3.332%,21227.8,135.4,0.638%,23.00
2022-06-08,640941,691,9199,3.449%,21961.7,145.0,0.660%,20.00
2022-06-07,640609,691,9195,3.514%,22374.9,134.5,0.601%,20.00
2022-06-06,640320,690,9192,4.553%,28958.8,196.2,0.678%,21.00
2022-06-05,639998,690,9188,4.399%,27952.8,197.9,0.708%,21.00
2022-06-04,639603,690,9182,4.409%,27976.8,223.8,0.800%,29.00
2022-06-03,639214,690,9179,4.159%,26374.8,211.4,0.802%,35.00
2022-06-02,638736,690,9176,4.203%,26648.4,196.3,0.737%,45.00
2022-06-01,638310,690,9173,4.179%,26491.5,185.6,0.701%,47.00
2022-05-31,637899,690,9169,4.209%,26665.1,185.8,0.697%,49.00
2022-05-30,637522,690,9164,4.107%,26024.1,156.9,0.603%,47.00
2022-05-29,636733,690,9160,4.379%,27737.1,143.9,0.519%,48.00
2022-05-28,634689,690,9145,4.099%,25824.9,193.3,0.749%,50.00
2022-05-27,634720,689,9135,3.623%,22826.2,171.1,0.750%,53.00
2022-05-26,634401,690,9122,3.640%,22923.0,169.7,0.740%,51.00
2022-05-25,634082,690,9117,3.602%,22656.5,183.1,0.808%,51.00
2022-05-24,633758,690,9114,3.508%,22051.6,182.1,0.826%,52.00
2022-05-23,633338,690,9112,3.691%,23200.4,178.3,0.769%,54.00
2022-05-22,632526,690,9107,3.981%,24969.3,214.1,0.857%,54.00
2022-05-21,631725,690,9092,4.589%,28732.5,260.0,0.905%,41.00
2022-05-20,631221,690,9078,3.999%,25029.7,210.0,0.839%,32.00
2022-05-19,630550,690,9068,3.904%,24413.7,203.4,0.833%,25.00
2022-05-18,629741,689,9063,4.172%,25955.2,319.4,1.231%,25.00
2022-05-17,628955,689,9059,3.794%,23583.3,282.2,1.197%,26.00
2022-05-16,628187,689,9054,3.506%,21753.6,270.4,1.243%,25.00
2022-05-15,627499,689,9050,3.878%,24064.9,267.5,1.112%,27.00
2022-05-14,626776,689,9047,4.046%,25073.5,284.3,1.134%,32.00
2022-05-13,626227,689,9040,3.696%,22981.9,165.1,0.718%,36.00
2022-05-12,625877,689,9036,3.657%,22703.2,187.1,0.824%,42.00
2022-05-11,625522,689,9032,3.901%,24185.1,216.3,0.894%,45.00
2022-05-10,625093,689,9027,3.806%,23577.0,217.1,0.921%,43.00
2022-05-09,624748,689,9023,3.944%,24432.6,206.1,0.844%,43.00
2022-05-08,624331,687,9016,4.247%,26289.6,223.2,0.849%,40.00
2022-05-07,623747,685,9007,4.351%,26942.6,196.1,0.728%,35.00
2022-05-06,623213,686,8998,4.122%,25514.2,175.2,0.687%,30.00
2022-05-05,622569,686,8988,4.732%,29333.4,127.8,0.436%,24.00
2022-05-04,621966,686,8981,4.578%,28278.0,193.3,0.684%,20.00
2022-05-03,621582,686,8981,4.505%,27771.8,231.9,0.835%,21.00
2022-05-02,621027,686,8977,4.973%,30629.5,256.5,0.837%,21.00
2022-05-01,620244,686,8972,4.624%,28359.1,319.2,1.126%,22.00
2022-04-30,619778,685,8967,4.066%,24911.2,287.0,1.152%,31.00
2022-04-29,619528,685,8963,3.736%,22897.4,250.4,1.094%,37.00
2022-04-28,619306,685,8959,3.787%,23244.0,211.9,0.912%,43.00
2022-04-27,618992,685,8955,3.852%,23544.4,301.3,1.280%,43.00
2022-04-26,618639,685,8951,3.844%,23469.1,310.2,1.322%,45.00
2022-04-25,618169,685,8948,4.142%,25236.6,365.2,1.447%,45.00
2022-04-24,617607,685,8942,4.633%,28141.3,471.4,1.675%,41.00
2022-04-23,616834,685,8928,4.757%,28777.7,567.7,1.973%,31.00
2022-04-22,616385,685,8919,4.657%,28080.2,626.7,2.232%,23.00
2022-04-21,615763,685,8908,4.844%,29078.4,746.8,2.568%,15.00
2022-04-20,615194,685,8903,6.534%,39559.3,637.2,1.611%,14.00
2022-04-19,614706,685,8899,6.721%,40674.3,642.3,1.579%,13.00
2022-04-18,614016,685,8895,6.736%,40696.8,662.1,1.627%,14.00
2022-04-17,613420,685,8893,7.044%,42520.7,691.2,1.626%,17.00
2022-04-16,612740,685,8891,5.666%,34273.4,442.5,1.291%,27.00
2022-04-15,612060,685,8890,4.685%,28447.0,227.2,0.799%,46.00
2022-04-14,611152,686,8888,4.626%,28061.5,209.3,0.746%,54.00
2022-04-13,609542,686,8883,4.473%,27065.1,198.8,0.735%,55.00
2022-04-12,608285,686,8880,4.214%,25466.7,168.2,0.660%,50.00
2022-04-11,607091,672,8875,4.289%,25871.0,164.2,0.635%,56.00
2022-04-10,605723,672,8869,5.154%,31075.7,143.1,0.460%,56.00
2022-04-09,604155,672,8853,6.240%,37515.2,184.6,0.492%,43.00
2022-04-08,603127,672,8835,7.055%,42343.1,207.7,0.491%,28.00
2022-04-07,602277,672,8824,7.001%,41937.1,230.7,0.550%,21.00
2022-04-06,601347,672,8818,8.008%,47856.0,298.6,0.624%,20.00
2022-04-05,600267,672,8813,8.127%,48476.4,309.6,0.639%,19.00
2022-04-04,598836,672,8809,6.831%,40630.5,276.9,0.682%,20.00
2022-04-03,597626,672,8804,7.319%,43465.9,272.8,0.628%,20.00
2022-04-02,596235,672,8801,7.188%,42585.2,274.9,0.646%,26.00
2022-04-01,594199,672,8798,6.326%,37345.2,246.6,0.660%,35.00
2022-03-31,592127,672,8795,6.037%,35528.1,215.7,0.607%,43.00
2022-03-30,589490,672,8789,6.228%,36485.6,229.9,0.630%,44.00
2022-03-29,587542,672,8785,6.458%,37692.3,249.6,0.662%,44.00
2022-03-28,585980,672,8780,6.463%,37632.7,236.8,0.629%,44.00
2022-03-27,584384,672,8775,6.915%,40158.6,249.3,0.621%,45.00
2022-03-26,582815,672,8766,6.406%,37077.9,256.5,0.692%,54.00
2022-03-25,581453,672,8754,6.477%,37402.2,255.8,0.684%,54.00
2022-03-24,580207,672,8744,5.936%,34160.4,283.3,0.829%,54.00
2022-03-23,578654,672,8738,5.582%,31986.5,313.0,0.979%,57.00
2022-03-22,576821,672,8734,5.166%,29492.1,304.4,1.032%,58.00
2022-03-21,574965,672,8729,4.813%,27341.1,333.5,1.220%,57.00
2022-03-20,573554,672,8723,4.514%,25516.9,371.6,1.456%,57.00
2022-03-19,571542,672,8706,4.652%,26194.1,392.3,1.498%,43.00
2022-03-18,570481,672,8693,4.721%,26726.2,205.6,0.769%,41.00
2022-03-17,569655,672,8681,4.474%,25312.9,174.5,0.689%,40.00
2022-03-16,568873,672,8672,4.607%,26044.8,162.7,0.625%,41.00
2022-03-15,568230,672,8668,4.780%,26916.9,242.6,0.901%,44.00
2022-03-14,567751,672,8664,4.606%,25890.7,261.9,1.012%,43.00
2022-03-13,567113,672,8659,4.332%,24292.7,274.1,1.128%,44.00
2022-03-12,566600,672,8657,4.276%,23918.8,307.1,1.284%,45.00
2022-03-11,565888,672,8648,5.024%,27961.2,470.0,1.681%,42.00
2022-03-10,565312,672,8638,5.242%,29132.2,498.8,1.712%,34.00
2022-03-09,564687,672,8629,5.391%,29982.4,457.6,1.526%,29.00
2022-03-08,564045,672,8622,6.388%,35451.2,577.9,1.630%,25.00
2022-03-07,563157,672,8619,6.017%,33282.9,601.1,1.806%,26.00
2022-03-06,562504,672,8613,5.805%,32174.2,477.2,1.483%,23.00
2022-03-05,561963,672,8610,5.944%,32972.9,430.9,1.307%,24.00
2022-03-04,561370,672,8604,6.397%,35457.9,454.8,1.283%,19.00
2022-03-03,560730,672,8601,5.794%,32194.6,295.2,0.917%,28.00
2022-03-02,560066,672,8598,5.668%,31439.3,302.8,0.963%,33.00
2022-03-01,559135,672,8595,5.532%,30661.7,268.5,0.876%,38.00
2022-02-28,558358,673,8591,5.277%,29218.7,245.8,0.841%,38.00
2022-02-27,557747,673,8587,5.141%,28425.0,248.8,0.875%,44.00
2022-02-26,557286,673,8582,5.310%,29331.2,258.9,0.883%,42.00
2022-02-25,556855,673,8581,5.165%,28516.2,244.3,0.857%,44.00
2022-02-24,555960,673,8570,4.891%,26954.4,235.8,0.875%,42.00
2022-02-23,554918,673,8561,5.201%,28596.1,263.7,0.922%,40.00
2022-02-22,553380,673,8552,4.866%,26692.0,237.5,0.890%,39.00
2022-02-21,552411,671,8548,5.162%,28273.3,242.4,0.857%,43.00
2022-02-20,551643,672,8538,4.915%,26905.6,205.7,0.765%,38.00
2022-02-19,550911,672,8536,5.313%,29040.7,227.5,0.783%,39.00
2022-02-18,550047,672,8532,5.000%,27304.1,195.8,0.717%,38.00
2022-02-17,548821,672,8522,6.086%,33153.9,245.0,0.739%,36.00
2022-02-16,547853,672,8515,5.980%,32513.4,250.8,0.771%,35.00
2022-02-15,547004,671,8509,6.021%,32673.8,260.0,0.796%,33.00
2022-02-14,545999,671,8500,6.218%,33668.7,279.7,0.831%,31.00
2022-02-13,545241,671,8496,5.935%,32078.8,280.8,0.875%,29.00
2022-02-12,544285,671,8493,5.149%,27763.3,259.9,0.936%,28.00
2022-02-11,543192,671,8491,4.628%,24847.3,290.6,1.170%,28.00
2022-02-10,542000,671,8484,5.020%,26877.3,329.1,1.224%,24.00
2022-02-09,540745,671,8477,4.376%,23386.1,274.9,1.175%,19.00
2022-02-08,539350,671,8473,4.509%,24073.8,242.9,1.009%,17.00
2022-02-07,538699,671,8468,4.909%,26122.8,321.3,1.230%,15.00
2022-02-06,538250,670,8465,4.252%,22642.8,246.2,1.087%,16.00
2022-02-05,537598,670,8464,3.896%,20727.1,216.9,1.046%,19.00
2022-02-04,536906,670,8462,3.671%,19527.0,180.9,0.926%,18.00
2022-02-03,536219,670,8458,3.478%,18460.0,190.2,1.030%,22.00
2022-02-02,535619,670,8455,3.114%,16491.9,188.5,1.143%,25.00
2022-02-01,535132,670,8452,2.793%,14833.9,114.3,0.771%,30.00
2022-01-31,534758,670,8449,2.734%,14496.0,125.0,0.862%,30.00
2022-01-30,534240,670,8445,2.815%,14917.5,119.5,0.801%,28.00
2022-01-29,533638,670,8438,2.813%,14874.2,136.3,0.916%,26.00
2022-01-28,533124,670,8437,2.542%,13438.4,113.8,0.847%,26.00
2022-01-27,532532,670,8430,3.210%,16860.8,231.6,1.374%,22.00
2022-01-26,532089,670,8424,3.486%,18242.8,305.9,1.677%,22.00
2022-01-25,531649,669,8417,3.905%,20433.7,326.3,1.597%,18.00
2022-01-24,531194,669,8413,4.323%,22676.5,288.4,1.272%,19.00
2022-01-23,530690,669,8410,4.720%,24780.4,268.3,1.083%,20.00
2022-01-22,530185,669,8408,4.604%,23880.5,530.1,2.220%,19.00
2022-01-21,529654,669,8407,4.879%,25308.5,533.4,2.108%,20.00
2022-01-20,529100,669,8403,4.512%,23464.1,408.7,1.742%,21.00
2022-01-19,528462,669,8397,4.238%,21967.5,427.7,1.947%,19.00
2022-01-18,527827,669,8395,4.127%,21123.6,659.4,3.122%,20.00
2022-01-17,526982,669,8390,4.094%,21198.5,378.6,1.786%,19.00
2022-01-16,526094,668,8386,4.289%,22182.5,381.3,1.719%,20.00
2022-01-15,525360,668,8384,4.328%,22295.8,443.9,1.991%,20.00
2022-01-14,524727,667,8382,4.637%,23863.1,467.1,1.957%,20.00
2022-01-13,524119,668,8377,4.772%,24603.2,408.5,1.660%,18.00
2022-01-12,523789,668,8373,4.420%,22915.3,235.3,1.027%,16.00
2022-01-11,523499,669,8368,5.258%,27328.8,194.3,0.711%,15.00
2022-01-10,523037,669,8364,4.745%,24678.2,137.3,0.556%,14.00
2022-01-09,522768,669,8360,4.633%,24063.0,154.3,0.641%,11.00
2022-01-08,522501,669,8359,4.565%,23696.0,153.7,0.649%,11.00
2022-01-07,522126,669,8357,4.248%,22044.5,136.1,0.617%,10.00
2022-01-06,521854,669,8354,4.602%,23836.8,180.0,0.755%,9.00
2022-01-05,521568,669,8352,4.202%,21755.2,161.2,0.741%,9.00
2022-01-04,521157,669,8350,4.475%,23154.4,165.8,0.716%,8.00
2022-01-03,520565,670,8348,4.452%,23010.4,165.3,0.718%,7.00
2022-01-02,520316,670,8347,4.422%,22847.4,162.8,0.713%,7.00
2022-01-01,519993,670,8346,4.368%,22559.5,155.9,0.691%,8.00
2021-12-31,519686,670,8345,4.359%,22496.9,154.3,0.686%,9.00
2021-12-30,519516,670,8344,4.662%,24057.5,164.3,0.683%,10.00
2021-12-29,519213,670,8343,4.467%,23031.3,161.3,0.700%,10.00
2021-12-28,518917,670,8342,4.436%,22851.6,169.3,0.741%,13.00
2021-12-27,518567,670,8341,4.972%,25073.1,709.4,2.829%,15.00
2021-12-26,518209,669,8340,5.203%,26289.2,673.3,2.561%,16.00
2021-12-25,517826,669,8338,5.251%,26398.2,793.5,3.006%,15.00
2021-12-24,517366,669,8336,5.646%,28421.6,787.5,2.771%,14.00
2021-12-23,516990,669,8334,6.390%,32081.2,954.3,2.975%,14.00
2021-12-22,516424,669,8332,6.939%,35095.3,738.9,2.105%,17.00
2021-12-21,515419,669,8328,6.089%,30779.6,603.5,1.961%,19.00
2021-12-20,514020,668,8325,6.625%,33508.5,546.1,1.630%,21.00
2021-12-19,513399,668,8322,7.239%,36547.4,615.6,1.684%,26.00
2021-12-18,512703,668,8321,6.956%,35097.3,567.7,1.618%,48.00
2021-12-17,511964,668,8320,6.393%,32307.8,420.4,1.301%,61.00
2021-12-16,510800,668,8318,6.191%,31246.8,376.2,1.204%,71.00
2021-12-15,509413,668,8314,6.159%,30977.3,396.0,1.278%,72.00
2021-12-14,507756,668,8308,5.678%,28495.9,334.5,1.174%,70.00
2021-12-13,504667,669,8302,4.848%,24252.3,214.9,0.886%,71.00
2021-12-12,501476,668,8295,4.837%,24000.8,258.0,1.075%,70.00
2021-12-11,499160,668,8272,5.228%,25695.4,399.7,1.556%,64.00
2021-12-10,498096,665,8257,4.984%,24475.3,351.9,1.438%,64.00
2021-12-09,497049,665,8244,4.989%,24440.0,358.0,1.465%,57.00
2021-12-08,495891,665,8237,5.140%,25126.9,363.9,1.448%,56.00
2021-12-07,495132,665,8234,4.960%,24227.6,331.2,1.367%,56.00
2021-12-06,494144,665,8229,4.587%,22433.9,232.4,1.036%,53.00
2021-12-05,492244,664,8223,4.792%,23383.5,206.0,0.881%,50.00
2021-12-04,490822,665,8206,5.550%,27066.9,173.1,0.640%,35.00
2021-12-03,490230,664,8190,6.107%,29725.5,211.6,0.712%,22.00
2021-12-02,489737,665,8183,6.000%,29169.3,217.0,0.744%,17.00
2021-12-01,489209,665,8178,6.476%,31459.2,219.6,0.698%,15.00
2021-11-30,488803,665,8176,6.359%,30865.6,215.6,0.699%,17.00
2021-11-29,488369,665,8175,6.014%,29138.8,231.1,0.793%,18.00
2021-11-28,487741,665,8172,4.762%,23097.9,129.0,0.558%,20.00
2021-11-27,486804,665,8169,4.279%,20686.5,143.1,0.692%,28.00
2021-11-26,486161,664,8167,4.315%,20809.5,166.8,0.802%,34.00
2021-11-25,485667,664,8165,4.473%,21521.1,205.1,0.953%,40.00
2021-11-24,484768,664,8162,4.308%,20680.5,203.1,0.982%,43.00
2021-11-23,484111,664,8159,4.593%,22015.4,220.9,1.003%,42.00
2021-11-22,483460,664,8156,5.471%,26190.7,260.8,0.996%,46.00
2021-11-21,482122,664,8141,4.349%,20722.3,245.1,1.183%,
2021-11-20,481361,664,8132,4.747%,22604.5,246.7,1.091%,
2021-11-19,480573,664,8125,5.533%,26346.4,242.3,0.92%,
2021-11-18,479808,664,8118,6.173%,29355.2,265.7,0.905%,
2021-11-17,478575,664,8116,5.169%,24484.1,254.7,1.04%,
2021-11-16,477301,664,8111,4.098%,19332.6,226.4,1.171%,
2021-11-15,476246,664,8104,3.49%,16439.9,181.1,1.102%,
2021-11-14,474900,664,8087,3.292%,15476,156.5,1.011%,
2021-11-13,473771,664,8073,3.673%,17267.8,135.9,0.787%,
2021-11-12,472966,664,8065,3.547%,16640,138.1,0.83%,
2021-11-11,472046,664,8059,3.282%,15382.6,112.2,0.729%,
2021-11-10,471363,664,8055,3.253%,15251.7,79.5,0.521%,
2021-11-09,470811,664,8050,2.918%,13684.2,55,0.402%,
2021-11-08,470327,664,8046,2.459%,11516.5,50.9,0.442%,
2021-11-07,469847,664,8030,2.782%,12842.4,229.4,1.786%,
2021-11-06,469300,664,8018,4.203%,19541.6,181.5,0.929%,
2021-11-05,469012,662,8010,5.024%,23372.2,190.3,0.814%,
2021-11-04,468544,661,8006,4.786%,22264.1,158.2,0.711%,
2021-11-03,467248,661,8003,4.308%,19995.5,135.2,0.676%,
2021-11-01,465407,662,7996,4.355%,20120.5,147.9,0.735%,
2021-10-31,465030,662,7992,4.488%,20715.1,153.7,0.742%,
2021-10-30,464599,662,7991,4.331%,19969,150.5,0.754%,
2021-10-29,464125,661,7989,4.063%,18714.3,142.5,0.761%,
2021-10-28,463869,662,7986,4.179%,19247.6,137.1,0.712%,
2021-10-27,463408,662,7982,3.919%,18040.1,120.7,0.669%,
2021-10-26,462886,662,7978,3.063%,14103,75.2,0.533%,
2021-10-25,462366,662,7975,2.02%,9300.9,38.6,0.415%,
2021-10-24,461856,662,7960,2.56%,11773.3,48.6,0.413%,
2021-10-23,461323,662,7947,3.013%,13817.5,82.8,0.599%,
2021-10-22,460998,662,7939,4.189%,19211,98.2,0.511%,
2021-10-21,460745,662,7933,4.559%,20886.8,116.7,0.559%,
2021-10-20,460500,662,7930,4.379%,20051.3,113.7,0.567%,
2021-10-19,460265,662,7926,4.108%,18797.4,109.2,0.581%,
2021-10-18,460011,662,7923,3.868%,17693.7,100.4,0.567%,
2021-10-17,459617,662,7921,3.714%,16980.5,90.6,0.534%,
2021-10-16,459179,662,7920,3.063%,13987.4,77.7,0.555%,
2021-10-15,458936,662,7917,2.837%,12945.6,75.6,0.584%,
2021-10-14,458442,662,7914,3.388%,15456.4,73.5,0.476%,
2021-10-13,458285,662,7911,3.538%,16141.2,71.4,0.442%,
2021-10-12,458179,662,7909,3.552%,16207.8,68.9,0.425%,
2021-10-11,457996,662,7905,3.573%,16298.2,66.6,0.409%,
2021-10-10,457716,662,7900,3.4%,15491.5,71.8,0.463%,
2021-10-09,457349,660,7890,3.947%,17921.5,128,0.714%,
2021-10-08,456753,660,7875,4.047%,18300.4,185.9,1.016%,
2021-10-07,456438,660,7870,3.506%,15849.5,152,0.959%,
2021-10-06,456159,660,7866,3.737%,16883.7,161,0.954%,
2021-10-04,455928,660,7859,3.951%,17880.6,132.9,0.743%,
2021-10-03,455700,660,7856,4.335%,19597.2,156.3,0.798%,
2021-10-02,455402,660,7856,4.16%,18792.3,154.5,0.822%,
2021-10-01,455123,660,7854,4.191%,18923.6,148.8,0.786%,
2021-09-30,454885,660,7852,3.533%,15950.3,120.4,0.755%,
2021-09-28,454212,660,7842,3.986%,17953.3,152.5,0.849%,
2021-09-27,453707,660,7837,4.227%,19006.8,171.3,0.901%,
2021-09-26,452908,659,7826,3.767%,16934.3,125.8,0.743%,
2021-09-25,452235,659,7815,3.237%,14518.3,119.8,0.825%,
2021-09-24,451914,659,7806,3.323%,14898.8,117.6,0.789%,
2021-09-23,451578,659,7802,3.369%,15107,105.3,0.697%,
2021-09-22,451192,659,7799,3.275%,14660.3,115.3,0.786%,
2021-09-21,450817,659,7796,3.252%,14527.1,132.5,0.912%,
2021-09-20,450473,659,7793,3.702%,16538.4,136.7,0.827%,
2021-09-19,450080,659,7787,4.437%,19811,158.5,0.8%,
2021-09-18,449655,662,7786,4.176%,18630.8,147.5,0.792%,
2021-09-17,449300,662,7783,3.614%,16107.9,127.9,0.794%,
2021-09-16,448894,662,7780,3.872%,17177.4,203,1.182%,
2021-09-15,448494,660,7776,4.43%,19682.9,186.3,0.947%,
2021-09-14,447812,660,7774,4.029%,17801,241.4,1.356%,
2021-09-13,447346,660,7769,3.672%,16216.9,208.2,1.284%,
2021-09-12,446299,659,7754,3.495%,15465.5,133.3,0.862%,
2021-09-11,445772,658,7744,4.395%,19464.5,126.5,0.65%,
2021-09-10,445287,658,7737,5.488%,24304.9,132.2,0.544%,
2021-09-09,444708,658,7733,4.826%,21355.8,107.3,0.502%,
2021-09-08,443991,657,7728,4.613%,20369.8,110.5,0.542%,
2021-09-07,443321,657,7724,3.911%,17230.6,109.7,0.637%,
2021-09-06,442990,657,7720,4.299%,18920.9,121.7,0.643%,
2021-09-05,442168,657,7715,3.074%,13457.4,134,0.996%,
2021-09-04,441908,657,7701,2.703%,11840.9,105.1,0.888%,
2021-09-03,441749,657,7690,4.185%,18320.4,168.4,0.919%,
2021-09-02,441390,657,7681,4.416%,19303.6,190.3,0.986%,
2021-09-01,441060,657,7677,4.284%,18693.2,203.5,1.089%,
2021-08-31,440508,657,7672,3.981%,17352.5,184.3,1.062%,
2021-08-30,440034,657,7668,3.015%,13107,158.8,1.212%,
2021-08-29,439625,657,7663,2.499%,10891.8,95,0.872%,
2021-08-28,439057,657,7649,1.855%,8073.1,70.6,0.875%,
2021-08-27,438651,656,7635,3.077%,13392.5,106.5,0.795%,
2021-08-26,438441,656,7628,3.71%,16157.9,109,0.675%,
2021-08-25,438141,656,7625,3.914%,17038.2,110.1,0.646%,
2021-08-24,437870,656,7622,3.985%,17342.4,108.4,0.625%,
2021-08-22,436799,655,7613,2.569%,11136.9,83.2,0.747%,
2021-08-21,436391,655,7607,2.706%,11716.7,91.4,0.78%,
2021-08-20,436044,655,7606,2.645%,11432.2,100.5,0.879%,
2021-08-19,435696,653,7603,2.873%,12414.1,104.9,0.845%,
2021-08-18,435275,653,7601,2.68%,11567.3,96,0.83%,
2021-08-16,434564,653,7598,2.36%,10175.2,80.3,0.789%,
2021-08-15,434227,653,7594,2.297%,9881.5,92.1,0.932%,
2021-08-14,433816,653,7589,2.964%,12742.4,115.7,0.908%,
2021-08-13,433430,653,7584,3.428%,14727.7,130.7,0.887%,
2021-08-12,433035,653,7581,3.974%,16998.1,210.4,1.238%,
2021-08-11,432524,653,7578,4.68%,20002.6,238.9,1.194%,
2021-08-10,432084,653,7576,4.672%,19946.5,240.7,1.207%,
2021-08-09,431547,653,7575,4.478%,19093.1,230.1,1.205%,
2021-08-08,431025,653,7570,4.563%,19413.9,253.1,1.304%,
2021-08-07,430523,653,7567,4.694%,19947.5,263.1,1.319%,
2021-08-06,430003,653,7564,4.636%,19655.5,280.9,1.429%,
2021-08-05,429346,653,7561,4.071%,17253,226.7,1.314%,
2021-08-04,427802,653,7554,4.452%,18760.8,283.1,1.509%,
2021-08-03,426814,653,7551,3.951%,16629.7,232.4,1.397%,
2021-08-02,425849,653,7547,3.403%,14278.9,214.4,1.502%,
2021-07-30,423580,653,7512,3.102%,12962.9,174.8,1.348%,
2021-07-29,423028,652,7505,3.021%,12598.9,180.4,1.432%,
2021-07-28,422355,652,7500,3.652%,15176.4,246.2,1.622%,
2021-07-27,421642,652,7495,3.932%,16344.5,233.6,1.429%,
2021-07-26,420850,652,7491,4.332%,17984.8,247.9,1.378%,
2021-07-25,419656,652,7487,4.029%,16668,240.2,1.441%,
2021-07-24,418130,653,7481,4.232%,17450.2,244.4,1.401%,
2021-07-23,416998,653,7475,4.619%,18981.3,280.5,1.478%,
2021-07-22,415780,653,7471,3.798%,15520.8,268.8,1.732%,
2021-07-21,414860,653,7467,3.616%,14664.8,334.8,2.283%,
2021-07-20,413822,653,7463,3.639%,14707,351.1,2.387%,
2021-07-19,413015,653,7458,3.345%,13478,335.7,2.491%,
2021-07-18,410912,653,7442,1.956%,7947.1,90.5,1.139%,
2021-07-17,410422,652,7430,1.865%,7588.5,64.3,0.847%,
2021-07-16,410052,652,7420,2.374%,9617,116.4,1.21%,
2021-07-15,409715,652,7413,2.819%,11401.4,150,1.316%,
2021-07-14,409359,652,7409,3.531%,14281.9,171,1.197%,
2021-07-13,408854,652,7405,3.236%,13078.8,151,1.155%,
2021-07-12,408357,652,7401,3.014%,12179.9,129.8,1.066%,
2021-07-10,407597,652,7396,3.103%,12527.3,120.3,0.96%,
2021-07-08,406695,652,7388,3.157%,12710.3,129.6,1.02%,
2021-07-07,405884,652,7383,2.864%,11510.2,112.5,0.977%,
2021-07-06,405053,652,7376,2.379%,9554.4,83.5,0.874%,
2021-07-05,404660,652,7371,2.026%,8120.9,77.8,0.958%,
2021-07-04,404291,652,7364,1.625%,6506.8,63,0.968%,
2021-07-03,403903,652,7355,1.226%,4916.8,36.5,0.742%,
2021-07-02,403601,652,7340,1.999%,7996.5,71.5,0.894%,
2021-07-01,403140,652,7332,2.512%,9999.6,126.1,1.261%,
2021-06-30,402580,652,7327,2.705%,10764.7,124.5,1.157%,
2021-06-28,400487,652,7315,1.697%,6737.7,59.9,0.889%,
2021-06-27,399823,652,7304,1.712%,6787.2,58.4,0.86%,
2021-06-26,399376,652,7291,2.588%,10234.8,100.9,0.986%,
2021-06-25,398827,652,7281,2.703%,10669.1,110.5,1.036%,
2021-06-24,398167,651,7275,2.247%,8863.3,81.6,0.921%,
2021-06-23,397505,651,7271,2.128%,8365.7,91.8,1.097%,
2021-06-22,396849,651,7267,1.929%,7587.1,68.7,0.905%,
2021-06-21,396270,651,7261,1.708%,6703.9,62.8,0.937%,
2021-06-20,395544,651,7246,2.219%,8703.7,74.6,0.857%,
2021-06-19,394893,651,7236,2.382%,9310.3,97.4,1.046%,
2021-06-18,394202,651,7227,2.784%,10859,115.5,1.064%,
2021-06-17,393324,651,7221,3.284%,12785.6,131.2,1.026%,
2021-06-16,392437,651,7215,3.509%,13633.3,135.7,0.995%,
2021-06-15,391683,651,7209,4.004%,15523.7,157.8,1.017%,
2021-06-14,391285,651,7207,3.765%,14585.5,147,1.008%,
2021-06-11,389020,652,7190,4.235%,16317,157,0.962%,
2021-06-10,388372,652,7182,5.266%,20184.7,265.4,1.315%,
2021-06-09,387841,650,7179,5.344%,20482.8,242.2,1.182%,
2021-06-08,386992,650,7174,4.193%,16034.9,191.2,1.192%,
2021-06-07,385982,650,7168,3.044%,11596.7,153.4,1.323%,
2021-06-06,384849,650,7154,2.467%,9363.1,130,1.388%,
2021-06-05,384423,650,7139,2.902%,11008.4,148.9,1.353%,
2021-06-04,383951,650,7129,3.548%,13470,154.5,1.147%,
2021-06-03,383512,650,7125,3.589%,13612.4,152.6,1.121%,
2021-06-02,383105,650,7122,3.402%,12891.4,141.5,1.098%,
2021-06-01,382605,650,7119,3.521%,13341.9,130,0.974%,
2021-05-31,382012,650,7115,3.635%,13756.9,128.5,0.934%,
2021-05-30,380664,650,7106,4.018%,15177,117.7,0.776%,
2021-05-29,380088,650,7101,4.068%,15349.3,112.9,0.736%,
2021-05-28,379578,650,7097,3.708%,13969.1,104.3,0.747%,
2021-05-27,378970,650,7092,3.349%,12602.2,90.4,0.717%,
2021-05-26,378332,650,7090,2.874%,10795.1,79.5,0.736%,
2021-05-24,377523,650,7086,2.451%,9189.1,65.1,0.708%,
2021-05-23,376736,650,7079,2.578%,9634.2,78.2,0.812%,
2021-05-22,375738,650,7064,3.434%,12794.8,109.7,0.857%,
2021-05-21,374933,651,7053,3.43%,12758.3,102.2,0.801%,
2021-05-20,374340,651,7046,3.525%,13083.4,113.9,0.871%,
2021-05-19,373854,651,7037,3.738%,13848.1,127.1,0.918%,
2021-05-18,373207,651,7029,3.981%,14706.8,151,1.027%,
2021-05-17,372701,651,7025,3.397%,12521.4,140.3,1.12%,
2021-05-16,372194,651,7018,3.302%,12149.7,141.7,1.166%,
2021-05-15,371410,651,7014,3.03%,11121.3,130.6,1.174%,
2021-05-14,370913,649,7008,2.861%,10489.9,121.1,1.154%,
2021-05-13,370239,649,7003,2.803%,10242.2,135.8,1.326%,
2021-05-12,369597,650,6999,2.816%,10263.9,144.9,1.412%,
2021-05-11,368832,650,6996,2.529%,9199.5,129.4,1.407%,
2021-05-10,367990,650,6990,2.206%,8004.8,112,1.399%,
2021-05-09,366517,650,6985,1.971%,7149.9,73.9,1.034%,
2021-05-08,365523,650,6976,2.173%,7868.2,76.3,0.97%,
2021-05-07,364568,650,6968,2.667%,9632.9,91.1,0.946%,
2021-05-06,363523,650,6962,2.548%,9181.1,81,0.882%,
2021-05-05,362118,650,6955,2.204%,7909.1,72.6,0.918%,
2021-05-04,361096,650,6950,2.039%,7296.9,67,0.918%,
2021-05-03,360525,650,6946,1.776%,6347.9,53.7,0.846%,
2021-05-02,360077,650,6939,1.836%,6525.7,86.3,1.322%,
2021-05-01,359705,649,6929,2.22%,7854.8,129.5,1.649%,
2021-04-30,359385,649,6920,2.423%,8547.8,159.9,1.871%,
2021-04-29,359140,649,6915,2.423%,8538.3,163.3,1.913%,
2021-04-28,358908,649,6911,2.568%,9069.5,148.5,1.637%,
2021-04-27,358622,649,6908,2.576%,9090.8,147.4,1.621%,
2021-04-26,358246,649,6905,2.469%,8716.8,127.8,1.466%,
2021-04-25,357847,648,6900,2.578%,9109.7,115.4,1.267%,
2021-04-24,357384,649,6897,2.63%,9281.2,119.4,1.286%,
2021-04-23,356671,649,6894,2.935%,10330,137.2,1.328%,
2021-04-22,356062,649,6888,3.036%,10635.4,174,1.636%,
2021-04-21,355357,649,6882,2.66%,9297.9,153.6,1.652%,
2021-04-20,354738,649,6881,2.582%,9015.6,144.3,1.601%,
2021-04-19,353786,649,6872,2.006%,7004.1,92.4,1.319%,
2021-04-18,352816,649,6858,2.292%,8015.9,71.6,0.893%,
2021-04-17,352053,649,6847,2.566%,8938.8,94.8,1.061%,
2021-04-15,351354,648,6841,2.658%,9226.4,113.1,1.226%,
2021-04-14,350568,648,6834,2.777%,9621.9,114.4,1.189%,
2021-04-13,350073,648,6831,3.13%,10797.9,159.5,1.477%,
2021-04-12,349440,648,6826,3.106%,10696.7,155.5,1.454%,
2021-04-11,348923,648,6822,2.923%,10051.1,147.8,1.47%,
2021-04-10,348273,648,6820,2.97%,10169.3,174.2,1.713%,
2021-04-09,347637,647,6815,3.059%,10456.5,176.5,1.688%,
2021-04-08,347153,648,6813,3.255%,11098.6,200.2,1.804%,
2021-04-07,346555,648,6809,2.877%,9794.4,174.6,1.783%,
2021-04-06,346221,648,6806,2.681%,9118.3,163.5,1.793%,
2021-04-05,345879,648,6803,2.644%,8979,166.1,1.85%,
2021-04-04,345536,648,6802,2.55%,8649.1,162.2,1.875%,
2021-04-03,345228,648,6799,2.698%,9146,168.4,1.841%,
2021-04-02,344817,648,6797,2.524%,8545.4,158.3,1.852%,
2021-04-01,344451,648,6795,2.159%,7308.5,127.5,1.745%,
2021-03-31,344102,648,6792,2.051%,6940.2,116.5,1.679%,
2021-03-30,343713,648,6788,1.766%,5946.4,122.5,2.06%,
2021-03-29,343320,647,6783,1.543%,5193.1,103.8,1.999%,
2021-03-28,342608,647,6778,1.794%,5675.6,469.1,8.265%,
2021-03-27,341762,647,6767,1.944%,5966.3,676,11.33%,
2021-03-26,340980,647,6752,2.627%,7988.6,969.6,12.137%,
2021-03-25,340267,647,6744,3.18%,9816.5,1004.8,10.236%,
2021-03-23,339131,647,6738,2.504%,7833.5,657.9,8.399%,
2021-03-22,338236,647,6733,2.52%,7986.6,536.7,6.72%,
2021-03-20,336515,647,6724,2.748%,8783.8,462.9,5.27%,
2021-03-19,335936,647,6718,3.547%,11467.6,447.8,3.905%,
2021-03-18,335346,647,6713,3.344%,10780.6,432.6,4.013%,
2021-03-17,334660,647,6706,3.176%,10310,318.4,3.088%,
2021-03-16,333996,646,6700,2.83%,9222.6,230.3,2.497%,
2021-03-15,333502,646,6694,2.487%,8044.8,249.8,3.105%,
2021-03-14,333082,646,6688,2.205%,7095.9,247.8,3.492%,
2021-03-13,332695,645,6680,2.246%,7212.5,261,3.619%,
2021-03-12,332182,645,6674,2.027%,6559.5,174.1,2.654%,
2021-03-11,331672,645,6666,2.725%,8934.3,104.6,1.171%,
2021-03-10,331254,645,6658,3.123%,10230.2,114,1.114%,
2021-03-09,330869,645,6654,3.031%,9910.8,117,1.181%,
2021-03-08,330410,645,6649,3.012%,9826,125.7,1.279%,
2021-03-07,329818,645,6646,2.843%,9254.3,123.1,1.33%,
2021-03-06,329173,645,6641,2.273%,7373.8,109.7,1.488%,
2021-03-05,328640,644,6634,1.948%,6304.9,96.4,1.529%,
2021-03-04,328169,644,6627,1.986%,6422.1,94.7,1.475%,
2021-03-03,327730,644,6617,2.076%,6722.6,82.6,1.229%,
2021-03-02,327314,642,6612,1.986%,6425.7,74.3,1.156%,
2021-03-01,327055,642,6608,1.747%,5656.2,56.7,1.002%,
2021-02-28,326772,646,6604,1.721%,5567,57.8,1.038%,
2021-02-27,326186,646,6601,1.848%,5958.9,68.7,1.153%,
2021-02-26,325598,646,6596,2.073%,6660.7,90.5,1.359%,
2021-02-25,324898,646,6591,2.23%,7148.9,95,1.329%,
2021-02-24,324205,646,6587,2.348%,7507.5,103.6,1.38%,
2021-02-21,322633,645,6577,2.282%,7273.7,89.8,1.235%,
2021-02-20,321980,645,6574,2.051%,6531.1,73.9,1.132%,
2021-02-19,321372,645,6571,1.935%,6149.9,67.4,1.096%,
2021-02-18,320656,645,6566,1.779%,5633.6,71.9,1.276%,
2021-02-17,320210,645,6563,1.719%,5439.9,65.2,1.199%,
2021-02-16,319866,644,6558,1.686%,5331.3,61.2,1.148%,
2021-02-15,319529,644,6553,1.671%,5276.9,61.5,1.165%,
2021-02-14,319230,644,6545,2.051%,6449.1,97.9,1.518%,
2021-02-13,318976,644,6543,2.017%,6335,100.3,1.583%,
2021-02-12,318642,644,6541,2.252%,7075.4,101.3,1.432%,
2021-02-11,318375,644,6537,2.358%,7395.7,110.6,1.495%,
2021-02-10,318046,644,6532,2.441%,7623.6,140.7,1.846%,
2021-02-09,317590,644,6527,2.397%,7460.5,152.2,2.04%,
2021-02-08,317095,644,6524,2.418%,7528.4,137.4,1.825%,
2021-02-07,316645,644,6520,2.391%,7419.1,151.4,2.041%,
2021-02-06,316120,644,6518,2.281%,7065.3,145.4,2.058%,
2021-02-05,315914,644,6518,2.172%,6723.8,138,2.052%,
2021-02-04,315581,643,6514,2.087%,6449.7,136.1,2.11%,
2021-02-03,315245,643,6511,1.979%,6101.8,136.1,2.23%,
2021-02-02,314942,642,6506,2.361%,7289.5,146.6,2.011%,
2021-02-01,314558,642,6501,2.895%,8948.9,158.9,1.776%,
2021-01-31,314200,642,6500,2.777%,8575.2,151.4,1.766%,
2021-01-30,313877,642,6498,2.683%,8279.9,140.8,1.701%,
2021-01-29,313583,642,6496,2.892%,8926.5,141.6,1.586%,
2021-01-28,313191,642,6494,2.834%,8737.5,137.3,1.571%,
2021-01-27,312899,642,6493,2.67%,8230.3,124.4,1.511%,
2021-01-26,312515,642,6490,2.992%,9217.8,133.2,1.445%,
2021-01-24,312068,642,6488,3.002%,9229,138.8,1.504%,
2021-01-23,311561,641,6487,2.787%,8556.2,128.5,1.502%,
2021-01-22,310688,641,6485,2.423%,7386.8,142.7,1.932%,
2021-01-21,310241,641,6481,2.296%,6870.8,253.8,3.694%,
2021-01-20,309649,641,6479,2.237%,6675.3,252.2,3.778%,
2021-01-19,309649,641,6474,2.218%,6612.7,255,3.856%,
2021-01-18,309291,641,6470,1.947%,5785.9,234.9,4.06%,
2021-01-17,308936,641,6470,1.915%,5684.8,230.7,4.058%,
2021-01-16,308940,641,6470,1.91%,5669.8,230.1,4.058%,
2021-01-15,308664,641,6470,1.856%,5503.5,224.2,4.074%,
2021-01-14,308367,641,6469,1.765%,5225.5,216.5,4.143%,
2021-01-13,308096,641,6465,1.748%,5185.9,200.4,3.864%,
2021-01-12,307857,641,6462,1.937%,5777.8,185.6,3.212%,
2021-01-11,307692,641,6459,1.69%,5124.4,74.6,1.456%,
2021-01-10,307455,641,6456,1.675%,5079.1,72.1,1.42%,
2021-01-09,307171,641,6455,1.622%,4914.7,67.7,1.378%,
2021-01-08,306968,641,6455,1.603%,4855.2,65.3,1.345%,
2021-01-07,306714,641,6453,1.856%,5606.4,87.3,1.557%,
2021-01-06,306450,641,6450,1.891%,5695.3,99.7,1.751%,
2021-01-05,306183,641,6447,1.862%,5578.9,121.5,2.178%,
2021-01-04,305912,641,6443,1.66%,4966.7,112.1,2.257%,
2021-01-03,305656,641,6443,1.628%,4864.1,110.6,2.274%,
2021-01-02,305354,641,6443,1.6%,4776.3,109.8,2.299%,
2021-01-01,305321,641,6443,1.597%,4766.6,109.7,2.301%,
2020-12-31,304987,641,6443,1.516%,4518,105.7,2.34%,
2020-12-30,304797,641,6440,1.505%,4481.8,104.9,2.341%,
2020-12-29,304573,641,6438,1.777%,5293.5,119.8,2.263%,
2020-12-28,304335,641,6437,1.777%,5291.4,117.3,2.217%,
2020-12-27,304031,641,6436,1.784%,5309.7,112.7,2.123%,
2020-12-26,303802,642,6434,1.947%,5805.1,108.7,1.872%,
2020-12-25,303580,642,6433,2.009%,5991.4,108.3,1.808%,
2020-12-24,303410,642,6432,1.954%,5825.9,102.5,1.759%,
2020-12-23,303198,642,6431,1.96%,5850.8,90.4,1.545%,
2020-12-22,303010,642,6427,2.21%,6615.9,80.5,1.217%,
2020-12-21,302770,642,6422,2.312%,6929.3,69.4,1.002%,
2020-12-20,302414,642,6420,2.403%,7200.4,66,0.917%,
2020-12-19,302015,642,6419,2.131%,6383.7,52,0.815%,
2020-12-18,301898,642,6419,2.056%,6157.4,49.5,0.804%,
2020-12-17,301471,642,6414,2.208%,6596.6,60.4,0.916%,
2020-12-16,301153,642,6410,2.095%,6250.7,57.8,0.925%,
2020-12-15,300822,642,6407,1.986%,5921.7,52.3,0.883%,
2020-12-14,300631,642,6407,1.835%,5467,48.7,0.891%,
2020-12-13,300162,642,6400,1.683%,4988.1,63.5,1.273%,
2020-12-12,299656,642,6393,1.839%,5446.2,64.9,1.192%,
2020-12-11,299274,642,6389,1.969%,5828.5,64.4,1.105%,
2020-12-10,298955,642,6384,2.001%,5923.5,58.4,0.986%,
2020-12-09,298470,642,6376,2.265%,6713.3,45.6,0.679%,
2020-12-08,297929,642,6374,2.261%,6698.7,37.3,0.557%,
2020-12-07,297235,642,6373,2.003%,5918.8,34.3,0.58%,
2020-12-06,296298,642,6358,1.82%,5345.7,47.8,0.894%,
2020-12-05,295963,642,6346,2.382%,7002,48.3,0.69%,
2020-12-04,295552,642,6341,2.523%,7414,43.5,0.587%,
2020-12-03,295011,642,6337,2.234%,6552.9,37.6,0.574%,
2020-12-02,294509,642,6337,1.981%,5800.7,34.5,0.595%,
2020-12-01,293842,642,6334,1.776%,5185.6,34.4,0.663%,
2020-11-30,293346,642,6332,1.686%,4910,34.5,0.703%,
2020-11-29,293066,642,6327,1.426%,4149,30.1,0.725%,
2020-11-28,292239,642,6313,1.066%,3057.1,58,1.897%,
2020-11-27,292086,642,6305,0.997%,2859.4,53.4,1.868%,
2020-11-26,291981,642,6299,0.918%,2642.7,38.6,1.461%,
2020-11-25,291798,642,6296,0.981%,2833,28.7,1.013%,
2020-11-24,291514,642,6292,1.103%,3179.1,36,1.132%,
2020-11-23,291138,642,6290,1.061%,3053.2,34.9,1.143%,
2020-11-22,290794,642,6285,1.262%,3628,41.6,1.147%,
2020-11-21,290389,642,6282,1.209%,3470.9,39.4,1.135%,
2020-11-20,289994,642,6280,1.249%,3580.5,40.1,1.12%,
2020-11-19,289415,642,6280,1.236%,3538.8,39.5,1.116%,
2020-11-18,288707,641,6278,1.12%,3200.3,34,1.062%,
2020-11-17,288148,641,6275,1.161%,3312.9,32.3,0.975%,
2020-11-16,287676,641,6274,1.061%,3025.6,26.4,0.873%,
2020-11-15,287181,642,6269,0.974%,2768.3,30,1.084%,
2020-11-14,286554,642,6260,1.151%,3263.7,33.9,1.039%,
2020-11-13,286194,641,6250,1.154%,3269.9,32.7,1%,
2020-11-12,285956,642,6246,1.107%,3136.2,30.4,0.969%,
2020-11-11,285764,642,6240,1.08%,3053.5,31.9,1.045%,
2020-11-10,285609,642,6236,1.182%,3326.4,49,1.473%,
2020-11-08,285272,642,6228,1.287%,3619.7,51.9,1.434%,
2020-11-07,285036,642,6223,1.846%,5207.3,55.4,1.064%,
2020-11-06,284817,643,6219,1.833%,5173.9,48.2,0.932%,
2020-11-05,284675,643,6217,1.817%,5134.2,39.2,0.764%,
2020-11-04,284426,643,6216,1.805%,5093.5,39.7,0.779%,
2020-11-03,284358,643,6216,1.759%,4962.4,38.8,0.782%,
2020-11-02,284082,643,6213,1.528%,4309.6,32.1,0.745%,
2020-11-01,283794,642,6207,1.139%,3206.6,24.5,0.764%,
2020-10-31,283363,643,6199,0.937%,2625.6,29,1.105%,
2020-10-30,283167,643,6189,0.933%,2612.6,28.5,1.091%,
2020-10-29,282982,643,6186,0.914%,2558.9,27.6,1.079%,
2020-10-28,282736,643,6183,1.018%,2849.7,27.8,0.976%,
2020-10-27,282518,643,6179,1.009%,2829.1,21.6,0.763%,
2020-10-26,282344,643,6179,0.955%,2677,20.2,0.755%,
2020-10-25,282148,643,6175,0.916%,2558.9,24.3,0.95%,
2020-10-24,281861,643,6162,1.104%,3067.8,42.8,1.395%,
2020-10-23,281655,642,6151,1.092%,3021.3,54.2,1.794%,
2020-10-22,281539,642,6147,1.176%,3254.9,55.9,1.717%,
2020-10-21,281388,642,6142,1.099%,3037.2,55.6,1.831%,
2020-10-20,281202,642,6139,1.134%,3139.2,50.9,1.621%,
2020-10-19,281050,642,6137,1.2%,3331.5,41.4,1.243%,
2020-10-18,280891,641,6136,1.199%,3326.8,40.6,1.22%,
2020-10-17,280738,642,6135,1.161%,3221.4,37.5,1.164%,
2020-10-16,280581,642,6133,1.296%,3597.3,39.5,1.098%,
2020-10-15,280359,642,6131,1.252%,3470.1,38.9,1.121%,
2020-10-14,280252,642,6129,1.231%,3412.2,37.4,1.096%,
2020-10-13,280018,642,6128,1.274%,3529.2,37.6,1.065%,
2020-10-12,279770,641,6128,1.19%,3296.6,31.5,0.956%,
2020-10-11,279476,640,6125,1.096%,3042,22.4,0.736%,
2020-10-10,279176,640,6112,1.241%,3442.5,21.9,0.636%,
2020-10-09,278960,640,6103,1.492%,4102,61,1.487%,
2020-10-08,278823,640,6096,1.461%,3998.3,75.5,1.888%,
2020-10-07,278692,640,6091,1.351%,3694.2,70.3,1.903%,
2020-10-06,278430,640,6089,1.239%,3385.7,64.4,1.902%,
2020-10-05,278200,640,6086,1.176%,3194.1,77.2,2.417%,
2020-10-04,278032,639,6083,1.087%,2951.6,70.4,2.385%,
2020-10-03,277898,640,6083,1.064%,2887.9,69.2,2.396%,
2020-10-02,277727,640,6083,0.999%,2707.9,66.6,2.459%,
2020-10-01,277603,640,6080,0.928%,2514.8,60.1,2.39%,
2020-09-30,277441,640,6080,0.913%,2474.6,57.5,2.324%,
2020-09-29,277293,641,6080,0.824%,2237.9,47.7,2.131%,
2020-09-28,277119,641,6074,0.889%,2415.6,48.8,2.02%,
2020-09-27,276962,641,6070,0.946%,2571.8,48.9,1.901%,
2020-09-26,276733,641,6063,1.053%,2879.5,34.6,1.202%,
2020-09-25,276580,641,6055,1.293%,3540.6,36.4,1.028%,
2020-09-24,276427,640,6053,1.364%,3734.5,34.8,0.932%,
2020-09-23,276283,640,6049,1.354%,3710.6,31.1,0.838%,
2020-09-22,276112,639,6048,1.294%,3546.6,25.7,0.725%,
2020-09-21,275881,639,6044,1.28%,3506.5,24.9,0.71%,
2020-09-20,275623,638,6041,1.267%,3467.4,23.9,0.689%,
2020-09-19,275393,638,6030,1.213%,3318.5,21.2,0.639%,
2020-09-18,275198,638,6026,1.309%,3580.1,22.3,0.623%,
2020-09-17,274920,638,6021,1.29%,3521.2,26.6,0.755%,
2020-09-16,274615,640,6020,1.343%,3660.2,28.1,0.768%,
2020-09-15,274328,640,6020,1.242%,3380.9,26.9,0.796%,
2020-09-14,274023,640,6018,1.225%,3330.6,26.3,0.79%,
2020-09-13,273546,640,6007,1.556%,4208.3,48.8,1.16%,
2020-09-12,273150,640,6000,1.653%,4469.1,45.1,1.009%,
2020-09-11,272852,640,5993,1.634%,4417.2,40.5,0.917%,
2020-09-10,272414,640,5987,1.579%,4261.5,39.2,0.92%,
2020-09-09,272073,640,5980,1.486%,4011.3,30.6,0.763%,
2020-09-08,271748,640,5980,1.427%,3848,29.1,0.756%,
2020-09-07,271247,640,5979,1.227%,3301.4,25.6,0.775%,
2020-09-06,270254,640,5969,1.183%,3160,38.2,1.209%,
2020-09-05,269904,640,5959,1.393%,3713.4,47.5,1.279%,
2020-09-04,269663,640,5954,1.302%,3467.1,44.8,1.292%,
2020-09-03,269372,640,5951,1.405%,3736.6,47.7,1.277%,
2020-09-02,269102,640,5949,1.455%,3877.8,38.8,1.001%,
2020-09-01,268811,640,5949,1.426%,3797.2,37.3,0.982%,
2020-08-31,268517,640,5947,1.399%,3720.5,36.7,0.986%,
2020-08-30,268027,640,5941,1.239%,3289.7,30.6,0.93%,
2020-08-29,267586,640,5934,1.38%,3657.4,35.5,0.971%,
2020-08-28,267282,640,5929,1.277%,3380.3,31.8,0.941%,
2020-08-27,267028,640,5927,1.199%,3171.8,31,0.977%,
2020-08-26,266825,640,5924,1.042%,2752.6,28.6,1.039%,
2020-08-25,266606,640,5922,0.98%,2584.8,26.9,1.041%,
2020-08-24,266337,640,5919,1.016%,2665.3,40.7,1.527%,
2020-08-23,266088,640,5918,1.015%,2661.2,40.8,1.533%,
2020-08-22,265913,640,5916,0.942%,2470.5,34.9,1.413%,
2020-08-21,265815,640,5916,0.926%,2428.4,33.9,1.396%,
2020-08-20,265551,640,5915,0.843%,2207,30.5,1.382%,
2020-08-19,265324,640,5915,0.823%,2153.9,30.2,1.402%,
2020-08-18,265033,640,5914,0.754%,1971.2,27.6,1.4%,
2020-08-17,264751,640,5911,0.727%,1901.1,23.8,1.252%,
2020-08-16,264344,640,5906,0.768%,2006.9,24,1.196%,
2020-08-15,264027,640,5902,0.75%,1962.5,18.3,0.932%,
2020-08-14,263725,640,5897,0.775%,2031.6,12.7,0.625%,
2020-08-13,263401,640,5893,0.874%,2285.7,17.6,0.77%,
2020-08-12,263170,640,5892,0.858%,2240.3,17,0.759%,
2020-08-11,262882,640,5889,0.819%,2136,17.5,0.819%,
2020-08-10,262626,640,5885,0.764%,1988.6,19,0.955%,
2020-08-09,262254,640,5883,0.765%,1987.3,19.7,0.991%,
2020-08-08,261780,640,5878,0.778%,2015,21.2,1.052%,
2020-08-07,261296,640,5870,1.002%,2591.9,27.1,1.046%,
2020-08-06,260966,640,5864,1.069%,2764.7,25.6,0.926%,
2020-08-05,260640,640,5860,1.273%,3284.5,33.8,1.029%,
2020-08-04,260246,640,5856,1.402%,3606.8,40.6,1.126%,
2020-08-03,259779,640,5856,1.367%,3513.5,38.8,1.104%,
2020-08-02,259281,640,5853,1.273%,3263.4,36.8,1.128%,
2020-08-01,258531,640,5846,0.989%,2522.8,32.8,1.3%,
2020-07-31,258068,640,5838,1.027%,2614.7,35.6,1.362%,
2020-07-30,257676,640,5834,0.842%,2142.6,26.5,1.237%,
2020-07-29,257346,640,5829,0.824%,2100.7,20.7,0.985%,
2020-07-28,257039,640,5827,0.802%,2041.7,19.3,0.945%,
2020-07-27,256624,640,5824,0.866%,2197.6,23.6,1.074%,
2020-07-24,255988,640,5820,0.853%,2163.2,21.4,0.989%,
2020-07-23,255715,640,5817,0.878%,2223.7,22.1,0.994%,
2020-07-22,255379,641,5815,0.794%,2008.3,20,0.996%,
2020-07-21,255141,641,5812,0.863%,2178.9,22.2,1.019%,
2020-07-20,254840,640,5809,0.834%,2105.9,20.2,0.959%,
2020-07-19,254541,640,5808,0.925%,2328.6,24.9,1.069%,
2020-07-18,254041,640,5801,0.973%,2447.4,25.5,1.042%,
2020-07-17,253618,640,5792,0.971%,2441,21.7,0.889%,
2020-07-16,253305,640,5788,1.068%,2682.2,22,0.82%,
2020-07-15,252908,640,5785,1.11%,2783.2,23.8,0.855%,
2020-07-14,252513,640,5781,1.27%,3180.4,27.6,0.868%,
2020-07-13,252137,641,5781,1.211%,3028.1,26,0.859%,
2020-07-12,251680,641,5777,1.238%,3083.8,31.3,1.015%,
2020-07-11,251154,641,5769,1.3%,3233,32.9,1.018%,
2020-07-10,250642,641,5761,1.296%,3211.1,37.8,1.177%,
2020-07-09,250220,641,5756,1.231%,3043.2,36.6,1.203%,
2020-07-08,249916,641,5753,1.172%,2893.6,34.8,1.203%,
2020-07-07,249553,641,5749,1.082%,2668.9,30.7,1.15%,
2020-07-06,249200,641,5746,0.975%,2405.2,24.1,1.002%,
2020-07-05,248848,641,5742,0.94%,2310.7,27.5,1.19%,
2020-07-04,248339,641,5735,0.895%,2193.4,30,1.368%,
2020-07-03,247969,640,5728,0.86%,2097.2,34.8,1.659%,
2020-07-02,247627,640,5724,0.921%,2244.5,36.1,1.608%,
2020-07-01,247379,640,5718,0.908%,2210.9,35.5,1.606%,
2020-06-30,247210,640,5718,0.858%,2088.1,32.9,1.576%,
2020-06-29,247095,640,5715,0.799%,1943.9,29.8,1.533%,
2020-06-28,246900,640,5713,0.69%,1680.7,23.9,1.422%,
2020-06-27,246730,640,5713,0.682%,1659,23.7,1.429%,
2020-06-26,246494,641,5712,0.664%,1615,22.9,1.418%,
2020-06-25,246324,641,5709,0.644%,1565.7,20.9,1.335%,
2020-06-24,246200,642,5708,0.629%,1529.2,19.9,1.301%,
2020-06-23,246034,642,5708,0.623%,1514.3,19.4,1.281%,
2020-06-22,245877,642,5708,0.603%,1467.4,16.3,1.111%,
2020-06-21,245702,642,5706,0.549%,1337.9,11.4,0.852%,
2020-06-20,245480,642,5705,0.536%,1303.8,11,0.844%,
2020-06-19,245379,641,5704,0.59%,1429.3,17.5,1.224%,
2020-06-18,245217,642,5701,0.518%,1254.2,16.2,1.292%,
2020-06-17,245001,642,5696,0.562%,1358.1,17.9,1.318%,
2020-06-16,244824,642,5694,0.59%,1426,19.2,1.346%,
2020-06-15,244605,642,5692,0.601%,1451.9,18.7,1.288%,
2020-06-14,244424,642,5691,0.586%,1414,18,1.273%,
2020-06-13,244155,642,5683,0.695%,1674.3,22.9,1.368%,
2020-06-12,243848,642,5678,0.761%,1829.7,25.9,1.416%,
2020-06-11,243694,642,5674,0.761%,1832.4,23.2,1.266%,
2020-06-10,243380,642,5670,0.867%,2083.2,27.4,1.315%,
2020-06-09,243166,642,5668,0.854%,2050.1,26.7,1.302%,
2020-06-08,242964,642,5666,0.818%,1964,24.2,1.232%,
2020-06-07,242713,642,5665,0.81%,1940.3,25.5,1.314%,
2020-06-06,242440,642,5665,0.804%,1923.6,25.3,1.315%,
2020-06-05,242121,642,5663,0.792%,1889.3,27.2,1.44%,
2020-06-02,241373,642,5656,0.71%,1687.2,26.1,1.547%,
2020-06-01,241047,642,5654,0.637%,1511.7,23.3,1.541%,
2020-05-31,240838,642,5653,0.632%,1499.6,22.8,1.52%,
2020-05-30,240644,642,5649,0.603%,1431.7,19.9,1.39%,
2020-05-29,240455,642,5645,0.556%,1320.1,17.9,1.356%,
2020-05-28,240258,642,5641,0.552%,1307.6,17.8,1.361%,
2020-05-27,240138,642,5637,0.649%,1538.4,20.1,1.307%,
2020-05-26,239990,642,5634,0.828%,1966.9,20,1.017%,
2020-05-25,239848,642,5633,0.791%,1881.6,16.7,0.888%,
2020-05-24,239662,642,5632,0.801%,1902.9,17.7,0.93%,
2020-05-23,239512,642,5630,0.923%,2160.2,51.2,2.37%,
2020-05-22,239370,642,5628,0.926%,2163.7,54,2.496%,
2020-05-21,239211,642,5624,0.96%,2242,54.3,2.422%,
2020-05-20,239186,642,5624,0.957%,2234.8,54.2,2.425%,
2020-05-19,239059,642,5621,0.893%,2078.9,54.9,2.641%,
2020-05-18,238900,642,5617,0.933%,2172.6,57,2.624%,
2020-05-17,238746,643,5615,0.904%,2103.3,55.8,2.653%,
2020-05-16,238604,643,5614,0.894%,2077.7,54.7,2.633%,
2020-05-15,238469,643,5614,0.854%,1984.6,52.3,2.635%,
2020-05-14,238325,643,5611,0.787%,1824.9,51.2,2.806%,
2020-05-13,238072,643,5608,0.723%,1671.6,50,2.991%,
2020-05-12,237922,643,5606,0.649%,1498.3,45.8,3.057%,
2020-05-11,237804,643,5603,0.671%,1521.6,74,4.863%,
2020-05-09,237710,643,5600,0.722%,1637.9,77.4,4.726%,
2020-05-08,237656,643,5599,0.698%,1583.5,76.3,4.818%,
2020-05-07,237632,643,5597,0.727%,1647.4,80,4.856%,
2020-05-05,237600,643,5594,0.774%,1758.4,80.4,4.572%,
2020-05-04,237545,643,5593,0.757%,1717.9,80.4,4.68%,
2020-05-03,237517,643,5591,0.885%,1961.3,140.8,7.179%,
2020-05-02,237481,643,5591,0.892%,1971.1,146.9,7.453%,
2020-05-01,237432,643,5590,0.894%,1976.3,147.2,7.448%,
2020-04-30,237341,643,5585,1.091%,2407.3,181.7,7.548%,
2020-04-29,237269,643,5584,1.116%,2465.4,182.4,7.398%,
2020-04-28,237255,643,5583,1.186%,2572.7,240.5,9.348%,
2020-04-27,237210,643,5581,1.209%,2625.4,242,9.218%,
2020-04-26,237154,643,5581,1.208%,2624.7,240.8,9.174%,
2020-04-25,237064,643,5581,1.206%,2619.1,239.2,9.133%,
2020-04-24,237004,643,5581,1.203%,2612.1,238,9.111%,
2020-04-23,236946,643,5580,1.377%,3020,242.3,8.023%,
2020-04-22,236834,643,5580,1.379%,3026.6,238.6,7.883%,
2020-04-21,236726,643,5579,1.328%,2922,221.5,7.58%,
2020-04-20,236627,643,5578,1.35%,2962.8,231.8,7.824%,
2020-04-19,236581,643,5578,1.349%,2960.2,231.5,7.82%,
2020-04-18,236509,643,5578,1.343%,2946.4,229.8,7.799%,
2020-04-17,236475,643,5577,1.291%,2849.3,204,7.16%,
2020-04-16,236468,643,5576,1.291%,2852.4,200.8,7.04%,
2020-04-15,236429,643,5573,1.32%,2920.3,199.8,6.842%,
2020-04-14,236423,643,5572,1.379%,3064,196.5,6.413%,
2020-04-13,236394,643,5572,1.373%,3052.1,194.6,6.376%,
2020-04-12,236353,643,5571,1.343%,2982,191.5,6.422%,
2020-04-11,236281,643,5571,1.333%,2961.7,187.3,6.324%,
2020-04-10,236241,643,5570,1.398%,3116.7,187,6%,
2020-04-09,236192,643,5569,1.407%,3140.7,181.5,5.779%,
2020-04-08,236162,643,5568,1.358%,3039.7,167.8,5.52%,
2020-04-07,236115,643,5565,1.492%,3372.1,149.6,4.436%,
2020-04-06,236125,643,5562,1.391%,3160.7,124,3.923%,
2020-04-05,236094,643,5562,1.375%,3125.9,120.7,3.861%,
2020-04-04,236014,643,5562,1.367%,3107.4,119.7,3.852%,
2020-04-03,235970,643,5562,1.351%,3068.7,118.4,3.858%,
2020-04-02,235935,643,5561,1.31%,2976.7,113.2,3.803%,
2020-04-01,235926,643,5558,1.256%,2897.3,65.6,2.264%,
2020-03-31,235895,643,5558,1.242%,2869,61.7,2.151%,
2020-03-30,235902,643,5558,1.231%,2842.8,61.6,2.167%,
2020-03-29,235883,644,5557,1.224%,2826.5,60.4,2.137%,
2020-03-28,235838,644,5556,1.172%,2705.8,59.2,2.188%,
2020-03-27,235821,644,5555,1.087%,2508.2,55.6,2.217%,
2020-03-26,235792,644,5554,1.075%,2484.9,49.7,2%,
2020-03-25,235767,644,5553,1.107%,2566,43.7,1.703%,
2020-03-24,235733,643,5553,1.107%,2565.8,43.7,1.703%,
2020-03-23,235652,643,5553,1.107%,2565.2,43.7,1.704%,
2020-03-22,235612,643,5553,1.106%,2562.5,43.6,1.701%,
2020-03-21,235568,643,5553,1.098%,2544,43.4,1.706%,
2020-03-20,235578,644,5548,1.089%,2522.9,42.9,1.7%,
2020-03-19,235595,644,5548,1.088%,2521.2,42.9,1.702%,
2020-03-18,235602,644,5548,1.088%,2519.6,42.9,1.703%,
2020-03-17,235611,644,5548,1.087%,2518,42.9,1.704%,
2020-03-16,235588,644,5548,1.087%,2517.7,42.9,1.704%,
2020-03-14,235562,644,5548,1.08%,2502.2,42.8,1.71%,
2020-03-13,235546,644,5548,1.034%,2394.2,42.1,1.758%,
2020-03-12,235502,644,5546,0.964%,2232.2,39,1.747%,
2020-03-11,235495,644,5544,0.926%,2143,36.6,1.708%,
2020-03-10,235481,644,5544,0.923%,2136.2,36.4,1.704%,
2020-03-09,235469,643,5544,0.923%,2136.2,36.4,1.704%,
2020-03-08,235453,643,5544,0.922%,2135.1,36.4,1.705%,
2020-03-07,235387,643,5544,0.922%,2134.2,36.4,1.706%,
2020-03-06,235370,643,5544,0.922%,2133.7,36.4,1.706%,
2020-03-05,235351,643,5544,0.922%,2133.6,36.4,1.706%,
2020-03-04,235353,643,5544,0.922%,2132.7,36.4,1.707%,
2020-03-03,235358,643,5544,0.921%,2131.7,36.3,1.703%,
2020-03-02,235307,643,5544,0.921%,2130.9,36.3,1.704%,
2020-03-01,235253,643,5544,0.921%,2130.2,36.3,1.704%,
2020-02-29,235195,643,5544,0.921%,2129.2,36.3,1.705%,
2020-02-28,235138,643,5544,0.92%,2126.7,36.3,1.707%,
2020-02-27,235078,643,5544,0.916%,2118.1,36.2,1.709%,
2020-02-26,235038,643,5543,1.019%,2356.3,39.9,1.693%,
2020-02-25,235001,643,5542,1.032%,2385.9,39.8,1.668%,
2020-02-24,234954,643,5542,1.014%,2345.6,37.4,1.594%,
2020-02-23,234926,643,5542,1.007%,2329,36.7,1.576%,
2020-02-22,234891,643,5541,0.979%,2266.4,34.1,1.505%,
2020-02-21,234890,643,5539,0.846%,1971.7,15.2,0.771%,
2020-02-19,234775,643,5539,0.833%,1942.4,13.4,0.69%,
2020-02-18,234683,643,5539,0.832%,1939.9,13.4,0.691%,
2020-02-17,234599,644,5539,0.831%,1936.7,13.4,0.692%,
2020-02-16,234511,644,5539,0.829%,1931.6,13.3,0.689%,