date,followers_count,following_count,media_count,engagement_rate,average_likes,average_comments,comments_to_likes_ratio,weekly_posts
2026-05-27,18059498,214,27658,0.136%,24421.4,97.5,0.399%,46.00
2026-05-26,18058323,214,27654,0.104%,18784.6,72.1,0.384%,41.00
2026-05-25,18057345,214,27643,0.173%,31139.7,163.8,0.526%,37.00
2026-05-24,18056511,214,27639,0.195%,34954.5,181.7,0.520%,32.00
2026-05-23,18055509,214,27638,0.234%,42005.1,233.3,0.555%,34.00
2026-05-22,18054551,214,27635,0.199%,35754.0,192.7,0.539%,40.00
2026-05-21,18053658,214,27621,0.273%,48957.6,271.9,0.555%,48.00
2026-05-20,18052705,214,27615,0.317%,56758.8,405.4,0.714%,65.00
2026-05-19,18051281,214,27610,0.431%,77161.0,674.4,0.874%,100.00
2026-05-18,18046926,214,27605,0.076%,13739.0,49.0,0.357%,184.00
2026-05-17,18034414,214,27589,0.059%,10477.0,109.0,1.040%,343.00
2026-05-16,18020205,214,27556,0.072%,12899.0,32.0,0.248%,261.00
2026-05-15,18016016,214,27528,0.103%,18510.7,39.3,0.212%,83.00
2026-05-14,18013448,214,27504,0.129%,23219.6,98.6,0.425%,63.00
2026-05-13,18005656,214,27491,0.172%,30767.1,248.9,0.809%,74.00
2026-05-12,18002167,214,27477,0.316%,56641.0,227.0,0.401%,78.00
2026-05-11,18001631,214,27469,0.800%,143167.0,860.0,0.601%,168.00
2026-05-10,17998146,214,27457,0.155%,27551.0,336.0,1.220%,182.00
2026-05-09,17988982,213,27426,0.082%,14766.0,36.0,0.244%,261.00
2026-05-08,17981138,212,27396,0.254%,45381.1,266.8,0.588%,63.00
2026-05-07,18026762,212,27376,0.161%,29006.3,94.9,0.327%,31.00
2026-05-06,18021460,212,27357,0.098%,17571.1,61.9,0.352%,31.00
2026-05-05,18143526,212,27352,0.092%,16716.4,61.7,0.369%,28.00
2026-05-04,18143837,212,27342,0.107%,19243.2,124.4,0.646%,28.00
2026-05-03,18143828,212,27337,0.162%,29180.6,153.8,0.527%,34.00
2026-05-02,18143425,212,27335,0.191%,34540.9,181.6,0.526%,38.00
2026-05-01,18142905,212,27335,0.199%,36002.6,183.4,0.509%,47.00
2026-04-30,18142439,212,27333,0.222%,40187.7,175.1,0.436%,53.00
2026-04-29,18142398,212,27325,0.221%,39914.4,146.2,0.366%,88.00
2026-04-28,18142819,212,27317,0.172%,30983.0,229.0,0.739%,98.00
2026-04-27,18141478,212,27306,0.123%,22220.0,122.0,0.549%,174.00
2026-04-26,18139794,212,27289,0.147%,26569.0,86.0,0.324%,268.00
2026-04-25,18133275,212,27262,0.155%,27868.0,151.0,0.542%,365.00
2026-04-24,18128144,212,27228,0.208%,37553.0,88.0,0.234%,121.00
2026-04-23,18123883,212,27210,0.248%,44489.3,374.9,0.843%,68.00
2026-04-22,18120885,212,27192,0.202%,36372.3,220.0,0.605%,24.00
2026-04-21,18119919,212,27185,0.137%,24683.4,194.4,0.788%,20.00
2026-04-20,18120719,212,27176,0.120%,21573.1,191.1,0.886%,16.00
2026-04-19,18121084,212,27168,0.104%,18640.9,168.8,0.906%,11.00
2026-04-18,18121894,212,27168,0.072%,12831.3,159.5,1.243%,12.00
2026-04-17,18121937,212,27167,0.057%,10198.0,153.9,1.509%,10.00
2026-04-16,18122356,212,27164,0.056%,10083.8,152.8,1.515%,11.00
2026-04-15,18123230,212,27160,0.097%,17565.0,59.6,0.339%,14.00
2026-04-14,18124246,212,27159,0.108%,19531.4,130.5,0.668%,14.00
2026-04-13,18124828,212,27156,0.107%,19323.0,129.8,0.672%,14.00
2026-04-12,18125373,212,27154,0.112%,20114.8,140.0,0.696%,13.00
2026-04-11,18125550,212,27153,0.139%,24979.8,139.0,0.556%,12.00
2026-04-10,18126197,212,27151,0.136%,24517.8,146.1,0.596%,12.00
2026-04-09,18126315,212,27149,0.142%,25582.8,160.8,0.629%,14.00
2026-04-08,18127553,212,27147,0.150%,27083.3,166.1,0.613%,16.00
2026-04-07,18128442,211,27141,0.166%,29978.5,131.8,0.440%,19.00
2026-04-06,18129442,211,27139,0.165%,29756.4,127.9,0.430%,20.00
2026-04-05,18129919,211,27136,0.175%,31635.9,138.2,0.437%,30.00
2026-04-04,18130299,210,27135,0.171%,30868.9,143.5,0.465%,36.00
2026-04-03,18130191,210,27134,0.188%,33876.9,149.8,0.442%,40.00
2026-04-02,18129537,210,27131,0.242%,43590.4,212.6,0.488%,49.00
2026-04-01,18128903,210,27124,0.297%,53520.4,344.3,0.643%,71.00
2026-03-31,18128342,210,27120,0.226%,40756.5,224.5,0.551%,116.00
2026-03-30,18126528,210,27114,0.052%,9380.0,49.0,0.522%,235.00
2026-03-29,18120721,210,27091,0.226%,40647.0,235.0,0.578%,261.00
2026-03-28,18108622,210,27059,0.163%,29525.0,51.0,0.173%,166.00
2026-03-27,18103540,209,27035,0.510%,91824.2,415.2,0.452%,73.00
2026-03-26,18100627,209,27016,0.228%,40943.7,391.3,0.956%,59.00
2026-03-25,18097799,209,27009,0.256%,45759.9,620.4,1.356%,70.00
2026-03-24,18094717,209,26994,0.343%,61245.5,739.8,1.208%,86.00
2026-03-23,18090856,209,26982,0.096%,16735.0,631.0,3.771%,234.00
2026-03-22,18076969,208,26969,0.147%,26302.0,193.0,0.734%,216.00
2026-03-21,18055642,208,26938,0.147%,26226.9,252.5,0.963%,99.00
2026-03-20,18022828,208,26909,0.370%,65599.0,1034.0,1.576%,132.00
2026-03-19,17994021,208,26893,0.163%,29041.0,247.9,0.854%,68.00
2026-03-18,17987411,208,26876,0.215%,38347.8,274.2,0.715%,31.00
2026-03-17,17984361,208,26868,0.203%,36237.3,242.0,0.668%,22.00
2026-03-16,17982683,208,26858,0.176%,31340.7,233.0,0.743%,20.00
2026-03-15,17981566,208,26852,0.158%,28079.3,251.4,0.895%,16.00
2026-03-14,17979609,208,26848,0.174%,31069.3,200.4,0.645%,13.00
2026-03-13,17978609,208,26844,0.189%,33732.6,207.8,0.616%,12.00
2026-03-12,17977237,208,26840,0.192%,34271.9,210.1,0.613%,11.00
2026-03-11,17976575,208,26838,0.178%,31820.7,202.2,0.635%,13.00
2026-03-10,17975647,208,26836,0.234%,41864.3,260.7,0.623%,16.00
2026-03-09,17975053,208,26833,0.216%,38521.4,250.4,0.650%,17.00
2026-03-08,17973480,208,26830,0.385%,68846.9,389.6,0.566%,24.00
2026-03-07,17970013,208,26829,0.389%,69481.1,408.1,0.587%,30.00
2026-03-06,17967239,208,26827,0.401%,71636.1,417.5,0.583%,33.00
2026-03-05,17965185,208,26823,0.391%,69942.3,387.4,0.554%,40.00
2026-03-04,17962854,208,26817,0.429%,76600.8,428.1,0.559%,59.00
2026-03-03,17962936,208,26814,0.306%,54418.3,503.0,0.924%,86.00
2026-03-02,17954142,208,26808,0.041%,7325.0,66.0,0.901%,149.00
2026-03-01,17945528,208,26799,0.934%,166604.0,984.0,0.591%,241.00
2026-02-28,17932672,208,26769,0.350%,62089.0,698.0,1.124%,167.00
2026-02-27,17921964,208,26741,0.254%,45344.3,137.0,0.302%,91.00
2026-02-26,17912615,208,26723,0.218%,38731.2,230.1,0.594%,56.00
2026-02-25,17910825,208,26710,0.223%,39708.6,205.3,0.517%,56.00
2026-02-24,17908871,208,26703,0.186%,33114.4,142.9,0.432%,59.00
2026-02-23,17907505,208,26696,0.246%,43706.2,304.9,0.698%,80.00
2026-02-22,17906913,208,26688,0.102%,18241.4,98.6,0.541%,86.00
2026-02-21,17906140,208,26677,0.224%,39333.7,837.9,2.130%,46.00
2026-02-20,17904939,208,26662,0.261%,46377.0,335.7,0.724%,23.00
2026-02-19,17904584,208,26654,0.240%,42607.1,327.9,0.770%,20.00
2026-02-18,17904790,208,26648,0.204%,36183.3,378.6,1.046%,18.00
2026-02-17,17905152,208,26645,0.166%,29565.9,196.8,0.666%,16.00
2026-02-16,17906490,208,26637,0.179%,31730.9,247.5,0.780%,15.00
2026-02-15,17906291,207,26635,0.174%,30909.8,232.0,0.751%,17.00
2026-02-14,17906109,207,26635,0.199%,35458.0,222.3,0.627%,27.00
2026-02-13,17905750,207,26635,0.205%,36499.8,213.6,0.585%,31.00
2026-02-12,17905373,207,26635,0.213%,37912.2,198.8,0.524%,33.00
2026-02-11,17905126,207,26631,0.241%,42925.0,210.8,0.491%,41.00
2026-02-10,17905048,207,26625,0.363%,64691.3,338.2,0.523%,61.00
2026-02-09,17905335,207,26619,0.369%,65809.6,339.9,0.516%,73.00
2026-02-08,17905120,207,26617,0.112%,20057.0,67.0,0.334%,111.00
2026-02-07,17902243,207,26612,0.168%,29825.3,209.8,0.703%,91.00
2026-02-06,17899447,207,26578,0.274%,48709.2,261.8,0.537%,73.00
2026-02-05,17898712,207,26562,0.279%,49693.8,232.4,0.468%,77.00
2026-02-04,17898292,207,26546,0.166%,29549.5,147.0,0.497%,80.00
2026-02-03,17898249,207,26534,0.131%,23432.5,96.5,0.412%,93.00
2026-02-02,17897939,207,26516,0.335%,59732.7,314.7,0.527%,57.00
2026-02-01,17899007,207,26498,0.370%,65877.5,352.9,0.536%,42.00
2026-01-31,17898992,207,26486,0.197%,35066.7,196.7,0.561%,44.00
2026-01-30,17897756,207,26478,0.114%,20356.5,127.8,0.628%,29.00
2026-01-29,17896900,207,26471,0.111%,19790.6,112.9,0.570%,21.00
2026-01-28,17896518,207,26463,0.142%,25371.8,123.8,0.488%,21.00
2026-01-27,17896747,207,26459,0.211%,37562.6,163.6,0.436%,21.00
2026-01-26,17898138,207,26448,0.211%,37658.6,195.8,0.520%,22.00
2026-01-25,17899180,207,26445,0.259%,46215.1,213.5,0.462%,23.00
2026-01-24,17899370,207,26443,0.252%,44886.4,216.8,0.483%,24.00
2026-01-23,17899747,207,26441,0.243%,43328.4,219.3,0.506%,26.00
2026-01-22,17900039,207,26439,0.224%,39860.3,236.9,0.594%,29.00
2026-01-21,17899949,207,26435,0.227%,40539.8,182.3,0.450%,26.00
2026-01-20,17901186,207,26423,0.168%,29822.9,179.8,0.603%,27.00
2026-01-19,17901960,207,26419,0.203%,36093.9,255.7,0.708%,30.00
2026-01-18,17903093,207,26411,0.203%,36095.3,306.8,0.850%,35.00
2026-01-17,17903301,207,26406,0.209%,37102.9,315.1,0.849%,38.00
2026-01-16,17903048,207,26402,0.208%,36903.4,338.5,0.917%,40.00
2026-01-15,17902736,207,26400,0.201%,35681.1,265.5,0.744%,30.00
2026-01-14,17904704,207,26392,0.208%,37115.3,114.4,0.308%,35.00
2026-01-13,17905204,207,26383,0.235%,41883.7,146.4,0.350%,33.00
2026-01-12,17905839,207,26373,0.205%,36419.9,225.4,0.619%,23.00
2026-01-11,17906811,207,26365,0.218%,38815.7,222.1,0.572%,23.00
2026-01-10,17907390,206,26360,0.220%,39141.0,240.8,0.615%,23.00
2026-01-09,17907313,206,26357,0.231%,41205.6,244.5,0.593%,24.00
2026-01-08,17907646,206,26351,0.232%,41210.3,256.6,0.623%,23.00
2026-01-07,17908092,206,26348,0.291%,51919.1,243.8,0.470%,26.00
2026-01-06,17908968,195,26344,0.299%,53340.6,241.1,0.452%,26.00
2026-01-05,17910248,195,26340,0.292%,51842.9,377.0,0.727%,29.00
2026-01-04,17911996,195,26336,0.271%,48226.7,318.8,0.661%,26.00
2026-01-03,17913054,195,26333,0.249%,44256.1,333.3,0.753%,26.00
2026-01-02,17914177,195,26331,0.189%,33495.2,274.8,0.820%,23.00
2026-01-01,17915851,195,26325,0.211%,37537.9,285.4,0.760%,21.00
2025-12-31,17916416,202,26321,0.200%,35785.1,115.2,0.322%,19.00
2025-12-30,17916526,202,26315,0.223%,39793.5,135.0,0.339%,17.00
2025-12-29,17917465,202,26310,0.214%,38137.1,151.8,0.398%,17.00
2025-12-28,17918288,202,26306,0.222%,39555.3,148.8,0.376%,16.00
2025-12-27,17918899,202,26304,0.217%,38694.9,133.6,0.345%,17.00
2025-12-26,17918987,202,26302,0.222%,39577.2,138.2,0.349%,17.00
2025-12-25,17920590,202,26299,0.212%,37872.7,96.7,0.255%,19.00
2025-12-24,17920447,202,26297,0.260%,46544.8,89.8,0.193%,20.00
2025-12-23,17920809,202,26295,0.230%,41106.4,124.6,0.303%,22.00
2025-12-22,17921369,202,26292,0.249%,44422.8,179.9,0.405%,21.00
2025-12-21,17921283,211,26290,0.247%,44055.9,169.2,0.384%,22.00
2025-12-20,17920859,211,26287,0.285%,50957.5,190.2,0.373%,23.00
2025-12-19,17920498,211,26285,0.264%,47134.0,188.6,0.400%,26.00
2025-12-18,17920161,211,26280,0.249%,44362.8,169.7,0.383%,26.00
2025-12-17,17920527,211,26275,0.272%,48574.8,230.3,0.474%,26.00
2025-12-16,17921028,211,26271,0.251%,44823.1,201.8,0.450%,26.00
2025-12-15,17920347,211,26265,0.209%,37213.5,222.3,0.597%,29.00
2025-12-14,17918889,211,26259,0.212%,37706.4,224.6,0.596%,28.00
2025-12-13,17917850,211,26256,0.223%,39792.0,220.3,0.554%,26.00
2025-12-12,17916198,211,26252,0.218%,38834.9,211.0,0.543%,28.00
2025-12-11,17914608,211,26248,0.215%,38447.8,142.5,0.371%,24.00
2025-12-10,17913180,211,26243,0.240%,42860.9,158.4,0.370%,27.00
2025-12-09,17911740,211,26237,0.246%,43913.9,225.8,0.514%,26.00
2025-12-08,17910860,211,26232,0.266%,47473.7,240.9,0.507%,24.00
2025-12-07,17907676,211,26226,0.254%,45268.8,251.0,0.554%,23.00
2025-12-06,17904681,211,26223,0.260%,46402.4,238.2,0.513%,23.00
2025-12-05,17902416,211,26218,0.274%,48727.3,243.9,0.501%,22.00
2025-12-04,17899820,211,26215,0.243%,43227.9,212.4,0.491%,23.00
2025-12-03,17898478,211,26208,0.240%,42710.4,214.0,0.501%,22.00
2025-12-02,17897454,211,26203,0.256%,45720.0,157.0,0.343%,20.00
2025-12-01,17896027,211,26199,0.239%,42538.4,185.2,0.435%,21.00
2025-11-30,17894523,211,26196,0.210%,37468.5,179.4,0.479%,20.00
2025-11-29,17892528,211,26192,0.249%,44393.2,238.0,0.536%,24.00
2025-11-28,17890331,211,26190,0.235%,41755.6,237.0,0.568%,26.00
2025-11-27,17888803,211,26184,0.210%,37370.9,208.4,0.558%,24.00
2025-11-26,17887433,211,26181,0.198%,35247.6,171.6,0.487%,29.00
2025-11-25,17886578,211,26178,0.207%,36887.0,172.3,0.467%,30.00
2025-11-24,17884825,211,26175,0.188%,33567.2,141.4,0.421%,35.00
2025-11-23,17881606,211,26173,0.249%,44270.8,220.3,0.498%,38.00
2025-11-22,17877519,210,26169,0.294%,52237.3,305.5,0.585%,47.00
2025-11-21,17874422,210,26165,0.406%,72005.3,517.2,0.718%,63.00
2025-11-20,17871392,210,26161,0.430%,76212.7,612.4,0.804%,76.00
2025-11-19,17868202,210,26154,0.045%,7896.0,137.0,1.735%,155.00
2025-11-18,17860339,210,26148,0.130%,23054.0,225.0,0.976%,141.00
2025-11-17,17851604,210,26119,0.396%,69594.0,1019.0,1.464%,210.00
2025-11-16,17845529,210,26103,0.465%,81864.0,1054.0,1.288%,181.00
2025-11-15,17838151,210,26070,0.230%,40528.0,429.0,1.059%,324.00
2025-11-14,17833873,210,26045,0.193%,34208.6,241.9,0.707%,80.00
2025-11-13,17831664,210,26032,0.115%,20361.0,91.4,0.449%,62.00
2025-11-12,17830352,210,26020,0.198%,35071.9,162.4,0.463%,64.00
2025-11-11,17828859,210,26006,0.193%,34183.8,164.0,0.480%,76.00
2025-11-10,17826416,210,26002,0.313%,55649.0,71.0,0.128%,112.00
2025-11-09,17823484,210,25992,0.132%,23388.0,122.0,0.522%,152.00
2025-11-08,17820835,210,25972,0.206%,36515.8,239.4,0.656%,60.00
2025-11-07,17820147,210,25953,0.238%,42245.2,246.7,0.584%,73.00
2025-11-06,17818947,209,25941,0.200%,35544.8,112.1,0.315%,37.00
2025-11-05,17819080,209,25932,0.167%,29673.1,105.5,0.356%,39.00
2025-11-04,17820143,209,25926,0.207%,36648.4,185.2,0.505%,34.00
2025-11-03,17821047,209,25920,0.220%,38859.0,266.9,0.687%,33.00
2025-11-02,17822333,209,25913,0.212%,37488.2,249.7,0.666%,29.00
2025-11-01,17823419,209,25908,0.224%,39810.5,200.2,0.503%,30.00
2025-10-31,17823316,209,25906,0.255%,45229.4,280.2,0.620%,36.00
2025-10-30,17821778,209,25901,0.250%,44354.4,252.6,0.570%,40.00
2025-10-29,17820409,210,25897,0.264%,46732.3,327.6,0.701%,50.00
2025-10-28,17818245,210,25892,0.263%,46485.6,350.9,0.755%,75.00
2025-10-27,17815340,210,25889,0.244%,43124.3,271.3,0.629%,88.00
2025-10-26,17811890,210,25883,0.171%,30346.0,89.0,0.293%,115.00
2025-10-25,17806187,210,25866,0.081%,14348.0,18.0,0.125%,182.00
2025-10-24,17799979,210,25841,0.242%,42691.8,324.5,0.760%,98.00
2025-10-23,17797207,211,25825,0.299%,52954.7,343.5,0.649%,64.00
2025-10-22,17795745,211,25812,0.319%,56511.2,323.4,0.572%,56.00
2025-10-21,17793975,211,25799,0.333%,58920.7,293.1,0.497%,78.00
2025-10-20,17790784,211,25794,0.288%,50925.8,329.8,0.648%,93.00
2025-10-19,17787799,211,25789,0.327%,57598.0,548.0,0.951%,153.00
2025-10-18,17783726,211,25767,0.525%,92799.0,532.0,0.573%,373.00
2025-10-17,17783132,210,25742,0.371%,65726.3,192.3,0.293%,98.00
2025-10-16,17782341,210,25729,0.252%,44294.1,469.1,1.059%,85.00
2025-10-15,17783321,210,25715,0.405%,71411.7,574.6,0.805%,67.00
2025-10-14,17782360,210,25708,0.265%,46842.2,201.6,0.430%,50.00
2025-10-13,17781492,210,25698,0.212%,37524.1,154.3,0.411%,37.00
2025-10-12,17780680,210,25689,0.288%,51059.3,223.7,0.438%,37.00
2025-10-11,17779021,210,25685,0.329%,58336.5,228.1,0.391%,44.00
2025-10-10,17778919,210,25682,0.434%,76514.7,565.1,0.739%,42.00
2025-10-09,17777305,210,25678,0.468%,82501.8,648.5,0.786%,45.00
2025-10-08,17775643,210,25669,0.572%,100823.2,868.1,0.861%,58.00
2025-10-07,17774827,210,25662,0.566%,99745.6,772.6,0.775%,69.00
2025-10-06,17772171,210,25656,0.173%,30560.0,145.0,0.474%,127.00
2025-10-05,17765448,210,25647,0.272%,48095.0,154.0,0.320%,184.00
2025-10-04,17746931,210,25624,0.242%,42596.0,375.0,0.880%,125.00
2025-10-03,17736612,210,25601,0.266%,46824.4,290.8,0.621%,103.00
2025-10-02,17731627,210,25586,0.315%,55698.0,199.7,0.359%,94.00
2025-10-01,17728046,210,25571,0.441%,77128.4,976.2,1.266%,94.00
2025-09-30,17723165,210,25558,1.047%,184619.3,1029.1,0.557%,88.00
2025-09-29,17716879,210,25543,0.354%,62492.0,261.0,0.418%,161.00
2025-09-28,17702770,210,25534,0.296%,51991.0,392.0,0.754%,378.00
2025-09-27,17674661,210,25497,0.673%,117333.0,1615.0,1.376%,210.00
2025-09-26,17668893,210,25470,0.686%,120639.5,487.5,0.404%,95.00
2025-09-25,17666517,210,25456,0.489%,85826.8,568.7,0.663%,58.00
2025-09-24,17664764,210,25444,0.330%,57677.8,537.5,0.932%,52.00
2025-09-23,17663366,210,25438,0.160%,28199.0,136.4,0.484%,36.00
2025-09-22,17662518,210,25428,0.225%,39545.6,273.4,0.691%,38.00
2025-09-21,17661230,210,25419,0.270%,47457.1,240.3,0.506%,36.00
2025-09-20,17658560,210,25414,0.302%,53146.8,250.0,0.470%,40.00
2025-09-19,17655990,210,25411,0.338%,59344.9,304.6,0.513%,49.00
2025-09-18,17654309,210,25409,0.315%,55324.4,199.2,0.360%,63.00
2025-09-17,17653083,210,25400,0.358%,62992.6,187.5,0.298%,83.00
2025-09-16,17650417,210,25391,0.531%,92893.8,791.3,0.852%,98.00
2025-09-15,17647146,210,25382,0.580%,101180.0,1252.0,1.237%,132.00
2025-09-14,17641407,210,25367,0.255%,44757.0,240.0,0.536%,180.00
2025-09-13,17631373,210,25344,0.318%,55641.0,476.3,0.856%,108.00
2025-09-12,17623737,210,25314,0.216%,37888.0,109.0,0.288%,140.00
2025-09-11,17619701,210,25295,0.234%,41109.2,162.9,0.396%,62.00
2025-09-10,17616632,210,25277,0.581%,101941.8,349.3,0.343%,82.00
2025-09-09,17611784,210,25269,0.649%,113959.5,393.3,0.345%,77.00
2025-09-08,17602857,210,25260,0.114%,20059.0,52.0,0.259%,184.00
2025-09-07,17593230,210,25242,0.147%,25710.0,108.0,0.420%,278.00
2025-09-06,17582101,210,25213,0.418%,73438.0,122.0,0.166%,168.00
2025-09-05,17574611,210,25176,0.246%,43090.3,125.3,0.291%,98.00
2025-09-04,17567699,209,25150,0.295%,51583.7,284.9,0.552%,58.00
2025-09-03,17562429,209,25130,0.251%,43856.2,244.1,0.557%,67.00
2025-09-02,17557684,209,25122,0.175%,30558.6,145.8,0.477%,49.00
2025-09-01,17553020,208,25111,0.220%,38548.9,146.9,0.381%,35.00
2025-08-31,17546972,208,25098,0.239%,41736.2,206.8,0.495%,28.00
2025-08-30,17540725,208,25094,0.265%,46203.8,223.9,0.485%,32.00
2025-08-29,17534655,208,25092,0.283%,49297.5,254.7,0.517%,38.00
2025-08-28,17529847,208,25088,0.314%,54772.4,327.0,0.597%,47.00
2025-08-27,17525660,208,25083,0.324%,56416.0,371.2,0.658%,54.00
2025-08-26,17521381,208,25082,0.379%,65948.1,479.4,0.727%,95.00
2025-08-25,17517090,208,25079,0.169%,29447.0,210.0,0.713%,186.00
2025-08-24,17510856,208,25069,0.100%,17402.0,137.0,0.787%,206.00
2025-08-23,17500759,208,25041,0.159%,27598.0,165.3,0.599%,100.00
2025-08-22,17495706,208,25010,0.426%,74453.0,142.0,0.191%,118.00
2025-08-21,17492686,209,24991,0.272%,47389.2,162.4,0.343%,70.00
2025-08-20,17490066,209,24973,0.276%,47861.8,439.5,0.918%,67.00
2025-08-19,17486551,209,24961,0.464%,80575.3,621.8,0.772%,97.00
2025-08-18,17483307,209,24952,0.205%,35742.0,114.0,0.319%,192.00
2025-08-17,17479632,209,24942,0.192%,33423.0,213.0,0.637%,178.00
2025-08-16,17473655,209,24907,0.204%,35536.3,161.0,0.453%,95.00
2025-08-15,17468235,209,24881,0.314%,54720.5,168.9,0.309%,56.00
2025-08-14,17464192,215,24864,0.355%,61731.1,203.2,0.329%,51.00
2025-08-13,17460725,215,24854,0.259%,45089.3,182.7,0.405%,39.00
2025-08-12,17458444,215,24846,0.170%,29493.4,107.3,0.364%,30.00
2025-08-11,17456786,215,24839,0.192%,33427.5,167.8,0.502%,27.00
2025-08-10,17455812,215,24832,0.283%,49152.5,199.9,0.407%,21.00
2025-08-09,17453865,215,24829,0.313%,54429.5,236.9,0.435%,21.00
2025-08-08,17451574,215,24825,0.302%,52501.9,235.0,0.448%,20.00
2025-08-07,17448655,216,24820,0.333%,57900.1,257.4,0.445%,19.00
2025-08-06,17444261,216,24814,0.307%,53347.5,242.8,0.455%,19.00
2025-08-05,17441892,216,24811,0.207%,36005.8,126.1,0.350%,22.00
2025-08-04,17439429,216,24805,0.201%,34838.7,136.7,0.392%,22.00
2025-08-03,17437094,216,24802,0.233%,40428.4,143.3,0.354%,23.00
2025-08-02,17432404,216,24797,0.178%,30887.9,113.6,0.368%,22.00
2025-08-01,17429041,216,24794,0.176%,30598.1,108.3,0.354%,23.00
2025-07-31,17427292,216,24791,0.176%,30449.1,166.4,0.546%,26.00
2025-07-30,17421892,216,24786,0.238%,41189.4,258.2,0.627%,26.00
2025-07-29,17415750,216,24782,0.247%,42794.1,250.9,0.586%,27.00
2025-07-28,17409033,216,24777,0.264%,45687.2,240.2,0.526%,28.00
2025-07-27,17401788,216,24773,0.301%,51986.7,342.9,0.660%,31.00
2025-07-26,17393165,216,24770,0.345%,59683.0,376.3,0.630%,36.00
2025-07-25,17387139,216,24767,0.354%,61355.9,262.8,0.428%,39.00
2025-07-24,17383704,216,24763,0.359%,62044.5,308.6,0.497%,47.00
2025-07-23,17380074,216,24759,0.348%,60195.3,343.8,0.571%,54.00
2025-07-22,17376337,216,24754,0.477%,82345.8,505.5,0.614%,76.00
2025-07-21,17371702,216,24747,0.191%,33102.0,64.0,0.193%,170.00
2025-07-20,17365942,216,24739,0.115%,19899.0,43.0,0.216%,199.00
2025-07-19,17356631,216,24714,0.086%,14960.0,37.0,0.247%,155.00
2025-07-18,17348559,216,24686,0.200%,33793.0,923.0,2.731%,144.00
2025-07-17,17341723,216,24664,0.702%,120733.2,993.3,0.823%,59.00
2025-07-16,17334239,216,24649,0.645%,111019.5,843.1,0.759%,65.00
2025-07-15,17325810,216,24637,1.012%,174240.5,1141.4,0.655%,76.00
2025-07-14,17313246,216,24633,0.325%,55905.0,431.0,0.771%,131.00
2025-07-13,17270233,216,24621,0.133%,22954.0,41.0,0.179%,360.00
2025-07-12,17243688,216,24589,0.171%,29249.0,255.0,0.872%,100.00
2025-07-11,17237051,215,24560,0.311%,53380.7,305.8,0.573%,81.00
2025-07-10,17232623,215,24542,0.361%,61790.7,363.7,0.589%,57.00
2025-07-09,17228529,215,24531,0.269%,46113.6,285.9,0.620%,36.00
2025-07-08,17225532,215,24519,0.212%,36304.2,298.6,0.822%,39.00
2025-07-07,17221555,215,24515,0.242%,41420.6,292.4,0.706%,35.00
2025-07-06,17217254,215,24507,0.246%,42044.5,289.3,0.688%,30.00
2025-07-05,17212357,215,24504,0.244%,41690.0,234.4,0.562%,33.00
2025-07-04,17208738,215,24501,0.252%,43068.9,221.5,0.514%,38.00
2025-07-03,17205767,215,24493,0.397%,67719.5,532.7,0.787%,41.00
2025-07-02,17202721,215,24490,0.446%,75909.9,739.0,0.974%,63.00
2025-07-01,17200774,215,24484,0.466%,79450.9,782.2,0.985%,95.00
2025-06-30,17195954,215,24479,0.257%,43964.0,273.0,0.621%,195.00
2025-06-29,17189787,215,24474,0.249%,41473.0,1365.0,3.291%,375.00
2025-06-28,17182102,215,24440,0.495%,84103.0,871.0,1.036%,334.00
2025-06-27,17177456,215,24407,0.594%,101660.0,352.0,0.346%,142.00
2025-06-26,17173084,215,24384,0.387%,65485.3,956.5,1.461%,49.00
2025-06-25,17170338,215,24372,0.500%,84943.3,831.0,0.978%,64.00
2025-06-24,17167632,215,24364,0.526%,89627.2,590.9,0.659%,76.00
2025-06-23,17164129,215,24359,1.090%,184497.0,2549.0,1.382%,129.00
2025-06-22,17154810,215,24348,0.168%,28755.0,72.0,0.250%,188.00
2025-06-21,17135367,215,24311,0.147%,24908.0,209.0,0.839%,332.00
2025-06-20,17130792,215,24280,0.284%,48404.8,298.5,0.617%,52.00
2025-06-19,17129545,215,24270,0.217%,36934.1,225.9,0.612%,26.00
2025-06-18,17128923,215,24257,0.220%,37421.1,260.1,0.695%,29.00
2025-06-17,17128581,214,24250,0.208%,35264.6,305.9,0.867%,28.00
2025-06-16,17128072,214,24243,0.337%,54295.4,3498.6,6.444%,31.00
2025-06-15,17127105,214,24237,0.394%,64248.2,3228.1,5.024%,31.00
2025-06-14,17124688,214,24234,0.403%,65640.4,3359.6,5.118%,34.00
2025-06-13,17123002,214,24233,0.434%,70514.5,3813.5,5.408%,42.00
2025-06-12,17121220,214,24228,0.395%,66946.9,649.0,0.969%,59.00
2025-06-11,17117876,214,24224,0.343%,58577.2,191.8,0.327%,56.00
2025-06-10,17109544,214,24216,0.295%,50237.8,267.3,0.532%,79.00
2025-06-09,17106260,213,24209,0.487%,82741.0,597.0,0.722%,132.00
2025-06-08,17104731,213,24199,0.123%,20884.0,153.0,0.733%,385.00
2025-06-07,17100616,213,24167,0.187%,31862.0,97.0,0.304%,261.00
2025-06-06,17098233,213,24140,0.121%,20671.0,52.0,0.252%,117.00
2025-06-05,17096639,213,24124,0.300%,51040.7,198.1,0.388%,54.00
2025-06-04,17096667,213,24114,0.272%,46401.9,184.4,0.397%,50.00
2025-06-03,17096553,213,24107,0.250%,42641.9,155.2,0.364%,33.00
2025-06-02,17095791,213,24100,0.330%,56124.4,362.4,0.646%,33.00
2025-06-01,17093369,213,24092,0.300%,50977.1,381.8,0.749%,33.00
2025-05-31,17090455,213,24088,0.298%,50454.0,417.9,0.828%,33.00
2025-05-30,17087507,213,24086,0.333%,56416.4,467.7,0.829%,39.00
2025-05-29,17084609,213,24080,0.307%,51979.2,389.9,0.750%,43.00
2025-05-28,17081116,213,24075,0.405%,68574.6,589.3,0.859%,55.00
2025-05-27,17077769,213,24068,0.462%,78253.2,607.3,0.776%,76.00
2025-05-26,17074524,213,24062,0.564%,94951.0,1412.0,1.487%,121.00
2025-05-25,17069708,213,24056,0.184%,30923.0,442.0,1.429%,375.00
2025-05-24,17062090,213,24026,0.083%,14057.0,34.0,0.242%,161.00
2025-05-23,17059262,213,24001,0.355%,60246.8,311.4,0.517%,69.00
2025-05-22,17057559,213,23986,0.405%,68849.2,178.3,0.259%,40.00
2025-05-21,17056305,214,23975,0.299%,50791.0,139.3,0.274%,27.00
2025-05-20,17054724,214,23971,0.305%,51952.9,129.4,0.249%,27.00
2025-05-19,17052983,214,23966,0.275%,46627.8,216.5,0.464%,27.00
2025-05-18,17051101,214,23960,0.366%,62046.4,304.5,0.491%,24.00
2025-05-17,17048175,214,23958,0.487%,82659.2,432.4,0.523%,29.00
2025-05-16,17046212,214,23955,0.484%,82067.0,429.8,0.524%,34.00
2025-05-15,17044211,214,23951,0.600%,101707.3,581.0,0.571%,41.00
2025-05-14,17042566,214,23948,0.676%,114575.7,677.2,0.591%,54.00
2025-05-13,17041327,214,23944,0.742%,125753.5,651.0,0.518%,76.00
2025-05-12,17038076,214,23937,0.531%,89206.0,1284.0,1.439%,126.00
2025-05-11,17032738,214,23933,0.193%,32721.0,130.0,0.397%,362.00
2025-05-10,17020579,214,23902,0.479%,80817.0,642.0,0.794%,352.00
2025-05-09,17016115,214,23875,0.248%,41872.0,287.0,0.685%,80.00
2025-05-08,17013876,214,23865,0.329%,55867.6,153.9,0.275%,52.00
2025-05-07,17013163,214,23849,0.393%,66571.9,233.4,0.351%,33.00
2025-05-06,17011750,214,23844,0.392%,66462.5,242.0,0.364%,32.00
2025-05-05,17007594,214,23840,0.535%,90757.3,281.3,0.310%,29.00
2025-05-04,17002347,214,23830,0.482%,81622.5,258.5,0.317%,27.00
2025-05-03,16999113,214,23829,0.525%,88951.6,249.9,0.281%,31.00
2025-05-02,16996717,214,23826,0.544%,92168.4,251.8,0.273%,35.00
2025-05-01,16995229,214,23821,0.552%,93451.5,309.2,0.331%,41.00
2025-04-30,16991155,214,23819,0.401%,67958.0,258.9,0.381%,54.00
2025-04-29,16987706,214,23816,0.457%,77247.4,352.7,0.457%,76.00
2025-04-28,16985045,214,23810,0.845%,141744.0,1832.0,1.292%,128.00
2025-04-27,16981390,214,23803,0.180%,30516.0,28.0,0.092%,359.00
2025-04-26,16971502,214,23769,0.424%,71833.0,137.0,0.191%,319.00
2025-04-25,16966424,214,23742,0.766%,129324.0,652.0,0.504%,118.00
2025-04-24,16963184,214,23726,0.330%,55666.2,363.1,0.652%,41.00
2025-04-23,16960688,214,23711,0.342%,57654.3,435.0,0.754%,32.00
2025-04-22,16958825,214,23703,0.307%,51779.4,342.9,0.662%,27.00
2025-04-21,16957216,214,23699,0.358%,60409.5,381.6,0.632%,28.00
2025-04-20,16955540,214,23695,0.428%,72176.6,403.4,0.559%,27.00
2025-04-19,16952863,214,23690,0.508%,85653.6,509.9,0.595%,30.00
2025-04-18,16950441,214,23687,0.534%,89964.7,527.8,0.587%,35.00
2025-04-17,16947731,214,23683,0.550%,92640.1,576.1,0.622%,43.00
2025-04-16,16944557,214,23681,0.596%,100063.7,879.9,0.879%,56.00
2025-04-15,16939982,214,23677,0.622%,104369.8,1046.7,1.003%,81.00
2025-04-14,16933708,214,23674,0.928%,156498.0,615.0,0.393%,142.00
2025-04-13,16921160,214,23664,0.392%,65721.0,547.0,0.832%,175.00
2025-04-12,16904430,214,23636,0.251%,42353.0,121.0,0.286%,476.00
2025-04-11,16897512,214,23604,0.130%,21888.3,132.3,0.604%,115.00
2025-04-10,16892964,214,23588,0.437%,73423.8,385.2,0.525%,52.00
2025-04-09,16888912,214,23573,0.276%,46404.7,224.1,0.483%,32.00
2025-04-08,16884706,214,23570,0.262%,43974.6,217.3,0.494%,32.00
2025-04-07,16880756,214,23566,0.422%,70825.1,333.9,0.471%,28.00
2025-04-06,16875675,214,23558,0.403%,67670.6,327.7,0.484%,32.00
2025-04-05,16868822,214,23555,0.441%,73910.2,451.9,0.611%,33.00
2025-04-04,16862765,214,23552,0.405%,67869.1,421.3,0.621%,39.00
2025-04-03,16855897,214,23548,0.483%,80934.1,423.7,0.524%,48.00
2025-04-02,16849475,214,23544,0.433%,72568.8,463.6,0.639%,59.00
2025-04-01,16844304,214,23539,0.501%,83885.6,546.8,0.652%,87.00
2025-03-31,16839957,214,23529,0.350%,58726.0,198.0,0.337%,153.00
2025-03-30,16832280,214,23516,0.463%,77587.0,320.0,0.412%,184.00
2025-03-29,16823827,214,23485,0.310%,51839.0,236.0,0.455%,163.00
2025-03-28,16817687,214,23458,0.348%,58471.0,125.0,0.214%,143.00
2025-03-27,16813460,214,23439,0.407%,68099.1,328.8,0.483%,49.00
2025-03-26,16809836,214,23427,0.289%,48270.3,263.1,0.545%,32.00
2025-03-25,16806292,214,23422,0.197%,32919.9,169.9,0.516%,33.00
2025-03-24,16802682,214,23414,0.230%,38547.3,124.6,0.323%,29.00
2025-03-23,16802394,214,23406,0.258%,43112.9,164.7,0.382%,28.00
2025-03-22,16799166,214,23401,0.300%,50141.1,204.6,0.408%,32.00
2025-03-21,16796376,214,23399,0.354%,59247.9,235.6,0.398%,39.00
2025-03-20,16794123,214,23395,0.338%,56500.3,250.6,0.444%,45.00
2025-03-19,16791717,214,23390,0.404%,67347.4,475.8,0.706%,58.00
2025-03-18,16788880,214,23387,0.503%,83797.7,644.7,0.769%,85.00
2025-03-17,16785516,214,23382,0.381%,63134.0,766.0,1.213%,158.00
2025-03-16,16777898,214,23364,0.094%,15726.0,62.0,0.394%,182.00
2025-03-15,16767572,214,23338,0.438%,73117.0,358.0,0.490%,162.00
2025-03-14,16762070,214,23314,0.489%,81748.0,157.0,0.192%,52.00
2025-03-13,16761454,214,23301,0.418%,69695.8,343.7,0.493%,40.00
2025-03-12,16759432,214,23289,0.297%,49592.7,258.5,0.521%,27.00
2025-03-11,16756890,214,23285,0.230%,38291.7,189.7,0.495%,28.00
2025-03-10,16754755,214,23282,0.276%,45941.4,236.9,0.516%,29.00
2025-03-09,16753643,214,23274,0.301%,50216.0,260.2,0.518%,28.00
2025-03-08,16752848,214,23272,0.336%,56062.6,296.9,0.530%,33.00
2025-03-07,16751363,214,23270,0.364%,60582.8,317.1,0.523%,38.00
2025-03-06,16749360,214,23265,0.363%,60419.4,335.3,0.555%,40.00
2025-03-05,16747885,214,23262,0.404%,67200.4,439.2,0.654%,51.00
2025-03-04,16745868,214,23258,0.635%,105564.7,763.6,0.723%,71.00
2025-03-03,16743374,214,23250,1.157%,191973.3,1680.7,0.875%,112.00
2025-03-02,16738204,214,23240,0.099%,16556.0,31.0,0.187%,129.00
2025-03-01,16723231,214,23215,0.354%,59005.0,170.0,0.288%,231.00
2025-02-28,16714649,214,23187,0.279%,46562.0,152.0,0.326%,121.00
2025-02-27,16710010,214,23168,0.234%,38827.5,249.1,0.642%,68.00
2025-02-26,16708310,214,23154,0.308%,51208.6,329.8,0.644%,52.00
2025-02-25,16707382,214,23146,0.258%,42795.1,230.4,0.538%,40.00
2025-02-24,16706902,214,23138,0.204%,33898.9,193.1,0.570%,28.00
2025-02-23,16706787,214,23127,0.245%,40576.2,288.2,0.710%,22.00
2025-02-22,16706825,214,23124,0.287%,47515.4,352.5,0.742%,21.00
2025-02-21,16706840,214,23122,0.313%,51999.1,359.1,0.691%,21.00
2025-02-20,16706413,222,23118,0.344%,57127.2,392.4,0.687%,21.00
2025-02-19,16706341,222,23116,0.302%,50137.0,343.9,0.686%,28.00
2025-02-18,16706172,222,23113,0.330%,54823.6,359.3,0.655%,33.00
2025-02-17,16706393,222,23109,0.310%,51432.0,280.2,0.545%,38.00
2025-02-16,16706069,222,23101,0.303%,50439.4,221.2,0.439%,40.00
2025-02-15,16705492,222,23098,0.278%,46325.1,197.4,0.426%,51.00
2025-02-14,16704001,222,23095,0.332%,55304.9,205.1,0.371%,66.00
2025-02-13,16703036,222,23092,0.243%,40558.6,65.8,0.162%,75.00
2025-02-12,16702652,222,23078,0.364%,60555.0,223.3,0.369%,52.00
2025-02-11,16701929,222,23067,0.521%,86804.4,259.9,0.299%,65.00
2025-02-10,16700922,222,23061,0.515%,85663.1,285.4,0.333%,77.00
2025-02-09,16700271,222,23053,0.328%,54598.3,232.3,0.425%,78.00
2025-02-08,16698926,222,23032,0.327%,54386.8,213.4,0.392%,71.00
2025-02-07,16698977,222,23020,0.558%,92625.3,540.5,0.584%,71.00
2025-02-06,16697274,222,23009,0.715%,118358.1,1008.2,0.852%,78.00
2025-02-05,16693479,222,23001,0.186%,30913.4,110.0,0.356%,81.00
2025-02-04,16684541,222,22984,0.393%,65119.1,374.3,0.575%,50.00
2025-02-03,16684961,222,22972,0.476%,78995.6,376.5,0.477%,50.00
2025-02-02,16683628,222,22966,0.418%,69371.3,310.2,0.447%,51.00
2025-02-01,16683277,222,22961,0.375%,62311.8,181.8,0.292%,69.00
2025-01-31,16683556,222,22954,0.289%,48053.4,202.5,0.421%,53.00
2025-01-30,16684289,222,22943,0.148%,24503.1,148.3,0.605%,49.00
2025-01-29,16684804,222,22933,0.210%,34874.7,198.8,0.570%,32.00
2025-01-28,16684914,222,22928,0.259%,42992.8,208.3,0.484%,27.00
2025-01-27,16685805,222,22922,0.268%,44381.9,256.4,0.578%,23.00
2025-01-26,16686534,222,22916,0.448%,74225.0,486.8,0.656%,24.00
2025-01-25,16686211,222,22912,0.453%,75047.1,500.1,0.666%,22.00
2025-01-24,16685552,222,22906,0.484%,80220.4,482.5,0.601%,22.00
2025-01-23,16686522,222,22903,0.465%,77173.1,426.6,0.553%,23.00
2025-01-22,16686809,222,22901,0.503%,83550.9,456.8,0.547%,28.00
2025-01-21,16686723,222,22897,0.470%,78060.3,293.8,0.376%,27.00
2025-01-20,16687295,222,22894,0.489%,81322.6,349.1,0.429%,29.00
2025-01-19,16687727,222,22888,0.429%,71213.4,384.2,0.540%,24.00
2025-01-18,16687738,222,22886,0.418%,69453.4,374.3,0.539%,27.00
2025-01-17,16688805,222,22882,0.365%,60572.6,363.8,0.601%,23.00
2025-01-16,16689232,222,22876,0.354%,58771.3,294.2,0.501%,23.00
2025-01-15,16689454,222,22869,0.311%,51628.1,221.1,0.428%,20.00
2025-01-14,16689697,239,22866,0.350%,58335.1,114.2,0.196%,22.00
2025-01-13,16691192,239,22858,0.341%,56745.8,161.3,0.284%,19.00
2025-01-12,16692089,239,22856,0.364%,60525.6,167.3,0.276%,20.00
2025-01-11,16691711,239,22853,0.365%,60730.8,182.6,0.301%,19.00
2025-01-10,16691799,239,22852,0.427%,71068.8,210.5,0.296%,21.00
2025-01-09,16692239,239,22848,0.412%,68550.8,182.1,0.266%,20.00
2025-01-08,16692043,239,22845,0.419%,69715.4,187.4,0.269%,20.00
2025-01-07,16692710,239,22841,0.452%,75342.7,173.7,0.231%,20.00
2025-01-06,16694262,239,22839,0.401%,66710.2,213.0,0.319%,22.00
2025-01-05,16695483,239,22836,0.374%,62245.0,205.6,0.330%,22.00
2025-01-04,16696315,239,22834,0.355%,59038.9,218.1,0.369%,22.00
2025-01-03,16697427,239,22831,0.343%,57027.2,209.6,0.368%,21.00
2025-01-02,16698253,239,22827,0.344%,57136.7,223.8,0.392%,21.00
2025-01-01,16698983,239,22824,0.343%,57065.7,260.7,0.457%,19.00
2024-12-31,16699899,239,22819,0.386%,64231.9,230.5,0.359%,16.00
2024-12-30,16700090,239,22815,0.356%,59268.6,221.3,0.373%,16.00
2024-12-29,16700179,239,22812,0.463%,77045.9,247.3,0.321%,17.00
2024-12-28,16701167,239,22810,0.448%,74576.3,238.9,0.320%,17.00
2024-12-27,16701523,239,22808,0.431%,71767.7,208.4,0.290%,18.00
2024-12-26,16702385,239,22805,0.384%,63975.5,134.5,0.210%,17.00
2024-12-25,16703052,257,22804,0.398%,66432.9,128.7,0.194%,19.00
2024-12-24,16703931,257,22803,0.423%,70577.5,109.4,0.155%,22.00
2024-12-23,16704006,257,22799,0.421%,70243.4,108.5,0.154%,22.00
2024-12-22,16704689,257,22795,0.426%,71096.4,118.4,0.167%,19.00
2024-12-21,16703185,257,22793,0.424%,70640.4,125.1,0.177%,20.00
2024-12-20,16703794,257,22790,0.370%,61744.1,123.8,0.201%,19.00
2024-12-19,16704691,257,22788,0.382%,63669.9,119.6,0.188%,22.00
2024-12-18,16707646,257,22785,0.355%,58998.4,286.7,0.486%,27.00
2024-12-17,16706281,257,22780,0.365%,60682.2,287.5,0.474%,27.00
2024-12-16,16706654,257,22776,0.368%,61001.8,398.2,0.653%,23.00
2024-12-15,16706828,257,22777,0.363%,60281.6,438.5,0.727%,28.00
2024-12-14,16709064,257,22772,0.413%,68559.1,424.8,0.620%,28.00
2024-12-13,16707717,257,22770,0.458%,76177.4,337.6,0.443%,32.00
2024-12-12,16706597,257,22765,0.461%,76652.2,306.8,0.400%,27.00
2024-12-11,16705449,257,22759,0.453%,75303.9,304.5,0.404%,21.00
2024-12-10,16704709,257,22754,0.484%,80574.1,197.8,0.245%,20.00
2024-12-09,16704158,257,22752,0.433%,72187.0,196.6,0.272%,27.00
2024-12-08,16702678,257,22748,0.397%,66162.0,161.9,0.245%,27.00
2024-12-07,16702260,257,22743,0.402%,66990.8,161.1,0.240%,23.00
2024-12-06,16701868,257,22741,0.431%,71736.1,169.9,0.237%,24.00
2024-12-05,16702143,257,22736,0.399%,66481.3,156.7,0.236%,23.00
2024-12-04,16702238,257,22733,0.425%,70856.7,144.1,0.203%,22.00
2024-12-03,16703889,257,22730,0.426%,71070.9,128.8,0.181%,21.00
2024-12-02,16704731,257,22723,0.466%,77584.6,329.0,0.424%,17.00
2024-12-01,16704877,257,22718,0.445%,73975.8,438.6,0.593%,16.00
2024-11-30,16704306,257,22716,0.537%,89313.8,457.3,0.512%,16.00
2024-11-29,16703789,257,22712,0.557%,92571.4,456.3,0.493%,15.00
2024-11-28,16703419,257,22709,0.485%,80627.1,374.7,0.465%,17.00
2024-11-27,16702401,257,22708,0.487%,80962.8,382.3,0.472%,19.00
2024-11-26,16702450,257,22706,0.451%,75028.5,272.0,0.363%,27.00
2024-11-25,16701460,257,22702,0.481%,80086.6,228.1,0.285%,32.00
2024-11-24,16699495,257,22698,0.564%,93942.2,260.5,0.277%,34.00
2024-11-23,16696581,257,22696,0.598%,99535.9,282.9,0.284%,42.00
2024-11-22,16693101,257,22694,0.704%,117061.8,479.8,0.410%,55.00
2024-11-21,16690196,257,22690,0.866%,143955.1,649.1,0.451%,77.00
2024-11-20,16684598,257,22684,0.814%,135448.0,377.0,0.278%,133.00
2024-11-19,16677165,257,22673,0.300%,49908.0,131.0,0.262%,351.00
2024-11-18,16668463,257,22642,0.676%,112168.0,489.0,0.436%,154.00
2024-11-17,16660811,257,22620,0.206%,34241.0,88.0,0.257%,386.00
2024-11-16,16644793,257,22590,0.344%,57164.0,47.0,0.082%,161.00
2024-11-15,16638664,257,22565,0.544%,89979.7,530.3,0.589%,85.00
2024-11-14,16626438,257,22550,0.495%,81837.0,488.4,0.597%,51.00
2024-11-13,16625369,257,22541,0.318%,52592.1,348.0,0.662%,27.00
2024-11-12,16626194,257,22534,0.318%,52750.4,150.3,0.285%,23.00
2024-11-11,16626594,257,22528,0.364%,60253.3,254.9,0.423%,22.00
2024-11-10,16626467,257,22522,0.398%,65927.0,245.7,0.373%,21.00
2024-11-09,16625560,257,22521,0.422%,69846.6,290.7,0.416%,27.00
2024-11-08,16624365,257,22519,0.490%,81030.3,372.3,0.459%,32.00
2024-11-07,16623228,257,22516,0.566%,93627.5,434.6,0.464%,39.00
2024-11-06,16620594,257,22515,0.588%,97174.6,477.0,0.491%,50.00
2024-11-05,16615159,257,22511,0.670%,110622.3,697.9,0.631%,68.00
2024-11-04,16606513,256,22506,0.630%,103949.0,668.5,0.643%,100.00
2024-11-03,16597634,256,22501,0.189%,31291.0,140.0,0.447%,131.00
2024-11-02,16585682,256,22480,0.163%,26994.0,49.0,0.182%,127.00
2024-11-01,16577650,256,22455,0.397%,65398.6,408.4,0.624%,85.00
2024-10-31,16571283,256,22438,0.332%,54769.2,176.7,0.323%,93.00
2024-10-30,16568087,256,22430,0.558%,90628.7,1883.3,2.078%,71.00
2024-10-29,16562441,256,22412,0.514%,84524.4,602.3,0.713%,69.00
2024-10-28,16558332,256,22405,0.431%,70779.4,559.5,0.790%,108.00
2024-10-27,16552040,256,22400,0.454%,74790.0,384.0,0.513%,253.00
2024-10-26,16545788,256,22368,0.095%,15635.0,33.0,0.211%,125.00
2024-10-25,16542297,256,22344,0.423%,69749.6,221.4,0.317%,73.00
2024-10-24,16538880,256,22327,0.365%,60088.4,322.8,0.537%,76.00
2024-10-23,16536065,256,22320,0.593%,97510.4,476.8,0.489%,63.00
2024-10-22,16532829,256,22305,0.725%,119207.7,628.6,0.527%,64.00
2024-10-21,16529449,255,22297,0.666%,109222.3,796.9,0.730%,93.00
2024-10-20,16522891,255,22291,0.260%,42904.0,108.0,0.252%,174.00
2024-10-19,16506585,254,22266,0.097%,15958.0,52.0,0.326%,114.00
2024-10-18,16491604,255,22243,0.139%,22823.0,93.3,0.409%,110.00
2024-10-17,16482018,255,22221,0.254%,41719.5,123.5,0.296%,78.00
2024-10-16,16480753,255,22204,0.298%,49001.4,157.7,0.322%,32.00
2024-10-15,16480178,255,22197,0.273%,44864.6,113.6,0.253%,28.00
2024-10-14,16479762,255,22193,0.290%,47736.3,110.0,0.230%,28.00
2024-10-13,16478785,255,22184,0.408%,67156.5,135.4,0.202%,26.00
2024-10-12,16476715,255,22181,0.446%,73389.4,151.3,0.206%,28.00
2024-10-11,16474274,255,22178,0.490%,80625.8,172.2,0.214%,33.00
2024-10-10,16472705,255,22175,0.477%,78405.4,180.4,0.230%,40.00
2024-10-09,16471659,255,22170,0.515%,84469.5,359.7,0.426%,49.00
2024-10-08,16470992,255,22165,0.613%,100393.9,532.0,0.530%,66.00
2024-10-07,16468965,255,22162,0.649%,106264.3,673.4,0.634%,99.00
2024-10-06,16464746,255,22154,0.185%,30306.0,82.0,0.271%,127.00
2024-10-05,16453918,255,22129,0.105%,17155.0,65.0,0.379%,186.00
2024-10-04,16445244,255,22101,0.215%,35215.7,112.0,0.318%,110.00
2024-10-03,16441114,255,22079,0.320%,52457.2,111.5,0.213%,68.00
2024-10-02,16436792,255,22066,0.378%,61931.5,242.9,0.392%,52.00
2024-10-01,16433151,255,22053,0.634%,103523.1,707.5,0.683%,66.00
2024-09-30,16427108,255,22048,0.594%,96799.2,731.4,0.756%,91.00
2024-09-29,16413898,255,22043,0.450%,73572.0,236.0,0.321%,122.00
2024-09-28,16390555,255,22022,0.523%,85509.0,256.0,0.299%,117.00
2024-09-27,16372499,255,21999,0.558%,90664.3,747.0,0.824%,111.00
2024-09-26,16362967,255,21979,0.372%,60474.6,413.6,0.684%,103.00
2024-09-25,16357675,255,21965,0.241%,39309.8,145.0,0.369%,67.00
2024-09-24,16354446,255,21967,0.488%,79183.5,595.1,0.752%,73.00
2024-09-23,16351407,255,21979,1.377%,224750.0,452.0,0.201%,115.00
2024-09-22,16347181,255,21971,0.261%,42276.0,410.0,0.970%,147.00
2024-09-21,16339157,255,21947,0.308%,50186.0,99.0,0.197%,132.00
2024-09-20,16333569,255,21925,0.321%,52145.0,229.4,0.440%,49.00
2024-09-19,16331659,254,21916,0.268%,43687.1,155.4,0.356%,33.00
2024-09-18,16330269,254,21906,0.251%,40807.0,141.3,0.346%,23.00
2024-09-17,16329556,254,21901,0.306%,49742.6,209.8,0.422%,22.00
2024-09-16,16327862,254,21897,0.329%,53414.6,343.0,0.642%,24.00
2024-09-15,16325315,254,21891,0.352%,57143.5,304.5,0.533%,27.00
2024-09-14,16321490,254,21889,0.380%,61643.3,319.9,0.519%,32.00
2024-09-13,16319136,254,21887,0.466%,75530.8,439.2,0.581%,38.00
2024-09-12,16317412,254,21883,0.432%,70044.3,431.0,0.615%,43.00
2024-09-11,16315001,254,21880,0.504%,81728.6,558.7,0.684%,55.00
2024-09-10,16312224,254,21876,0.576%,93376.0,660.8,0.708%,76.00
2024-09-09,16309270,254,21870,1.509%,243979.0,2165.0,0.887%,129.00
2024-09-08,16301508,254,21861,0.238%,38636.0,134.0,0.347%,155.00
2024-09-07,16290271,254,21836,0.073%,11889.0,25.0,0.210%,150.00
2024-09-06,16286063,254,21804,0.344%,55775.4,293.4,0.526%,76.00
2024-09-05,16282737,254,21791,0.420%,68024.3,439.4,0.646%,68.00
2024-09-04,16281085,254,21775,0.447%,72216.8,523.1,0.724%,68.00
2024-09-03,16276073,254,21763,0.716%,114765.8,1742.2,1.518%,76.00
2024-09-02,16260957,254,21756,1.553%,247036.0,5428.0,2.197%,126.00
2024-09-01,16216226,254,21745,0.104%,16822.0,70.0,0.416%,246.00
2024-08-31,16186675,254,21720,0.107%,17256.0,76.0,0.440%,306.00
2024-08-30,16178441,254,21693,0.676%,108495.0,874.3,0.806%,73.00
2024-08-29,16175136,254,21680,0.466%,75012.6,282.9,0.377%,53.00
2024-08-28,16172230,254,21667,0.369%,59342.3,257.1,0.433%,28.00
2024-08-27,16170839,254,21658,0.341%,54889.9,235.2,0.428%,21.00
2024-08-26,16170155,254,21653,0.366%,58866.5,351.2,0.597%,21.00
2024-08-25,16169492,254,21645,0.350%,56263.4,307.0,0.546%,17.00
2024-08-24,16167591,254,21642,0.439%,70438.1,493.0,0.700%,28.00
2024-08-23,16166317,254,21641,0.438%,70273.9,540.5,0.769%,33.00
2024-08-22,16165766,253,21639,0.430%,68978.6,533.8,0.774%,40.00
2024-08-21,16163654,253,21638,0.496%,79540.3,683.5,0.859%,52.00
2024-08-20,16162485,253,21633,0.435%,69861.7,511.5,0.732%,69.00
2024-08-19,16159230,253,21629,0.558%,90144.3,102.4,0.114%,105.00
2024-08-18,16148656,254,21626,0.067%,10812.0,33.0,0.305%,149.00
2024-08-17,16138482,254,21603,0.471%,75764.0,185.0,0.244%,131.00
2024-08-16,16133587,253,21579,0.354%,56672.8,416.3,0.735%,108.00
2024-08-15,16132557,253,21562,0.245%,39435.6,152.3,0.386%,52.00
2024-08-14,16133480,253,21545,0.274%,43890.1,250.3,0.570%,27.00
2024-08-13,16133170,253,21539,0.303%,48624.4,283.6,0.583%,27.00
2024-08-12,16132780,253,21531,0.326%,52281.2,283.9,0.543%,27.00
2024-08-11,16131458,253,21533,0.329%,52762.9,289.2,0.548%,27.00
2024-08-10,16130266,253,21528,0.332%,53271.4,288.3,0.541%,29.00
2024-08-09,16128585,253,21525,0.333%,53475.7,281.9,0.527%,34.00
2024-08-08,16127838,253,21521,0.336%,53956.3,225.4,0.418%,41.00
2024-08-07,16126605,253,21520,0.308%,49531.7,218.7,0.442%,53.00
2024-08-06,16124991,253,21511,0.375%,60140.3,256.2,0.426%,73.00
2024-08-05,16124146,253,21506,0.131%,21124.5,12.0,0.057%,116.00
2024-08-04,16114302,253,21499,0.262%,42040.0,211.0,0.502%,161.00
2024-08-03,16104235,253,21472,0.191%,30529.0,166.0,0.544%,155.00
2024-08-02,16101783,253,21447,0.049%,7909.0,13.0,0.164%,160.00
2024-08-01,16098238,253,21422,0.069%,11112.0,11.0,0.099%,120.00
2024-07-31,16097383,253,21399,0.251%,40290.8,138.9,0.345%,40.00
2024-07-30,16096994,253,21389,0.215%,34415.7,209.2,0.608%,40.00
2024-07-29,16097437,253,21381,0.211%,33755.4,258.5,0.766%,41.00
2024-07-28,16096102,253,21373,0.197%,31481.6,216.4,0.687%,33.00
2024-07-27,16095047,253,21369,0.230%,36806.1,167.1,0.454%,39.00
2024-07-26,16093530,253,21363,0.222%,35639.5,126.7,0.356%,48.00
2024-07-25,16091994,253,21353,0.263%,42280.0,114.5,0.271%,34.00
2024-07-24,16090138,253,21349,0.275%,44125.5,116.6,0.264%,38.00
2024-07-23,16089901,253,21347,0.312%,50047.2,152.5,0.305%,42.00
2024-07-22,16088709,253,21335,0.421%,67420.2,276.8,0.411%,33.00
2024-07-21,16086883,253,21329,0.372%,59579.2,230.2,0.386%,33.00
2024-07-20,16084475,253,21326,0.426%,68269.3,295.5,0.433%,38.00
2024-07-19,16083233,253,21318,0.371%,59430.2,283.1,0.476%,40.00
2024-07-18,16081385,253,21312,0.337%,53926.0,260.8,0.484%,48.00
2024-07-17,16079787,253,21308,0.361%,57796.9,283.1,0.490%,39.00
2024-07-16,16079424,253,21302,0.373%,59610.0,298.5,0.501%,33.00
2024-07-15,16078976,253,21294,0.361%,57703.4,304.0,0.527%,31.00
2024-07-14,16077905,253,21285,0.381%,60904.0,331.4,0.544%,27.00
2024-07-13,16075395,253,21282,0.373%,59543.8,337.3,0.566%,32.00
2024-07-12,16073426,253,21275,0.412%,65839.5,394.1,0.599%,34.00
2024-07-11,16071863,253,21272,0.490%,78199.3,583.8,0.747%,41.00
2024-07-10,16070424,253,21269,0.534%,85152.2,688.4,0.808%,54.00
2024-07-09,16068474,253,21263,0.751%,119466.0,1155.3,0.967%,75.00
2024-07-08,16063588,253,21259,0.824%,129805.0,2554.0,1.968%,126.00
2024-07-07,16052565,253,21250,0.135%,21542.0,99.0,0.460%,327.00
2024-07-06,16041967,253,21218,0.367%,58508.0,368.0,0.629%,132.00
2024-07-05,16036327,253,21193,0.279%,44608.8,177.7,0.398%,75.00
2024-07-04,16031983,253,21175,0.289%,46103.3,243.5,0.528%,54.00
2024-07-03,16028452,253,21167,0.298%,47463.1,287.3,0.605%,70.00
2024-07-02,16024930,253,21154,0.322%,51383.2,281.5,0.548%,78.00
2024-07-01,16021765,253,21144,0.692%,109328.0,1565.0,1.431%,126.00
2024-06-30,16013424,253,21133,0.076%,12081.0,21.0,0.174%,149.00
2024-06-29,15998107,253,21110,0.122%,19394.0,83.0,0.428%,314.00
2024-06-28,15990938,253,21079,0.304%,48484.7,120.3,0.248%,77.00
2024-06-27,15988023,252,21060,0.530%,84284.6,526.4,0.625%,49.00
2024-06-26,15985924,252,21054,0.524%,83325.4,508.2,0.610%,32.00
2024-06-25,15982222,252,21047,0.391%,62178.4,328.9,0.529%,32.00
2024-06-24,15980357,252,21039,0.264%,42093.2,116.6,0.277%,28.00
2024-06-23,15980571,252,21028,0.195%,31050.0,173.4,0.558%,20.00
2024-06-22,15980367,252,21027,0.128%,20319.9,150.3,0.740%,20.00
2024-06-21,15981426,252,21025,0.144%,22907.9,181.0,0.790%,19.00
2024-06-20,15981470,252,21020,0.155%,24512.8,186.5,0.761%,18.00
2024-06-19,15981090,252,21015,0.361%,57142.4,501.1,0.877%,22.00
2024-06-18,15981307,252,21010,0.373%,59250.8,427.8,0.722%,21.00
2024-06-17,15981646,252,21006,0.366%,57919.0,576.5,0.995%,20.00
2024-06-16,15980983,252,21003,0.341%,54017.6,522.9,0.968%,21.00
2024-06-15,15979863,252,21000,0.394%,62414.7,552.1,0.885%,22.00
2024-06-14,15979111,252,20995,0.403%,63783.7,600.4,0.941%,23.00
2024-06-13,15978622,252,20991,0.257%,40769.9,354.3,0.869%,21.00
2024-06-12,15977432,252,20980,0.323%,51129.7,447.7,0.876%,17.00
2024-06-11,15976834,252,20975,0.685%,108047.7,1378.0,1.275%,27.00
2024-06-10,15976310,252,20970,0.695%,109688.0,1383.3,1.261%,29.00
2024-06-09,15974638,252,9736,0.681%,107308.2,1399.3,1.304%,32.00
2024-06-08,15972034,252,9736,0.662%,104438.3,1363.1,1.305%,38.00
2024-06-07,15969947,252,9736,0.657%,103615.9,1371.7,1.324%,43.00
2024-06-06,15966830,252,9736,0.759%,119504.0,1668.1,1.396%,56.00
2024-06-05,15961485,252,9736,0.706%,111043.1,1581.8,1.424%,78.00
2024-06-04,15954443,252,9736,0.304%,48282.2,186.7,0.387%,80.00
2024-06-03,15948026,252,9736,0.619%,97871.0,909.0,0.929%,131.00
2024-06-02,15938327,252,9736,0.098%,15621.0,34.0,0.218%,153.00
2024-06-01,15924714,252,9736,0.704%,110028.0,2151.0,1.955%,347.00
2024-05-31,15915298,252,9736,0.415%,65868.0,228.0,0.346%,80.00
2024-05-30,15910524,252,9736,0.365%,57677.4,391.4,0.679%,71.00
2024-05-29,15906991,252,9736,0.555%,87521.9,769.8,0.880%,55.00
2024-05-28,15904504,252,9736,0.540%,85121.5,759.3,0.892%,70.00
2024-05-27,15899191,252,9736,0.261%,41338.0,93.0,0.225%,113.00
2024-05-26,15891968,252,9736,0.090%,14267.0,38.0,0.266%,153.00
2024-05-25,15881078,252,9736,0.215%,33377.0,741.0,2.220%,150.00
2024-05-24,15876813,251,9736,0.482%,75112.0,1358.0,1.808%,117.00
2024-05-23,15875529,251,9736,0.487%,76898.5,378.5,0.492%,49.00
2024-05-22,15874576,251,9736,0.282%,44499.7,326.4,0.733%,22.00
2024-05-21,15873362,251,9736,0.236%,37207.6,261.4,0.703%,22.00
2024-05-20,15872241,251,9736,0.301%,47413.6,349.2,0.736%,24.00
2024-05-19,15870930,251,9736,0.336%,52896.9,385.8,0.729%,23.00
2024-05-18,15868289,251,9736,0.428%,67379.0,521.9,0.775%,29.00
2024-05-17,15866279,251,9736,0.460%,72470.0,514.5,0.710%,34.00
2024-05-16,15864432,251,9736,0.523%,82258.4,650.4,0.791%,41.00
2024-05-15,15861136,250,9736,0.560%,88108.4,709.3,0.805%,53.00
2024-05-14,15857200,250,9736,0.637%,100125.2,861.1,0.860%,74.00
2024-05-13,15851781,250,9736,0.269%,42601.0,81.0,0.190%,115.00
2024-05-12,15840612,250,9736,0.309%,48738.0,212.0,0.435%,278.00
2024-05-11,15825264,250,9736,0.131%,20644.0,132.0,0.639%,144.00
2024-05-10,15818001,250,9736,0.592%,92938.0,749.0,0.806%,135.00
2024-05-09,15815352,250,9736,0.618%,96854.2,871.4,0.900%,40.00
2024-05-08,15812040,250,9736,0.510%,79836.3,743.6,0.931%,24.00
2024-05-07,15807052,250,9736,0.361%,56680.1,339.2,0.598%,23.00
2024-05-06,15801420,250,9736,0.339%,53206.6,326.9,0.614%,27.00
2024-05-05,15796870,250,9736,0.402%,62986.2,446.3,0.709%,27.00
2024-05-04,15793888,250,9736,0.429%,67308.8,477.2,0.709%,32.00
2024-05-03,15791441,250,9736,0.447%,70195.1,469.8,0.669%,38.00
2024-05-02,15788748,250,9736,0.592%,92858.4,650.2,0.700%,43.00
2024-05-01,15785040,250,9736,0.639%,100211.3,726.4,0.725%,56.00
2024-04-30,15778419,250,9736,0.839%,131472.9,921.1,0.701%,79.00
2024-04-29,15769358,250,9736,0.705%,110628.0,619.0,0.560%,136.00
2024-04-28,15754220,250,9736,0.184%,28906.0,52.0,0.180%,390.00
2024-04-27,15735567,250,9736,0.179%,28112.0,83.0,0.295%,362.00
2024-04-26,15725458,250,9736,0.165%,25712.3,194.0,0.755%,77.00
2024-04-25,15718902,250,9736,0.215%,33596.1,125.6,0.374%,52.00
2024-04-24,15713653,250,9736,0.249%,38978.6,157.8,0.405%,32.00
2024-04-23,15711440,250,9736,0.266%,41526.1,196.4,0.473%,27.00
2024-04-22,15709887,250,9736,0.256%,39963.8,230.9,0.578%,22.00
2024-04-21,15709150,250,9736,0.330%,51614.7,280.1,0.543%,26.00
2024-04-20,15707406,250,9736,0.340%,53057.0,289.2,0.545%,30.00
2024-04-19,15705505,250,9736,0.364%,56844.3,299.0,0.526%,35.00
2024-04-18,15703668,250,9736,0.370%,57856.5,306.0,0.529%,43.00
2024-04-17,15702299,250,9736,0.461%,71776.3,561.2,0.782%,57.00
2024-04-16,15701348,250,9736,0.525%,81772.5,656.9,0.803%,81.00
2024-04-15,15695913,250,9736,0.118%,18424.0,20.0,0.109%,136.00
2024-04-14,15683903,250,9736,0.161%,25126.0,87.0,0.346%,172.00
2024-04-13,15675976,250,9736,0.153%,23826.0,122.0,0.512%,84.00
2024-04-12,15672175,250,9736,0.419%,65375.9,215.1,0.329%,40.00
2024-04-11,15670204,250,9736,0.382%,59655.8,212.8,0.357%,40.00
2024-04-10,15667978,250,9736,0.319%,49709.6,222.2,0.447%,33.00
2024-04-09,15664126,250,9736,0.305%,47526.1,326.7,0.687%,32.00
2024-04-08,15659528,250,9736,0.249%,38779.0,286.7,0.739%,28.00
2024-04-07,15655968,250,9736,0.239%,37045.1,407.4,1.100%,27.00
2024-04-06,15652428,250,9736,0.283%,43821.5,512.7,1.170%,24.00
2024-04-05,15649832,250,9736,0.267%,41314.8,437.4,1.059%,23.00
2024-04-04,15647247,250,9736,0.301%,46671.7,493.5,1.057%,20.00
2024-04-03,15645266,250,9736,0.387%,59895.7,629.3,1.051%,17.00
2024-04-02,15642509,250,9736,0.549%,85320.6,513.4,0.602%,17.00
2024-04-01,15640160,250,9736,0.442%,68869.3,299.9,0.435%,17.00
2024-03-31,15636322,250,9736,0.507%,78923.5,395.1,0.501%,19.00
2024-03-30,15632078,250,9736,0.583%,90567.0,645.8,0.713%,28.00
2024-03-29,15624327,250,9736,0.587%,91012.6,664.4,0.730%,34.00
2024-03-28,15617725,250,9736,0.608%,94265.0,714.3,0.758%,41.00
2024-03-27,15612385,249,9736,0.628%,97220.8,834.6,0.858%,54.00
2024-03-26,15607164,249,9736,0.657%,101510.1,976.4,0.962%,75.00
2024-03-25,15599821,249,9736,0.340%,52925.0,58.0,0.110%,122.00
2024-03-24,15584964,249,9736,0.062%,9649.0,22.0,0.228%,168.00
2024-03-23,15565574,249,9736,0.716%,110130.0,1298.0,1.179%,145.00
2024-03-22,15552809,249,9736,0.390%,60504.0,153.4,0.254%,72.00
2024-03-21,15544850,249,9736,0.447%,69208.5,228.6,0.330%,50.00
2024-03-20,15537442,249,9736,0.380%,58905.3,201.2,0.342%,32.00
2024-03-19,15532357,249,9736,0.387%,60044.8,140.3,0.234%,22.00
2024-03-18,15527488,249,9736,0.425%,65738.9,329.4,0.501%,21.00
2024-03-17,15519841,249,9736,0.459%,71008.8,300.1,0.423%,22.00
2024-03-16,15511038,249,9736,0.463%,71501.9,292.5,0.409%,29.00
2024-03-15,15498624,249,9736,0.496%,76460.5,359.1,0.470%,35.00
2024-03-14,15491402,249,9736,0.516%,79500.8,361.9,0.455%,43.00
2024-03-13,15485112,249,9736,0.548%,84449.0,479.1,0.567%,55.00
2024-03-12,15473258,249,9736,0.588%,90606.9,448.3,0.495%,77.00
2024-03-11,15451702,249,9736,0.117%,18063.0,14.0,0.078%,130.00
2024-03-10,15404026,249,9736,0.924%,141476.0,887.0,0.627%,156.00
2024-03-09,15386264,249,9736,0.189%,29061.0,91.0,0.313%,160.00
2024-03-08,15373904,249,9736,0.081%,12425.0,29.0,0.233%,118.00
2024-03-07,15367598,249,9736,0.304%,46370.5,335.3,0.723%,68.00
2024-03-06,15363620,249,9736,0.353%,53878.2,365.9,0.679%,69.00
2024-03-05,15361425,249,9736,0.404%,61833.5,281.3,0.455%,50.00
2024-03-04,15359397,249,9736,0.325%,49640.1,209.3,0.422%,50.00
2024-03-03,15356759,249,9736,0.265%,40495.7,154.8,0.382%,42.00
2024-03-02,15354355,249,9736,0.360%,55068.5,252.0,0.458%,54.00
2024-03-01,15351129,249,9736,0.308%,47097.6,179.6,0.381%,54.00
2024-02-29,15348683,249,9736,0.206%,31320.5,229.5,0.733%,52.00
2024-02-28,15347602,249,9736,0.237%,36038.0,264.5,0.734%,49.00
2024-02-27,15347532,249,9736,0.311%,47625.9,109.8,0.231%,34.00
2024-02-26,15345173,249,9736,0.290%,44419.0,145.7,0.328%,34.00
2024-02-25,15341612,249,9736,0.329%,50381.3,146.5,0.291%,34.00
2024-02-24,15335781,249,9736,0.315%,48212.0,162.6,0.337%,42.00
2024-02-23,15329513,249,9736,0.362%,55373.2,138.1,0.249%,43.00
2024-02-22,15325864,249,9736,0.375%,57319.5,115.2,0.201%,54.00
2024-02-21,15321606,249,9736,0.399%,61018.4,127.8,0.209%,54.00
2024-02-20,15318502,249,9736,0.489%,74627.0,242.9,0.325%,49.00
2024-02-19,15316573,249,9736,0.485%,73961.9,352.9,0.477%,49.00
2024-02-18,15314535,249,9736,0.458%,69739.7,358.2,0.514%,39.00
2024-02-17,15312509,249,9736,0.426%,64869.2,381.0,0.587%,34.00
2024-02-16,15309506,249,9736,0.471%,71707.1,418.1,0.583%,40.00
2024-02-15,15305739,249,9736,0.501%,76325.4,358.9,0.470%,33.00
2024-02-14,15304991,249,9736,0.427%,65147.3,227.6,0.349%,28.00
2024-02-13,15303049,249,9736,0.458%,69974.1,189.7,0.271%,32.00
2024-02-12,15301879,248,9736,0.410%,62515.2,181.6,0.290%,32.00
2024-02-11,15300401,247,9736,0.369%,56340.8,141.0,0.250%,34.00
2024-02-10,15297039,247,9736,0.378%,57555.4,202.5,0.352%,42.00
2024-02-09,15293747,247,9736,0.378%,57620.4,219.9,0.382%,55.00
2024-02-08,15289312,247,9736,0.346%,52682.7,240.5,0.457%,71.00
2024-02-07,15285122,247,9736,0.640%,97470.4,397.9,0.408%,80.00
2024-02-06,15278571,247,9736,0.604%,92029.4,299.2,0.325%,51.00
2024-02-05,15267157,247,9736,0.519%,79057.8,245.7,0.311%,33.00
2024-02-04,15252717,247,9736,0.514%,77953.0,434.5,0.557%,28.00
2024-02-03,15240562,247,9736,0.494%,74889.0,439.0,0.586%,33.00
2024-02-02,15232933,247,9736,0.478%,72364.2,491.1,0.679%,40.00
2024-02-01,15224645,247,9736,0.476%,72069.6,341.8,0.474%,50.00
2024-01-31,15217437,246,9736,0.445%,67356.8,336.8,0.500%,35.00
2024-01-30,15210181,246,9736,0.417%,63022.3,329.2,0.522%,32.00
2024-01-29,15204065,246,9736,0.476%,71925.1,398.9,0.555%,34.00
2024-01-28,15197526,246,9736,0.536%,80720.9,683.8,0.847%,29.00
2024-01-27,15192018,246,9736,0.493%,74222.0,669.1,0.901%,33.00
2024-01-26,15187775,246,9736,0.544%,81976.8,615.6,0.751%,34.00
2024-01-25,15182980,246,9736,0.518%,78092.1,602.0,0.771%,39.00
2024-01-24,15178566,246,9736,0.448%,67382.8,581.3,0.863%,43.00
2024-01-23,15176093,246,9736,0.647%,97833.9,420.1,0.429%,39.00
2024-01-22,15172554,246,9736,0.561%,84796.6,386.6,0.456%,39.00
2024-01-21,15169740,246,9736,0.400%,60553.8,173.6,0.287%,32.00
2024-01-20,15166436,246,9736,0.356%,53630.8,392.1,0.731%,32.00
2024-01-19,15163275,246,9736,0.351%,52862.3,342.2,0.647%,27.00
2024-01-18,15159436,246,9736,0.396%,59661.2,333.9,0.560%,27.00
2024-01-17,15157455,246,9736,0.387%,58258.0,342.6,0.588%,22.00
2024-01-16,15155697,246,9736,0.427%,64481.7,162.5,0.252%,22.00
2024-01-15,15153884,246,9736,0.422%,63752.0,177.4,0.278%,21.00
2024-01-14,15151902,246,9736,0.427%,64534.0,178.4,0.276%,20.00
2024-01-13,15146622,246,9736,0.401%,60556.5,168.1,0.278%,17.00
2024-01-12,15143619,246,9736,0.361%,54609.2,128.0,0.234%,16.00
2024-01-11,15140102,246,9736,0.335%,50682.8,107.0,0.211%,14.00
2024-01-10,15136920,246,9736,0.319%,48189.0,118.3,0.245%,16.00
2024-01-09,15135185,246,9736,0.306%,46289.1,91.4,0.197%,14.00
2024-01-08,15133224,246,9736,0.344%,51864.7,170.7,0.329%,16.00
2024-01-07,15131552,246,9736,0.393%,59202.5,238.3,0.403%,17.00
2024-01-06,15129111,246,9736,0.393%,59149.4,283.5,0.479%,19.00
2024-01-05,15126854,246,9736,0.386%,58031.6,355.5,0.613%,20.00
2024-01-04,15125253,246,9736,0.400%,60126.4,332.6,0.553%,21.00
2024-01-03,15123121,247,9736,0.433%,65174.9,369.5,0.567%,21.00
2024-01-02,15121859,245,9736,0.373%,56147.9,261.2,0.465%,27.00
2024-01-01,15120133,245,9736,0.314%,47317.9,205.0,0.433%,22.00
2023-12-31,15117730,245,9736,0.325%,49007.3,120.2,0.245%,24.00
2023-12-30,15114633,245,9736,0.336%,50631.5,172.3,0.340%,27.00
2023-12-29,15111267,245,9736,0.326%,49037.6,168.7,0.344%,24.00
2023-12-28,15108745,245,9736,0.320%,48161.3,157.5,0.327%,28.00
2023-12-27,15107228,245,9736,0.340%,51178.4,172.3,0.337%,28.00
2023-12-26,15106173,245,9735,0.321%,48353.5,144.9,0.300%,24.00
2023-12-25,15104769,245,9735,0.324%,48720.4,171.8,0.353%,27.00
2023-12-24,15101646,245,9735,0.296%,44472.3,176.7,0.397%,27.00
2023-12-23,15094140,245,9735,0.340%,51069.2,206.9,0.405%,23.00
2023-12-22,15094166,245,9735,0.327%,49102.1,197.9,0.403%,23.00
2023-12-21,15089985,245,9735,0.353%,53064.4,186.2,0.351%,21.00
2023-12-20,15086577,244,9736,0.351%,52716.8,180.0,0.341%,20.00
2023-12-19,15083382,244,9735,0.367%,55191.3,106.5,0.193%,22.00
2023-12-18,15080467,244,9735,0.352%,53003.2,123.7,0.233%,21.00
2023-12-17,15077324,244,9735,0.383%,57640.1,137.7,0.239%,21.00
2023-12-16,15073222,244,9735,0.376%,56586.8,148.8,0.263%,20.00
2023-12-15,15070411,244,9736,0.382%,57390.4,166.7,0.290%,19.00
2023-12-14,15067814,244,9736,0.387%,58120.3,169.3,0.291%,17.00
2023-12-13,15065241,244,9736,0.412%,61834.2,203.5,0.329%,19.00
2023-12-12,15063297,244,9736,0.379%,56893.3,147.4,0.259%,17.00
2023-12-11,15061669,244,9736,0.462%,69198.2,380.5,0.550%,19.00
2023-12-10,15060097,244,9736,0.402%,60200.6,347.9,0.578%,20.00
2023-12-09,15056895,244,9736,0.441%,66029.1,379.0,0.574%,27.00
2023-12-08,15052767,244,9737,0.441%,66030.0,416.8,0.631%,31.00
2023-12-07,15051613,244,9737,0.442%,66026.0,428.0,0.648%,33.00
2023-12-06,15047420,244,9737,0.356%,53222.4,369.3,0.694%,32.00
2023-12-05,15045252,244,9737,0.363%,54272.8,306.2,0.564%,34.00
2023-12-04,15041497,244,9737,0.291%,43580.9,199.8,0.458%,39.00
2023-12-03,15036123,257,9737,0.374%,55925.9,304.0,0.544%,42.00
2023-12-02,15032075,257,9738,0.354%,53023.7,236.6,0.446%,43.00
2023-12-01,15024148,257,9739,0.461%,68986.9,294.7,0.427%,56.00
2023-11-30,15015049,257,9739,0.436%,65250.2,207.1,0.317%,78.00
2023-11-29,15001905,257,9739,0.680%,101338.0,690.0,0.681%,126.00
2023-11-28,14984733,257,9740,0.580%,86568.0,269.0,0.311%,167.00
2023-11-27,14968170,257,9744,0.322%,48055.0,217.0,0.452%,284.00
2023-11-26,14955781,257,9744,0.282%,42177.0,37.0,0.088%,449.00
2023-11-25,14936023,257,9740,0.271%,40237.0,188.0,0.467%,262.00
2023-11-24,14929168,257,9740,0.349%,51751.8,282.5,0.546%,75.00
2023-11-23,14922529,257,9740,0.336%,49759.3,337.1,0.677%,68.00
2023-11-22,14916271,257,9741,0.349%,51529.6,523.3,1.016%,74.00
2023-11-21,14909883,256,9741,0.426%,63001.8,551.5,0.875%,85.00
2023-11-20,14899147,256,9742,0.210%,31124.0,137.0,0.440%,141.00
2023-11-19,14863033,256,9742,0.247%,36656.0,120.0,0.327%,262.00
2023-11-18,14806776,256,9742,0.363%,53299.0,383.0,0.719%,162.00
2023-11-17,14803729,256,9742,0.130%,19145.0,106.0,0.554%,111.00
2023-11-16,14789316,256,9742,0.296%,43602.2,161.7,0.371%,109.00
2023-11-15,14783181,256,9742,0.306%,44988.0,208.5,0.463%,112.00
2023-11-14,14778690,256,9742,0.406%,59542.2,401.8,0.675%,72.00
2023-11-13,14773231,256,9742,0.561%,82381.0,461.3,0.560%,107.00
2023-11-12,14767737,256,9743,0.221%,32542.0,95.0,0.292%,182.00
2023-11-11,14756683,256,9744,0.186%,27335.0,87.0,0.318%,169.00
2023-11-10,14750632,256,9744,0.298%,43680.8,227.0,0.520%,93.00
2023-11-09,14747961,256,9745,0.239%,35130.8,115.4,0.328%,51.00
2023-11-08,14743758,257,9745,0.244%,35832.4,121.7,0.340%,39.00
2023-11-07,14741340,257,9744,0.217%,31925.4,85.7,0.268%,39.00
2023-11-06,14735631,257,9745,0.185%,27098.8,94.3,0.348%,34.00
2023-11-05,14730613,257,9745,0.203%,29764.7,127.7,0.429%,32.00
2023-11-04,14724546,257,9745,0.222%,32546.5,188.9,0.580%,39.00
2023-11-03,14718721,257,9746,0.254%,37156.1,225.8,0.608%,41.00
2023-11-02,14711907,257,9745,0.253%,36992.5,201.7,0.545%,41.00
2023-11-01,14706506,257,9745,0.295%,43127.1,240.6,0.558%,52.00
2023-10-31,14702536,257,9746,0.393%,57513.6,300.9,0.523%,69.00
2023-10-30,14699190,257,9746,0.386%,56449.6,341.5,0.605%,106.00
2023-10-29,14697711,257,9747,0.162%,23657.0,121.0,0.511%,244.00
2023-10-28,14692927,257,9748,0.307%,44868.0,225.0,0.501%,120.00
2023-10-27,14689758,258,9750,0.332%,48572.1,174.6,0.359%,70.00
2023-10-26,14686728,258,9751,0.495%,72276.2,453.9,0.628%,74.00
2023-10-25,14682936,258,9751,0.419%,61101.6,361.4,0.591%,74.00
2023-10-24,14679876,258,9751,0.336%,49034.8,224.0,0.457%,60.00
2023-10-23,14677370,257,9752,0.341%,49922.4,198.1,0.397%,84.00
2023-10-22,14673515,257,9752,0.251%,36646.0,128.0,0.349%,119.00
2023-10-21,14667868,257,9752,0.126%,18399.0,30.0,0.163%,211.00
2023-10-20,14661445,257,9754,0.205%,29836.7,187.5,0.628%,74.00
2023-10-19,14661582,257,9756,0.401%,58610.1,221.5,0.378%,70.00
2023-10-18,14655697,257,9756,0.547%,79678.9,548.3,0.688%,57.00
2023-10-17,14652540,257,9756,1.102%,159965.3,1530.4,0.957%,67.00
2023-10-16,14647692,257,9756,0.894%,129688.3,1262.8,0.974%,88.00
2023-10-15,14637902,257,9756,0.560%,81639.0,402.0,0.492%,126.00
2023-10-14,14619142,257,9756,0.640%,92899.7,706.7,0.761%,100.00
2023-10-13,14608687,257,9756,0.409%,59279.0,401.0,0.676%,119.00
2023-10-12,14599750,257,9756,0.618%,89700.0,493.3,0.550%,74.00
2023-10-11,14592286,257,9756,0.596%,86268.0,650.1,0.754%,53.00
2023-10-10,14585116,257,9756,0.494%,71559.3,439.1,0.614%,40.00
2023-10-09,14579257,257,9756,0.523%,75800.4,446.1,0.589%,41.00
2023-10-08,14577006,257,9756,0.701%,101550.6,595.4,0.586%,40.00
2023-10-07,14572472,257,9756,0.800%,115661.9,979.8,0.847%,49.00
2023-10-06,14567731,257,9757,0.911%,131434.0,1240.2,0.944%,54.00
2023-10-05,14563196,255,9757,0.384%,55512.5,360.2,0.649%,49.00
2023-10-04,14557366,255,9756,0.454%,65715.3,433.1,0.659%,49.00
2023-10-03,14552143,255,9756,0.559%,80991.1,403.8,0.499%,64.00
2023-10-02,14549195,255,9757,0.509%,73647.6,414.5,0.563%,93.00
2023-10-01,14545437,256,9757,0.073%,10601.0,34.0,0.321%,119.00
2023-09-30,14539596,256,9758,0.167%,24316.0,27.0,0.111%,115.00
2023-09-29,14535797,256,9760,0.380%,54925.0,268.0,0.488%,100.00
2023-09-28,14532032,256,9763,0.368%,53135.1,341.8,0.643%,54.00
2023-09-27,14526593,256,9764,0.535%,77424.1,352.2,0.455%,54.00
2023-09-26,14519845,256,9764,0.696%,100534.7,475.7,0.473%,70.00
2023-09-25,14509633,256,9764,0.519%,75036.3,239.0,0.319%,102.00
2023-09-24,14498020,256,9764,1.223%,176452.0,833.0,0.472%,137.00
2023-09-23,14484721,256,9765,0.088%,12643.0,48.0,0.380%,191.00
2023-09-22,14476351,256,9767,0.664%,95515.0,542.5,0.568%,96.00
2023-09-21,14469676,256,9768,0.267%,38387.4,217.5,0.567%,53.00
2023-09-20,14464372,256,9768,0.420%,60389.4,410.0,0.679%,33.00
2023-09-19,14460245,256,9770,0.259%,37186.5,193.8,0.521%,38.00
2023-09-18,14455933,256,9772,0.225%,32458.4,118.6,0.365%,32.00
2023-09-17,14442437,256,9772,0.265%,38088.7,218.9,0.575%,29.00
2023-09-16,14446483,255,9772,0.287%,41192.9,240.9,0.585%,34.00
2023-09-15,14441854,255,9773,0.340%,48811.8,297.9,0.610%,41.00
2023-09-14,14428666,255,9773,0.479%,68639.4,479.7,0.699%,51.00
2023-09-13,14433694,255,9772,0.486%,69695.5,481.6,0.691%,56.00
2023-09-12,14429824,255,9770,0.415%,59723.3,135.4,0.227%,77.00
2023-09-11,14425678,255,9772,0.469%,67512.0,184.0,0.273%,128.00
2023-09-10,14421154,255,9774,0.102%,14706.0,37.0,0.252%,246.00
2023-09-09,14405979,255,9781,0.300%,42962.0,205.0,0.477%,115.00
2023-09-08,14409527,255,9783,0.716%,102610.3,525.3,0.512%,77.00
2023-09-07,14405461,255,9788,0.323%,46360.2,147.0,0.317%,53.00
2023-09-06,14401015,255,9802,0.558%,79772.2,587.8,0.737%,55.00
2023-09-05,14389332,255,9793,0.628%,89811.5,570.7,0.635%,69.00
2023-09-04,14387589,255,9793,0.205%,29452.0,94.3,0.320%,107.00
2023-09-03,14376253,255,9797,0.161%,23054.0,85.0,0.369%,147.00
2023-09-02,14364453,255,9803,0.075%,10682.0,30.0,0.281%,140.00
2023-09-01,14359450,255,9804,0.358%,51202.3,206.2,0.403%,66.00
2023-08-31,14363695,255,9805,0.336%,47993.1,208.7,0.435%,40.00
2023-08-30,14352320,255,9806,0.264%,37685.8,190.0,0.504%,33.00
2023-08-29,14356673,255,9809,0.232%,33129.7,114.5,0.346%,22.00
2023-08-28,14353745,255,9810,0.314%,44881.0,221.6,0.494%,23.00
2023-08-27,14343727,255,9811,0.301%,42972.2,195.0,0.454%,21.00
2023-08-26,14339907,255,9811,0.401%,57272.0,244.5,0.427%,28.00
2023-08-25,14336159,255,9813,0.416%,59330.5,248.0,0.418%,34.00
2023-08-24,14331878,255,9813,0.424%,60463.1,269.0,0.445%,41.00
2023-08-23,14326915,255,9814,0.423%,60422.2,249.9,0.414%,53.00
2023-08-22,14322585,255,9814,0.460%,65607.5,299.6,0.457%,73.00
2023-08-21,14317185,254,9814,0.165%,23630.5,40.0,0.169%,114.00
2023-08-20,14314200,254,9815,0.255%,36410.0,99.0,0.272%,270.00
2023-08-19,14309636,254,9820,0.590%,83510.0,960.0,1.150%,138.00
2023-08-18,14305193,254,9821,0.455%,64897.9,191.9,0.296%,40.00
2023-08-17,14301699,254,9824,0.300%,42721.3,119.5,0.280%,27.00
2023-08-16,14299382,254,9826,0.321%,45776.1,121.9,0.266%,27.00
2023-08-15,14296960,254,9827,0.275%,39247.5,106.9,0.272%,32.00
2023-08-14,14301068,254,9830,0.305%,43428.9,126.6,0.292%,32.00
2023-08-13,14292353,254,9830,0.298%,42486.1,175.1,0.412%,27.00
2023-08-12,14289569,254,9830,0.313%,44558.3,191.6,0.430%,32.00
2023-08-11,14286154,254,9831,0.316%,44908.6,192.8,0.429%,38.00
2023-08-10,14283295,254,9831,0.374%,53186.9,223.9,0.421%,42.00
2023-08-09,14280060,254,9834,0.443%,62851.2,362.3,0.576%,53.00
2023-08-08,14276446,254,9835,0.489%,69447.9,339.5,0.489%,73.00
2023-08-07,14272855,254,9835,0.259%,36788.0,189.0,0.514%,118.00
2023-08-06,14268131,254,9836,0.309%,43904.0,129.0,0.294%,270.00
2023-08-05,14266403,254,9839,0.400%,56864.0,166.0,0.292%,139.00
2023-08-04,14253468,254,9842,0.106%,15121.0,24.0,0.159%,114.00
2023-08-03,14250401,254,9842,0.482%,68314.1,355.1,0.520%,48.00
2023-08-02,14248098,253,9842,0.342%,48558.8,211.6,0.436%,28.00
2023-08-01,14245215,252,9843,0.304%,43200.5,173.7,0.402%,27.00
2023-07-31,14244345,252,9843,0.293%,41628.4,145.8,0.350%,27.00
2023-07-30,14242518,252,9844,0.288%,40827.7,136.3,0.334%,27.00
2023-07-29,14241156,252,9844,0.308%,43633.6,159.3,0.365%,29.00
2023-07-28,14239283,252,9844,0.294%,41721.7,203.4,0.488%,29.00
2023-07-27,14236852,252,9845,0.324%,45945.9,241.1,0.525%,32.00
2023-07-26,14235993,252,9845,0.369%,52193.1,353.3,0.677%,34.00
2023-07-25,14233944,252,9845,0.387%,54700.7,367.3,0.671%,39.00
2023-07-24,14233721,252,9845,0.399%,56436.9,368.5,0.653%,38.00
2023-07-23,14236497,252,9845,0.353%,50058.8,246.1,0.492%,39.00
2023-07-22,14234221,252,9845,0.348%,49438.1,145.6,0.295%,41.00
2023-07-21,14227162,252,9845,0.296%,42044.1,134.3,0.319%,42.00
2023-07-20,14223952,252,9845,0.308%,43707.8,140.7,0.322%,38.00
2023-07-19,14219953,252,9845,0.280%,39686.9,149.1,0.376%,38.00
2023-07-18,14217793,252,9845,0.365%,51745.6,148.7,0.287%,34.00
2023-07-17,14215884,252,9846,0.289%,41047.7,97.7,0.238%,32.00
2023-07-16,14214939,252,9846,0.288%,40842.4,95.2,0.233%,27.00
2023-07-15,14213049,252,9847,0.264%,37380.8,85.9,0.230%,27.00
2023-07-14,14211712,252,9847,0.337%,47841.6,120.3,0.251%,28.00
2023-07-13,14209962,252,9847,0.363%,51434.1,125.9,0.245%,31.00
2023-07-12,14205627,252,9847,0.374%,53006.4,140.0,0.264%,28.00
2023-07-11,14204217,252,9849,0.360%,51018.4,124.4,0.244%,27.00
2023-07-10,14203817,252,9849,0.383%,54239.8,150.7,0.278%,27.00
2023-07-09,14202501,252,9849,0.360%,50891.9,190.9,0.375%,28.00
2023-07-08,14201897,252,9849,0.354%,50061.4,190.4,0.380%,28.00
2023-07-07,14200991,252,9849,0.343%,48456.8,197.1,0.407%,24.00
2023-07-06,14199048,252,9850,0.341%,48239.4,206.3,0.428%,23.00
2023-07-05,14196447,252,9850,0.337%,47686.9,210.5,0.441%,21.00
2023-07-04,14194827,253,9851,0.325%,45992.1,153.2,0.333%,21.00
2023-07-03,14192647,253,9851,0.303%,42819.1,166.6,0.389%,27.00
2023-07-02,14190416,253,9852,0.348%,49206.4,194.7,0.396%,27.00
2023-07-01,14187985,253,9852,0.355%,50107.8,189.7,0.379%,32.00
2023-06-30,14184927,253,9852,0.350%,49463.0,189.5,0.383%,38.00
2023-06-29,14182377,253,9852,0.342%,48292.0,174.0,0.360%,42.00
2023-06-28,14179437,253,9852,0.338%,47717.6,187.7,0.393%,54.00
2023-06-27,14176270,254,9853,0.328%,46268.4,245.8,0.531%,75.00
2023-06-26,14173358,254,9853,0.347%,48735.0,492.0,1.010%,118.00
2023-06-25,14170838,254,9854,0.099%,13935.0,79.0,0.567%,145.00
2023-06-24,14163637,254,9856,1.257%,173419.0,4654.0,2.684%,138.00
2023-06-23,14158937,254,9858,0.623%,87620.6,625.1,0.713%,66.00
2023-06-22,14155313,254,9860,0.349%,49090.4,251.4,0.512%,43.00
2023-06-21,14152756,254,9860,0.458%,64384.3,390.4,0.606%,54.00
2023-06-20,14149875,254,9863,0.516%,72341.7,616.6,0.852%,71.00
2023-06-19,14146801,254,9864,0.626%,87059.8,1551.3,1.782%,111.00
2023-06-18,14142105,254,9864,0.166%,23474.0,60.0,0.256%,154.00
2023-06-17,14134957,254,9867,0.446%,62527.9,477.7,0.764%,71.00
2023-06-16,14129669,254,9867,0.451%,63099.5,603.2,0.956%,73.00
2023-06-15,14126084,253,9871,0.440%,61601.8,552.9,0.898%,78.00
2023-06-14,14123368,253,9872,0.419%,58683.2,522.2,0.890%,84.00
2023-06-13,14120113,253,9873,0.435%,60958.0,504.7,0.828%,86.00
2023-06-12,14117148,253,9874,0.392%,54995.4,398.3,0.724%,86.00
2023-06-11,14113293,253,9874,0.427%,59791.6,432.7,0.724%,81.00
2023-06-10,14105673,253,9877,0.413%,57984.9,236.0,0.407%,61.00
2023-06-09,14100911,253,9878,0.444%,62354.5,240.9,0.386%,44.00
2023-06-08,14097431,253,9880,0.400%,56173.7,213.6,0.380%,34.00
2023-06-07,14094106,253,9882,0.336%,47149.5,148.8,0.316%,28.00
2023-06-06,14091046,253,9884,0.276%,38712.3,120.4,0.311%,29.00
2023-06-05,14089188,253,9886,0.253%,35593.8,121.0,0.340%,28.00
2023-06-04,14086086,253,9887,0.254%,35636.0,116.5,0.327%,30.00
2023-06-03,14083586,253,9887,0.306%,42952.0,138.6,0.323%,31.00
2023-06-02,14080942,254,9887,0.289%,40619.9,131.6,0.324%,28.00
2023-06-01,14079022,254,9888,0.306%,42967.4,127.2,0.296%,25.00
2023-05-31,14077206,254,9888,0.287%,40220.0,119.2,0.296%,24.00
2023-05-30,14076440,254,9889,0.305%,42754.4,111.2,0.260%,22.00
2023-05-29,14075256,254,9889,0.280%,39178.6,188.5,0.481%,21.00
2023-05-28,14074119,254,9889,0.279%,39004.8,207.7,0.532%,19.00
2023-05-27,14072850,254,9889,0.288%,40307.5,216.4,0.537%,18.00
2023-05-26,14070151,254,9889,0.336%,47025.6,227.0,0.483%,20.00
2023-05-25,14069491,254,9889,0.320%,44838.7,212.9,0.475%,20.00
2023-05-24,14067630,254,9890,0.385%,53944.9,273.6,0.507%,23.00
2023-05-23,14065294,254,9891,0.424%,59228.8,380.0,0.642%,24.00
2023-05-22,14062894,253,9891,0.391%,54582.0,367.5,0.673%,26.00
2023-05-21,14060831,253,9891,0.502%,70097.4,510.9,0.729%,29.00
2023-05-20,14057719,253,9891,0.611%,85377.6,574.1,0.672%,43.00
2023-05-19,14054596,253,9891,0.575%,80337.8,515.7,0.642%,58.00
2023-05-18,14051599,253,9891,0.581%,81092.6,526.5,0.649%,68.00
2023-05-17,14049331,253,9891,0.544%,75987.6,490.2,0.645%,76.00
2023-05-16,14046174,253,9891,0.523%,72946.6,446.6,0.612%,88.00
2023-05-15,14042541,252,9891,0.448%,62447.0,408.7,0.654%,89.00
2023-05-14,14037910,252,9891,0.460%,64141.6,424.1,0.661%,84.00
2023-05-13,14028653,252,9896,0.406%,56620.8,368.9,0.652%,67.00
2023-05-12,14023812,252,9898,0.400%,55692.3,360.1,0.647%,50.00
2023-05-11,14021142,252,9898,0.374%,51984.1,387.8,0.746%,43.00
2023-05-10,14018202,252,9900,0.377%,52709.5,205.9,0.391%,36.00
2023-05-09,14015118,252,9902,0.384%,53653.9,185.5,0.346%,31.00
2023-05-08,14012792,251,9903,0.369%,51583.7,192.3,0.373%,32.00
2023-05-07,14010965,251,9905,0.403%,56306.4,197.0,0.350%,34.00
2023-05-06,14008577,251,9907,0.527%,73521.4,292.7,0.398%,42.00
2023-05-05,14005596,251,9907,0.557%,77679.7,308.6,0.397%,61.00
2023-05-04,14002339,251,9907,0.580%,80840.5,347.3,0.430%,65.00
2023-05-03,13999691,251,9907,0.577%,80414.0,392.7,0.488%,77.00
2023-05-02,14000088,251,9907,0.618%,86080.0,460.6,0.535%,81.00
2023-05-01,14001542,250,9908,0.543%,75570.6,422.1,0.559%,80.00
2023-04-30,13995581,250,9908,0.512%,71209.8,410.0,0.576%,76.00
2023-04-29,13986847,250,9912,0.496%,68944.9,443.3,0.643%,61.00
2023-04-28,13984990,250,9912,0.428%,59494.6,371.4,0.624%,42.00
2023-04-27,13983339,250,9915,0.332%,46172.4,265.1,0.574%,37.00
2023-04-26,13981422,250,9915,0.326%,45455.1,191.5,0.421%,33.00
2023-04-25,13980100,250,9914,0.337%,47000.3,171.5,0.365%,30.00
2023-04-24,13979555,250,9914,0.330%,45911.7,185.0,0.403%,31.00
2023-04-23,13978196,249,9914,0.439%,61167.7,262.5,0.429%,36.00
2023-04-22,13976328,249,9914,0.541%,75267.9,360.0,0.478%,41.00
2023-04-21,13975013,249,9914,0.484%,67399.7,296.0,0.439%,54.00
2023-04-20,13976206,249,9914,0.467%,64967.6,279.7,0.431%,62.00
2023-04-19,13975899,249,9914,0.443%,61706.4,261.9,0.424%,70.00
2023-04-18,13973028,249,9915,0.462%,64259.8,272.2,0.424%,76.00
2023-04-17,13970492,249,9915,0.415%,57764.0,282.8,0.490%,78.00
2023-04-16,13968233,249,9915,0.448%,62304.3,314.7,0.505%,72.00
2023-04-15,13963137,249,9917,0.467%,64813.9,401.0,0.619%,53.00
2023-04-14,13959688,249,9919,0.494%,68582.6,438.1,0.639%,39.00
2023-04-13,13957432,249,9919,0.518%,71820.4,477.1,0.664%,32.00
2023-04-12,13955527,249,9919,0.471%,65457.6,280.4,0.428%,26.00
2023-04-11,13952686,249,9919,0.412%,57301.5,225.8,0.394%,26.00
2023-04-10,13950130,249,9919,0.355%,49392.5,196.3,0.397%,22.00
2023-04-09,13947314,249,9919,0.366%,50931.1,178.2,0.350%,23.00
2023-04-08,13943615,249,9919,0.670%,93066.5,354.3,0.381%,32.00
2023-04-07,13940059,249,9919,0.610%,84699.2,300.9,0.355%,48.00
2023-04-06,13936190,249,9919,0.566%,78579.1,259.2,0.330%,61.00
2023-04-05,13933145,249,9919,0.544%,75567.3,267.9,0.355%,72.00
2023-04-04,13928488,249,9920,0.522%,72507.5,268.3,0.370%,84.00
2023-04-03,13924700,242,9922,0.450%,62396.0,283.4,0.454%,85.00
2023-04-02,13919402,242,9923,0.524%,72495.3,458.8,0.633%,87.00
2023-04-01,13909795,241,9924,0.696%,95671.5,1116.9,1.167%,75.00
2023-03-31,13903870,240,9925,0.813%,111953.6,1153.4,1.030%,76.00
2023-03-30,13899186,240,9925,0.833%,114723.3,1056.7,0.921%,79.00
2023-03-29,13893534,240,9926,0.806%,110975.6,948.5,0.855%,83.00
2023-03-28,13888323,240,9927,0.758%,104515.4,822.3,0.787%,85.00
2023-03-27,13883794,240,9927,0.673%,92961.3,412.7,0.444%,90.00
2023-03-26,13875430,240,9926,0.661%,91324.9,388.9,0.426%,92.00
2023-03-25,13857487,240,9926,0.565%,78087.0,268.9,0.344%,76.00
2023-03-24,13846122,240,9926,0.543%,74840.1,285.9,0.382%,60.00
2023-03-23,13840016,240,9927,0.520%,71703.1,255.9,0.357%,49.00
2023-03-22,13836462,239,9927,0.478%,65959.3,226.0,0.343%,41.00
2023-03-21,13834084,239,9928,0.362%,49952.1,127.8,0.256%,35.00
2023-03-20,13830710,239,9928,0.301%,41451.4,232.5,0.561%,29.00
2023-03-19,13827495,239,9928,0.347%,47708.3,227.6,0.477%,26.00
2023-03-18,13824658,239,9928,0.454%,62378.8,351.8,0.564%,30.00
2023-03-17,13822125,239,9928,0.580%,79758.7,402.1,0.504%,31.00
2023-03-16,13819522,239,9928,0.623%,85614.7,416.9,0.487%,30.00
2023-03-15,13816833,239,9928,0.587%,80751.6,371.7,0.460%,32.00
2023-03-14,13813888,239,9928,0.566%,77895.5,315.7,0.405%,33.00
2023-03-13,13811497,239,9928,0.536%,73878.0,207.3,0.281%,35.00
2023-03-12,13808990,239,9928,0.441%,60712.9,153.4,0.253%,32.00
2023-03-11,13807090,239,9928,0.402%,55369.5,139.3,0.252%,26.00
2023-03-10,13805268,239,9928,0.398%,54859.5,135.1,0.246%,24.00
2023-03-09,13803589,239,9928,0.388%,53442.8,142.6,0.267%,24.00
2023-03-08,13802383,239,9928,0.367%,50552.2,139.9,0.277%,21.00
2023-03-07,13801356,239,9929,0.341%,46866.5,226.3,0.483%,18.00
2023-03-06,13799598,239,9929,0.371%,50925.3,231.3,0.454%,14.00
2023-03-05,13797813,239,9929,0.315%,43281.5,224.4,0.518%,13.00
2023-03-04,13794848,239,9929,0.413%,56732.3,292.8,0.516%,11.00
2023-03-03,13792526,239,9929,0.657%,90154.8,464.6,0.515%,10.00
2023-03-02,13790440,239,9929,0.786%,107842.1,525.4,0.487%,9.00
2023-03-01,13788586,239,9929,0.781%,107184.5,516.7,0.482%,9.00
2023-02-28,13787030,239,9930,0.809%,111106.5,468.6,0.422%,12.00
2023-02-27,13785287,239,9930,0.806%,110588.3,467.0,0.422%,14.00
2023-02-26,13778681,239,9930,0.773%,106106.2,452.1,0.426%,14.00
2023-02-25,13780955,239,9930,0.816%,112036.3,457.5,0.408%,14.00
2023-02-24,13773664,239,9930,0.822%,112790.6,463.2,0.411%,14.00
2023-02-23,13771683,239,9930,0.576%,78956.8,326.0,0.413%,14.00
2023-02-22,13769379,239,9931,0.589%,80741.1,350.5,0.434%,16.00
2023-02-21,13767842,239,9931,0.526%,72113.6,327.3,0.454%,13.00
2023-02-20,13766152,228,9931,0.453%,62012.1,294.1,0.474%,13.00
2023-02-19,13765521,228,9931,0.470%,64418.6,301.1,0.467%,13.00
2023-02-18,13763302,228,9931,0.465%,63666.6,269.2,0.423%,16.00
2023-02-17,13760686,228,9931,0.531%,72806.2,258.5,0.355%,22.00
2023-02-16,13758280,228,9931,0.509%,69872.5,207.0,0.296%,28.00
2023-02-15,13755273,228,9931,0.506%,69402.6,200.8,0.289%,27.00
2023-02-14,13752994,228,9931,0.503%,69022.9,197.3,0.286%,29.00
2023-02-13,13750737,228,9931,0.596%,81669.1,235.8,0.289%,34.00
2023-02-12,13748172,228,9931,0.590%,80888.6,235.0,0.291%,34.00
2023-02-11,13745343,228,9932,0.574%,78709.0,197.5,0.251%,34.00
2023-02-10,13742323,228,9932,0.564%,77357.4,188.6,0.244%,28.00
2023-02-09,13739770,228,9932,0.597%,81904.4,185.4,0.226%,22.00
2023-02-08,13737674,228,9932,0.519%,71088.8,169.3,0.238%,21.00
2023-02-07,13735992,229,9932,0.479%,65662.4,164.9,0.251%,23.00
2023-02-06,13734676,229,9932,0.483%,66146.9,188.5,0.285%,19.00
2023-02-05,13733175,229,9932,0.560%,76702.2,225.5,0.294%,19.00
2023-02-04,13735149,228,9932,0.538%,73725.9,210.8,0.286%,19.00
2023-02-03,13729602,228,9932,0.559%,76468.2,222.7,0.291%,20.00
2023-02-02,13727245,228,9932,0.530%,72570.2,173.6,0.239%,21.00
2023-02-01,13725249,228,9932,0.587%,80306.1,197.7,0.246%,22.00
2023-01-31,13723894,228,9932,0.481%,65931.4,144.3,0.219%,25.00
2023-01-30,13722577,228,9932,0.388%,53071.4,165.6,0.312%,24.00
2023-01-29,13721548,228,9932,0.423%,57828.4,179.8,0.311%,30.00
2023-01-28,13719982,228,9932,0.418%,57227.0,185.4,0.324%,30.00
2023-01-27,13722978,228,9932,0.425%,58114.3,183.5,0.316%,37.00
2023-01-26,13719290,228,9932,0.445%,60899.7,192.9,0.317%,39.00
2023-01-25,13717811,228,9933,0.430%,58826.2,208.3,0.354%,41.00
2023-01-24,13716339,228,9933,0.368%,50295.0,146.8,0.292%,40.00
2023-01-23,13715082,228,9933,0.492%,67259.3,186.2,0.277%,43.00
2023-01-22,13713772,228,9933,0.474%,64777.5,179.5,0.277%,41.00
2023-01-21,13712123,228,9933,0.479%,65568.3,176.9,0.270%,40.00
2023-01-20,13710945,228,9933,0.501%,68472.5,187.4,0.274%,35.00
2023-01-19,13709428,228,9933,0.575%,78659.5,195.8,0.249%,36.00
2023-01-18,13710751,228,9933,0.569%,77826.5,192.6,0.247%,37.00
2023-01-17,13706136,228,9933,0.453%,61864.4,189.3,0.306%,34.00
2023-01-16,13704093,228,9933,0.473%,64636.0,249.5,0.386%,32.00
2023-01-15,13702709,228,9933,0.469%,64001.0,291.5,0.455%,31.00
2023-01-14,13701262,228,9933,0.395%,53824.9,256.0,0.476%,33.00
2023-01-13,13697975,228,9933,0.326%,44433.2,241.6,0.544%,32.00
2023-01-12,13696022,228,9933,0.368%,50152.8,252.4,0.503%,29.00
2023-01-11,13695535,227,9933,0.358%,48810.9,203.3,0.417%,28.00
2023-01-10,13694853,227,9933,0.362%,49447.7,159.5,0.323%,29.00
2023-01-09,13693532,252,9933,0.323%,44140.1,106.0,0.240%,30.00
2023-01-08,13692726,252,9933,0.340%,46432.4,101.4,0.218%,32.00
2023-01-07,13691240,252,9933,0.446%,60912.3,203.9,0.335%,34.00
2023-01-06,13689334,252,9933,0.439%,59830.3,216.4,0.362%,32.00
2023-01-05,13688267,252,9933,0.424%,57870.5,219.9,0.380%,32.00
2023-01-04,13686979,252,9933,0.444%,60314.7,517.2,0.858%,32.00
2023-01-03,13684937,252,9933,0.540%,73281.4,596.7,0.814%,32.00
2023-01-02,13681485,252,9933,0.574%,77778.2,781.8,1.005%,29.00
2023-01-01,13681513,252,9933,0.430%,58245.1,607.1,1.042%,27.00
2022-12-31,13681783,252,9933,0.400%,54210.0,576.4,1.063%,22.00
2022-12-30,13680575,252,9933,0.430%,58527.9,235.8,0.403%,23.00
2022-12-29,13680065,252,9933,0.534%,72782.9,222.8,0.306%,22.00
2022-12-28,13680072,252,9933,0.517%,70490.3,225.6,0.320%,20.00
2022-12-27,13679600,252,9933,0.567%,77428.7,180.1,0.233%,20.00
2022-12-26,13678854,252,9933,0.553%,75324.7,386.5,0.513%,21.00
2022-12-25,13678418,252,9933,0.472%,64165.1,340.3,0.530%,20.00
2022-12-24,13679490,252,9933,0.508%,69076.6,449.8,0.651%,21.00
2022-12-23,13676709,251,9933,0.429%,58175.9,436.2,0.750%,20.00
2022-12-22,13676361,251,9933,0.435%,59066.7,455.8,0.772%,20.00
2022-12-21,13676304,251,9933,0.458%,62160.8,459.7,0.740%,20.00
2022-12-20,13675925,251,9933,0.477%,64934.3,260.1,0.401%,20.00
2022-12-19,13675262,251,9933,0.436%,59315.9,277.1,0.467%,19.00
2022-12-18,13674636,251,9933,0.422%,57584.5,146.5,0.254%,20.00
2022-12-17,13675539,251,9933,0.480%,65523.7,172.6,0.263%,18.00
2022-12-16,13672655,251,9933,0.505%,68918.5,181.3,0.263%,18.00
2022-12-15,13671155,251,9935,0.489%,66728.0,182.0,0.273%,19.00
2022-12-14,13670854,251,9935,0.475%,64762.4,178.2,0.275%,21.00
2022-12-13,13669843,251,9935,0.479%,65368.7,161.4,0.247%,21.00
2022-12-12,13668350,251,9935,0.417%,56908.6,155.0,0.272%,22.00
2022-12-11,13666510,250,9935,0.328%,44685.1,112.3,0.251%,22.00
2022-12-10,13665443,250,9935,0.316%,43123.7,108.9,0.253%,25.00
2022-12-09,13664331,250,9935,0.311%,42381.2,106.7,0.252%,27.00
2022-12-08,13663734,250,9935,0.404%,54984.8,165.5,0.301%,26.00
2022-12-07,13663026,250,9935,0.461%,62867.1,187.0,0.297%,24.00
2022-12-06,13662446,250,9935,0.526%,71523.2,338.2,0.473%,26.00
2022-12-05,13662128,250,9935,0.549%,74658.7,356.0,0.477%,28.00
2022-12-04,13661163,250,9935,0.468%,63655.6,291.2,0.457%,31.00
2022-12-03,13660418,250,9935,0.641%,87224.3,318.2,0.365%,30.00
2022-12-02,13658608,250,9935,0.580%,78993.9,280.4,0.355%,31.00
2022-12-01,13657311,250,9935,0.514%,70109.3,145.2,0.207%,32.00
2022-11-30,13656412,250,9935,0.524%,71325.8,202.3,0.284%,36.00
2022-11-29,13655462,250,9936,0.586%,79864.4,211.4,0.265%,34.00
2022-11-28,13654097,250,9937,0.555%,75515.1,217.1,0.287%,33.00
2022-11-27,13650949,250,9937,0.426%,57779.7,307.3,0.532%,31.00
2022-11-26,13649060,250,9937,0.391%,53105.6,305.6,0.575%,29.00
2022-11-25,13647296,250,9937,0.410%,55738.0,279.6,0.502%,28.00
2022-11-24,13645757,250,9937,0.439%,59628.1,298.4,0.500%,30.00
2022-11-23,13644327,250,9937,0.427%,57921.5,305.0,0.527%,27.00
2022-11-22,13642425,250,9937,0.449%,61003.2,280.7,0.460%,29.00
2022-11-21,13641001,250,9937,0.405%,55016.6,181.0,0.329%,30.00
2022-11-20,13639687,250,9938,0.442%,60124.6,186.4,0.310%,29.00
2022-11-19,13637635,250,9938,0.465%,63201.1,168.9,0.267%,31.00
2022-11-18,13635675,250,9938,0.453%,61578.1,163.8,0.266%,32.00
2022-11-17,13633785,244,9938,0.477%,64830.8,177.0,0.273%,27.00
2022-11-16,13631843,244,9938,0.513%,69729.4,225.1,0.323%,28.00
2022-11-15,13629816,244,9938,0.515%,69972.9,186.6,0.267%,30.00
2022-11-14,13628242,244,9938,0.426%,57907.4,160.2,0.277%,33.00
2022-11-13,13625993,244,9938,0.465%,63174.1,196.5,0.311%,47.00
2022-11-12,13623152,244,9938,0.674%,91525.9,328.0,0.358%,70.00
2022-11-11,13619539,244,9938,0.672%,91209.5,358.6,0.393%,93.00
2022-11-10,13616661,244,9938,0.676%,91641.3,375.5,0.410%,106.00
2022-11-09,13613549,244,9940,0.676%,91657.0,429.4,0.468%,113.00
2022-11-08,13609957,244,9940,0.678%,91842.7,430.3,0.469%,109.00
2022-11-07,13606137,244,9942,0.629%,85138.0,440.0,0.517%,102.00
2022-11-06,13601101,244,9942,0.532%,71996.8,373.1,0.518%,91.00
2022-11-05,13583817,244,9942,0.538%,72659.3,445.0,0.612%,69.00
2022-11-04,13579624,244,9942,0.525%,70882.4,429.5,0.606%,50.00
2022-11-03,13576624,244,9943,0.518%,69916.5,409.1,0.585%,40.00
2022-11-02,13574383,245,9943,0.523%,70409.2,528.0,0.750%,31.00
2022-11-01,13572267,244,9943,0.493%,66451.8,451.0,0.679%,31.00
2022-10-31,13569288,244,9943,0.416%,56151.6,311.4,0.555%,26.00
2022-10-30,13567327,244,9943,0.403%,54327.5,282.6,0.520%,24.00
2022-10-29,13564060,244,9943,0.491%,66243.7,301.8,0.456%,30.00
2022-10-28,13560765,244,9944,0.499%,67441.2,288.5,0.428%,47.00
2022-10-27,13557071,244,9944,0.530%,71561.9,342.2,0.478%,60.00
2022-10-26,13553633,244,9944,0.522%,70386.5,352.0,0.500%,74.00
2022-10-25,13549979,244,9944,0.506%,68300.1,324.9,0.476%,84.00
2022-10-24,13547453,244,9944,0.474%,63907.5,320.7,0.502%,83.00
2022-10-23,13543745,244,9936,0.435%,58680.2,248.3,0.423%,83.00
2022-10-22,13535958,244,9913,0.533%,71686.5,392.7,0.548%,81.00
2022-10-21,13531154,244,9912,0.516%,69479.8,386.9,0.557%,80.00
2022-10-20,13527743,244,9871,0.499%,67194.9,365.2,0.543%,80.00
2022-10-19,13523597,244,9872,0.533%,71731.4,398.7,0.556%,78.00
2022-10-18,13519001,244,9873,0.536%,72119.5,369.6,0.512%,80.00
2022-10-17,13514656,244,9873,0.516%,69327.6,352.5,0.508%,82.00
2022-10-16,13511379,243,9874,0.462%,62129.4,231.0,0.372%,85.00
2022-10-15,13504539,243,9906,0.500%,67345.0,238.2,0.354%,61.00
2022-10-14,13500754,242,9890,0.459%,61833.2,200.9,0.325%,49.00
2022-10-13,13497245,241,9949,0.431%,58036.4,176.9,0.305%,40.00
2022-10-12,13493797,240,9951,0.395%,53032.5,276.5,0.521%,38.00
2022-10-11,13490127,240,9951,0.327%,43789.9,271.3,0.620%,31.00
2022-10-10,13490424,238,9951,0.365%,48910.4,286.2,0.585%,30.00
2022-10-09,13486436,238,9951,0.392%,52651.4,282.2,0.536%,26.00
2022-10-08,13480868,238,9951,0.449%,60202.3,320.5,0.532%,33.00
2022-10-07,13475424,238,9951,0.465%,62363.9,321.8,0.516%,47.00
2022-10-06,13470361,238,9951,0.604%,80860.1,443.1,0.548%,64.00
2022-10-05,13465149,238,9951,0.590%,79005.3,424.5,0.537%,71.00
2022-10-04,13459559,238,9951,0.578%,77436.0,394.1,0.509%,79.00
2022-10-03,13455123,238,9952,0.575%,76927.1,413.2,0.537%,82.00
2022-10-02,13450372,238,9952,0.618%,82637.6,443.7,0.537%,83.00
2022-10-01,13437496,238,9952,0.713%,95310.8,502.7,0.527%,80.00
2022-09-30,13428799,238,9952,0.726%,96952.5,584.2,0.603%,85.00
2022-09-29,13424278,238,9952,0.661%,88219.8,562.8,0.638%,79.00
2022-09-28,13424741,238,9952,0.695%,92700.3,587.7,0.634%,80.00
2022-09-27,13421404,238,9952,0.639%,85277.6,512.2,0.601%,87.00
2022-09-26,13417604,238,9952,0.552%,73568.4,475.6,0.646%,88.00
2022-09-25,13412988,236,9951,0.529%,70410.0,487.0,0.692%,87.00
2022-09-24,13406267,236,9951,0.539%,71719.6,573.5,0.800%,81.00
2022-09-23,13400720,236,9952,0.612%,81268.0,695.0,0.855%,78.00
2022-09-22,13397584,236,9952,0.596%,79203.9,693.3,0.875%,76.00
2022-09-21,13394985,236,9953,0.609%,80778.7,756.8,0.937%,77.00
2022-09-20,13391571,236,9954,0.604%,80165.8,720.9,0.899%,69.00
2022-09-19,13388863,236,9955,0.491%,65317.8,420.2,0.643%,74.00
2022-09-18,13384855,236,9956,0.498%,66330.6,365.4,0.551%,78.00
2022-09-17,13378317,236,9959,0.468%,62341.6,319.7,0.513%,63.00
2022-09-16,13377285,235,9961,0.459%,61149.4,303.2,0.496%,51.00
2022-09-15,13369055,235,9962,0.443%,58979.0,261.9,0.444%,42.00
2022-09-14,13369606,235,9962,0.427%,56885.8,253.2,0.445%,38.00
2022-09-13,13366941,235,9963,0.351%,46822.9,140.7,0.300%,42.00
2022-09-12,13363148,235,9963,0.356%,47406.6,142.1,0.300%,30.00
2022-09-11,13363266,235,9963,0.418%,55680.4,196.4,0.353%,32.00
2022-09-10,13359384,235,9963,0.484%,64451.1,234.3,0.364%,63.00
2022-09-09,13355966,237,9963,0.496%,65997.4,242.1,0.367%,60.00
2022-09-08,13353911,237,9961,0.483%,64205.3,230.0,0.358%,86.00
2022-09-07,13351840,237,9962,0.501%,66679.1,245.2,0.368%,80.00
2022-09-06,13348592,237,9962,0.494%,65735.1,243.3,0.370%,81.00
2022-09-05,13346268,237,9962,0.451%,59902.0,240.0,0.401%,98.00
2022-09-04,13343866,237,9964,0.465%,61728.4,255.8,0.414%,87.00
2022-09-03,13341540,237,9964,0.486%,64562.0,268.9,0.416%,73.00
2022-09-02,13338595,237,9964,0.498%,66142.1,280.4,0.424%,57.00
2022-09-01,13338157,237,9966,0.501%,66478.7,286.8,0.431%,47.00
2022-08-31,13337561,237,9967,0.442%,58628.6,309.0,0.527%,43.00
2022-08-30,13335546,237,9967,0.368%,48721.4,306.0,0.628%,33.00
2022-08-29,13333185,237,9968,0.381%,50511.1,285.3,0.565%,27.00
2022-08-28,13330635,237,9967,0.344%,45609.0,267.9,0.587%,26.00
2022-08-27,13326986,237,9967,0.494%,65519.8,262.8,0.401%,54.00
2022-08-26,13323346,237,9984,0.493%,65416.5,287.2,0.439%,68.00
2022-08-25,13320298,237,9984,0.487%,64607.2,261.0,0.404%,76.00
2022-08-24,13317953,237,9984,0.467%,61949.3,253.9,0.410%,81.00
2022-08-23,13316242,237,9984,0.443%,58717.6,220.8,0.376%,80.00
2022-08-22,13314434,237,9982,0.429%,56948.8,214.4,0.376%,86.00
2022-08-21,13312489,237,9982,0.414%,54977.3,202.9,0.369%,82.00
2022-08-20,13310007,237,9982,0.403%,53501.9,191.2,0.357%,63.00
2022-08-19,13309077,237,9982,0.463%,61441.0,219.7,0.358%,47.00
2022-08-18,13309728,237,9982,0.327%,43379.1,145.1,0.334%,36.00
2022-08-17,13307607,237,9982,0.275%,36439.6,219.1,0.601%,25.00
2022-08-16,13305798,237,9982,0.282%,37272.2,189.6,0.509%,24.00
2022-08-15,13304456,237,9982,0.324%,42875.1,258.9,0.604%,26.00
2022-08-14,13303317,237,9982,0.324%,42888.4,214.0,0.499%,27.00
2022-08-13,13302430,237,9982,0.341%,45147.2,198.5,0.440%,32.00
2022-08-12,13298790,237,9982,0.347%,45939.5,198.6,0.432%,31.00
2022-08-11,13297588,237,9982,0.433%,57328.3,214.3,0.374%,69.00
2022-08-10,13294944,237,9982,0.447%,59145.3,230.3,0.389%,74.00
2022-08-09,13292355,237,9982,0.462%,61191.6,214.8,0.351%,78.00
2022-08-08,13293780,237,9982,0.428%,56624.7,218.9,0.387%,74.00
2022-08-07,13293870,237,9982,0.405%,53595.5,202.1,0.377%,80.00
2022-08-06,13291185,237,9982,0.407%,53890.6,180.3,0.335%,61.00
2022-08-05,13290310,237,9982,0.387%,51289.6,183.0,0.357%,47.00
2022-08-04,13288835,238,9982,0.291%,38569.5,110.4,0.286%,38.00
2022-08-03,13287523,238,9982,0.277%,36743.7,107.4,0.292%,31.00
2022-08-02,13286518,238,9982,0.253%,33572.7,73.8,0.220%,26.00
2022-08-01,13285858,238,9982,0.236%,31245.0,98.1,0.314%,25.00
2022-07-31,13284967,238,9982,0.232%,30711.2,86.7,0.282%,24.00
2022-07-30,13283778,238,9982,0.282%,37375.4,106.1,0.284%,26.00
2022-07-29,13283173,238,9982,0.289%,38242.3,115.4,0.302%,26.00
2022-07-28,13282125,238,9982,0.282%,37315.9,111.0,0.297%,29.00
2022-07-27,13281272,238,9982,0.282%,37332.4,112.3,0.301%,31.00
2022-07-26,13280389,238,9983,0.311%,41137.5,119.9,0.291%,32.00
2022-07-25,13277945,238,9983,0.315%,41678.0,127.0,0.305%,28.00
2022-07-24,13279404,238,9983,0.296%,39234.4,133.0,0.339%,36.00
2022-07-23,13278943,238,9983,0.307%,40610.4,133.7,0.329%,36.00
2022-07-22,13277747,238,9983,0.321%,42446.9,144.0,0.339%,38.00
2022-07-21,13276532,238,9983,0.355%,46969.7,141.3,0.301%,36.00
2022-07-20,13275477,238,9983,0.366%,48461.4,139.4,0.288%,31.00
2022-07-19,13273853,238,9983,0.367%,48624.2,123.8,0.255%,37.00
2022-07-18,13272973,238,9983,0.354%,46825.4,128.2,0.274%,34.00
2022-07-17,13271912,238,9983,0.338%,44755.1,118.2,0.264%,35.00
2022-07-16,13270262,238,9983,0.337%,44624.2,125.4,0.281%,36.00
2022-07-15,13269546,238,9983,0.306%,40425.5,114.2,0.282%,36.00
2022-07-14,13268728,238,9984,0.312%,41266.6,117.4,0.284%,36.00
2022-07-13,13267214,238,9983,0.344%,45424.9,192.9,0.425%,36.00
2022-07-12,13267251,238,9980,0.397%,52383.3,317.6,0.606%,36.00
2022-07-11,13265391,238,9983,0.398%,52488.7,341.7,0.651%,35.00
2022-07-10,13264481,238,9983,0.408%,53796.7,345.6,0.642%,33.00
2022-07-09,13263137,238,9983,0.422%,55553.4,377.0,0.679%,30.00
2022-07-08,13260821,238,9983,0.377%,49662.6,301.0,0.606%,28.00
2022-07-07,13258710,238,9983,0.353%,46457.4,289.5,0.623%,26.00
2022-07-06,13255085,238,9983,0.292%,38534.4,143.0,0.371%,26.00
2022-07-05,13251433,238,15506,0.382%,50435.7,188.4,0.374%,18.00
2022-07-04,13247881,238,15502,0.357%,47125.5,214.1,0.454%,19.00
2022-07-03,13244443,238,15497,0.463%,60945.3,357.4,0.586%,21.00
2022-07-02,13239856,238,15495,0.544%,71662.8,410.0,0.572%,29.00
2022-07-01,13236778,238,15493,0.505%,66458.8,356.5,0.536%,53.00
2022-06-30,13233455,238,15491,0.510%,67112.6,338.9,0.505%,59.00
2022-06-29,13229050,238,15487,0.488%,64220.7,313.6,0.488%,67.00
2022-06-28,13224894,238,15482,0.459%,60406.9,272.4,0.451%,71.00
2022-06-27,13220984,238,15476,0.387%,50895.6,210.4,0.413%,72.00
2022-06-26,13218435,238,15469,0.399%,52543.2,204.5,0.389%,69.00
2022-06-25,13213806,238,15443,0.411%,54109.1,192.2,0.355%,44.00
2022-06-24,13210610,238,15428,0.450%,59163.8,276.0,0.467%,61.00
2022-06-23,13207781,238,15416,0.449%,59050.3,280.3,0.475%,57.00
2022-06-22,13205101,238,15404,0.452%,59326.3,300.9,0.507%,47.00
2022-06-21,13201102,239,15394,0.427%,56109.1,279.6,0.498%,54.00
2022-06-20,13197830,239,15387,0.401%,52623.7,257.0,0.488%,54.00
2022-06-19,13194067,239,15384,0.431%,56538.2,277.0,0.490%,56.00
2022-06-18,13187546,240,15365,0.442%,58072.4,281.1,0.484%,39.00
2022-06-17,13183144,240,15353,0.460%,60365.4,258.6,0.428%,32.00
2022-06-16,13180509,240,15345,0.468%,61405.5,249.0,0.406%,31.00
2022-06-15,13177792,240,15333,0.489%,64080.1,375.4,0.586%,27.00
2022-06-14,13175253,240,15329,0.433%,56703.4,337.1,0.594%,24.00
2022-06-13,13170724,240,15322,0.424%,55444.5,387.5,0.699%,21.00
2022-06-12,13168000,240,15316,0.435%,56991.6,349.8,0.614%,20.00
2022-06-11,13163951,240,15315,0.606%,79247.0,525.7,0.663%,36.00
2022-06-10,13159770,240,15312,0.624%,81633.5,534.8,0.655%,38.00
2022-06-09,13157049,240,15309,0.605%,79136.2,457.0,0.577%,49.00
2022-06-08,13153324,240,15300,0.540%,70554.6,408.0,0.578%,54.00
2022-06-07,13149544,240,15296,0.528%,69083.9,366.4,0.530%,62.00
2022-06-06,13145509,240,15291,0.436%,57051.9,251.0,0.440%,63.00
2022-06-05,13140435,240,15287,0.455%,59460.9,279.0,0.469%,64.00
2022-06-04,13130921,289,15266,0.428%,55903.8,273.0,0.488%,65.00
2022-06-03,13126937,289,15255,0.494%,64562.5,335.3,0.519%,77.00
2022-06-02,13122300,289,15242,0.521%,67976.6,424.0,0.624%,76.00
2022-06-01,13117539,289,15229,0.487%,63420.2,412.1,0.650%,77.00
2022-05-31,13113327,289,15218,0.463%,60325.1,373.4,0.619%,75.00
2022-05-30,13108007,289,15213,0.467%,60892.3,385.1,0.632%,76.00
2022-05-29,13106614,289,15207,0.496%,64581.7,419.5,0.650%,78.00
2022-05-28,13091488,289,15186,0.442%,57498.6,378.7,0.659%,61.00
2022-05-27,13091813,290,15163,0.457%,59585.8,273.0,0.458%,44.00
2022-05-26,13092403,289,15148,0.477%,62120.7,283.0,0.456%,37.00
2022-05-25,13090399,289,15138,0.521%,67742.6,517.2,0.763%,29.00
2022-05-24,13085764,288,15129,0.443%,57658.3,365.3,0.634%,27.00
2022-05-23,13081555,289,15122,0.447%,58169.9,366.8,0.631%,26.00
2022-05-22,13077611,289,15114,0.435%,56623.4,306.8,0.542%,23.00
2022-05-21,13075716,289,15112,0.434%,56396.7,301.5,0.535%,29.00
2022-05-20,13072377,289,15110,0.540%,70298.1,312.5,0.445%,49.00
2022-05-19,13069093,289,15105,0.538%,70019.9,229.4,0.328%,54.00
2022-05-18,13066061,289,15101,0.520%,67708.3,240.9,0.356%,61.00
2022-05-17,13062892,289,15094,0.488%,63526.3,233.6,0.368%,62.00
2022-05-16,13059358,289,15089,0.524%,68165.3,264.8,0.388%,62.00
2022-05-15,13056457,289,15085,0.512%,66533.3,251.3,0.378%,64.00
2022-05-14,13049944,287,15061,0.494%,64265.7,238.9,0.372%,46.00
2022-05-13,13044552,287,15047,0.517%,67234.8,262.0,0.390%,35.00
2022-05-12,13040932,286,15034,0.534%,69410.1,231.6,0.334%,29.00
2022-05-11,13036872,285,15023,0.415%,53863.4,196.5,0.365%,21.00
2022-05-10,13032965,285,15018,0.426%,55328.8,131.9,0.238%,20.00
2022-05-09,13030104,285,15011,0.471%,61182.5,185.1,0.303%,19.00
2022-05-08,13026161,285,15005,0.502%,65219.9,167.6,0.257%,20.00
2022-05-07,13020663,285,15004,0.577%,74877.2,240.3,0.321%,40.00
2022-05-06,13015280,285,15002,0.558%,72320.4,256.3,0.354%,51.00
2022-05-05,13010341,285,14999,0.550%,71301.2,274.5,0.385%,47.00
2022-05-04,13004638,285,14997,0.525%,68003.3,293.4,0.431%,61.00
2022-05-03,13000837,285,14993,0.534%,69096.1,279.4,0.404%,70.00
2022-05-02,12996819,285,14988,0.505%,65280.9,298.9,0.458%,70.00
2022-05-01,12991642,285,14982,0.550%,71053.1,347.8,0.489%,71.00
2022-04-30,12984068,284,14959,0.619%,80018.9,389.4,0.487%,64.00
2022-04-29,12979246,284,14941,0.654%,84372.7,456.5,0.541%,62.00
2022-04-28,12974469,284,14929,0.712%,91930.5,479.9,0.522%,65.00
2022-04-27,12969300,284,14919,0.700%,90256.7,474.7,0.526%,63.00
2022-04-26,12965658,284,14907,0.702%,90593.1,449.0,0.496%,61.00
2022-04-25,12958465,284,14901,0.594%,76622.3,346.5,0.452%,63.00
2022-04-24,12951373,283,14894,0.612%,78866.4,366.8,0.465%,61.00
2022-04-23,12941208,283,14878,0.527%,67969.6,253.1,0.372%,48.00
2022-04-22,12934968,283,14865,0.527%,67973.8,251.3,0.370%,38.00
2022-04-21,12930316,283,14853,0.523%,67318.0,280.6,0.417%,31.00
2022-04-20,12926930,283,14844,0.478%,61341.3,513.6,0.837%,25.00
2022-04-19,12924126,283,14836,0.493%,63264.8,487.2,0.770%,20.00
2022-04-18,12921683,284,14829,0.484%,61904.8,676.2,1.092%,18.00
2022-04-17,12918939,284,14824,0.476%,60963.5,520.5,0.854%,18.00
2022-04-16,12916002,284,14823,0.521%,66811.9,502.4,0.752%,27.00
2022-04-15,12913596,284,14822,0.520%,66683.9,402.5,0.604%,39.00
2022-04-14,12910283,284,14821,0.505%,64951.6,276.6,0.426%,55.00
2022-04-13,12907049,284,14819,0.511%,65694.2,295.6,0.450%,67.00
2022-04-12,12903693,283,14815,0.500%,64250.0,259.7,0.404%,76.00
2022-04-11,12901178,283,14809,0.488%,62720.2,235.1,0.375%,77.00
2022-04-10,12896544,283,14802,0.536%,68809.7,259.7,0.377%,76.00
2022-04-09,12889425,283,14781,0.616%,79074.5,337.2,0.426%,80.00
2022-04-08,12884097,283,14769,0.632%,81141.4,339.9,0.419%,79.00
2022-04-07,12879037,283,14753,0.630%,80772.8,370.2,0.458%,82.00
2022-04-06,12875421,283,14738,0.600%,76917.4,366.8,0.477%,78.00
2022-04-05,12863127,283,14723,0.615%,78760.7,368.9,0.468%,70.00
2022-04-04,12862818,283,14716,0.525%,67124.2,360.4,0.537%,71.00
2022-04-03,12859939,283,14711,0.548%,70075.6,410.2,0.585%,72.00
2022-04-02,12852124,282,14688,0.569%,72611.6,473.2,0.652%,53.00
2022-04-01,12846855,282,14676,0.709%,90433.4,629.3,0.696%,46.00
2022-03-31,12841692,283,14662,0.725%,92441.2,637.4,0.690%,36.00
2022-03-30,12836019,283,14652,0.814%,103140.0,1326.5,1.286%,31.00
2022-03-29,12830457,283,14643,1.027%,130207.8,1589.4,1.221%,30.00
2022-03-28,12824402,283,14634,1.331%,168609.8,2080.4,1.234%,27.00
2022-03-27,12818580,283,14627,1.523%,192759.3,2498.5,1.296%,27.00
2022-03-26,12810904,283,14624,2.404%,302434.3,5498.4,1.818%,31.00
2022-03-25,12802661,283,14621,1.966%,247839.1,3913.7,1.579%,59.00
2022-03-24,12791276,282,14617,1.878%,236794.7,3467.1,1.464%,66.00
2022-03-23,12776045,282,14614,1.707%,214807.9,3244.0,1.510%,73.00
2022-03-22,12755665,282,14608,1.654%,207995.5,2982.0,1.434%,78.00
2022-03-21,12721396,282,14600,1.514%,190111.5,2513.5,1.322%,78.00
2022-03-20,12631145,282,14594,1.210%,151359.0,1433.7,0.947%,77.00
2022-03-19,12474832,282,14571,1.167%,144162.1,1386.2,0.962%,58.00
2022-03-18,12431366,282,14551,1.247%,153483.7,1565.3,1.020%,43.00
2022-03-17,12391836,282,14537,1.381%,169383.1,1743.4,1.029%,35.00
2022-03-16,12360973,282,14526,1.023%,124981.0,1421.2,1.137%,28.00
2022-03-15,12321362,282,14511,0.731%,89267.5,813.9,0.912%,19.00
2022-03-14,12315527,282,14507,0.610%,74420.7,696.3,0.936%,21.00
2022-03-13,12311237,282,14500,0.557%,68230.6,329.9,0.484%,21.00
2022-03-12,12306889,282,14498,0.823%,100837.8,436.3,0.433%,36.00
2022-03-11,12303099,282,14496,0.844%,103398.4,459.6,0.444%,36.00
2022-03-10,12298988,282,14494,0.806%,98700.3,381.7,0.387%,49.00
2022-03-09,12295061,280,14492,0.836%,102344.6,442.4,0.432%,60.00
2022-03-08,12288057,280,14489,0.809%,98984.6,396.3,0.400%,71.00
2022-03-07,12280618,280,14483,0.700%,85530.0,418.1,0.489%,70.00
2022-03-06,12271201,281,14477,0.683%,83365.1,423.8,0.508%,71.00
2022-03-05,12256139,281,14459,0.723%,88170.5,494.5,0.561%,55.00
2022-03-04,12248714,281,14461,0.636%,77505.0,435.8,0.562%,48.00
2022-03-03,12242338,281,14448,0.704%,85639.7,565.7,0.661%,38.00
2022-03-02,12238578,281,14437,0.677%,82272.7,575.7,0.700%,34.00
2022-03-01,12235189,281,14421,0.616%,75052.8,318.1,0.424%,24.00
2022-02-28,12232179,281,14416,0.446%,54381.2,212.6,0.391%,22.00
2022-02-27,12230112,281,14408,0.448%,54598.2,196.0,0.359%,19.00
2022-02-26,12227439,281,14407,0.473%,57637.1,175.0,0.304%,22.00
2022-02-25,12224888,281,14406,0.402%,49035.9,123.4,0.252%,22.00
2022-02-24,12222172,281,14522,0.487%,59353.4,127.8,0.215%,24.00
2022-02-23,12220250,281,14398,0.603%,73332.9,324.1,0.442%,20.00
2022-02-22,12218669,281,14393,0.767%,93310.1,431.6,0.463%,20.00
2022-02-21,12216004,281,14391,0.836%,101567.1,536.8,0.529%,19.00
2022-02-20,12212592,279,14386,0.927%,112566.2,599.7,0.533%,19.00
2022-02-19,12209330,279,14382,1.093%,132677.0,761.0,0.574%,23.00
2022-02-18,12205974,279,14381,1.428%,172750.0,1607.7,0.931%,31.00
2022-02-17,12202043,279,14378,1.457%,176200.8,1550.9,0.880%,38.00
2022-02-16,12196914,278,14376,1.514%,182972.8,1679.0,0.918%,41.00
2022-02-15,12191403,278,14371,1.458%,176232.0,1572.2,0.892%,42.00
2022-02-14,12182754,278,14369,1.398%,168637.4,1640.9,0.973%,46.00
2022-02-13,12168442,278,14365,1.370%,165139.6,1624.5,0.984%,46.00
2022-02-12,12138766,278,14356,1.145%,137802.1,1160.6,0.842%,47.00
2022-02-11,12106241,277,14345,0.980%,117772.8,892.7,0.758%,49.00
2022-02-10,12083102,278,14334,0.930%,111679.9,725.2,0.649%,44.00
2022-02-09,12066723,278,14329,0.896%,107466.8,704.1,0.655%,43.00
2022-02-08,12050776,278,14323,0.798%,95886.9,292.5,0.305%,43.00
2022-02-07,12029590,278,14318,0.715%,85737.9,289.1,0.337%,43.00
2022-02-06,12021115,278,14313,0.735%,87979.0,324.6,0.369%,44.00
2022-02-05,12020167,287,14304,0.749%,89629.9,344.8,0.385%,35.00
2022-02-04,12018724,287,14293,0.680%,81370.8,308.7,0.379%,26.00
2022-02-03,12017205,286,14287,0.590%,70586.3,261.5,0.370%,22.00
2022-02-02,12016739,286,14283,0.599%,71762.6,234.9,0.327%,27.00
2022-02-01,12016177,286,14336,0.681%,81505.8,274.5,0.337%,26.00
2022-01-31,12015629,286,14272,0.659%,78952.1,278.4,0.353%,21.00
2022-01-30,12015578,286,14266,0.690%,82599.8,279.2,0.338%,20.00
2022-01-29,12015058,286,14266,0.750%,89787.6,304.3,0.339%,20.00
2022-01-28,12014101,286,14264,0.744%,89087.9,332.6,0.373%,19.00
2022-01-27,12013393,286,14263,0.737%,88160.1,367.6,0.417%,21.00
2022-01-26,12012398,286,14255,0.789%,94398.7,385.3,0.408%,17.00
2022-01-25,12012023,285,14250,0.697%,83399.8,336.6,0.404%,16.00
2022-01-24,12012204,285,14249,0.587%,70265.8,285.4,0.406%,20.00
2022-01-23,12008786,285,14244,0.571%,68325.4,293.7,0.430%,19.00
2022-01-22,12005741,285,14244,0.548%,65570.0,253.5,0.387%,23.00
2022-01-21,12003253,285,14243,0.579%,69188.9,312.7,0.452%,31.00
2022-01-20,12001461,285,14239,0.528%,63134.4,254.9,0.404%,35.00
2022-01-19,11999253,285,14235,0.517%,61759.7,244.5,0.396%,35.00
2022-01-18,11997629,285,14231,0.503%,60116.0,222.4,0.370%,39.00
2022-01-17,11996090,282,14226,0.494%,59005.4,223.3,0.378%,38.00
2022-01-16,11994334,282,14222,0.488%,58317.0,202.1,0.347%,41.00
2022-01-15,11992567,282,14218,0.415%,49681.8,120.5,0.243%,42.00
2022-01-14,11991696,282,14209,0.418%,49988.4,116.4,0.233%,38.00
2022-01-13,11990889,282,14202,0.430%,51408.1,118.5,0.231%,34.00
2022-01-12,11988298,281,14198,0.439%,52430.1,149.4,0.285%,36.00
2022-01-11,11987162,281,14190,0.438%,52408.4,140.4,0.268%,34.00
2022-01-10,11985022,281,14185,0.436%,52079.5,142.3,0.273%,36.00
2022-01-09,11983849,272,14179,0.423%,50591.6,138.6,0.274%,34.00
2022-01-08,11983584,272,14174,0.447%,53382.7,143.3,0.268%,34.00
2022-01-07,11982344,272,14169,0.463%,55347.6,177.1,0.320%,35.00
2022-01-06,11980881,272,14166,0.432%,51639.8,161.9,0.314%,40.00
2022-01-05,11979544,272,14160,0.428%,51099.5,192.1,0.376%,37.00
2022-01-04,11977455,272,14154,0.431%,51376.3,189.9,0.370%,37.00
2022-01-03,11975752,272,14147,0.418%,49870.7,181.9,0.365%,37.00
2022-01-02,11974336,272,14143,0.363%,43333.5,108.9,0.251%,38.00
2022-01-01,11972564,272,14138,0.357%,42689.9,105.3,0.247%,39.00
2021-12-31,11971350,272,14133,0.384%,45909.1,83.1,0.181%,39.00
2021-12-30,11969923,272,14125,0.382%,45674.4,83.6,0.183%,37.00
2021-12-29,11970981,272,14121,0.361%,43109.3,80.1,0.186%,41.00
2021-12-28,11969053,272,14116,0.363%,43406.8,77.2,0.178%,43.00
2021-12-27,11967413,272,14110,0.419%,50039.0,94.3,0.188%,42.00
2021-12-26,11966050,272,14104,0.409%,48867.0,93.4,0.191%,43.00
2021-12-25,11964244,272,14098,0.411%,49046.6,90.6,0.185%,41.00
2021-12-24,11962270,272,14093,0.412%,49251.2,78.1,0.159%,41.00
2021-12-23,11960668,272,14087,0.413%,49271.3,77.8,0.158%,41.00
2021-12-22,11959213,272,14078,0.399%,47639.8,81.3,0.171%,38.00
2021-12-21,11958152,272,14070,0.410%,48922.3,83.1,0.170%,38.00
2021-12-20,11956711,272,14065,0.375%,44726.8,74.0,0.165%,39.00
2021-12-19,11955999,272,14058,0.368%,43883.9,81.7,0.186%,39.00
2021-12-18,11954344,272,14054,0.437%,52128.2,130.2,0.250%,40.00
2021-12-17,11953048,272,14050,0.423%,50481.0,128.9,0.255%,42.00
2021-12-16,11950966,272,14043,0.429%,51191.6,136.4,0.266%,41.00
2021-12-15,11949244,272,14037,0.448%,53328.8,158.7,0.298%,43.00
2021-12-14,11947242,271,14030,0.484%,57600.1,169.3,0.294%,42.00
2021-12-13,11943473,271,14023,0.464%,55202.9,257.0,0.466%,40.00
2021-12-12,11941186,271,14016,0.598%,71151.4,308.0,0.433%,40.00
2021-12-11,11935806,271,14011,0.656%,77924.8,337.8,0.433%,36.00
2021-12-10,11933778,271,14005,0.670%,79621.8,383.3,0.481%,31.00
2021-12-09,11932131,271,14000,0.851%,100943.9,539.7,0.535%,27.00
2021-12-08,11930585,271,13992,0.932%,110747.6,391.5,0.354%,22.00
2021-12-07,11929032,271,13987,1.085%,128986.8,395.5,0.307%,20.00
2021-12-06,11927368,271,13981,0.926%,110152.3,353.5,0.321%,15.00
2021-12-05,11925343,271,13974,1.035%,122977.6,395.6,0.322%,11.00
2021-12-04,11921796,271,13973,1.064%,126506.8,364.3,0.288%,11.00
2021-12-03,11917728,271,13972,0.991%,117825.2,283.8,0.241%,12.00
2021-12-02,11915584,271,13971,1.248%,148359.9,348.8,0.235%,12.00
2021-12-01,11913638,271,13968,1.183%,140542.8,350.8,0.250%,13.00
2021-11-30,11911784,271,13965,1.195%,142003.6,337.3,0.238%,14.00
2021-11-29,11910369,271,13963,1.060%,125904.4,299.1,0.238%,16.00
2021-11-28,11908600,270,13961,1.086%,128973.2,392.5,0.304%,18.00
2021-11-27,11906821,270,13960,1.007%,119541.2,378.6,0.317%,19.00
2021-11-26,11904397,270,13958,0.788%,93483.7,292.1,0.312%,21.00
2021-11-25,11901260,270,13956,0.880%,104466.6,313.4,0.300%,25.00
2021-11-24,11898987,270,13952,0.820%,97200.7,349.0,0.359%,28.00
2021-11-23,11896004,270,13948,0.948%,112371.3,344.2,0.306%,32.00
2021-11-22,11892242,270,13946,0.923%,109348.8,384.7,0.352%,31.00
2021-11-21,11887559,270,13940,1.077%,127618.9,417.8,0.327%,32.00
2021-11-20,11879992,270,13938,1.792%,212048.7,885.4,0.418%,63.00
2021-11-19,11872374,270,13934,1.765%,208691.2,851.6,0.408%,69.00
2021-11-18,11866276,270,13928,1.678%,198291.0,812.9,0.410%,72.00
2021-11-17,11859830,270,13922,1.630%,192484.3,856.8,0.445%,77.00
2021-11-16,11851682,270,13914,1.525%,179903.0,776.2,0.431%,78.00
2021-11-15,11833831,270,13907,1.797%,211796,845.2,0.399%,
2021-11-14,11793701,270,13879,0.927%,108915.9,468.7,0.43%,
2021-11-13,11779467,270,13861,0.825%,96698.3,535.6,0.554%,
2021-11-12,11770150,270,13851,0.668%,78129.9,486.6,0.623%,
2021-11-11,11765004,270,13840,0.452%,52809.1,324.1,0.614%,
2021-11-10,11762188,270,13832,0.423%,49511.8,274.1,0.554%,
2021-11-09,11758397,270,13825,0.471%,55121.8,278.8,0.506%,
2021-11-08,11750588,270,13818,0.58%,67882.7,251,0.37%,
2021-11-07,11739829,270,13802,0.596%,69701.9,296.9,0.426%,
2021-11-06,11732099,270,13787,0.559%,65343.6,200.7,0.307%,
2021-11-05,11726112,270,13780,0.506%,59202.5,146.4,0.247%,
2021-11-04,11713204,270,13771,0.567%,66153.3,257.1,0.389%,
2021-11-02,11683532,270,13758,0.806%,93876.5,324.5,0.346%,
2021-11-01,11676426,270,13751,0.66%,76830.1,203.8,0.265%,
2021-10-31,11671377,270,13748,0.639%,74428.3,183,0.246%,
2021-10-30,11665516,269,13745,0.582%,67641.8,216,0.319%,
2021-10-29,11659428,270,13743,0.587%,68242.5,211.2,0.309%,
2021-10-28,11653268,270,13740,0.588%,68371.4,192,0.281%,
2021-10-27,11643939,270,13733,1.117%,129682.8,352.8,0.272%,
2021-10-26,11634692,270,13728,1.198%,139075.1,363.1,0.261%,
2021-10-25,11624154,270,13721,1.312%,151901.6,567.7,0.374%,
2021-10-24,11589511,270,13699,0.996%,114655.3,740.6,0.646%,
2021-10-23,11555069,270,13675,0.806%,92718.7,366.1,0.395%,
2021-10-22,11546582,270,13659,0.559%,64220.6,289.6,0.451%,
2021-10-21,11542988,270,13646,0.467%,53603.4,252.7,0.471%,
2021-10-20,11541077,270,13641,0.435%,49987,188.1,0.376%,
2021-10-19,11539626,270,13634,0.43%,49395.2,198.7,0.402%,
2021-10-18,11538092,270,13627,0.408%,46813,209.6,0.448%,
2021-10-17,11536350,270,13622,0.505%,58009.2,253.5,0.437%,
2021-10-16,11534089,270,13620,0.702%,80691.9,331.6,0.411%,
2021-10-15,11532221,270,13618,0.711%,81704.2,326.1,0.399%,
2021-10-14,11528985,270,13613,0.75%,86085.2,354.1,0.411%,
2021-10-13,11527268,270,13609,0.851%,96869.2,1199.8,1.239%,
2021-10-12,11526202,270,13605,0.848%,96527.5,1252.1,1.297%,
2021-10-11,11524884,270,13603,0.879%,99910.3,1340.2,1.341%,
2021-10-10,11522679,270,13601,0.775%,88020.1,1318.1,1.497%,
2021-10-09,11520932,270,13599,0.86%,97670.4,1403.5,1.437%,
2021-10-08,11518803,270,13597,0.866%,98381.7,1371.7,1.394%,
2021-10-07,11516659,270,13595,0.89%,101265.3,1277.7,1.262%,
2021-10-06,11512431,270,13586,1.052%,120380.1,751.2,0.624%,
2021-10-04,11506911,270,13578,0.682%,78153.6,378.8,0.485%,
2021-10-03,11501556,271,13560,0.553%,63330.8,228.7,0.361%,
2021-10-02,11498828,271,13549,0.442%,50271.5,498.4,0.991%,
2021-10-01,11495915,271,13536,0.518%,58934.5,575.7,0.977%,
2021-09-30,11491975,271,13529,0.717%,81915.2,441.8,0.539%,
2021-09-29,11490631,271,13522,0.841%,95896.8,739.8,0.771%,
2021-09-27,11488376,271,13516,0.703%,80195.8,610.3,0.761%,
2021-09-26,11485655,271,13511,0.694%,79249.4,493.1,0.622%,
2021-09-25,11482072,271,13507,0.812%,92761.6,470.5,0.507%,
2021-09-24,11477525,271,13504,0.748%,85629.3,168.4,0.197%,
2021-09-22,11472066,271,13498,0.762%,87192.1,215.3,0.247%,
2021-09-21,11468905,271,13490,0.792%,90561.2,221.5,0.245%,
2021-09-20,11464781,271,13481,0.871%,99459.1,412.5,0.415%,
2021-09-19,11459634,271,13474,0.825%,94169.9,409.3,0.435%,
2021-09-18,11447024,270,13421,0.748%,85317,281.6,0.33%,
2021-09-17,11441970,270,13405,0.758%,86262.7,421.5,0.489%,
2021-09-16,11438514,270,13394,0.659%,75119.6,222.3,0.296%,
2021-09-15,11434161,270,13384,0.937%,106733.2,438.8,0.411%,
2021-09-14,11429801,270,13379,0.878%,99908.2,423.9,0.424%,
2021-09-12,11422201,270,13372,0.939%,106713.4,492.7,0.462%,
2021-09-11,11412744,270,13349,0.754%,85560,540.6,0.632%,
2021-09-10,11404503,269,13325,0.584%,66320.2,256.3,0.386%,
2021-09-08,11396889,268,13307,0.705%,79981.2,342.4,0.428%,
2021-09-06,11389266,268,13298,0.68%,76948,470,0.611%,
2021-09-05,11384553,268,13294,0.736%,83216.9,606.1,0.728%,
2021-09-04,11379294,268,13292,0.826%,93352.5,663.2,0.71%,
2021-09-03,11374051,267,13288,0.896%,101209.1,661.4,0.653%,
2021-09-02,11369774,267,13286,0.825%,93363.8,404.9,0.434%,
2021-09-01,11364313,267,13282,0.872%,98745.3,397.3,0.402%,
2021-08-31,11358506,267,13275,1.006%,113688.3,558.5,0.491%,
2021-08-30,11352081,267,13269,0.989%,111618.5,655.1,0.587%,
2021-08-29,11342801,267,13247,0.737%,83268.4,343.7,0.413%,
2021-08-28,11335079,266,13230,0.883%,99405.2,644.7,0.649%,
2021-08-27,11328569,266,13221,0.67%,75608.8,239.1,0.316%,
2021-08-26,11324459,266,13212,1.032%,116478.3,413.2,0.355%,
2021-08-25,11320809,266,13206,0.929%,104756.4,372.5,0.356%,
2021-08-24,11317270,266,13199,1.014%,114255.6,556.2,0.487%,
2021-08-23,11314259,266,13194,0.873%,98313.3,513.2,0.522%,
2021-08-21,11311012,266,13189,1.249%,140502.8,767.3,0.546%,
2021-08-20,11306634,266,13183,1.271%,143065.6,666.8,0.466%,
2021-08-16,11293985,266,13162,1.6%,179573.3,1184.8,0.66%,
2021-08-15,11285580,266,13145,0.616%,69240.4,249.4,0.36%,
2021-08-14,11281814,266,13131,0.563%,63242.7,229.5,0.363%,
2021-08-13,11278464,266,13117,0.624%,69860,530.4,0.759%,
2021-08-12,11276459,266,13104,0.666%,74739.7,371.5,0.497%,
2021-08-11,11272863,266,13097,0.652%,73249.5,271.7,0.371%,
2021-08-10,11269171,266,13090,0.799%,89765.3,296.1,0.33%,
2021-08-09,11265544,266,13083,0.743%,83488.1,235.1,0.282%,
2021-08-08,11258262,266,13069,0.743%,83299.5,319.9,0.384%,
2021-08-07,11252929,267,13052,1.653%,184600.2,1375.9,0.745%,
2021-08-06,11245566,267,13044,2.088%,231341.7,3520.3,1.522%,
2021-08-05,11212485,267,13029,0.636%,70753.7,604.3,0.854%,
2021-08-04,11208588,267,13023,0.506%,56507.6,255.9,0.453%,
2021-08-03,11206912,267,13016,0.457%,51042.8,180.6,0.354%,
2021-07-29,11197766,267,12996,0.582%,64932.5,238.6,0.367%,
2021-07-28,11194108,268,12987,0.706%,78521.4,457.5,0.583%,
2021-07-27,11192613,268,12984,0.716%,79736.7,438.8,0.55%,
2021-07-26,11189829,268,12979,0.684%,76042.9,499.2,0.656%,
2021-07-25,11183906,268,12975,0.717%,79532.9,640,0.805%,
2021-07-23,11181802,268,12972,0.765%,84915.4,640.5,0.754%,
2021-07-22,11179901,268,12970,0.734%,81458.4,616.9,0.757%,
2021-07-21,11177850,268,12967,0.735%,81609.6,597.4,0.732%,
2021-07-20,11176806,268,12962,0.688%,76400.4,479.7,0.628%,
2021-07-19,11175291,268,12957,0.579%,64492.5,158.7,0.246%,
2021-07-18,11173684,268,12954,0.551%,61398.3,119.9,0.195%,
2021-07-17,11171264,268,12951,0.51%,56896.3,131.6,0.231%,
2021-07-16,11168722,268,12949,0.494%,55049.7,138.8,0.252%,
2021-07-15,11168852,268,12946,0.534%,59516.8,137.9,0.232%,
2021-07-14,11167635,268,12944,0.548%,61064.9,151.5,0.248%,
2021-07-13,11166451,268,12941,0.506%,56364.5,141.2,0.251%,
2021-07-09,11159218,268,12925,0.432%,48029.6,186.7,0.389%,
2021-07-08,11157873,268,12921,0.462%,51310,188.4,0.367%,
2021-07-07,11156655,268,12915,0.568%,63130.4,253.8,0.402%,
2021-07-06,11155334,268,12910,0.71%,78712.1,471.5,0.599%,
2021-07-05,11153828,268,12907,0.814%,90181.1,611.5,0.678%,
2021-07-04,11151324,268,12905,0.812%,89880.1,616.9,0.686%,
2021-07-03,11149720,268,12904,0.791%,87544.2,613.9,0.701%,
2021-07-02,11148224,268,12902,0.797%,88281.2,624.1,0.707%,
2021-07-01,11145870,268,12899,0.792%,87707.4,586.8,0.669%,
2021-06-30,11143138,268,12896,0.741%,81977.7,588.5,0.718%,
2021-06-29,11140263,268,12894,0.671%,74279.5,482.7,0.65%,
2021-06-28,11137373,268,12887,0.652%,72333.5,322.7,0.446%,
2021-06-27,11130097,269,12870,0.846%,93500.4,606.2,0.648%,
2021-06-26,11124871,269,12858,1.034%,114070.5,913.8,0.801%,
2021-06-25,11120207,270,12851,0.815%,90040.3,633.3,0.703%,
2021-06-24,11117112,270,12841,0.819%,90485.1,534.7,0.591%,
2021-06-23,11114215,270,12830,1.385%,152973.5,986.3,0.645%,
2021-06-22,11111865,270,12827,1.593%,175693.3,1318.8,0.751%,
2021-06-21,11107423,270,12823,1.404%,154732.6,1221.3,0.789%,
2021-06-20,11093940,270,12806,0.813%,89816.2,395,0.44%,
2021-06-19,11089251,270,12792,0.731%,80697.1,405.6,0.503%,
2021-06-18,11086291,270,12783,0.625%,69026.9,282.1,0.409%,
2021-06-17,11083834,270,12776,0.692%,76323.9,327.9,0.43%,
2021-06-16,11081415,270,12769,0.761%,83981,364.6,0.434%,
2021-06-15,11078967,270,12762,0.763%,83991.6,555.2,0.661%,
2021-06-14,11075837,270,12756,0.754%,83044.3,497.4,0.599%,
2021-06-13,11075024,270,12756,0.741%,81527.2,486.1,0.596%,
2021-06-11,11069291,270,12752,0.739%,81330.7,493.3,0.607%,
2021-06-10,11066753,270,12750,0.866%,95282.6,583.1,0.612%,
2021-06-09,11063775,270,12745,1.04%,114381.6,630.1,0.551%,
2021-06-08,11059727,270,12741,1.116%,122809.3,628.5,0.512%,
2021-06-07,11055167,270,12737,1.106%,121740.8,575.7,0.473%,
2021-06-06,11047109,270,12731,0.79%,86908.2,386.4,0.445%,
2021-06-05,11034877,270,12710,0.785%,86278,346.3,0.401%,
2021-06-04,11030372,270,12696,0.674%,74033.4,330.6,0.447%,
2021-06-03,11026546,255,12684,0.983%,107847.5,554.1,0.514%,
2021-06-02,11022122,255,12674,1.682%,183650,1709.4,0.931%,
2021-06-01,11017702,255,12666,1.816%,198075.5,1962.9,0.991%,
2021-05-31,11011219,255,12663,1.818%,198191.4,1991.6,1.005%,
2021-05-30,10986111,255,12658,1.455%,158148.2,1742.5,1.102%,
2021-05-29,10942887,255,12645,0.708%,77152,274,0.355%,
2021-05-28,10938256,255,12633,0.667%,72712.5,254.8,0.35%,
2021-05-27,10934466,255,12621,0.918%,99744.7,591.3,0.593%,
2021-05-26,10930407,255,12611,1.074%,116680.7,750.3,0.643%,
2021-05-25,10925400,255,12606,0.873%,94785.4,588.7,0.621%,
2021-05-24,10920552,255,12600,0.897%,97450.9,491.4,0.504%,
2021-05-23,10915555,255,12596,0.892%,96852.1,464.2,0.479%,
2021-05-22,10910375,255,12594,0.868%,94241.8,449.6,0.477%,
2021-05-21,10906254,255,12591,0.803%,87045.1,486.3,0.559%,
2021-05-20,10902102,255,12588,0.845%,91576.3,507.8,0.555%,
2021-05-19,10898859,255,12583,0.933%,101182.7,488.5,0.483%,
2021-05-18,10894333,255,12579,1.021%,110768,475.6,0.429%,
2021-05-17,10890198,255,12575,0.901%,97698.2,418.7,0.429%,
2021-05-16,10884049,255,12562,0.725%,78485.7,377.1,0.48%,
2021-05-15,10875453,253,12539,0.721%,78156,264.4,0.338%,
2021-05-14,10870923,253,12526,0.791%,85604.9,431.4,0.504%,
2021-05-13,10866461,253,12512,0.85%,91874.8,465.7,0.507%,
2021-05-12,10861203,253,12508,0.801%,85488.7,1517,1.775%,
2021-05-11,10856192,253,12501,0.843%,90008.7,1474.9,1.639%,
2021-05-10,10851280,253,12496,0.87%,93072.8,1369.7,1.472%,
2021-05-09,10847519,253,12493,0.902%,96468.9,1367.2,1.417%,
2021-05-08,10844121,253,12489,0.902%,96440.4,1380.1,1.431%,
2021-05-07,10840111,253,12488,0.894%,95549.1,1321.9,1.383%,
2021-05-06,10836833,253,12484,0.862%,92806,654,0.705%,
2021-05-05,10832958,253,12482,0.783%,84566.1,297.6,0.352%,
2021-05-04,10828871,252,12478,0.925%,99700.9,425.5,0.427%,
2021-05-03,10824496,252,12471,0.901%,97016.6,491,0.506%,
2021-05-02,10817916,252,12460,0.793%,85118.2,664.5,0.781%,
2021-05-01,10806543,252,12439,0.533%,57360.9,245.6,0.428%,
2021-04-30,10801768,252,12424,0.552%,59263.5,309.6,0.522%,
2021-04-29,10799288,252,12415,0.623%,66956.7,361.5,0.54%,
2021-04-28,10795270,252,12404,0.614%,66037.9,261.9,0.397%,
2021-04-27,10792262,252,12398,0.647%,69547.1,250.4,0.36%,
2021-04-26,10787957,252,12390,0.799%,85843,311.8,0.363%,
2021-04-25,10783784,252,12384,0.917%,98554.7,384.4,0.39%,
2021-04-24,10778819,252,12381,1.006%,107944.2,486.8,0.451%,
2021-04-23,10773072,252,12379,0.981%,105160,483.8,0.46%,
2021-04-22,10768765,252,12374,1.165%,124741,728.1,0.584%,
2021-04-21,10760989,252,12369,1.191%,127379.8,756.6,0.594%,
2021-04-20,10753114,252,12364,1.287%,137635.1,783,0.569%,
2021-04-19,10744379,252,12357,1.206%,128844.6,780.7,0.606%,
2021-04-18,10726564,252,12342,1.358%,144688.9,931.5,0.644%,
2021-04-17,10712957,252,12324,1.191%,126623.8,946.8,0.748%,
2021-04-16,10701497,252,12311,0.737%,78181.5,710.8,0.909%,
2021-04-15,10695842,252,12297,0.904%,95709.5,959,1.002%,
2021-04-14,10695432,252,12297,0.908%,96170.5,968.5,1.007%,
2021-04-13,10690083,252,12290,0.989%,104494.4,1190,1.139%,
2021-04-12,10684370,252,12283,0.949%,100330,1021,1.018%,
2021-04-11,10679680,252,12277,1.004%,106342.7,927.7,0.872%,
2021-04-10,10675792,252,12274,1.067%,112958.6,953.4,0.844%,
2021-04-09,10670466,252,12271,0.957%,101396.9,690.8,0.681%,
2021-04-07,10663063,252,12262,1.042%,110477.8,586.1,0.531%,
2021-04-06,10658853,252,12256,1.156%,122553.2,666.9,0.544%,
2021-04-05,10653505,252,12253,1.113%,117948.6,657.7,0.558%,
2021-04-04,10646134,252,12247,0.704%,74564,425.9,0.571%,
2021-04-03,10632127,252,12229,0.484%,51247.1,162.6,0.317%,
2021-04-02,10626665,252,12215,0.477%,50490.4,174.4,0.345%,
2021-04-01,10622350,252,12201,0.635%,67065.4,358.2,0.534%,
2021-03-31,10618969,252,12195,0.675%,71331.8,336.4,0.472%,
2021-03-30,10614560,252,12189,0.832%,87879.9,436.9,0.497%,
2021-03-28,10600922,252,12178,0.84%,88702.2,361.4,0.407%,
2021-03-27,10579394,252,12162,0.67%,70550.6,344.5,0.488%,
2021-03-26,10566402,252,12144,0.669%,70337.8,341.4,0.485%,
2021-03-25,10561369,252,12130,0.698%,73268.6,433.2,0.591%,
2021-03-24,10557578,251,12124,0.59%,61991.7,321,0.518%,
2021-03-23,10554171,251,12116,0.482%,50552.1,283.5,0.561%,
2021-03-22,10550998,251,12108,0.52%,54577.6,275.6,0.505%,
2021-03-20,10543781,250,12100,0.485%,50931.8,256.4,0.503%,
2021-03-19,10539749,250,12097,0.448%,46971.5,257.9,0.549%,
2021-03-18,10537184,250,12091,0.588%,61644.3,264.7,0.429%,
2021-03-17,10534095,249,12089,0.617%,64751.4,246.2,0.38%,
2021-03-16,10530072,249,12083,0.619%,64999.3,172.7,0.266%,
2021-03-15,10526520,249,12077,0.699%,73436.3,163.9,0.223%,
2021-03-14,10522596,249,12073,0.687%,72168,142.5,0.197%,
2021-03-13,10517710,249,12070,0.766%,80405.2,194.6,0.242%,
2021-03-12,10513495,249,12069,0.633%,66325.7,175.4,0.264%,
2021-03-11,10508596,249,12062,0.605%,63358.4,229.7,0.363%,
2021-03-10,10504445,249,12054,0.811%,84675.7,466.7,0.551%,
2021-03-09,10500951,249,12047,1.136%,118617.2,632.8,0.533%,
2021-03-08,10496134,249,12045,1.156%,120709.5,579.6,0.48%,
2021-03-07,10490499,249,12038,0.988%,103276.3,366,0.354%,
2021-03-06,10483745,249,12029,0.687%,71834.2,207.2,0.288%,
2021-03-05,10479944,249,12019,0.605%,63128.9,294.2,0.466%,
2021-03-04,10474947,249,12014,0.776%,80831.2,409.5,0.507%,
2021-03-03,10470783,249,12009,0.762%,79373.7,376,0.474%,
2021-03-02,10464526,249,12005,0.698%,72747.8,331.9,0.456%,
2021-03-01,10457700,248,11999,0.61%,63505.5,256.3,0.404%,
2021-02-28,10458431,249,11993,0.486%,50625.2,173.8,0.343%,
2021-02-27,10456596,249,11991,0.5%,52148,176.3,0.338%,
2021-02-26,10453887,249,11988,0.568%,59005.9,340.4,0.577%,
2021-02-25,10451334,249,11984,0.615%,63837.3,389.7,0.61%,
2021-02-24,10448822,249,11979,0.611%,63521.6,368,0.579%,
2021-02-23,10445878,249,11969,0.778%,80889.7,400.2,0.495%,
2021-02-22,10442937,249,11965,0.884%,91878.2,397.6,0.433%,
2021-02-21,10440541,249,11961,0.999%,103526.7,773.2,0.747%,
2021-02-20,10438191,249,11959,1.005%,104088,772.7,0.742%,
2021-02-19,10435716,249,11955,1.07%,110838.2,827.9,0.747%,
2021-02-18,10433144,249,11951,1.062%,110012.2,814.3,0.74%,
2021-02-17,10429920,249,11947,1.036%,107306.1,778.3,0.725%,
2021-02-16,10425737,249,11943,0.919%,95215.8,574.1,0.603%,
2021-02-15,10423499,249,11938,0.863%,89686.2,317.4,0.354%,
2021-02-14,10421996,249,11931,1.035%,107448.1,403.1,0.375%,
2021-02-13,10419820,249,11928,1.046%,108589.1,402.5,0.371%,
2021-02-12,10417638,249,11922,0.905%,93906.1,354.6,0.378%,
2021-02-11,10415409,249,11917,0.853%,88510.8,335.7,0.379%,
2021-02-10,10412964,249,11914,0.735%,76247,276.9,0.363%,
2021-02-09,10410973,249,11906,0.556%,57735.4,150.6,0.261%,
2021-02-08,10409445,249,11903,0.52%,54034.4,109.1,0.202%,
2021-02-07,10408480,249,11901,0.481%,49960.4,104.3,0.209%,
2021-02-06,10407184,249,11897,0.494%,51261.9,117.4,0.229%,
2021-02-05,10406856,249,11897,0.484%,50295.8,116,0.231%,
2021-02-04,10405382,249,11891,0.492%,51075.4,110,0.215%,
2021-02-03,10403886,249,11885,0.525%,54467.3,124.1,0.228%,
2021-02-02,10402102,248,11881,0.532%,55165.8,124,0.225%,
2021-02-01,10400087,247,11879,0.555%,57585.3,131.1,0.228%,
2021-01-31,10398289,247,11875,0.569%,59019.4,135.9,0.23%,
2021-01-30,10396269,247,11873,0.625%,64709.3,258.6,0.4%,
2021-01-29,10394518,247,11868,0.597%,61801.9,254.8,0.412%,
2021-01-27,10390581,247,11860,0.566%,58613.7,236.7,0.404%,
2021-01-26,10387892,247,11854,0.572%,59160.9,234,0.396%,
2021-01-25,10385132,247,11850,0.547%,56584.5,239.9,0.424%,
2021-01-24,10382387,247,11848,0.55%,56880.1,233.9,0.411%,
2021-01-23,10379740,247,11842,0.558%,57715.8,235.7,0.408%,
2021-01-22,10376555,247,11835,0.498%,51545.2,132.4,0.257%,
2021-01-21,10373124,247,11831,0.542%,56097.4,148.8,0.265%,
2021-01-20,10367593,247,11826,0.535%,55350.2,159.1,0.287%,
2021-01-19,10370897,247,11819,0.647%,66826.8,237.3,0.355%,
2021-01-18,10368577,247,11813,0.651%,67257,266.4,0.396%,
2021-01-17,10368269,247,11813,0.65%,67086.2,268.2,0.4%,
2021-01-16,10366353,247,11811,0.657%,67871.3,263.8,0.389%,
2021-01-15,10364101,247,11810,0.664%,68518.3,271,0.396%,
2021-01-14,10361705,247,11804,0.676%,69820.1,270.8,0.388%,
2021-01-13,10359216,247,11801,0.647%,66729.2,261.7,0.392%,
2021-01-12,10356998,247,11795,0.783%,80754.8,331.2,0.41%,
2021-01-11,10354392,247,11792,0.778%,80275.5,318.8,0.397%,
2021-01-10,10351963,247,11788,0.773%,79704.2,292.5,0.367%,
2021-01-09,10348925,247,11784,0.737%,75986.8,264.8,0.348%,
2021-01-08,10346464,247,11782,0.712%,73441.5,245.5,0.334%,
2021-01-07,10342934,247,11779,0.696%,71789,229.7,0.32%,
2021-01-06,10340462,247,11774,0.721%,74388.6,202.5,0.272%,
2021-01-05,10337598,247,11770,0.705%,72636.2,205.8,0.283%,
2021-01-04,10335279,247,11768,0.653%,67296.8,172.6,0.256%,
2021-01-03,10333131,247,11762,0.546%,56316,108,0.192%,
2021-01-02,10330717,247,11759,0.612%,63081.4,145.5,0.231%,
2021-01-01,10328381,247,11756,0.598%,61609.4,146.5,0.238%,
2020-12-31,10326300,247,11750,0.57%,58697.7,138.5,0.236%,
2020-12-30,10325223,247,11744,0.586%,60408.3,139.1,0.23%,
2020-12-29,10322502,247,11740,0.55%,56639.8,126.9,0.224%,
2020-12-28,10320517,247,11738,0.53%,54602.5,120.8,0.221%,
2020-12-27,10318327,247,11734,0.524%,53912,123.2,0.229%,
2020-12-26,10316099,247,11730,0.537%,55252,122.9,0.222%,
2020-12-25,10313708,247,11727,0.556%,57251.9,132.9,0.232%,
2020-12-24,10311000,247,11724,0.479%,49246.3,99,0.201%,
2020-12-23,10307985,247,11717,0.548%,56317.8,138.5,0.246%,
2020-12-22,10305669,247,11713,0.56%,57545.9,143.1,0.249%,
2020-12-21,10302560,247,11709,0.537%,55215.2,138.8,0.251%,
2020-12-20,10302235,247,11709,0.534%,54844.1,138.2,0.252%,
2020-12-19,10298721,247,11707,0.533%,54761,172.7,0.315%,
2020-12-18,10295334,247,11703,0.648%,66512.2,205.9,0.31%,
2020-12-17,10292042,247,11696,0.685%,70271.1,223.4,0.318%,
2020-12-16,10287428,247,11692,0.765%,78436.7,234.7,0.299%,
2020-12-15,10284625,247,11688,0.76%,77968.1,227.9,0.292%,
2020-12-14,10283568,247,11683,0.784%,80348.6,224,0.279%,
2020-12-13,10280444,247,11676,0.764%,78372.9,217.4,0.277%,
2020-12-12,10276820,247,11675,0.785%,80442.5,234.2,0.291%,
2020-12-11,10274016,247,11668,0.812%,83145.1,323.8,0.389%,
2020-12-10,10271150,247,11662,0.809%,82673.9,414.8,0.502%,
2020-12-09,10267590,247,11658,0.749%,76463.3,400.3,0.524%,
2020-12-07,10262011,247,11648,0.649%,66206.2,407.6,0.616%,
2020-12-06,10258110,247,11645,0.762%,77787,430.4,0.553%,
2020-12-05,10255538,247,11644,0.756%,77073.1,425.4,0.552%,
2020-12-04,10253099,247,11642,0.712%,72638.5,396.7,0.546%,
2020-12-03,10248459,247,11636,0.697%,71082.9,300.5,0.423%,
2020-12-02,10244480,247,11632,0.688%,70184.9,262.7,0.374%,
2020-12-01,10238771,247,11626,0.685%,69762.8,339,0.486%,
2020-11-30,10230944,247,11622,0.669%,68111.8,340.5,0.5%,
2020-11-29,10229028,247,11618,0.707%,71948.4,352.7,0.49%,
2020-11-28,10227570,247,11614,0.719%,73190.7,348.2,0.476%,
2020-11-27,10227276,247,11608,0.756%,76927.1,344.1,0.447%,
2020-11-26,10222808,247,11601,0.85%,86493.2,384.3,0.444%,
2020-11-25,10218521,247,11595,0.879%,89411.3,392.5,0.439%,
2020-11-24,10212849,247,11587,1.051%,106918.2,421,0.394%,
2020-11-23,10211068,247,11586,1.05%,106828.3,369.9,0.346%,
2020-11-22,10203573,247,11577,0.92%,93527.5,338.8,0.362%,
2020-11-21,10187187,247,11553,0.785%,79470.8,480.7,0.605%,
2020-11-20,10171445,246,11533,0.672%,68175.4,202.7,0.297%,
2020-11-19,10165931,246,11524,0.822%,83382.3,229.6,0.275%,
2020-11-18,10164775,246,11523,0.874%,88628.5,247,0.279%,
2020-11-17,10160277,246,11518,0.856%,86686.6,246.2,0.284%,
2020-11-16,10155462,246,11511,0.934%,94588.1,284.2,0.3%,
2020-11-15,10147582,246,11500,1.085%,109413.8,704.7,0.644%,
2020-11-14,10131888,246,11480,0.77%,77688.4,368.3,0.474%,
2020-11-13,10125590,246,11470,0.796%,80004.7,577,0.721%,
2020-11-12,10121197,246,11462,0.897%,90061.1,708.4,0.787%,
2020-11-11,10117318,246,11455,0.895%,89859.3,705.9,0.786%,
2020-11-10,10114018,246,11449,0.799%,80148.9,622.9,0.777%,
2020-11-09,10106604,246,11435,0.749%,75361.8,363,0.482%,
2020-11-08,10105714,246,11435,0.64%,64360.4,315.8,0.491%,
2020-11-07,10099094,246,11416,0.704%,70615.1,506.2,0.717%,
2020-11-06,10094002,246,11401,0.754%,75456.1,650.6,0.862%,
2020-11-05,10090727,246,11387,0.744%,74578,486.1,0.652%,
2020-11-04,10086502,246,11380,0.92%,92293.3,539.1,0.584%,
2020-11-03,10082984,246,11373,0.863%,86590.4,445.4,0.514%,
2020-11-02,10079773,246,11363,0.872%,87578.3,354.4,0.405%,
2020-11-01,10076428,246,11358,0.85%,85225.4,374.7,0.44%,
2020-10-31,10072799,246,11355,0.833%,83553,372.9,0.446%,
2020-10-30,10069258,246,11352,0.787%,78867.6,346.7,0.44%,
2020-10-29,10064452,246,11349,0.734%,73542.4,312,0.424%,
2020-10-28,10058640,246,11345,0.665%,66628.2,256.6,0.385%,
2020-10-27,10054942,246,11341,0.693%,69443.2,272.7,0.393%,
2020-10-26,10051485,246,11335,0.688%,68949.6,248,0.36%,
2020-10-25,10046043,246,11324,0.676%,67638.6,298.7,0.442%,
2020-10-24,10038493,246,11309,0.779%,77742.5,433.5,0.558%,
2020-10-23,10034102,246,11297,0.708%,70494.9,520.1,0.738%,
2020-10-22,10029763,246,11288,0.696%,69422.1,403.5,0.581%,
2020-10-21,10025452,246,11280,0.837%,83503.8,448.7,0.537%,
2020-10-20,10021410,246,11274,1.02%,101658.6,581,0.572%,
2020-10-19,10016437,246,11268,0.963%,95907.3,550.2,0.574%,
2020-10-18,10008686,246,11256,0.808%,80363.1,472.7,0.588%,
2020-10-17,9997785,246,11240,0.784%,77553.2,868.8,1.12%,
2020-10-16,9993267,246,11233,0.811%,80103.4,920,1.149%,
2020-10-15,9985944,246,11221,0.776%,77032.5,472.4,0.613%,
2020-10-14,9980596,245,11218,0.759%,75302,428.5,0.569%,
2020-10-13,9974787,246,11212,0.847%,83797.2,682,0.814%,
2020-10-12,9968709,247,11210,0.937%,92752.8,670.8,0.723%,
2020-10-11,9959435,247,11204,0.812%,80360.2,490.8,0.611%,
2020-10-10,9949275,247,11202,0.773%,76451.6,411.1,0.538%,
2020-10-09,9942866,247,11221,0.774%,76554.5,409.6,0.535%,
2020-10-08,9938175,247,11213,0.9%,89019.7,470.8,0.529%,
2020-10-07,9933903,247,11206,0.829%,81985.3,412,0.503%,
2020-10-06,9929390,247,11198,0.836%,82538.6,499.7,0.605%,
2020-10-05,9922924,247,11193,0.723%,71325.8,371.4,0.521%,
2020-10-04,9917799,247,11191,0.7%,69139.2,329.9,0.477%,
2020-10-03,9912214,247,11188,0.731%,72098.4,363,0.503%,
2020-10-02,9906620,247,11191,0.719%,70906.8,361.3,0.51%,
2020-10-01,9900765,247,11193,0.789%,77603.8,523.7,0.675%,
2020-09-30,9895201,247,11199,0.754%,74133.5,486.1,0.656%,
2020-09-29,9889636,248,11219,0.935%,91936.3,555.1,0.604%,
2020-09-28,9881251,248,11215,0.962%,94475.5,545.7,0.578%,
2020-09-27,9865188,248,11196,1.135%,111094.6,856.2,0.771%,
2020-09-26,9856217,248,11180,0.783%,76761.6,444.5,0.579%,
2020-09-25,9849778,248,11108,0.721%,70539.1,491,0.696%,
2020-09-24,9844440,248,11098,0.776%,75925.9,488.9,0.644%,
2020-09-23,9838383,248,11091,0.762%,74568.4,430.2,0.577%,
2020-09-22,9832824,248,11086,0.933%,91259.7,482.3,0.528%,
2020-09-21,9827469,248,11082,0.859%,83965.5,410.1,0.488%,
2020-09-20,9816899,248,11064,0.725%,70902,248.3,0.35%,
2020-09-19,9809561,248,11046,0.705%,68920.4,269.1,0.39%,
2020-09-18,9803584,248,11036,0.891%,87021,356.4,0.41%,
2020-09-17,9797642,248,11028,0.85%,82894.9,359.8,0.434%,
2020-09-16,9791587,248,11022,0.902%,87961.2,407.7,0.463%,
2020-09-15,9785460,248,10953,0.73%,71112.5,330.1,0.464%,
2020-09-14,9778816,248,10947,0.809%,78761,370.7,0.471%,
2020-09-13,9766125,248,10921,0.896%,87093.5,364.7,0.419%,
2020-09-12,9758620,248,10902,0.713%,69076.4,472.6,0.684%,
2020-09-11,9753147,248,10891,0.674%,65255.6,490.8,0.752%,
2020-09-10,9748148,248,10886,0.646%,62715.4,296.1,0.472%,
2020-09-09,9744583,248,10887,0.643%,62357.8,256,0.411%,
2020-09-08,9740973,248,10896,0.76%,73824.4,199.4,0.27%,
2020-09-07,9736958,248,10925,0.798%,77468.2,185.9,0.24%,
2020-09-06,9731635,248,10919,0.769%,74716.3,156.7,0.21%,
2020-09-05,9727382,248,10913,0.798%,77353.1,244.8,0.316%,
2020-09-04,9724573,248,10910,0.772%,74795.2,303.5,0.406%,
2020-09-03,9720468,248,10909,0.788%,76263.5,320.3,0.42%,
2020-09-02,9716648,248,10912,0.774%,74831.9,326.8,0.437%,
2020-09-01,9712849,248,10930,0.757%,73237.9,325.4,0.444%,
2020-08-31,9708586,248,10956,0.778%,75168.8,377,0.502%,
2020-08-30,9702211,248,10954,0.99%,95445.3,632.2,0.662%,
2020-08-29,9695794,248,10951,0.981%,94488,655.9,0.694%,
2020-08-28,9689615,248,10949,1.052%,101159.3,730.7,0.722%,
2020-08-27,9683871,248,10947,1.039%,99847.6,727.3,0.728%,
2020-08-26,9676921,248,10949,1.103%,106035.6,727.3,0.686%,
2020-08-25,9669347,247,10960,1.265%,121461.3,873.3,0.719%,
2020-08-24,9657616,247,10929,1.196%,114706.3,772.8,0.674%,
2020-08-23,9624856,247,10911,0.767%,73437.9,422.6,0.575%,
2020-08-22,9614511,247,10891,0.759%,72573.2,420.7,0.58%,
2020-08-21,9607302,247,10881,1.331%,127103.8,734.4,0.578%,
2020-08-20,9599462,248,10874,2.128%,202564.1,1735.3,0.857%,
2020-08-19,9595972,248,10873,2.045%,194546.9,1716.4,0.882%,
2020-08-18,9583264,248,10868,2.215%,210410.5,1901.9,0.904%,
2020-08-17,9558170,248,10864,2.081%,197356.2,1537.4,0.779%,
2020-08-16,9502418,248,10792,0.984%,92984.6,544.5,0.586%,
2020-08-15,9469832,248,10798,0.878%,82861.9,327.2,0.395%,
2020-08-14,9465133,248,10785,0.919%,86472.5,549,0.635%,
2020-08-13,9460633,248,10774,0.929%,87344.6,565.3,0.647%,
2020-08-12,9456942,248,10767,1.082%,101841.6,494.9,0.486%,
2020-08-11,9452264,247,10766,0.944%,88718.3,465.3,0.524%,
2020-08-10,9447927,247,10781,1.07%,100537.8,522.9,0.52%,
2020-08-09,9440884,247,10713,0.95%,89220.2,481,0.539%,
2020-08-08,9426583,247,10694,0.941%,88426.3,300.3,0.34%,
2020-08-07,9420683,247,10678,0.955%,89343.6,591.7,0.662%,
2020-08-06,9415972,247,10666,0.971%,90876.6,566.4,0.623%,
2020-08-05,9411723,247,10660,1.027%,96094.4,551.6,0.574%,
2020-08-04,9406760,247,10656,1.057%,98881.3,543.8,0.55%,
2020-08-03,9401638,247,10652,1.053%,98535.8,442.5,0.449%,
2020-08-02,9396631,247,10646,1.018%,95320.6,366.4,0.384%,
2020-08-01,9385189,247,10639,1.174%,109641.1,541.9,0.494%,
2020-07-31,9383972,247,10639,1.171%,109339.3,543.2,0.497%,
2020-07-30,9378903,247,10637,1.142%,106599.6,546,0.512%,
2020-07-29,9373214,247,10633,1.306%,121792.6,659.2,0.541%,
2020-07-28,9366285,247,10629,1.437%,133798.7,799.2,0.597%,
2020-07-27,9358793,247,10566,1.535%,142837.2,832.4,0.583%,
2020-07-26,9315575,247,10539,0.914%,84781.5,382.6,0.451%,
2020-07-24,9301874,247,10535,0.945%,87361.2,518.1,0.593%,
2020-07-23,9293526,247,10540,1.157%,106672.2,845.7,0.793%,
2020-07-22,9285807,247,10554,1.243%,114486.6,942.7,0.823%,
2020-07-21,9278070,247,10550,1.281%,117753.9,1099.9,0.934%,
2020-07-20,9268691,247,10545,1.388%,127587.1,1067.4,0.837%,
2020-07-19,9246293,247,10537,0.933%,85614.6,661.5,0.773%,
2020-07-18,9216750,247,10513,0.702%,64332.3,327.5,0.509%,
2020-07-17,9205719,247,10500,0.763%,69905.7,332.7,0.476%,
2020-07-16,9200284,247,10488,0.818%,74783,493.1,0.659%,
2020-07-15,9196782,247,10480,0.752%,68742.6,452.6,0.658%,
2020-07-14,9193210,247,10471,0.775%,70808.8,426.1,0.602%,
2020-07-13,9189472,247,10465,0.752%,68762.3,335,0.487%,
2020-07-12,9186638,247,10457,0.701%,64200.5,236.6,0.369%,
2020-07-11,9182662,246,10456,0.684%,62554.5,224.1,0.358%,
2020-07-10,9179201,246,10453,0.731%,66802.9,259.4,0.388%,
2020-07-09,9176420,246,10452,0.728%,66573.2,272.7,0.41%,
2020-07-08,9173827,246,10412,0.687%,62754.1,251.3,0.4%,
2020-07-07,9171648,246,10427,0.7%,63902.5,288.1,0.451%,
2020-07-06,9168381,246,10440,0.703%,64158,303,0.472%,
2020-07-05,9165543,246,10437,0.741%,67626.9,298.6,0.442%,
2020-07-04,9161825,246,10435,0.74%,67532.6,295.8,0.438%,
2020-07-03,9159068,246,10433,0.748%,68231.3,296,0.434%,
2020-07-02,9156508,246,10432,0.74%,67463.8,293.3,0.435%,
2020-07-01,9154535,246,10430,0.809%,73759.5,314.5,0.426%,
2020-06-30,9152538,246,10425,0.823%,75025.6,333.6,0.445%,
2020-06-29,9150608,246,10423,0.798%,72737.7,325.1,0.447%,
2020-06-28,9148352,245,10420,0.783%,71338.9,313.7,0.44%,
2020-06-27,9145610,245,10417,0.775%,70628.2,291.9,0.413%,
2020-06-26,9142763,246,10412,0.705%,64244.7,246,0.383%,
2020-06-25,9140813,246,10405,0.722%,65772.6,204.5,0.311%,
2020-06-24,9138958,246,10403,0.759%,69184.8,216.7,0.313%,
2020-06-23,9136654,246,10342,0.793%,72126.9,345.1,0.478%,
2020-06-22,9134854,246,10341,0.784%,71263.7,349.3,0.49%,
2020-06-21,9132342,246,10339,0.755%,68573.5,343.2,0.5%,
2020-06-20,9129514,246,10335,0.71%,64459.8,318.8,0.495%,
2020-06-19,9128566,246,10333,0.708%,64313.7,314.4,0.489%,
2020-06-18,9127154,246,10330,0.733%,66525,340,0.511%,
2020-06-17,9124790,246,10327,0.739%,67095,357.6,0.533%,
2020-06-16,9123138,246,10325,0.742%,67288.7,364.8,0.542%,
2020-06-15,9120694,246,10321,0.777%,70507.3,370.9,0.526%,
2020-06-14,9118500,246,10319,0.771%,69976.4,369.3,0.528%,
2020-06-13,9115982,246,10317,0.715%,64865.9,353,0.544%,
2020-06-12,9112731,246,10316,0.718%,65042.7,347.7,0.535%,
2020-06-11,9109920,246,10312,0.692%,62728.9,313.6,0.5%,
2020-06-10,9107122,246,10310,0.635%,57544.5,250.5,0.435%,
2020-06-09,9105478,245,10307,0.598%,54203.7,229.5,0.423%,
2020-06-08,9103417,245,10303,0.612%,55425.9,242.2,0.437%,
2020-06-07,9101428,245,10298,0.607%,55053.5,237.4,0.431%,
2020-06-06,9098906,245,10294,0.551%,49922.3,199.7,0.4%,
2020-06-05,9096888,245,10290,0.532%,48192.2,189.2,0.393%,
2020-06-02,9094105,245,10274,0.449%,40718.3,136.2,0.334%,
2020-06-01,9091745,245,10266,0.447%,40507.6,144.4,0.356%,
2020-05-31,9090181,245,10257,0.536%,48511.3,205.7,0.424%,
2020-05-30,9087718,245,10252,0.557%,50397.8,218.4,0.433%,
2020-05-29,9084409,245,10247,0.609%,55119.2,218.4,0.396%,
2020-05-28,9082661,244,10240,0.698%,63163.2,262.8,0.416%,
2020-05-27,9082577,244,10237,0.707%,63917.4,254.8,0.399%,
2020-05-26,9081242,244,10233,0.66%,59763.5,212.5,0.356%,
2020-05-25,9078828,244,10227,0.706%,63924.8,205.4,0.321%,
2020-05-24,9076432,243,10223,0.706%,63827.4,209.4,0.328%,
2020-05-23,9074322,243,10220,0.685%,61976,207.4,0.335%,
2020-05-22,9072702,243,10218,0.629%,56924.8,186.9,0.328%,
2020-05-21,9070980,243,10212,0.691%,62459.9,248.3,0.398%,
2020-05-20,9068283,242,10210,0.693%,62610.6,248.9,0.398%,
2020-05-19,9066228,242,10207,0.709%,64040.3,256.3,0.4%,
2020-05-18,9063571,242,10202,0.667%,60191.8,242.7,0.403%,
2020-05-17,9061393,242,10193,0.541%,48867.6,185.9,0.38%,
2020-05-16,9058535,241,10188,0.446%,40321.3,106.4,0.264%,
2020-05-15,9056173,241,10185,0.521%,47002.5,150.6,0.32%,
2020-05-14,9053627,241,10188,0.533%,48115.3,147.6,0.307%,
2020-05-13,9051933,241,10195,0.488%,44040.1,135,0.307%,
2020-05-12,9049951,240,10234,0.504%,45455.3,145.7,0.321%,
2020-05-11,9047913,239,10231,0.489%,44098.1,138.3,0.314%,
2020-05-10,9045643,239,10237,0.483%,43530,134.3,0.309%,
2020-05-09,9043526,239,10274,0.461%,41565.3,124.8,0.3%,
2020-05-08,9041429,239,10334,0.413%,37204,93.2,0.251%,
2020-05-07,9038979,239,10332,0.398%,35849.2,87.5,0.244%,
2020-05-05,9035225,239,10326,0.398%,35865.6,120.1,0.335%,
2020-05-04,9033352,240,10322,0.381%,34273.6,109,0.318%,
2020-05-03,9032527,240,10317,0.546%,49070.4,224.2,0.457%,
2020-05-02,9031201,240,10328,0.546%,49106.5,233.7,0.476%,
2020-05-01,9029642,240,10363,0.536%,48156.2,237.4,0.493%,
2020-04-30,9029269,240,10363,0.529%,47518.9,233.8,0.492%,
2020-04-29,9027692,239,10360,0.549%,49329.4,229.6,0.465%,
2020-04-28,9025692,238,10358,0.542%,48645.6,234.2,0.481%,
2020-04-27,9024081,238,10295,0.583%,52349.1,248,0.474%,
2020-04-26,9021952,238,10294,0.61%,54780.4,255.7,0.467%,
2020-04-25,9018944,238,10302,0.567%,50973.2,198.1,0.389%,
2020-04-24,9016229,238,10324,0.553%,49659,201.1,0.405%,
2020-04-23,9014216,238,10222,0.579%,51957.6,196.8,0.379%,
2020-04-22,9012788,238,10217,0.597%,53534,246.3,0.46%,
2020-04-21,9010868,237,10213,0.61%,54678.4,291.7,0.533%,
2020-04-20,9008953,236,10210,0.591%,52958.3,292.8,0.553%,
2020-04-19,9007298,236,10203,0.547%,48995,272.7,0.557%,
2020-04-18,9004643,235,10197,0.504%,45176.6,240.6,0.533%,
2020-04-17,9002766,235,10193,0.543%,48643.5,249,0.512%,
2020-04-16,9001443,235,10131,0.499%,44706.3,229.4,0.513%,
2020-04-15,8999243,235,10125,0.534%,47781,260.5,0.545%,
2020-04-14,8996908,235,10119,0.525%,47026.8,241.8,0.514%,
2020-04-13,8994823,235,10116,0.541%,48432.6,255.8,0.528%,
2020-04-12,8992719,235,10112,0.541%,48405.7,273,0.564%,
2020-04-11,8989954,235,10107,0.515%,46043.1,267.6,0.581%,
2020-04-10,8987873,235,10104,0.509%,45449.6,255.8,0.563%,
2020-04-09,8986439,235,10040,0.481%,43061.6,177.7,0.413%,
2020-04-08,8984294,235,10033,0.478%,42809.1,144.1,0.337%,
2020-04-07,8981967,235,10028,0.53%,47439.3,143.8,0.303%,
2020-04-06,8979667,235,10025,0.511%,45729.5,136,0.297%,
2020-04-05,8976830,235,10022,0.532%,47635.1,158.8,0.333%,
2020-04-04,8973748,235,10017,0.562%,50300.4,172.5,0.343%,
2020-04-03,8970598,235,10014,0.595%,53200.9,201.9,0.38%,
2020-04-02,8968538,235,10009,0.614%,54872.9,221.6,0.404%,
2020-04-01,8965926,235,10005,0.622%,55529.3,261.9,0.472%,
2020-03-31,8963281,235,10001,0.669%,59647.7,281.2,0.471%,
2020-03-30,8960639,235,9997,0.771%,68797.5,304.5,0.443%,
2020-03-29,8957836,235,9995,0.726%,64753.8,285.5,0.441%,
2020-03-28,8953721,235,9989,0.892%,79560.7,320.8,0.403%,
2020-03-27,8950958,235,9987,0.864%,77069,304,0.394%,
2020-03-26,8948387,235,9983,0.928%,82788.5,293.2,0.354%,
2020-03-25,8945686,235,9979,0.915%,81600.7,266.2,0.326%,
2020-03-24,8942180,235,9974,1.008%,89822.3,337.4,0.376%,
2020-03-23,8939305,235,9972,0.998%,88859.5,333.4,0.375%,
2020-03-22,8936367,235,9969,0.997%,88742,326.1,0.367%,
2020-03-21,8932819,235,9968,0.987%,87804.4,321.9,0.367%,
2020-03-20,8929005,235,9966,0.972%,86442.6,305.9,0.354%,
2020-03-19,8926554,235,9963,0.924%,82189.8,273,0.332%,
2020-03-18,8923109,235,9960,0.887%,78865.6,260.7,0.331%,
2020-03-17,8919371,235,9958,0.867%,77094.6,254.4,0.33%,
2020-03-16,8916126,235,9956,0.949%,84274.2,328.8,0.39%,
2020-03-15,8912962,235,9954,0.968%,85978.1,331.7,0.386%,
2020-03-14,8909155,235,9953,0.958%,85061.9,329.6,0.387%,
2020-03-13,8905175,235,9951,0.921%,81698.7,323.3,0.396%,
2020-03-12,8900921,235,9949,0.983%,87164.4,368.3,0.423%,
2020-03-11,8897210,235,9947,0.936%,82944.5,294.1,0.355%,
2020-03-10,8893236,235,9943,0.934%,82811.3,284.2,0.343%,
2020-03-09,8889115,235,9940,0.817%,72360.5,259.2,0.358%,
2020-03-08,8883291,235,9931,0.85%,75121.9,359.1,0.478%,
2020-03-07,8877746,235,9929,0.849%,74981.2,385.9,0.515%,
2020-03-06,8873845,235,9921,0.912%,80584.1,320,0.397%,
2020-03-05,8870081,235,9917,0.952%,84114.6,314.8,0.374%,
2020-03-04,8866386,235,9915,0.998%,88167.7,322.4,0.366%,
2020-03-03,8863089,235,9913,1.041%,91925.1,328.4,0.357%,
2020-03-02,8859489,234,9912,0.955%,84368,202.7,0.24%,
2020-03-01,8853981,234,9910,0.985%,87027.8,199,0.229%,
2020-02-29,8849204,233,9908,0.981%,86611,197.6,0.228%,
2020-02-28,8845000,233,9906,1.05%,92613.7,253.4,0.274%,
2020-02-27,8841493,233,9905,1.063%,93742.1,260.2,0.278%,
2020-02-26,8837607,233,9903,1.08%,95192.3,259.5,0.273%,
2020-02-25,8833388,233,9899,1.088%,95849.3,239.5,0.25%,
2020-02-24,8829612,233,9895,1.069%,94124.9,293.8,0.312%,
2020-02-23,8825996,233,9891,1.109%,97473,410.2,0.421%,
2020-02-22,8822406,233,9888,1.204%,105612.1,626.6,0.593%,
2020-02-21,8819115,233,9889,1.303%,114105.7,768.3,0.673%,
2020-02-20,8815341,233,9914,1.317%,115301.2,771.1,0.669%,
2020-02-19,8811523,233,9947,1.336%,116922.7,767.1,0.656%,
2020-02-18,8808074,233,9973,1.334%,116745.6,762.9,0.653%,
2020-02-17,8804181,233,10046,1.283%,112280.2,707.7,0.63%,
2020-02-16,8799118,233,10042,1.318%,115241.3,708.5,0.615%,
2020-02-15,8794107,233,10042,1.314%,114836.6,705.2,0.614%,
2020-02-14,8789813,233,10041,1.363%,119107.5,732.1,0.615%,
2020-02-13,8785624,233,10041,1.373%,119929.7,723.9,0.604%,
2020-02-12,8781409,232,10038,1.352%,118058.7,682.6,0.578%,
2020-02-11,8776440,232,10037,1.317%,115096.9,487.2,0.423%,
2020-02-10,8774715,232,10037,1.267%,110710.3,459.7,0.415%,
2020-02-09,8770332,232,10037,1.141%,99723,318.8,0.32%,
2020-02-08,8765225,232,10040,1.305%,113967.2,420.6,0.369%,
2020-02-07,8760725,232,10057,1.403%,122421.3,457.7,0.374%,
2020-02-06,8756457,232,10069,1.319%,115070.3,461,0.401%,
2020-02-05,8752482,234,10062,1.19%,103712.7,455.1,0.439%,
2020-02-04,8748579,234,9999,1.161%,101118.2,451.9,0.447%,
2020-02-03,8745141,234,9995,1.062%,92531.4,371.7,0.402%,
2020-02-02,8742106,234,9873,1.113%,96908.8,385.2,0.397%,
2020-02-01,8738631,234,9872,1.185%,103056.1,478.9,0.465%,
2020-01-31,8735159,234,9871,1.17%,101721.3,469.9,0.462%,
2020-01-30,8732041,234,9870,1.124%,97639.4,470,0.481%,
2020-01-29,8728814,234,9865,1.119%,97261.1,450.4,0.463%,
2020-01-28,8725296,234,9860,1.085%,94285.9,391.3,0.415%,
2020-01-27,8722031,234,9856,1.125%,97732.8,393.5,0.403%,
2020-01-26,8719007,234,9855,1.107%,96105.9,381.3,0.397%,
2020-01-25,8716235,234,9853,1.085%,94197.7,369.2,0.392%,
2020-01-24,8712785,234,9851,1.028%,89177.5,354.6,0.398%,
2020-01-23,8709601,234,9786,0.84%,72866.6,256.9,0.353%,
2020-01-22,8707132,234,9782,0.749%,65039.6,177.1,0.272%,
2020-01-21,8704554,234,9777,0.807%,70026,201.9,0.288%,
2020-01-20,8701851,234,9776,0.793%,68829.3,203.4,0.296%,
2020-01-19,8698890,233,9774,0.777%,67359.3,196.5,0.292%,
2020-01-18,8696063,233,9772,0.752%,65190.3,183.7,0.282%,
2020-01-17,8692255,233,9768,0.756%,65506.7,184.7,0.282%,
2020-01-16,8689204,233,9765,0.761%,65906.7,179.4,0.272%,
2020-01-15,8686402,239,9761,0.83%,71912.6,211.4,0.294%,
2020-01-14,8683133,239,9758,0.842%,72909.7,201.1,0.276%,
2020-01-13,8680274,239,9755,0.899%,77824.8,199.1,0.256%,
2020-01-12,8677099,239,9752,0.904%,78217,221.1,0.283%,
2020-01-11,8673641,239,9749,0.884%,76480,212.2,0.277%,
2020-01-10,8670580,239,9747,0.879%,76016.1,212.8,0.28%,
2020-01-09,8666319,239,9744,0.941%,81299.8,232.5,0.286%,
2020-01-08,8661725,239,9742,0.934%,80713.7,230.1,0.285%,
2020-01-07,8657756,239,9738,0.932%,80377.1,326.1,0.406%,
2020-01-06,8654274,239,9736,0.87%,74955.6,313,0.418%,
2020-01-05,8650675,239,9733,0.873%,75249.3,309.1,0.411%,
2020-01-04,8647260,239,9731,0.859%,74004,294.3,0.398%,
2020-01-03,8643505,239,9727,0.871%,75016.4,275.7,0.368%,
2020-01-02,8640724,239,9725,0.943%,81207.2,287.1,0.354%,
2020-01-01,8638196,239,9724,0.956%,82274.9,293.6,0.357%,
2019-12-31,8635636,239,9722,0.949%,81675.9,283.3,0.347%,
2019-12-30,8632869,239,9720,0.985%,84729.3,300.1,0.354%,
2019-12-29,8629726,239,9717,1.026%,88176.5,332.6,0.377%,
2019-12-28,8626724,239,9715,1.006%,86436.2,311.1,0.36%,
2019-12-27,8623382,239,9712,1.006%,86470.9,253.7,0.293%,
2019-12-26,8620424,239,9709,1.021%,87747,256.6,0.292%,
2019-12-25,8617151,239,9707,1.068%,91695.6,349.4,0.381%,
2019-12-24,8613997,239,9705,1.104%,94672.2,397.9,0.42%,
2019-12-23,8610454,239,9702,1.125%,96487.8,401.1,0.416%,
2019-12-22,8605787,239,9700,1.132%,96990.2,390.3,0.402%,
2019-12-21,8601996,239,9699,1.08%,92477.6,387.9,0.419%,
2019-12-20,8598462,239,9697,1.097%,93926.5,410.7,0.437%,
2019-12-19,8594512,239,9695,1.196%,102369.8,441.1,0.431%,
2019-12-18,8590079,239,9692,1.133%,96928.4,412.9,0.426%,
2019-12-17,8586578,239,9687,1.143%,97728.5,404.5,0.414%,
2019-12-16,8582218,239,9684,1.181%,100963.1,396.3,0.393%,
2019-12-15,8578363,239,9682,1.129%,96499.4,353.1,0.366%,
2019-12-14,8574573,239,9680,1.136%,97103.6,329.8,0.34%,
2019-12-13,8570817,239,9678,1.079%,92162.8,318.8,0.346%,
2019-12-12,8566775,239,9675,0.94%,80219.7,271,0.338%,
2019-12-11,8562779,239,9670,0.852%,72771.1,209.7,0.288%,
2019-12-10,8559488,239,9666,0.865%,73872.9,195.6,0.265%,
2019-12-09,8556527,239,9661,0.911%,77699.4,218.1,0.281%,
2019-12-08,8552923,238,9657,0.934%,79661.1,207.5,0.26%,
2019-12-07,8549180,238,9655,0.969%,82653.4,187.6,0.227%,
2019-12-06,8545813,238,9653,0.987%,84100.5,206.2,0.245%,
2019-12-05,8541943,238,9651,0.95%,81003.1,188,0.232%,
2019-12-04,8543953,238,9647,1.085%,92431.1,259.5,0.281%,
2019-12-03,8540773,238,9645,1.086%,92465.7,261.7,0.283%,
2019-12-02,8531375,237,9643,1.063%,90416.8,259,0.286%,
2019-12-01,8526000,237,9640,1.06%,90103.4,251,0.279%,
2019-11-30,8520658,237,9639,1.056%,89713.4,242.4,0.27%,
2019-11-29,8515360,237,9637,1.068%,90674.8,254.3,0.28%,
2019-11-28,8508656,237,9633,1.205%,102207.1,313.1,0.306%,
2019-11-27,8504444,237,9632,1.234%,104657,319.1,0.305%,
2019-11-26,8499965,237,9628,1.184%,100328.1,310.2,0.309%,
2019-11-25,8494197,237,9624,1.122%,94954.5,340,0.358%,
2019-11-24,8487961,237,9622,1.09%,92174.5,304.5,0.33%,
2019-11-23,8481625,237,9618,1.136%,96042.3,324.8,0.338%,
2019-11-22,8474562,237,9617,1.138%,96064.8,346,0.36%,
2019-11-21,8467173,237,9613,1.199%,100895.5,589.5,0.584%,
2019-11-20,8459652,237,9604,1.145%,96288.8,545.6,0.567%,
2019-11-19,8452098,237,9594,1.285%,108033.4,551.4,0.51%,
2019-11-18,8443077,237,9586,1.176%,98918.4,333.9,0.338%,
2019-11-17,8431242,237,9568,1.082%,90628.8,575.4,0.635%,
2019-11-16,8423410,237,9558,1.193%,99897.1,625.8,0.626%,
2019-11-15,8416890,237,9549,1.017%,85054.9,535.8,0.63%,
2019-11-14,8410383,237,9537,0.971%,81406.4,277.5,0.341%,
2019-11-13,8404713,236,9531,1.108%,92609.8,523.8,0.566%,
2019-11-12,8399551,236,9526,1.11%,92777.5,493.5,0.532%,
2019-11-11,8393747,236,9523,1.32%,110139.1,639.6,0.581%,
2019-11-10,8386887,236,9521,1.33%,110868.7,644.1,0.581%,
2019-11-09,8380811,236,9517,1.374%,114442,671.9,0.587%,
2019-11-08,8374348,236,9513,1.636%,136288.5,718.8,0.527%,
2019-11-07,8365927,235,9510,1.661%,138217.1,731.4,0.529%,
2019-11-06,8356528,235,9507,1.618%,134487.5,707.8,0.526%,
2019-11-05,8345917,235,9502,1.63%,135216.4,844.7,0.625%,
2019-11-04,8332027,235,9497,1.56%,129217.4,761.2,0.589%,
2019-11-03,8313344,235,9484,1.233%,101800.1,701.7,0.689%,
2019-11-02,8301346,235,9477,1.204%,99501.4,472,0.474%,
2019-11-01,8293063,235,9469,1.128%,93096.9,464.1,0.499%,
2019-10-31,8285537,235,9461,1.303%,107421.2,568,0.529%,
2019-10-30,8279338,235,9455,1.243%,102432.1,512.4,0.5%,
2019-10-29,8273020,235,9450,1.257%,103433.3,553.5,0.535%,
2019-10-28,8268766,235,9448,1.206%,99183.6,516.8,0.521%,
2019-10-27,8260092,235,9437,1.153%,94624.3,622.1,0.657%,
2019-10-26,8252090,234,9419,1.248%,102257.7,729.9,0.714%,
2019-10-25,8243805,234,9409,1.07%,87664.2,546.9,0.624%,
2019-10-24,8237739,234,9393,0.831%,68054.6,375.3,0.551%,
2019-10-23,8233612,277,9383,0.969%,79374.4,374.7,0.472%,
2019-10-22,8229351,278,9380,1.072%,87838.6,376.7,0.429%,
2019-10-21,8222703,278,9375,1.046%,85671.5,356.2,0.416%,
2019-10-20,8214338,278,9366,1.097%,89610.4,482.2,0.538%,
2019-10-17,8193508,277,9325,0.916%,74738.4,285.6,0.382%,
2019-10-16,8188149,277,9317,1.067%,86946,452.1,0.52%,
2019-10-15,8183179,278,9311,1.086%,88369.7,460.9,0.522%,
2019-10-14,8179240,278,9306,1.108%,90165.5,445.7,0.494%,
2019-10-13,8173821,278,9303,1.172%,95359.3,460.3,0.483%,
2019-10-12,8166996,278,9300,1.207%,98081.1,493.9,0.504%,
2019-10-11,8163140,278,9297,1.188%,96499.8,492.4,0.51%,
2019-10-10,8160030,278,9292,1.191%,96697.2,458.1,0.474%,
2019-10-09,8153929,277,9287,1.468%,118916,791.2,0.665%,
2019-10-08,8148589,276,9283,1.528%,123715.9,785.7,0.635%,
2019-10-07,8140758,276,9278,1.483%,119963.2,756.2,0.63%,
2019-10-06,8131509,276,9269,1.454%,117425.1,809.8,0.69%,
2019-10-05,8117200,276,9255,1.292%,104211.9,628.4,0.603%,
2019-10-04,8106729,276,9243,0.896%,72309.1,326.3,0.451%,
2019-10-03,8102649,276,9234,0.883%,71265.2,242,0.34%,
2019-10-02,8098058,276,9229,0.769%,62047,212.3,0.342%,
2019-10-01,8093653,276,9221,0.809%,65255.6,209.4,0.321%,
2019-09-30,8089862,277,9216,0.844%,68038.7,199.6,0.293%,
2019-09-29,8085530,277,9212,0.859%,69221.9,218.4,0.316%,
2019-09-28,8080866,277,9210,0.922%,74273.5,251.1,0.338%,
2019-09-27,8076306,277,9208,0.914%,73589.4,250.7,0.341%,
2019-09-26,8071975,277,9206,0.887%,71322.7,250,0.351%,
2019-09-25,8067409,277,9202,0.993%,79829.8,294.8,0.369%,
2019-09-24,8062776,277,9198,1.143%,91820.9,366.6,0.399%,
2019-09-23,8057918,277,9194,1.198%,96130.6,378.1,0.393%,
2019-09-22,8049117,277,9183,1.045%,83753.5,344.7,0.412%,
2019-09-21,8041175,290,9177,0.884%,70776.2,316.3,0.447%,
2019-09-20,8033110,289,9168,0.703%,56185.2,271.3,0.483%,
2019-09-19,8028241,289,9160,0.72%,57475,291.1,0.506%,
2019-09-18,8024431,289,9155,0.852%,68034.9,352.5,0.518%,
2019-09-17,8020012,289,9147,1.116%,88992,537.7,0.604%,
2019-09-16,8014821,289,9141,1.312%,104540.7,594.1,0.568%,
2019-09-15,8003206,289,9129,1.129%,89857.7,476.6,0.53%,
2019-09-14,7994881,289,9121,1.174%,93429.5,469.4,0.502%,
2019-09-13,7989374,288,9110,1.362%,108057.7,782.2,0.724%,
2019-09-12,7984552,295,9103,1.414%,112035.7,842.3,0.752%,
2019-09-11,7978912,295,9098,1.475%,116855.9,865.4,0.741%,
2019-09-10,7972161,295,9091,1.289%,102103.9,633.7,0.621%,
2019-09-09,7966203,295,9087,1.163%,92178.3,478.1,0.519%,
2019-09-08,7959853,295,9084,1.208%,95669.9,495.6,0.518%,
2019-09-07,7953757,295,9083,1.2%,94958.3,494.5,0.521%,
2019-09-06,7948557,295,9080,1.138%,89995.5,474.2,0.527%,
2019-09-05,7943865,295,9077,1.229%,97139,503.6,0.518%,
2019-09-04,7939018,295,9075,1.208%,95432.1,493.4,0.517%,
2019-09-03,7932748,295,9072,1.432%,112916.6,700.3,0.62%,
2019-09-02,7926898,295,9069,1.547%,121849,775.6,0.637%,
2019-09-01,7919714,295,9066,1.528%,120261.6,760.2,0.632%,
2019-08-31,7912122,295,9064,1.489%,117077.3,731.8,0.625%,
2019-08-30,7906549,295,9061,1.496%,117509.6,756.8,0.644%,
2019-08-29,7899702,295,9058,1.577%,123729.9,810.1,0.655%,
2019-08-28,7893095,295,9052,1.524%,119604.2,670.4,0.561%,
2019-08-27,7890257,295,9052,1.474%,115680.4,639.7,0.553%,
2019-08-26,7880348,295,9048,1.393%,109187.9,598.2,0.548%,
2019-08-25,7865372,296,9037,1.014%,79412.5,380.3,0.479%,
2019-08-24,7850701,297,9025,0.799%,62441.3,301.2,0.482%,
2019-08-23,7844571,285,9014,0.782%,61130,242.7,0.397%,
2019-08-22,7840638,284,9005,0.809%,63195.1,207.8,0.329%,
2019-08-21,7836447,282,9001,0.89%,69531.4,239.1,0.344%,
2019-08-20,7831229,283,8995,1.045%,81522.7,293.7,0.36%,
2019-08-14,7800739,283,8971,1.603%,124404.5,668.6,0.537%,
2019-08-13,7793847,283,8967,1.547%,119967,631.7,0.527%,
2019-08-12,7786431,282,8963,1.347%,104420.9,490.9,0.47%,
2019-08-11,7774645,282,8949,0.766%,59355,200.8,0.338%,
2019-08-10,7768360,281,8938,0.918%,71051.5,259.9,0.366%,
2019-08-09,7763407,280,8932,0.987%,76289,309.3,0.405%,
2019-08-08,7759287,280,8926,0.966%,74602.2,322.3,0.432%,
2019-08-07,7753822,279,8917,1.035%,79843.3,385.8,0.483%,
2019-08-06,7749843,278,8914,0.956%,73693.9,358.7,0.487%,
2019-08-05,7744022,278,8906,1.15%,88371,658,0.745%,
2019-08-04,7734948,279,8896,0.996%,76428.6,585,0.765%,
2019-08-03,7726274,278,8885,0.97%,74521.7,450.3,0.604%,
2019-08-02,7721415,278,8877,0.758%,58258,274.9,0.472%,
2019-08-01,7717873,278,8872,0.689%,52955.8,195.7,0.37%,
2019-07-31,7714120,278,8866,0.669%,51465.8,175.5,0.341%,
2019-07-27,7696816,276,8853,0.819%,62743.9,257.5,0.41%,
2019-07-26,7693013,276,8851,0.799%,61200.6,256,0.418%,
2019-07-25,7689708,276,8848,0.819%,62714.8,277,0.442%,
2019-07-24,7685491,276,8844,0.921%,70405.3,344.3,0.489%,
2019-07-23,7681077,276,8841,0.91%,69524.6,354.6,0.51%,
2019-07-22,7677433,276,8839,0.914%,69790.6,375,0.537%,
2019-07-21,7673364,277,8836,0.936%,71441.1,376.7,0.527%,
2019-07-20,7668950,277,8834,0.933%,71142,374.6,0.527%,
2019-07-19,7664722,277,8832,0.907%,69151.3,369.1,0.534%,
2019-07-18,7660736,276,8829,0.918%,69993.7,350.9,0.501%,
2019-07-17,7656921,276,8827,0.899%,68498.1,332.4,0.485%,
2019-07-16,7652630,276,8822,0.983%,74845.1,400.4,0.535%,
2019-07-15,7648091,276,8820,0.984%,74842.2,408.9,0.546%,
2019-07-14,7642612,276,8818,0.99%,75264.6,414.7,0.551%,
2019-07-13,7637956,276,8816,1.046%,79477.1,439,0.552%,
2019-07-12,7633422,276,8814,1.057%,80224.9,482.1,0.601%,
2019-07-11,7629173,275,8811,1.003%,76077,444.3,0.584%,
2019-07-10,7624476,275,8808,1.025%,77681.6,435,0.56%,
2019-07-06,7598225,274,8776,0.83%,62793.4,264.2,0.421%,
2019-07-05,7591751,274,8767,1.134%,85549.9,520.6,0.609%,
2019-07-04,7586973,275,8762,1.082%,81616.8,496.7,0.609%,
2019-07-03,7581726,275,8757,1.218%,91792.8,542.8,0.591%,
2019-07-02,7575556,275,8751,1.231%,92739.3,550.3,0.593%,
2019-07-01,7567157,275,8745,1.032%,77596.8,477.2,0.615%,
2019-06-30,7553688,275,8731,0.926%,69472.2,485.8,0.699%,
2019-06-29,7546437,275,8719,0.892%,66933.9,357.3,0.534%,
2019-06-28,7541067,274,8711,0.861%,64611.3,313.6,0.485%,
2019-06-27,7536050,274,8705,1.044%,78093.7,618.4,0.792%,
2019-06-26,7530260,274,8699,1.031%,77030.9,581.7,0.755%,
2019-06-25,7525696,274,8695,1.093%,81644.6,633.2,0.776%,
2019-06-24,7520411,275,8691,1.145%,85444.8,667.7,0.781%,
2019-06-23,7514543,275,8689,1.148%,85564.4,671,0.784%,
2019-06-22,7507912,275,8686,1.335%,99237.8,1006.4,1.014%,
2019-06-21,7501500,274,8682,1.278%,94984.1,853.2,0.898%,
2019-06-20,7495316,273,8676,1.382%,102689.7,926.8,0.903%,
2019-06-19,7490208,273,8672,1.311%,97296.1,880.9,0.905%,
2019-06-18,7482342,273,8666,1.223%,90725.3,762.9,0.841%,
2019-06-17,7471727,273,8660,1.015%,75379.7,466.2,0.618%,
2019-06-16,7454346,273,8645,1.194%,88121.3,851.4,0.966%,
2019-06-15,7446330,273,8637,1.175%,86652.8,863.8,0.997%,
2019-06-14,7443955,271,8637,1.086%,79993.1,815.9,1.02%,
2019-06-13,7438310,271,8627,0.954%,70332.8,624.3,0.888%,
2019-06-12,7433722,271,8622,0.738%,54689.3,198.3,0.363%,
2019-06-11,7429084,271,8614,0.779%,57688.6,156.1,0.271%,
2019-06-10,7424987,271,8609,0.89%,65941.2,178.2,0.27%,
2019-06-09,7419764,271,8605,1.047%,77387.3,281.4,0.364%,
2019-06-08,7414624,271,8602,1.173%,86592.3,367.4,0.424%,
2019-06-07,7409902,271,8599,1.408%,103866.6,463.8,0.447%,
2019-06-06,7405591,271,8596,1.419%,104596.8,470.1,0.449%,
2019-06-05,7400635,271,8592,1.455%,107175.7,478,0.446%,
2019-06-04,7394463,271,8588,1.414%,104108.8,470.8,0.452%,
2019-06-03,7386341,270,8583,1.22%,89750.1,400,0.446%,
2019-06-02,7376943,270,8573,1.063%,78036.9,397.3,0.509%,
2019-06-01,7365948,270,8558,1.018%,74639.2,336.8,0.451%,
2019-05-31,7359222,269,8551,0.861%,63083.8,272.5,0.432%,
2019-05-30,7355070,269,8541,0.928%,67990.9,262.3,0.386%,
2019-05-29,7350407,269,8535,0.95%,69557.2,281.8,0.405%,
2019-05-28,7344884,269,8530,1.098%,80317.7,306,0.381%,
2019-05-27,7338688,269,8526,1.158%,84679.2,303.4,0.358%,
2019-05-26,7333094,269,8522,1.249%,91257.1,345.6,0.379%,
2019-05-24,7322573,270,8516,1.25%,91158.7,372.6,0.409%,
2019-05-23,7316975,270,8514,1.326%,96598.2,404.9,0.419%,
2019-05-22,7312139,270,8510,1.291%,94009.7,409.7,0.436%,
2019-05-21,7304949,269,8504,1.185%,86174.9,370.4,0.43%,
2019-05-20,7297774,269,8500,1.236%,89669.8,511.8,0.571%,
2019-05-19,7285252,268,8489,1.245%,90048.7,633.3,0.703%,
2019-05-18,7275764,268,8476,1.164%,84214.2,485.6,0.577%,
2019-05-17,7267318,268,8469,1.062%,76767.9,396.3,0.516%,
2019-05-16,7261333,268,8462,1.191%,86004.3,496.1,0.577%,
2019-05-15,7255234,268,8453,1.203%,86821.2,451.5,0.52%,
2019-05-12,7237452,268,8438,1.181%,85053.2,421.9,0.496%,
2019-05-11,7231846,268,8435,1.113%,80050.4,412.3,0.515%,
2019-05-10,7226992,268,8432,1.181%,84861,479.9,0.566%,
2019-05-09,7221423,268,8428,1.248%,89605.8,502.1,0.56%,
2019-05-08,7220748,268,8428,1.24%,89038.3,500.7,0.562%,
2019-05-07,7215994,268,8424,1.21%,86828.7,501.8,0.578%,
2019-05-06,7208698,268,8420,1.261%,90360.4,529.1,0.586%,
2019-05-05,7197955,268,8413,1.111%,79565.6,370.2,0.465%,
2019-05-04,7185962,268,8396,1.018%,72929.5,243.7,0.334%,
2019-05-03,7178522,268,8384,0.972%,69535.3,250.3,0.36%,
2019-05-02,7173650,267,8373,1.06%,75699.8,341.2,0.451%,
2019-04-28,7152785,268,8349,1.17%,83314.9,398.9,0.479%,
2019-04-27,7145234,268,8347,1.156%,82220.7,389.3,0.473%,
2019-04-26,7138848,269,8344,1.179%,83808.2,376.1,0.449%,
2019-04-25,7132329,269,8340,1.145%,81366.4,320.3,0.394%,
2019-04-24,7129600,269,8339,1.118%,79377,310.4,0.391%,
2019-04-23,7124576,268,8336,1.115%,79114.7,299.6,0.379%,
2019-04-22,7118356,268,8332,1.129%,79955.4,377.2,0.472%,
2019-04-21,7111706,268,8328,1.29%,91050.6,693.4,0.762%,
2019-04-20,7105418,268,8325,1.371%,96651.8,741.5,0.767%,
2019-04-19,7099937,268,8322,1.552%,109355.9,812.1,0.743%,
2019-04-18,7094318,268,8319,1.567%,110386.6,808.8,0.733%,
2019-04-17,7088628,268,8315,1.514%,106499.2,834.7,0.784%,
2019-04-16,7082298,269,8311,1.49%,104668.9,859.2,0.821%,
2019-04-15,7071140,269,8306,1.258%,88498.4,472,0.533%,
2019-04-14,7053748,269,8289,1.147%,80593.4,341.2,0.423%,
2019-04-13,7043827,269,8277,0.93%,65255,262.7,0.403%,
2019-04-12,7038486,269,8264,1.142%,79513.6,836,1.051%,
2019-04-11,7033537,269,8260,1.284%,89480.8,846.5,0.946%,
2019-04-10,7028407,269,8256,1.333%,92795,894.1,0.964%,
2019-04-09,7023219,269,8252,1.519%,105599.3,1060.4,1.004%,
2019-04-08,7018150,269,8248,1.643%,114153.4,1127.5,0.988%,
2019-04-07,7012081,269,8246,1.668%,115811.8,1122.7,0.969%,
2019-04-06,7009931,269,8246,1.653%,114758,1118.5,0.975%,
2019-04-05,7003979,269,8244,1.624%,112617.8,1099.5,0.976%,
2019-04-04,6996793,269,8241,2.054%,142486.2,1250.1,0.877%,
2019-04-03,6988415,268,8238,1.889%,131191,807.7,0.616%,
2019-04-02,6981764,273,8235,1.724%,119673.6,719.1,0.601%,
2019-04-01,6971524,273,8229,1.433%,99432.7,497.4,0.5%,
2019-03-31,6949746,273,8211,0.989%,68454.3,277.1,0.405%,
2019-03-30,6939395,273,8193,0.871%,60140.5,288.3,0.479%,
2019-03-29,6931665,273,8178,0.886%,61149.1,240.3,0.393%,
2019-03-28,6926676,273,8172,0.971%,66992.5,266.9,0.398%,
2019-03-27,6921514,273,8167,0.827%,57089.7,176.8,0.31%,
2019-03-26,6917232,273,8162,0.812%,56027.4,163.3,0.291%,
2019-03-25,6913081,273,8157,0.844%,58181.3,147.1,0.253%,
2019-03-24,6907979,273,8153,0.863%,59442.3,168.7,0.284%,
2019-03-23,6902852,273,8152,0.764%,52596.6,137.3,0.261%,
2019-03-22,6899010,272,8149,0.776%,53384.6,148.8,0.279%,
2019-03-21,6894697,272,8146,0.888%,61084.3,173.1,0.283%,
2019-03-20,6890297,272,8143,1.054%,72381.6,264.2,0.365%,
2019-03-19,6886885,272,8142,1.055%,72397,267.8,0.37%,
2019-03-18,6880396,271,8138,1.135%,77816.1,294.7,0.379%,
2019-03-17,6874597,271,8135,1.244%,85205.1,346.4,0.407%,
2019-03-16,6867371,271,8133,1.26%,86181.8,353.6,0.41%,
2019-03-15,6860197,271,8129,1.666%,113805.5,518.3,0.455%,
2019-03-14,6852862,270,8124,1.976%,134689.3,704.5,0.523%,
2019-03-13,6847124,270,8121,1.848%,125844.3,666.4,0.53%,
2019-03-12,6844862,271,8121,1.873%,127538.3,685.5,0.537%,
2019-03-11,6838369,271,8116,1.671%,113635.3,600,0.528%,
2019-03-10,6824721,270,8110,1.179%,79998.8,466.7,0.583%,
2019-03-09,6802156,270,8088,0.841%,56946.5,283.7,0.498%,
2019-03-08,6792840,270,8072,0.949%,64157.5,288.3,0.449%,
2019-03-07,6786196,270,8064,0.753%,50911.5,175.4,0.345%,
2019-03-06,6780868,270,8056,0.506%,34208.3,116.7,0.341%,
2019-03-05,6777306,270,8045,0.541%,36555.6,100.8,0.276%,
2019-03-04,6773196,270,8038,0.697%,47033.3,177,0.376%,
2019-03-03,6769772,270,8034,0.768%,51856,160.8,0.31%,
2019-03-02,6765859,270,8029,0.913%,61572,167.3,0.272%,
2019-03-01,6762511,270,8026,0.985%,66457.9,177,0.266%,
2019-02-28,6758467,269,8023,1.103%,74085.9,477.6,0.645%,
2019-02-26,6750575,269,8016,1.078%,72301,443.2,0.613%,
2019-02-25,6746397,268,8010,0.955%,64046,393.6,0.615%,
2019-02-24,6742175,268,8006,0.913%,61183.5,367,0.6%,
2019-02-23,6736216,268,7999,1.083%,72458.3,513.6,0.709%,
2019-02-22,6732859,269,7994,1.224%,81831.7,571.6,0.699%,
2019-02-21,6729222,269,7991,1.297%,86658.2,594,0.685%,
2019-02-20,6725725,269,7985,1.476%,98627,664.3,0.674%,
2019-02-19,6722039,269,7982,1.5%,100145.3,681.8,0.681%,
2019-02-18,6718039,269,7979,1.513%,100989.2,677,0.67%,
2019-02-17,6711901,269,7978,1.442%,96179.8,609.4,0.634%,
2019-02-16,6702783,269,7976,1.239%,82729.3,335.6,0.406%,
2019-02-15,6698344,269,7973,1.179%,78712.4,259.2,0.329%,
2019-02-14,6694715,269,7970,1.17%,78084.6,248.3,0.318%,
2019-02-13,6690206,268,7967,1.169%,77955.3,233.8,0.3%,
2019-02-12,6686409,268,7963,1.239%,82584.7,286.3,0.347%,
2019-02-11,6685221,268,7963,1.219%,81187,287.1,0.354%,
2019-02-10,6681656,268,7960,1.48%,98374.1,494.9,0.503%,
2019-02-09,6676765,268,7958,1.495%,99312.2,495.7,0.499%,
2019-02-07,6668281,268,7951,1.582%,104962.3,497.7,0.474%,
2019-02-06,6660601,268,7946,1.683%,111584,546.2,0.489%,
2019-02-05,6659769,268,7941,1.549%,102627.6,520.1,0.507%,
2019-02-03,6650256,268,7934,1.162%,77037.1,249.6,0.324%,
2019-02-02,6646777,268,7930,1.194%,79059.6,281,0.355%,
2019-02-01,6643687,268,7928,1.144%,75750.4,272.2,0.359%,
2019-01-31,6640690,268,7924,1.25%,82668.4,346.9,0.42%,
2019-01-30,6637874,268,7922,1.341%,88554.9,479.6,0.542%,
2019-01-29,6634463,267,7920,1.428%,94252.5,517.4,0.549%,
2019-01-28,6631049,267,7917,1.455%,95973.3,500.2,0.521%,
2019-01-27,6626382,267,7913,1.564%,103056.7,561.6,0.545%,
2019-01-26,6622161,267,7911,1.532%,100923.5,560.8,0.556%,
2019-01-25,6618609,267,7909,1.544%,101601.5,565.5,0.557%,
2019-01-24,6615145,267,7907,1.496%,98398.6,571.9,0.581%,
2019-01-23,6611246,266,7902,1.447%,95185.4,496.6,0.522%,
2019-01-22,6607537,266,7899,1.251%,82318,370.1,0.45%,
2019-01-21,6603765,266,7895,1.092%,71845,277.7,0.387%,
2019-01-20,6601045,266,7893,1.082%,71168.6,278.2,0.391%,
2019-01-19,6597832,265,7891,1.036%,68114,263.2,0.386%,
2019-01-18,6594628,265,7887,0.959%,63087.3,185.6,0.294%,
2019-01-17,6592033,265,7885,0.932%,61299.1,170.5,0.278%,
2019-01-16,6589422,233,7881,0.864%,56818.3,120.6,0.212%,
2019-01-15,6587597,233,7879,0.878%,57738.9,122.3,0.212%,
2019-01-14,6585718,233,7878,0.858%,56411.3,114.4,0.203%,
2019-01-13,6583494,233,7875,0.946%,62111.5,145.2,0.234%,
2019-01-12,6581908,233,7872,1.003%,65839.9,163,0.248%,
2019-01-11,6580446,233,7871,0.957%,62812.6,158.1,0.252%,
2019-01-10,6579642,233,7870,0.905%,59389.3,144.7,0.244%,
2019-01-09,6577731,233,7866,0.958%,62879.7,159.8,0.254%,
2019-01-08,6575067,233,7864,0.942%,61797.2,159,0.257%,
2019-01-07,6572577,233,7862,0.93%,60955.9,150.7,0.247%,
2019-01-06,6569994,233,7860,0.94%,61638.1,147.8,0.24%,
2019-01-05,6566929,233,7858,0.94%,61602.6,150.7,0.245%,
2019-01-04,6564060,233,7857,0.925%,60553.3,149.4,0.247%,
2019-01-03,6562151,233,7854,0.93%,60851.7,144.4,0.237%,
2019-01-02,6559628,233,7852,0.903%,59072.1,158.1,0.268%,
2019-01-01,6557066,233,7849,0.892%,58359.7,157,0.269%,
2018-12-31,6554825,233,7848,0.86%,56225.8,148.8,0.265%,
2018-12-30,6552076,233,7846,0.83%,54250.6,126.5,0.233%,
2018-12-29,6548686,233,7844,0.793%,51833.7,119.4,0.23%,
2018-12-28,6545516,233,7842,0.801%,52325.9,125.5,0.24%,
2018-12-27,6542477,233,7840,0.814%,53121.9,127.7,0.24%,
2018-12-26,6539598,233,7838,0.808%,52699.9,126.8,0.241%,
2018-12-25,6536527,233,7836,0.791%,51564.9,129,0.25%,
2018-12-24,6533795,233,7834,0.778%,50684.9,125.6,0.248%,
2018-12-23,6530620,233,7831,0.802%,52219.5,126.4,0.242%,
2018-12-22,6527569,233,7828,0.816%,53171.5,124,0.233%,
2018-12-21,6524916,233,7826,0.77%,50150.1,79.8,0.159%,
2018-12-20,6522276,233,7824,0.769%,50095.7,80.7,0.161%,
2018-12-19,6519123,233,7822,0.819%,53305.7,99.1,0.186%,
2018-12-18,6517664,233,7822,0.8%,52016.6,98.2,0.189%,
2018-12-17,6514354,233,7819,0.804%,52291.9,93.8,0.179%,
2018-12-16,6511000,233,7816,0.776%,50427.1,85.7,0.17%,
2018-12-15,6507524,233,7814,0.877%,56945.4,146,0.256%,
2018-12-14,6503159,233,7811,0.874%,56715.5,146.2,0.258%,
2018-12-13,6499421,233,7808,0.877%,56849,145.3,0.256%,
2018-12-12,6495510,233,7805,0.89%,57662,154.6,0.268%,
2018-12-11,6492455,233,7802,0.913%,59124.8,159.7,0.27%,
2018-12-10,6488941,233,7797,0.968%,62647.9,173.4,0.277%,
2018-12-09,6485257,233,7794,1.102%,71239.8,228.8,0.321%,
2018-12-08,6481781,233,7791,1.089%,70364.2,220,0.313%,
2018-12-07,6477320,233,7788,1.056%,68221.7,189.9,0.278%,
2018-12-06,6471972,233,7784,1.149%,74128.1,236.2,0.319%,
2018-12-05,6467878,234,7781,1.18%,76099.6,233.9,0.307%,
2018-12-04,6463291,234,7778,1.134%,73062.4,222.5,0.305%,
2018-12-03,6459223,234,7774,1.104%,71082.5,213,0.3%,
2018-12-02,6457303,234,7773,1.113%,71646.2,209.4,0.292%,
2018-12-01,6452441,234,7771,1.033%,66481.4,186.9,0.281%,
2018-11-30,6447516,234,7768,1.114%,71588.4,238.3,0.333%,
2018-11-29,6442353,234,7766,1.07%,68693.6,251.6,0.366%,
2018-11-28,6437563,234,7760,1.141%,73202.3,280.6,0.383%,
2018-11-27,6431312,234,7755,1.205%,77215.9,288,0.373%,
2018-11-24,6413035,234,7746,1.338%,85528.5,291.7,0.341%,
2018-11-23,6406256,234,7743,1.207%,77085.9,218.9,0.284%,
2018-11-22,6398505,234,7737,1.269%,80933.6,248.5,0.307%,
2018-11-21,6390234,234,7732,1.134%,72172.4,287.5,0.398%,
2018-11-20,6381998,234,7722,1.183%,75102.7,369,0.491%,
2018-11-19,6366582,233,7709,1.351%,85446.3,540.5,0.633%,
2018-11-18,6349828,234,7690,0.924%,58386.5,271.1,0.464%,
2018-11-17,6346449,234,7685,0.94%,59416.9,215.6,0.363%,
2018-11-16,6338888,234,7673,1.014%,64031,244.7,0.382%,
2018-11-15,6331162,234,7659,1.012%,63787.1,260.2,0.408%,
2018-11-14,6325692,234,7653,1.013%,63845.7,252.5,0.395%,
2018-11-13,6320336,231,7648,1.008%,63465.3,238.1,0.375%,
2018-11-12,6314879,234,7645,0.964%,60689,205.7,0.339%,
2018-11-10,6303642,234,7640,1.239%,77703.9,371.9,0.479%,
2018-11-09,6295548,234,7638,1.39%,87052.2,475.4,0.546%,
2018-11-08,6289483,234,7636,1.399%,87519.3,480.6,0.549%,
2018-11-07,6280848,234,7632,1.567%,97932.2,504.9,0.516%,
2018-11-06,6271264,234,7628,1.607%,100281.9,511,0.51%,
2018-11-05,6261630,234,7621,1.482%,92326.6,454.4,0.492%,
2018-11-04,6247797,234,7611,1.083%,67345.8,315.3,0.468%,
2018-11-03,6239850,234,7601,1.105%,68547.5,407.9,0.595%,
2018-11-01,6215942,234,7558,1.066%,65995.5,284.2,0.431%,
2018-10-31,6210220,234,7553,1.071%,66262,274.1,0.414%,
2018-10-29,6200548,234,7547,1.12%,69160.4,300.1,0.434%,
2018-10-28,6190327,234,7540,1.101%,67845,291.6,0.43%,
2018-10-27,6178202,234,7520,0.96%,59090.6,239.8,0.406%,
2018-10-26,6170107,234,7502,0.754%,46410.2,123.3,0.266%,
2018-10-25,6163727,234,7491,0.893%,54858.6,176.9,0.322%,
2018-10-24,6158794,234,7485,0.901%,55286.1,180.4,0.326%,
2018-10-23,6152801,234,7475,1.307%,79933.8,466.6,0.584%,
2018-10-22,6146746,235,7468,1.226%,74927.4,415,0.554%,
2018-10-20,6133034,236,7449,0.916%,55978.7,224.4,0.401%,
2018-10-19,6122167,236,7428,0.963%,58807.3,179.4,0.305%,
2018-10-18,6119358,236,7421,1.118%,68250.5,186,0.273%,
2018-10-17,6112715,236,7412,1.051%,64104.3,168.4,0.263%,
2018-10-15,6106679,236,7406,1.025%,62445.5,166.9,0.267%,
2018-10-14,6100815,236,7404,1.069%,65053.2,168.3,0.259%,
2018-10-12,6088623,236,7398,1.014%,61546.3,169.5,0.275%,
2018-10-09,6074184,236,7388,1.139%,68982.2,197.8,0.287%,
2018-10-08,6067413,236,7383,1.131%,68441.9,185.7,0.271%,
2018-10-06,6047492,236,7359,0.892%,53719.3,242.4,0.451%,
2018-10-04,6032147,235,7333,1.216%,72895.4,426.9,0.586%,
2018-10-03,6025992,235,7327,1.15%,69068.8,254.2,0.368%,
2018-10-02,6020005,235,7323,1.076%,64523.8,224.6,0.348%,
2018-10-01,6014225,235,7321,1.003%,60087.6,207.5,0.345%,
2018-09-30,6008575,235,7317,1.075%,64403.4,212.1,0.329%,
2018-09-29,6003212,235,7315,1.06%,63411,224,0.353%,
2018-09-28,5998515,235,7312,1.115%,66589.8,281,0.422%,
2018-09-27,5994507,235,7309,1.147%,68481,304.4,0.445%,
2018-09-26,5988753,235,7304,1.114%,66437.1,289.6,0.436%,
2018-09-25,5982484,235,7300,1.025%,61065,244.5,0.4%,
2018-09-22,5966526,235,7281,0.752%,44719.7,136.6,0.305%,
2018-09-21,5958723,235,7266,0.898%,53364.2,151.3,0.284%,
2018-09-20,5954802,235,7262,0.929%,55177.2,167.8,0.304%,
2018-09-17,5940821,235,7250,1.007%,59670.6,152.1,0.255%,
2018-09-16,5931342,235,7246,1.121%,66325.8,168.8,0.255%,
2018-09-15,5926812,235,7244,1.166%,68934.8,182.9,0.265%,
2018-09-14,5925327,235,7244,1.139%,67283.8,178.4,0.265%,
2018-09-12,5914258,235,7237,1.222%,72048.9,227.3,0.315%,
2018-09-08,5884740,235,7210,1.142%,66840.7,335.5,0.502%,
2018-09-07,5876849,236,7197,1.314%,76741.7,471.5,0.614%,
2018-09-06,5869862,236,7186,1.371%,80135.3,358.2,0.447%,
2018-09-05,5864853,236,7181,1.286%,75139.2,290.4,0.386%,
2018-09-04,5863207,236,7180,1.286%,75152.5,275.8,0.367%,
2018-09-03,5857475,236,7177,1.321%,77037.2,338.3,0.439%,
2018-09-01,5848093,236,7174,1.408%,81955.1,385.6,0.471%,
2018-08-31,5841691,236,7172,1.341%,77952.6,361.5,0.464%,
2018-08-30,5835326,236,7169,1.308%,75995.8,352.9,0.464%,
2018-08-29,5832414,236,7167,1.288%,74771.4,350.3,0.468%,
2018-08-28,5825522,236,7163,1.272%,73710.8,396.6,0.538%,
2018-08-27,5822219,236,7161,1.223%,70795.8,383.5,0.542%,
2018-08-26,5800309,236,7148,0.952%,54915.5,317.7,0.579%,
2018-08-25,5795618,237,7145,0.831%,47866.2,287.6,0.601%,
2018-08-23,5783492,238,7120,1.041%,60087.2,105.7,0.176%,
2018-08-22,5780157,238,7119,1.03%,59432.9,91.6,0.154%,
2018-08-20,5769099,238,7110,1.043%,60057.3,88.9,0.148%,
2018-08-18,5759446,238,7107,1.201%,69050.9,123.9,0.179%,
2018-08-17,5753721,238,7105,1.194%,68571.2,125.5,0.183%,
2018-08-16,5748653,238,7105,1.153%,66164.7,124.9,0.189%,
2018-08-15,5743261,238,7103,1.133%,64950.3,122.1,0.188%,
2018-08-14,5740303,239,7101,1.162%,66576.3,153.6,0.231%,
2018-08-13,5733193,239,7097,1.078%,61649.7,146.6,0.238%,
2018-08-12,5719966,239,7082,0.946%,53864.3,265.4,0.493%,
2018-08-11,5710893,236,7069,1.082%,61570.6,239.4,0.389%,
2018-08-10,5704357,236,7058,1.163%,66185.1,176.5,0.267%,
2018-08-09,5696708,236,7049,1.272%,72288.7,160.1,0.221%,
2018-08-08,5694167,236,7047,1.282%,72815.7,157.1,0.216%,