date,followers_count,following_count,media_count,engagement_rate,average_likes,average_comments,comments_to_likes_ratio,weekly_posts,account,daily_gain,posts_per_day,month,growth_rate,index_100,daily_growth_rel
2024-11-12,78807,180,9422,4.85,3796.3,25.7,0.677,6.0,brake_gp,,0.8571428571428571,2024-11,,100.0,
2024-11-13,78821,180,9423,4.952,3877.5,25.9,0.668,6.0,brake_gp,14.0,0.8571428571428571,2024-11,0.01776176399690438,100.01776491935996,0.00017764919359963827
2024-11-14,78832,180,9423,5.066,3968.5,25.3,0.638,6.0,brake_gp,11.0,0.8571428571428571,2024-11,0.013953724375887964,100.03172307028562,0.00013955671711851636
2024-11-15,78842,180,9429,5.265,4124.8,26.5,0.642,12.0,brake_gp,10.0,1.7142857142857142,2024-11,0.012683595038177621,100.04441229839989,0.0001268520397808004
2024-11-16,78849,180,9434,5.746,4502.7,27.7,0.615,16.0,brake_gp,7.0,2.2857142857142856,2024-11,0.008877728316148588,100.05329475807987,8.878516526733549e-05
2024-11-17,78876,180,9437,3.195,2507.5,12.3,0.491,18.0,brake_gp,27.0,2.5714285714285716,2024-11,0.03423094477407577,100.08755567398835,0.00034242666362294116
2024-11-18,78944,180,9439,1.616,1270.6,5.1,0.401,19.0,brake_gp,68.0,2.7142857142857144,2024-11,0.0861370085123632,100.17384242516528,0.0008621126831989123
2024-11-19,79020,181,9440,1.861,1465.9,4.8,0.327,20.0,brake_gp,76.0,2.857142857142857,2024-11,0.09617818273854721,100.2702805588336,0.0009627077421969776
2024-11-20,79109,180,9442,2.514,1979.6,9.4,0.475,21.0,brake_gp,89.0,3.0,2024-11,0.11250300218685612,100.38321468905048,0.0011262971399645938
2024-11-21,79167,180,9443,3.428,2701.6,12.2,0.452,21.0,brake_gp,58.0,3.0,2024-11,0.07326284941958139,100.45681221211314,0.000733165632228916
2024-11-22,79201,180,9445,4.923,3881.2,17.7,0.456,17.0,brake_gp,34.0,2.4285714285714284,2024-11,0.042928750899609854,100.49995558770159,0.00042947187590791636
2024-11-23,79255,180,9446,5.977,4714.1,22.8,0.484,13.0,brake_gp,54.0,1.8571428571428572,2024-11,0.06813450255504384,100.56847741951857,0.0006818095731113694
2024-11-24,79307,180,9448,7.68,6061.3,29.3,0.483,12.0,brake_gp,52.0,1.7142857142857142,2024-11,0.06556798264970305,100.63446140571268,0.0006561100246040841
2024-11-25,79363,180,9449,8.345,6592.0,30.8,0.467,11.0,brake_gp,56.0,1.5714285714285714,2024-11,0.07056184872043647,100.70552108315252,0.0007061167362276688
2024-11-26,79414,178,9451,9.05,7142.3,44.6,0.624,11.0,brake_gp,51.0,1.5714285714285714,2024-11,0.06422041453647973,100.7702361465352,0.000642616836561194
2024-11-27,79504,178,9453,9.116,7206.8,40.8,0.566,11.0,brake_gp,90.0,1.5714285714285714,2024-11,0.11320185147917086,100.88443919956349,0.001133301432996614
2024-11-28,79594,178,9455,8.928,7063.8,42.5,0.602,12.0,brake_gp,90.0,1.7142857142857142,2024-11,0.11307384978767243,100.99864225259176,0.0011320185147916106
2024-11-29,79671,178,9457,9.145,7225.0,61.3,0.848,12.0,brake_gp,77.0,1.7142857142857142,2024-11,0.09664746269031392,101.09634930907151,0.0009674096037388669
2024-11-30,79731,178,9459,9.593,7587.5,61.1,0.805,13.0,brake_gp,60.0,1.8571428571428572,2024-11,0.07525303834142304,101.17248467775705,0.0007530971118725471
2024-12-01,79765,179,9461,9.256,7316.8,66.0,0.902,13.0,brake_gp,34.0,1.8571428571428572,2024-12,0.04262521155895443,101.21562805334551,0.00042643388393481807
2024-12-02,79795,179,9462,9.518,7519.4,75.3,1.001,13.0,brake_gp,30.0,1.8571428571428572,2024-12,0.037596340622846044,101.25369573768828,0.000376104807873201
2024-12-03,79804,179,9464,8.492,6713.8,63.1,0.94,13.0,brake_gp,9.0,1.8571428571428572,2024-12,0.011277630193975239,101.26511604299111,0.00011278902186862005
2024-12-04,79826,178,9465,8.01,6328.6,65.8,1.04,13.0,brake_gp,22.0,1.8571428571428572,2024-12,0.027559942875754764,101.29303234484246,0.00027567540474171537
2024-12-05,79880,178,9467,7.177,5662.4,70.3,1.242,14.0,brake_gp,54.0,2.0,2024-12,0.06760140210315474,101.36155417665944,0.0006764713251321552
2024-12-06,79928,178,9469,5.969,4725.3,45.6,0.965,13.0,brake_gp,48.0,1.8571428571428572,2024-12,0.060054048643779404,101.42246247160784,0.0006009013520280604
2024-12-07,79941,178,9471,4.159,3294.8,30.3,0.92,13.0,brake_gp,13.0,1.8571428571428572,2024-12,0.01626199321999975,101.43895846815639,0.0001626463817434587
2024-12-08,79947,178,9473,3.898,3091.3,24.7,0.799,13.0,brake_gp,6.0,1.8571428571428572,2024-12,0.007504972043979137,101.44657200502493,7.505535332308355e-05
2024-12-09,79968,179,9475,3.811,3024.9,22.3,0.737,13.0,brake_gp,21.0,1.8571428571428572,2024-12,0.026260504201680673,101.47321938406486,0.00026267402153923314
2024-12-10,79994,180,9477,3.735,2966.0,21.6,0.728,13.0,brake_gp,26.0,1.8571428571428572,2024-12,0.03250243768282621,101.50621137716193,0.0003251300520208389
2024-12-11,80004,180,9479,3.919,3120.8,14.3,0.458,13.0,brake_gp,10.0,1.8571428571428572,2024-12,0.012499375031248438,101.51890060527617,0.00012500937570325554
2024-12-12,80019,180,9481,3.245,2589.5,7.4,0.286,13.0,brake_gp,15.0,1.8571428571428572,2024-12,0.01874554793236606,101.53793444744757,0.0001874906254686337
2024-12-13,80040,180,9482,3.362,2680.4,10.2,0.381,13.0,brake_gp,21.0,1.8571428571428572,2024-12,0.02623688155922039,101.56458182648748,0.00026243767105316174
2024-12-14,80049,180,9483,3.489,2781.3,11.4,0.41,12.0,brake_gp,9.0,1.7142857142857142,2024-12,0.011243113592924334,101.57600213179032,0.00011244377811103767
2024-12-15,80050,180,9484,3.485,2777.7,11.8,0.425,11.0,brake_gp,1.0,1.5714285714285714,2024-12,0.0012492192379762648,101.57727105460175,1.2492348436587974e-05
2024-12-16,80064,180,9485,3.523,2808.4,12.0,0.427,10.0,brake_gp,14.0,1.4285714285714286,2024-12,0.017486011191047163,101.59503597396171,0.00017489069331677598
2024-12-17,80062,180,9487,3.535,2817.7,12.1,0.429,10.0,brake_gp,-2.0,1.4285714285714286,2024-12,-0.00249806400039969,101.59249812833886,-2.4980015987163817e-05
2024-12-18,80081,181,9488,3.322,2648.5,11.8,0.446,9.0,brake_gp,19.0,1.2857142857142858,2024-12,0.023725977447834067,101.61660766175594,0.00023731608003796367
2024-12-19,80093,181,9489,3.121,2485.7,14.1,0.567,8.0,brake_gp,12.0,1.1428571428571428,2024-12,0.014982582747555966,101.63183473549304,0.00014984827861797
2024-12-20,80077,181,9490,2.483,1974.4,13.6,0.689,8.0,brake_gp,-16.0,1.1428571428571428,2024-12,-0.01998076851030883,101.61153197051023,-0.0001997677699674405
2024-12-21,80079,181,9490,2.229,1771.4,13.8,0.779,7.0,brake_gp,2.0,1.0,2024-12,0.0024975336854855834,101.61406981613308,2.497596063788521e-05
2024-12-22,80080,181,9490,1.823,1448.3,11.7,0.808,6.0,brake_gp,1.0,0.8571428571428571,2024-12,0.0012487512487512488,101.6153387389445,1.2487668427318965e-05
2024-12-23,80078,181,9492,1.856,1474.0,12.3,0.834,7.0,brake_gp,-2.0,1.0,2024-12,-0.0024975648742476086,101.61280089332165,-2.49750249750047e-05
2024-12-24,80075,181,9494,1.877,1490.6,12.7,0.852,7.0,brake_gp,-3.0,1.0,2024-12,-0.003746487667811427,101.60899412488737,-3.746347311373022e-05
2024-12-25,80087,181,9496,1.818,1444.4,11.3,0.782,8.0,brake_gp,12.0,1.1428571428571428,2024-12,0.014983705220572628,101.62422119862448,0.0001498595067124242
2024-12-26,80075,181,9498,2.065,1643.2,10.7,0.651,9.0,brake_gp,-12.0,1.2857142857142858,2024-12,-0.014985950671245708,101.60899412488737,-0.00014983705220572574
2024-12-27,80077,181,9500,2.022,1609.1,10.3,0.64,10.0,brake_gp,2.0,1.4285714285714286,2024-12,0.0024975960637886037,101.61153197051023,2.4976584451996686e-05
2024-12-28,80101,181,9502,2.086,1659.3,11.7,0.705,12.0,brake_gp,24.0,1.7142857142857142,2024-12,0.029962172756894417,101.64198611798444,0.0002997115276546225
2024-12-29,80119,182,9503,3.002,2390.1,15.3,0.64,13.0,brake_gp,18.0,1.8571428571428572,2024-12,0.02246658096082078,101.6648267285901,0.00022471629567677454
2024-12-30,80127,182,9505,3.663,2918.5,16.5,0.565,13.0,brake_gp,8.0,1.8571428571428572,2024-12,0.009984150161618431,101.6749781110815,9.985147093694025e-05
2024-12-31,80152,182,9507,3.805,3032.6,17.5,0.577,13.0,brake_gp,25.0,1.8571428571428572,2024-12,0.031190737598562727,101.70670118136714,0.0003120046925506603
2025-01-01,80172,182,9509,3.987,3175.1,21.1,0.665,13.0,brake_gp,20.0,1.8571428571428572,2025-01,0.024946365314573667,101.73207963759565,0.0002495259007884165
2025-01-02,80318,182,9511,5.179,4135.8,23.5,0.568,13.0,brake_gp,146.0,1.8571428571428572,2025-01,0.1817774346970791,101.91734236806376,0.0018210846679638237
2025-01-03,80410,182,9513,10.39,8320.9,33.3,0.4,13.0,brake_gp,92.0,1.8571428571428572,2025-01,0.11441363014550428,102.03408326671489,0.0011454468487761549
2025-01-04,80453,181,9515,10.734,8599.7,36.2,0.421,13.0,brake_gp,43.0,1.8571428571428572,2025-01,0.053447354355959376,102.08864694760618,0.0005347593582887278
2025-01-05,80496,182,9517,11.27,9030.0,42.3,0.468,14.0,brake_gp,43.0,2.0,2025-01,0.05341880341880342,102.14321062849747,0.0005344735435595105
2025-01-06,80511,182,9519,12.079,9680.3,44.3,0.458,14.0,brake_gp,15.0,2.0,2025-01,0.01863099452248761,102.16224447066884,0.00018634466308875552
2025-01-07,80557,182,9521,12.347,9905.6,40.5,0.409,14.0,brake_gp,46.0,2.0,2025-01,0.05710242437032164,102.22061491999442,0.0005713504986897266
2025-01-08,80619,184,9523,11.542,9264.2,40.8,0.44,14.0,brake_gp,62.0,2.0,2025-01,0.07690494796511987,102.29928813430278,0.0007696413719477935
2025-01-09,80672,184,9525,5.656,4539.3,23.8,0.524,14.0,brake_gp,53.0,2.0,2025-01,0.0656981356604522,102.36654104330833,0.000657413264863127
2025-01-10,80723,185,9527,5.472,4387.7,29.4,0.67,14.0,brake_gp,51.0,2.0,2025-01,0.06317901961027217,102.43125610669104,0.0006321896072987165
2025-01-11,80763,185,9529,5.862,4706.1,27.9,0.593,14.0,brake_gp,40.0,2.0,2025-01,0.04952763022671272,102.48201301914806,0.0004955217224336117
2025-01-12,80807,185,9531,7.664,6156.3,36.5,0.593,14.0,brake_gp,44.0,2.0,2025-01,0.05445072827849072,102.53784562285075,0.000544803932493787
2025-01-13,80878,185,9533,9.222,7419.8,38.8,0.523,14.0,brake_gp,71.0,2.0,2025-01,0.08778654269393407,102.62793914246195,0.0008786367517665816
2025-01-14,80913,186,9535,10.371,8349.7,41.7,0.499,14.0,brake_gp,35.0,2.0,2025-01,0.04325633705337832,102.67235144086185,0.0004327505625756345
2025-01-15,80993,186,9537,9.914,7990.9,38.8,0.486,14.0,brake_gp,80.0,2.0,2025-01,0.0987739681207018,102.77386526577588,0.0009887162755057854
2025-01-16,81055,186,9540,10.223,8248.4,37.5,0.455,15.0,brake_gp,62.0,2.142857142857143,2025-01,0.0764912713589538,102.85253848008426,0.0007654982529354815
2025-01-17,81124,186,9542,9.778,7898.5,34.0,0.43,15.0,brake_gp,69.0,2.142857142857143,2025-01,0.08505497756520881,102.94009415407261,0.0008512738264141451
2025-01-18,81183,186,9544,7.026,5667.8,36.1,0.637,14.0,brake_gp,59.0,2.0,2025-01,0.07267531379722356,103.0149605999467,0.0007272816922243575
2025-01-19,81242,186,9546,5.69,4588.8,34.1,0.743,14.0,brake_gp,59.0,2.0,2025-01,0.07262253514192167,103.0898270458208,0.0007267531379722136
2025-01-20,81320,187,9548,5.821,4703.1,30.6,0.651,14.0,brake_gp,78.0,2.0,2025-01,0.09591736350221348,103.18880302511198,0.0009600945323846588
2025-01-21,81384,187,9550,6.364,5146.1,33.4,0.649,14.0,brake_gp,64.0,2.0,2025-01,0.07863953602673744,103.27001408504321,0.0007870142646335676
2025-01-22,81535,188,9552,5.964,4832.6,29.9,0.619,14.0,brake_gp,151.0,2.0,2025-01,0.18519654136260502,103.46162142956842,0.0018554015531309087
2025-01-23,81714,188,9554,6.318,5130.3,32.3,0.63,13.0,brake_gp,179.0,1.8571428571428572,2025-01,0.21905670998849644,103.68875861281359,0.0021953762188018366
2025-01-24,81860,188,9556,12.6,10274.8,39.3,0.382,13.0,brake_gp,146.0,1.8571428571428572,2025-01,0.17835328609821646,103.8740213432817,0.00178671953398446
2025-01-25,81934,188,9558,13.579,11101.3,24.3,0.219,14.0,brake_gp,74.0,2.0,2025-01,0.09031659628481462,103.96792163132717,0.0009039824089909221
2025-01-26,82024,188,9560,14.149,11580.4,25.5,0.22,14.0,brake_gp,90.0,2.0,2025-01,0.10972398322442213,104.08212468435545,0.001098445089950495
2025-01-27,82070,188,9562,14.507,11877.6,28.3,0.238,14.0,brake_gp,46.0,2.0,2025-01,0.05604971365907153,104.14049513368101,0.0005608114698136824
2025-01-28,82141,189,9564,14.313,11729.9,27.1,0.231,14.0,brake_gp,71.0,2.0,2025-01,0.08643673683057182,104.23058865329222,0.0008651151456073869
2025-01-29,82211,189,9566,14.649,12014.3,29.0,0.241,14.0,brake_gp,70.0,2.0,2025-01,0.08514675651676783,104.319413250092,0.0008521931800196114
2025-01-30,82262,189,9568,15.79,12956.1,32.8,0.253,14.0,brake_gp,51.0,2.0,2025-01,0.06199703386739929,104.3841283134747,0.0006203549403365205
2025-01-31,82314,189,9571,15.085,12386.4,30.5,0.246,15.0,brake_gp,52.0,2.142857142857143,2025-01,0.06317272881891295,104.4501122996688,0.0006321266198243691
2025-02-01,82399,189,9574,7.004,5745.6,25.5,0.444,16.0,brake_gp,85.0,2.2857142857142856,2025-02,0.10315659170621003,104.55797073863997,0.0010326311441553049
2025-02-02,82486,190,9576,6.783,5571.7,23.5,0.422,16.0,brake_gp,87.0,2.2857142857142856,2025-02,0.10547244380864632,104.66836702323397,0.0010558380562870617
2025-02-03,82539,190,9578,6.717,5518.9,25.3,0.458,16.0,brake_gp,53.0,2.2857142857142856,2025-02,0.06421206944595888,104.73561993223952,0.0006425332783746018
2025-02-04,82612,190,9580,5.969,4910.8,19.9,0.405,16.0,brake_gp,73.0,2.2857142857142856,2025-02,0.08836488645717329,104.82825129747357,0.0008844303904820272
2025-02-05,82845,192,9584,6.688,5519.3,21.3,0.386,18.0,brake_gp,233.0,2.5714285714285716,2025-02,0.2812481139477337,105.1239103125357,0.002820413499249552
2025-02-06,83372,193,9587,6.467,5368.5,23.4,0.436,19.0,brake_gp,527.0,2.7142857142857144,2025-02,0.6321067024900446,105.79263263415686,0.0063612770837104815
2025-02-07,83711,193,9590,7.35,6127.3,25.2,0.411,19.0,brake_gp,339.0,2.7142857142857144,2025-02,0.40496469997969203,106.22279746723007,0.004066113323417886
2025-02-08,83935,193,9592,7.254,6066.8,21.7,0.358,18.0,brake_gp,224.0,2.5714285714285716,2025-02,0.2668731756716507,106.50703617698936,0.002675872943818547
2025-02-09,84167,193,9595,6.684,5604.8,20.9,0.373,19.0,brake_gp,232.0,2.7142857142857144,2025-02,0.2756424727030784,106.80142626924005,0.002764043605170574
2025-02-10,84333,195,9597,7.217,6065.0,20.9,0.345,19.0,brake_gp,166.0,2.7142857142857144,2025-02,0.19683872268269836,107.01206745593666,0.0019722694167547683
2025-02-11,84499,196,9594,7.281,6134.4,18.2,0.297,19.0,brake_gp,166.0,2.7142857142857144,2025-02,0.19645202901809486,107.22270864263325,0.0019683872268270175
2025-02-12,84638,197,9596,6.138,5179.5,15.7,0.303,17.0,brake_gp,139.0,2.4285714285714284,2025-02,0.16422883338453176,107.39908891342141,0.0016449898815371622
2025-02-13,84713,197,9598,7.246,6118.7,19.8,0.324,16.0,brake_gp,75.0,2.2857142857142856,2025-02,0.08853422733228666,107.4942581242783,0.0008861267988373722
2025-02-14,84793,198,9600,7.408,6258.3,23.5,0.376,15.0,brake_gp,80.0,2.142857142857143,2025-02,0.09434741075324614,107.59577194919233,0.0009443650915443857
2025-02-15,84879,198,9602,7.516,6356.6,22.7,0.357,15.0,brake_gp,86.0,2.142857142857143,2025-02,0.10132070358981608,107.70489931097491,0.0010142346655974688
2025-02-16,84952,198,9604,7.105,6013.8,22.1,0.367,14.0,brake_gp,73.0,2.0,2025-02,0.08593087861380544,107.79753067620896,0.0008600478327973615
2025-02-17,85025,198,9606,8.173,6914.3,34.9,0.505,14.0,brake_gp,73.0,2.0,2025-02,0.08585710085269038,107.89016204144302,0.0008593087861381576
2025-02-18,85044,198,9608,7.128,6027.8,33.9,0.562,14.0,brake_gp,19.0,2.0,2025-02,0.022341376228775692,107.91427157486011,0.00022346368715076004
2025-02-19,85135,199,9610,6.723,5686.5,36.8,0.647,14.0,brake_gp,91.0,2.0,2025-02,0.1068890585540612,108.0297435506998,0.0010700343351677244
2025-02-20,85216,199,9612,6.44,5454.9,32.8,0.601,14.0,brake_gp,81.0,2.0,2025-02,0.09505257228689448,108.13252629842526,0.0009514300816351184
2025-02-21,85300,199,9614,11.252,9555.4,42.9,0.449,14.0,brake_gp,84.0,2.0,2025-02,0.0984759671746776,108.239115814585,0.000985730379271521
2025-02-22,85377,200,9617,11.517,9790.8,42.3,0.432,14.0,brake_gp,77.0,2.0,2025-02,0.09018822399475268,108.33682287106477,0.0009026963657678966
2025-02-23,85471,201,9619,10.056,8568.0,26.8,0.313,14.0,brake_gp,94.0,2.0,2025-02,0.10997882322659149,108.45610161533874,0.001100999098117672
2025-02-24,85557,202,9622,11.789,10050.9,35.1,0.349,14.0,brake_gp,86.0,2.0,2025-02,0.10051778346599344,108.56522897712134,0.0010061892337751566
2025-02-25,85684,202,9625,12.279,10483.7,37.1,0.354,14.0,brake_gp,127.0,2.0,2025-02,0.14821903739321227,108.72638217417234,0.0014843905232768684
2025-02-26,85797,202,9627,12.844,10979.3,40.3,0.367,13.0,brake_gp,113.0,1.8571428571428572,2025-02,0.13170623681480706,108.86977045186342,0.0013187993090892913
2025-02-27,85881,202,9630,11.135,9515.7,47.1,0.495,14.0,brake_gp,84.0,2.0,2025-02,0.09780976001676739,108.97635996802315,0.000979055211720592
2025-02-28,86010,202,9637,11.859,10150.1,49.8,0.491,19.0,brake_gp,129.0,2.7142857142857144,2025-02,0.1499825601674224,109.14005101069702,0.0015020784574002466
2025-03-01,86099,202,9644,9.338,7998.5,41.1,0.514,24.0,brake_gp,89.0,3.4285714285714284,2025-03,0.10336937711239388,109.25298514091388,0.0010347633996046213
2025-03-02,86186,202,9647,6.415,5500.9,27.9,0.507,28.0,brake_gp,87.0,4.0,2025-03,0.10094446893927089,109.36338142550788,0.001010464697615454
2025-03-03,86274,202,9652,5.778,4960.8,24.5,0.494,28.0,brake_gp,88.0,4.0,2025-03,0.10200060273083432,109.47504663291332,0.0010210475019145626
2025-03-04,86342,202,9654,2.758,2368.0,13.1,0.553,28.0,brake_gp,68.0,4.0,2025-03,0.07875657269926571,109.56133338409025,0.0007881864756473789
2025-03-05,86436,202,9656,2.935,2523.0,13.7,0.543,28.0,brake_gp,94.0,4.0,2025-03,0.1087509833865519,109.68061212836425,0.0010886937990781664
2025-03-06,86484,202,9658,3.146,2699.6,20.9,0.774,27.0,brake_gp,48.0,3.857142857142857,2025-03,0.055501595670875536,109.74152042331265,0.0005553241704845391
2025-03-07,86552,202,9661,4.024,3447.9,34.6,1.004,20.0,brake_gp,68.0,2.857142857142857,2025-03,0.07856548664386728,109.82780717448956,0.0007862726053373681
2025-03-08,86684,202,9663,5.271,4526.3,42.9,0.948,15.0,brake_gp,132.0,2.142857142857143,2025-03,0.15227723686032024,109.99530498559773,0.0015250947407339233
2025-03-09,86744,203,9666,6.237,5364.2,46.1,0.859,14.0,brake_gp,60.0,2.0,2025-03,0.0691690491561376,110.07144035428324,0.0006921692584560546
2025-03-10,86793,203,9668,8.41,7244.8,54.3,0.75,14.0,brake_gp,49.0,2.0,2025-03,0.056456165819824176,110.1336175720431,0.000564880568108439
2025-03-11,86820,203,9671,8.944,7707.5,57.6,0.747,14.0,brake_gp,27.0,2.0,2025-03,0.031098825155494128,110.16787848795158,0.0003110849953338324
2025-03-12,86855,203,9674,7.949,6859.6,44.3,0.646,14.0,brake_gp,35.0,2.0,2025-03,0.0402970468021415,110.21229078635146,0.00040313291868243617
2025-03-13,86897,202,9676,7.622,6559.9,63.3,0.965,14.0,brake_gp,42.0,2.0,2025-03,0.04833308399599526,110.26558554443133,0.0004835645616256823
2025-03-14,86939,202,9683,7.717,6641.4,67.8,1.021,19.0,brake_gp,42.0,2.7142857142857144,2025-03,0.048309734411483916,110.3188803025112,0.00048333083995988346
2025-03-15,86988,203,9692,4.263,3642.3,65.8,1.807,28.0,brake_gp,49.0,4.0,2025-03,0.05632960868165724,110.38105752027103,0.0005636135681339471
2025-03-16,87110,203,9697,2.985,2583.9,16.1,0.623,40.0,brake_gp,122.0,5.714285714285714,2025-03,0.14005280679600504,110.53586610326494,0.001402492297788216
2025-03-17,87258,203,9702,2.763,2398.5,12.2,0.509,41.0,brake_gp,148.0,5.857142857142857,2025-03,0.1696119553507988,110.72366667935589,0.001699001262771116
2025-03-18,87337,203,9706,3.556,3090.0,16.0,0.518,41.0,brake_gp,79.0,5.857142857142857,2025-03,0.090454217571018,110.8239115814585,0.0009053611130211969
2025-03-19,87402,203,9710,3.752,3262.4,17.0,0.521,34.0,brake_gp,65.0,4.857142857142857,2025-03,0.07436900757419738,110.90639156420114,0.0007442435622930788
2025-03-20,87457,204,9713,4.075,3546.4,17.6,0.496,29.0,brake_gp,55.0,4.142857142857143,2025-03,0.06288804784065312,110.97618231882956,0.0006292762179356259
2025-03-21,87511,204,9715,4.761,4145.4,20.9,0.504,26.0,brake_gp,54.0,3.7142857142857144,2025-03,0.061706528322153786,111.04470415064651,0.0006174462878900666
2025-03-22,87578,206,9717,6.793,5910.1,39.2,0.663,18.0,brake_gp,67.0,2.5714285714285716,2025-03,0.0765032314051474,111.129721979012,0.0007656180365895882
2025-03-23,87654,206,9720,5.666,4935.8,31.1,0.63,15.0,brake_gp,76.0,2.142857142857143,2025-03,0.08670454286170626,111.22616011268033,0.0008677978487747762
2025-03-24,87716,206,9722,6.06,5269.8,46.1,0.875,14.0,brake_gp,62.0,2.0,2025-03,0.0706826576679283,111.30483332698873,0.0007073265338717327
2025-03-25,87770,206,9725,5.889,5120.3,48.1,0.939,14.0,brake_gp,54.0,2.0,2025-03,0.061524438874330636,111.37335515880568,0.0006156231474303553
2025-03-26,87826,206,9727,7.731,6734.8,55.2,0.82,14.0,brake_gp,56.0,2.0,2025-03,0.06376243936875185,111.44441483624551,0.0006380312179559144
2025-03-27,87852,206,9728,7.202,6273.9,52.9,0.843,13.0,brake_gp,26.0,1.8571428571428572,2025-03,0.029595228338569413,111.47740682934257,0.0002960398970692779
2025-03-28,87877,206,9734,7.3,6374.9,39.7,0.623,15.0,brake_gp,25.0,2.142857142857143,2025-03,0.028448854649111826,111.5091298996282,0.0002845695032553941
2025-03-29,87919,206,9742,7.261,6342.3,41.5,0.654,20.0,brake_gp,42.0,2.857142857142857,2025-03,0.047771243985941604,111.56242465770806,0.0004779407581050332
2025-03-30,87968,206,9752,5.031,4406.6,18.7,0.424,23.0,brake_gp,49.0,3.2857142857142856,2025-03,0.055702073481265914,111.62460187546792,0.0005573311798359182
2025-03-31,88025,206,9764,2.252,1973.1,9.2,0.466,24.0,brake_gp,57.0,3.4285714285714284,2025-03,0.06475433115592161,111.69693047571916,0.0006479628955984307
2025-04-01,88124,206,9766,2.106,1847.0,8.6,0.466,24.0,brake_gp,99.0,3.4285714285714284,2025-04,0.11234170033135127,111.82255383405027,0.0011246804884976758
2025-04-02,88299,206,9769,2.001,1755.7,11.3,0.644,24.0,brake_gp,175.0,3.4285714285714284,2025-04,0.1981902399800677,112.04461532604972,0.001985838137170459
2025-04-03,88398,207,9771,4.182,3655.9,40.9,1.119,28.0,brake_gp,99.0,4.0,2025-04,0.11199348401547546,112.17023868438083,0.0011211905004586686
2025-04-04,88470,206,9773,5.034,4406.6,46.6,1.058,23.0,brake_gp,72.0,3.2857142857142856,2025-04,0.08138351983723296,112.26160112680346,0.0008144980655671041
2025-04-05,88543,206,9775,7.621,6678.9,68.9,1.032,18.0,brake_gp,73.0,2.5714285714285716,2025-04,0.08244581728651615,112.35423249203751,0.0008251384650164173
2025-04-06,88600,207,9777,9.865,8654.1,86.3,0.997,15.0,brake_gp,57.0,2.142857142857143,2025-04,0.06433408577878104,112.42656109228875,0.0006437550116893398
2025-04-07,88649,208,9779,10.211,8962.5,89.8,1.002,14.0,brake_gp,49.0,2.0,2025-04,0.05527417116944353,112.4887383100486,0.000553047404063145
2025-04-08,88711,208,9781,10.417,9116.1,125.3,1.374,14.0,brake_gp,62.0,2.0,2025-04,0.06988986709652692,112.56741152435697,0.0006993874719398718
2025-04-09,88787,208,9783,6.64,5829.0,66.8,1.146,14.0,brake_gp,76.0,2.0,2025-04,0.08559811684142948,112.6638496580253,0.0008567144998929965
2025-04-10,88859,208,9785,8.916,7846.8,76.3,0.972,14.0,brake_gp,72.0,2.0,2025-04,0.08102724541126954,112.75521210044792,0.0008109295279714601
2025-04-11,88926,208,9793,8.572,7549.7,72.8,0.964,20.0,brake_gp,67.0,2.857142857142857,2025-04,0.07534354407035063,112.84022992881344,0.0007540035336881523
2025-04-12,89015,208,9801,8.254,7319.9,27.1,0.37,28.0,brake_gp,89.0,4.0,2025-04,0.09998314890748751,112.95316405903029,0.001000832152576292
2025-04-13,89094,208,9806,2.121,1880.2,9.2,0.489,40.0,brake_gp,79.0,5.714285714285714,2025-04,0.08867039306799561,113.0534089611329,0.0008874908723248698
2025-04-14,89243,208,9808,1.545,1372.1,6.7,0.488,40.0,brake_gp,149.0,5.714285714285714,2025-04,0.16695987360353193,113.24247846003527,0.0016723909578646445
2025-04-15,89359,208,9818,2.21,1963.1,11.4,0.581,40.0,brake_gp,116.0,5.714285714285714,2025-04,0.12981344912096152,113.38967350616062,0.0012998218347657353
2025-04-16,89502,208,9820,2.428,2161.4,12.0,0.555,34.0,brake_gp,143.0,4.857142857142857,2025-04,0.15977296596724094,113.57112946819446,0.0016002864848532194
2025-04-17,89629,208,9822,3.436,3058.8,20.9,0.683,29.0,brake_gp,127.0,4.142857142857143,2025-04,0.14169521025560922,113.73228266524546,0.0014189627047440645
2025-04-18,89693,208,9824,4.47,3982.6,27.1,0.68,23.0,brake_gp,64.0,3.2857142857142856,2025-04,0.07135450927051164,113.81349372517671,0.0007140546028630013
2025-04-19,89738,208,9826,5.979,5329.2,36.2,0.679,17.0,brake_gp,45.0,2.4285714285714284,2025-04,0.050145980521072456,113.87059525169083,0.0005017113933083461
2025-04-20,89795,209,9828,5.601,4996.8,32.8,0.656,14.0,brake_gp,57.0,2.0,2025-04,0.0634779219332925,113.94292385194208,0.0006351824199335443
2025-04-21,89883,209,9830,5.846,5218.0,36.3,0.696,14.0,brake_gp,88.0,2.0,2025-04,0.09790505434843075,114.0545890593475,0.0009800100228298803
2025-04-22,90020,211,9832,6.631,5926.4,42.4,0.715,14.0,brake_gp,137.0,2.0,2025-04,0.15218840257720506,114.22843148451281,0.0015242036870153353
2025-04-23,90120,212,9834,5.786,5183.5,30.4,0.586,14.0,brake_gp,100.0,2.0,2025-04,0.11096316023080338,114.35532376565534,0.0011108642523882661
2025-04-24,90196,212,9838,6.004,5384.3,31.3,0.581,14.0,brake_gp,76.0,2.0,2025-04,0.08426094283560247,114.45176189932367,0.0008433200177540012
2025-04-25,90262,212,9845,5.836,5223.8,44.2,0.846,19.0,brake_gp,66.0,2.7142857142857144,2025-04,0.07312047151625269,114.53551080487773,0.0007317397667301329
2025-04-26,90332,212,9853,6.576,5893.5,47.0,0.797,28.0,brake_gp,70.0,4.0,2025-04,0.07749191869990701,114.62433540167751,0.0007755201524450861
2025-04-27,90421,212,9858,3.682,3300.1,29.2,0.885,34.0,brake_gp,89.0,4.857142857142857,2025-04,0.09842846241470454,114.73726953189438,0.0009852543948987158
2025-04-28,90543,212,9861,2.28,2054.7,10.0,0.487,34.0,brake_gp,122.0,4.857142857142857,2025-04,0.13474260848436653,114.89207811488826,0.0013492440915274795
2025-04-29,90636,213,9863,2.173,1959.7,10.0,0.51,33.0,brake_gp,93.0,4.714285714285714,2025-04,0.10260823513835561,115.01008793635083,0.001027136277790719
2025-04-30,90692,214,9866,2.252,2033.2,9.6,0.472,32.0,brake_gp,56.0,4.571428571428571,2025-04,0.06174745291756715,115.08114761379065,0.0006178560395428967
2025-05-01,90752,214,9874,1.983,1789.8,9.6,0.536,28.0,brake_gp,60.0,4.0,2025-05,0.06611424541607898,115.15728298247619,0.00066157985268811
2025-05-02,90812,214,9880,3.123,2818.7,17.8,0.631,21.0,brake_gp,60.0,3.0,2025-05,0.06607056336167026,115.2334183511617,0.0006611424541607125
2025-05-03,90851,214,9881,4.72,4262.3,25.6,0.601,14.0,brake_gp,39.0,2.0,2025-05,0.0429274306281714,115.28290634080729,0.0004294586618509566
2025-05-04,90891,214,9882,5.138,4641.8,28.3,0.61,9.0,brake_gp,40.0,1.2857142857142858,2025-05,0.04400875774279082,115.3336632532643,0.0004402813397761385
2025-05-05,90925,214,9885,5.662,5116.9,31.3,0.612,9.0,brake_gp,34.0,1.2857142857142858,2025-05,0.03739345614517459,115.37680662885276,0.0003740744408138319
2025-05-06,90972,214,9887,5.789,5235.1,31.7,0.606,10.0,brake_gp,47.0,1.4285714285714286,2025-05,0.051664248340148614,115.43644600098976,0.0005169095408303903
2025-05-07,91023,214,9890,7.132,6454.3,37.4,0.579,10.0,brake_gp,51.0,1.4285714285714286,2025-05,0.0560297946672819,115.50116106437245,0.0005606120564569661
2025-05-08,91067,214,9892,7.861,7101.8,57.4,0.808,9.0,brake_gp,44.0,1.2857142857142858,2025-05,0.04831607497776363,115.55699366807517,0.00048339430693333796
2025-05-09,91098,214,9898,8.155,7372.6,56.6,0.768,14.0,brake_gp,31.0,2.0,2025-05,0.034029287141320336,115.59633027522935,0.0003404087100706832
2025-05-10,91128,214,9904,7.261,6565.5,51.3,0.781,19.0,brake_gp,30.0,2.7142857142857144,2025-05,0.03292072688964972,115.63439795957211,0.0003293156820127763
2025-05-11,91170,214,9908,3.888,3513.2,31.5,0.897,23.0,brake_gp,42.0,3.2857142857142856,2025-05,0.04606778545574202,115.68769271765198,0.00046089017645511987
2025-05-12,91250,214,9910,2.294,2069.6,24.1,1.164,23.0,brake_gp,80.0,3.2857142857142856,2025-05,0.08767123287671233,115.78920654256602,0.0008774816277283826
2025-05-13,91306,214,9912,1.861,1691.5,7.7,0.455,23.0,brake_gp,56.0,3.2857142857142856,2025-05,0.06133222351214598,115.86026622000585,0.0006136986301370495
2025-05-14,91492,214,9912,1.872,1704.4,8.5,0.499,21.0,brake_gp,186.0,3.0,2025-05,0.20329646307873914,116.09628586293096,0.002037105995224886
2025-05-15,91564,214,9912,2.805,2541.9,26.7,1.05,20.0,brake_gp,72.0,2.857142857142857,2025-05,0.07863352409243808,116.18764830535358,0.000786954050627342
2025-05-16,91615,214,9913,3.745,3392.2,38.4,1.132,14.0,brake_gp,51.0,2.0,2025-05,0.05566773999890847,116.25236336873628,0.0005569874623214677
2025-05-17,91638,214,9914,4.401,3987.0,46.0,1.154,8.0,brake_gp,23.0,1.1428571428571428,2025-05,0.0250987581570964,116.28154859339905,0.0002510505921520245
2025-05-18,91679,214,9914,4.448,4031.4,46.8,1.161,4.0,brake_gp,41.0,0.5714285714285714,2025-05,0.04472125568559867,116.3335744286675,0.0004474126454090399
2025-05-19,91708,214,9916,4.476,4058.2,47.1,1.161,2.0,brake_gp,29.0,0.2857142857142857,2025-05,0.03162210494177171,116.37037319019885,0.0003163210768006852
2025-05-20,91737,214,9918,4.503,4083.7,47.3,1.158,2.0,brake_gp,29.0,0.2857142857142857,2025-05,0.031612108527638794,116.40717195173018,0.00031622104941764206
2025-05-21,91778,214,9920,4.523,4103.8,47.5,1.157,4.0,brake_gp,41.0,0.5714285714285714,2025-05,0.044673015319575494,116.45919778699863,0.0004469298102183217
2025-05-22,91792,214,9923,4.964,4496.2,60.6,1.348,5.0,brake_gp,14.0,0.7142857142857143,2025-05,0.015251873801638487,116.47696270635856,0.0001525420035302094
2025-05-23,91844,214,9929,5.463,4956.9,60.6,1.223,11.0,brake_gp,52.0,1.5714285714285714,2025-05,0.056617743129654625,116.54294669255269,0.0005664981697750537
2025-05-24,91874,214,9936,5.599,5080.5,63.8,1.256,18.0,brake_gp,30.0,2.5714285714285716,2025-05,0.03265341663582733,116.58101437689545,0.0003266408257480702
2025-05-25,91918,214,9939,4.463,4048.3,53.8,1.329,21.0,brake_gp,44.0,3.0,2025-05,0.04786875258382471,116.63684698059818,0.00047891677732536664
2025-05-26,91971,214,9942,2.671,2437.1,19.8,0.812,23.0,brake_gp,53.0,3.2857142857142856,2025-05,0.05762686064085419,116.70409988960371,0.0005766008833960612
2025-05-27,92032,214,9945,2.262,2073.7,8.2,0.395,23.0,brake_gp,61.0,3.2857142857142856,2025-05,0.06628129346314325,116.78150418110067,0.0006632525469985051
2025-05-28,92042,214,9948,1.372,1255.6,7.4,0.589,23.0,brake_gp,10.0,3.2857142857142856,2025-05,0.010864605288889854,116.79419340921491,0.00010865785813640727
2025-05-29,92117,214,9952,1.847,1687.2,14.4,0.853,24.0,brake_gp,75.0,3.4285714285714284,2025-05,0.08141819642411281,116.88936262007181,0.0008148453966667635
2025-05-30,92144,214,9954,3.027,2765.5,24.1,0.871,20.0,brake_gp,27.0,2.857142857142857,2025-05,0.029301962146205937,116.92362353598031,0.00029310550712691175
2025-05-31,92211,214,9956,4.292,3922.7,35.1,0.895,15.0,brake_gp,67.0,2.142857142857143,2025-05,0.07265944410102916,117.0086413643458,0.000727122764368815
2025-06-01,92265,214,9958,5.307,4838.9,57.9,1.197,14.0,brake_gp,54.0,2.0,2025-06,0.0585270687693058,117.07716319616277,0.0005856134300679106
2025-06-02,92296,214,9960,6.839,6234.4,77.8,1.248,14.0,brake_gp,31.0,2.0,2025-06,0.03358758776111641,117.11649980331696,0.000335988728120018
2025-06-03,92311,214,9962,6.852,6243.2,81.8,1.31,14.0,brake_gp,15.0,2.0,2025-06,0.016249417729198037,117.13553364548834,0.00016252058594079521
2025-06-04,92287,214,9962,6.587,6002.9,76.1,1.268,12.0,brake_gp,-24.0,1.7142857142857142,2025-06,-0.026005829640144335,117.10507949801413,-0.00025999068366722167
2025-06-05,92304,214,9965,5.55,5052.0,70.7,1.399,12.0,brake_gp,17.0,1.7142857142857142,2025-06,0.018417403362801177,117.12665118580836,0.00018420795995099937
2025-06-06,92307,214,9971,5.607,5105.2,70.8,1.387,16.0,brake_gp,3.0,2.2857142857142856,2025-06,0.003250024375182814,117.13045795424264,3.250130005194585e-05
2025-06-07,92323,214,9978,5.477,4984.2,72.3,1.451,21.0,brake_gp,16.0,3.0,2025-06,0.01733045936548856,117.15076071922546,0.00017333463334301413
2025-06-08,92344,214,9982,2.067,1890.7,18.2,0.963,23.0,brake_gp,21.0,3.2857142857142856,2025-06,0.02274105518496058,117.17740809826537,0.00022746227917203043
2025-06-09,92354,214,9985,1.332,1218.6,11.9,0.977,23.0,brake_gp,10.0,3.2857142857142856,2025-06,0.010827901336163025,117.19009732637964,0.00010829073897600239
2025-06-10,92371,214,9987,1.375,1257.4,13.0,1.034,23.0,brake_gp,17.0,3.2857142857142856,2025-06,0.018404044559439652,117.21166901417386,0.00018407432271483337
2025-06-11,92418,214,9989,1.835,1682.5,13.0,0.773,28.0,brake_gp,47.0,4.0,2025-06,0.050855893873487844,117.27130838631086,0.0005088177025256435
2025-06-12,92468,214,9991,2.137,1962.6,13.9,0.708,26.0,brake_gp,50.0,3.7142857142857144,2025-06,0.05407276030626811,117.33475452688214,0.0005410201475903875
2025-06-13,92834,214,9993,2.464,2272.6,14.7,0.647,26.0,brake_gp,366.0,3.7142857142857144,2025-06,0.39425210590947285,117.79918027586382,0.003958126054418809
2025-06-14,93019,214,9995,4.883,4507.7,34.2,0.759,21.0,brake_gp,185.0,3.0,2025-06,0.19888409894752687,118.03393099597753,0.001992804360471334
2025-06-15,93079,214,9997,7.21,6663.3,47.6,0.714,16.0,brake_gp,60.0,2.2857142857142856,2025-06,0.06446137152311478,118.11006636466304,0.000645029510100148
2025-06-16,93152,214,10000,8.774,8115.2,57.9,0.713,14.0,brake_gp,73.0,2.0,2025-06,0.0783665407076606,118.20269772989708,0.000784280020197814
2025-06-17,93192,214,10002,10.287,9511.7,74.7,0.785,14.0,brake_gp,40.0,2.0,2025-06,0.04292213923941969,118.2534546423541,0.0004294057025078235
2025-06-18,93338,214,10004,9.807,9079.7,74.3,0.818,14.0,brake_gp,146.0,2.0,2025-06,0.15642075039105188,118.43871737282221,0.001566658082238881
2025-06-19,93401,214,10007,10.224,9464.3,84.9,0.897,14.0,brake_gp,63.0,2.0,2025-06,0.06745109795398337,118.518659509942,0.0006749662516873922
2025-06-20,93448,214,10013,10.747,9956.3,86.6,0.87,18.0,brake_gp,47.0,2.5714285714285716,2025-06,0.050295351425391654,118.578298882079,0.000503206603783779
2025-06-21,93500,214,10021,7.323,6788.6,58.8,0.866,18.0,brake_gp,52.0,2.5714285714285716,2025-06,0.05561497326203209,118.64428286827314,0.000556459207259552
2025-06-22,93543,214,10024,3.978,3692.9,27.8,0.753,21.0,brake_gp,43.0,3.0,2025-06,0.045968164373603584,118.6988465491644,0.00045989304812832366
2025-06-23,93574,214,10024,2.997,2784.9,19.9,0.715,21.0,brake_gp,31.0,3.0,2025-06,0.0331288605809306,118.73818315631861,0.0003313983943213916
2025-06-24,93603,214,10024,3.116,2896.0,21.1,0.729,19.0,brake_gp,29.0,2.7142857142857144,2025-06,0.030981912972874802,118.77498191784994,0.00030991514736999903
2025-06-25,93630,214,10024,2.366,2203.2,12.2,0.554,17.0,brake_gp,27.0,2.4285714285714284,2025-06,0.028836911246395387,118.80924283375842,0.00028845229319562904
2025-06-26,93655,214,10026,1.301,1211.1,6.9,0.57,15.0,brake_gp,25.0,2.142857142857143,2025-06,0.02669371629918317,118.84096590404405,0.0002670084374665205
2025-06-27,93672,214,10033,1.024,953.8,5.0,0.524,16.0,brake_gp,17.0,2.2857142857142856,2025-06,0.018148432829447433,118.86253759183829,0.00018151727083437486
2025-06-28,93701,214,10040,1.748,1614.6,23.0,1.425,16.0,brake_gp,29.0,2.2857142857142856,2025-06,0.030949509610356345,118.89933635336962,0.0003095909129728902
2025-06-29,93702,214,10044,1.734,1600.6,23.8,1.487,16.0,brake_gp,1.0,2.2857142857142856,2025-06,0.0010672130797635055,118.90060527618105,1.0672244693310518e-05
2025-06-30,93724,214,10046,1.588,1469.1,19.1,1.3,22.0,brake_gp,22.0,3.142857142857143,2025-06,0.02347317656096624,118.9285215780324,0.0002347868775480766
2025-07-01,93789,214,10048,1.711,1586.0,18.3,1.154,24.0,brake_gp,65.0,3.4285714285714284,2025-07,0.06930450266022668,119.01100156077507,0.0006935256711193549
2025-07-02,93880,214,10050,2.129,1975.7,22.8,1.154,24.0,brake_gp,91.0,3.4285714285714284,2025-07,0.09693225394120154,119.12647353661477,0.0009702630372432353
2025-07-03,93963,214,10052,3.201,2968.5,39.0,1.314,26.0,brake_gp,83.0,3.7142857142857144,2025-07,0.08833264157168247,119.23179412996308,0.0008841073711121084
2025-07-04,94119,214,10054,3.393,3160.0,33.9,1.073,26.0,brake_gp,156.0,3.7142857142857144,2025-07,0.16574761737800017,119.42974608854544,0.0016602279620701044
2025-07-05,94281,214,10056,5.043,4700.2,54.6,1.162,21.0,brake_gp,162.0,3.0,2025-07,0.17182677315683967,119.63531158399634,0.001721225257386827
2025-07-06,94370,214,10057,8.84,8249.2,93.0,1.127,16.0,brake_gp,89.0,2.2857142857142856,2025-07,0.09430963229839992,119.74824571421321,0.0009439865932689973
2025-07-07,94449,214,10059,10.906,10187.3,113.3,1.112,13.0,brake_gp,79.0,1.8571428571428572,2025-07,0.0836430242776525,119.84849061631581,0.0008371304439971361
2025-07-08,94501,214,10061,10.735,10037.2,107.9,1.075,13.0,brake_gp,52.0,1.8571428571428572,2025-07,0.05502587274208738,119.91447460250993,0.0005505616787895296
2025-07-09,94559,214,10062,11.675,10942.5,96.8,0.885,12.0,brake_gp,58.0,1.7142857142857142,2025-07,0.06133736608889688,119.98807212557261,0.0006137501190464079
2025-07-10,94605,214,10064,10.064,9432.8,88.4,0.937,12.0,brake_gp,46.0,1.7142857142857142,2025-07,0.04862322287405528,120.04644257489817,0.00048646876553259943
2025-07-11,94658,214,10071,10.241,9604.8,88.7,0.923,17.0,brake_gp,53.0,2.4285714285714284,2025-07,0.055991041433370664,120.11369548390371,0.0005602240896358524
2025-07-12,94688,214,10079,6.666,6259.7,52.6,0.84,22.0,brake_gp,30.0,3.142857142857143,2025-07,0.03168300101385604,120.15176316824648,0.0003169304232077952
2025-07-13,94738,214,10083,3.472,3268.3,21.3,0.652,28.0,brake_gp,50.0,4.0,2025-07,0.052777132723933376,120.21520930881775,0.0005280500168975966
2025-07-14,94759,214,10085,2.828,2662.4,17.1,0.642,26.0,brake_gp,21.0,3.7142857142857144,2025-07,0.02216148334195169,120.24185668785768,0.00022166395744060985
2025-07-15,94790,214,10087,2.171,2044.1,14.2,0.695,24.0,brake_gp,31.0,3.4285714285714284,2025-07,0.03270387171642578,120.28119329501186,0.00032714570647640606
2025-07-16,94860,214,10090,1.865,1759.3,9.4,0.534,24.0,brake_gp,70.0,3.4285714285714284,2025-07,0.07379295804343243,120.37001789181163,0.0007384745226288736
2025-07-17,94875,214,10092,2.159,2035.9,12.3,0.604,27.0,brake_gp,15.0,3.857142857142857,2025-07,0.015810276679841896,120.38905173398302,0.00015812776723600486
2025-07-18,94938,214,10098,2.948,2782.8,16.2,0.582,24.0,brake_gp,63.0,3.4285714285714284,2025-07,0.06635909751627378,120.46899387110281,0.0006640316205532848
2025-07-19,95006,214,10105,5.293,5006.2,22.1,0.441,24.0,brake_gp,68.0,3.4285714285714284,2025-07,0.07157442687830241,120.55528062227974,0.0007162569255725337
2025-07-20,95052,214,10109,4.038,3820.6,17.2,0.45,24.0,brake_gp,46.0,3.4285714285714284,2025-07,0.04839456297605521,120.6136510716053,0.00048417994652960594
2025-07-21,95129,213,10111,3.318,3142.6,13.7,0.436,24.0,brake_gp,77.0,3.4285714285714284,2025-07,0.08094271988562898,120.71135812808507,0.0008100829019905831
2025-07-22,95314,213,10113,3.733,3536.3,21.5,0.608,27.0,brake_gp,185.0,3.857142857142857,2025-07,0.19409530604108527,120.94610884819876,0.0019447276855637519
2025-07-23,95633,213,10115,3.806,3617.8,22.1,0.611,28.0,brake_gp,319.0,4.0,2025-07,0.3335668649943011,121.35089522504346,0.00334683257443813
2025-07-24,95911,215,10117,4.498,4279.5,34.6,0.809,26.0,brake_gp,278.0,3.7142857142857144,2025-07,0.2898520503383345,121.70365576661972,0.0029069463469721946
2025-07-25,96044,215,10119,5.473,5195.9,60.5,1.164,20.0,brake_gp,133.0,2.857142857142857,2025-07,0.1384781974928158,121.87242250053929,0.0013867022552158659
2025-07-26,96168,214,10120,5.293,5032.2,57.7,1.147,20.0,brake_gp,124.0,2.857142857142857,2025-07,0.12894101988187337,122.02976892915605,0.001291074923993163
2025-07-27,96243,214,10122,8.318,7908.3,97.3,1.23,13.0,brake_gp,75.0,1.8571428571428572,2025-07,0.07792774539447024,122.12493814001294,0.0007798852008984447
2025-07-28,96327,214,10124,8.766,8340.8,103.7,1.243,11.0,brake_gp,84.0,1.5714285714285714,2025-07,0.08720296490080662,122.23152765617267,0.0008727907484180619
2025-07-29,96384,215,10127,9.51,9053.0,113.1,1.249,11.0,brake_gp,57.0,1.5714285714285714,2025-07,0.059138446215139445,122.30385625642393,0.0005917344046839634
2025-07-30,96424,215,10129,9.696,9233.4,115.6,1.252,11.0,brake_gp,40.0,1.5714285714285714,2025-07,0.04148344810420642,122.35461316888095,0.00041500664010629684
2025-07-31,96507,215,10132,7.851,7481.8,95.1,1.271,11.0,brake_gp,83.0,1.5714285714285714,2025-07,0.08600412405317749,122.45993376222924,0.0008607815481622705
2025-08-01,96568,215,10134,5.667,5410.0,62.2,1.15,12.0,brake_gp,61.0,1.7142857142857142,2025-08,0.06316792312153094,122.5373380537262,0.0006320785020774711
2025-08-02,96589,215,10133,6.024,5761.3,57.3,0.995,11.0,brake_gp,21.0,1.5714285714285714,2025-08,0.021741606187039932,122.56398543276612,0.0002174633418938754
2025-08-03,96633,215,10136,5.416,5190.3,43.5,0.838,11.0,brake_gp,44.0,1.5714285714285714,2025-08,0.045533099458777024,122.61981803646884,0.0004555384153475117
2025-08-04,96683,215,10138,5.53,5302.3,43.8,0.826,12.0,brake_gp,50.0,1.7142857142857142,2025-08,0.05171539981175594,122.68326417704012,0.0005174215847587593
2025-08-05,96724,215,10140,5.217,4980.3,66.1,1.327,12.0,brake_gp,41.0,1.7142857142857142,2025-08,0.04238865224763244,122.73529001230857,0.0004240662784564808
2025-08-06,96775,215,10142,4.954,4731.0,63.3,1.338,11.0,brake_gp,51.0,1.5714285714285714,2025-08,0.05269956083699302,122.80000507569125,0.0005272734791779143
2025-08-07,96804,216,10144,6.041,5778.6,69.2,1.198,10.0,brake_gp,29.0,1.4285714285714286,2025-08,0.0299574397752159,122.83680383722258,0.00029966416946525243
2025-08-08,96868,216,10146,5.626,5381.7,68.2,1.267,10.0,brake_gp,64.0,1.4285714285714286,2025-08,0.06606929016806376,122.91801489715381,0.0006611297053840115
2025-08-09,97001,216,10148,5.419,5191.0,65.6,1.264,10.0,brake_gp,133.0,1.4285714285714286,2025-08,0.13711198853620066,123.08678163107338,0.0013730024363050042
2025-08-10,97070,216,10150,6.002,5754.7,71.8,1.248,12.0,brake_gp,69.0,1.7142857142857142,2025-08,0.07108272380756156,123.17433730506173,0.0007113328728569623
2025-08-11,97135,216,10152,6.276,6019.6,76.7,1.274,12.0,brake_gp,65.0,1.7142857142857142,2025-08,0.06691717712462036,123.25681728780438,0.0006696198619553506
2025-08-12,97225,216,10155,6.009,5806.3,35.6,0.613,12.0,brake_gp,90.0,1.7142857142857142,2025-08,0.09256878374903575,123.37102034083267,0.0009265455294178437
2025-08-13,97351,216,10158,6.084,5883.0,40.3,0.685,13.0,brake_gp,126.0,1.8571428571428572,2025-08,0.1294285626239073,123.53090461507226,0.001295962972486464
2025-08-14,97460,216,10161,6.272,6064.0,48.7,0.803,13.0,brake_gp,109.0,1.8571428571428572,2025-08,0.11184075518161297,123.66921720151763,0.0011196597877782821
2025-08-15,97543,216,10170,6.769,6548.0,54.2,0.828,17.0,brake_gp,83.0,2.4285714285714284,2025-08,0.08509067795741365,123.77453779486594,0.0008516314385389467
2025-08-16,97604,217,10178,4.983,4816.3,46.9,0.974,22.0,brake_gp,61.0,3.142857142857143,2025-08,0.06249743862956436,123.85194208636288,0.0006253652235423957
2025-08-17,97678,220,10183,3.778,3655.9,34.1,0.933,22.0,brake_gp,74.0,3.142857142857143,2025-08,0.07575912692725077,123.94584237440836,0.0007581656489488164
2025-08-18,97794,220,10142,2.943,2852.8,25.7,0.901,26.0,brake_gp,116.0,3.7142857142857144,2025-08,0.11861668405014622,124.0930374205337,0.0011875755031838242
2025-08-19,97927,222,10145,1.802,1748.1,16.9,0.967,28.0,brake_gp,133.0,4.0,2025-08,0.13581545436907083,124.26180415445329,0.0013600016360921785
2025-08-20,97992,222,10147,2.458,2370.8,37.6,1.586,28.0,brake_gp,65.0,4.0,2025-08,0.06633194546493591,124.34428413719594,0.0006637597393976957
2025-08-21,98046,222,10149,2.578,2490.5,37.5,1.506,26.0,brake_gp,54.0,3.7142857142857144,2025-08,0.05507618872774004,124.4128059690129,0.0005510653930933529
2025-08-22,98114,223,10155,3.423,3307.9,50.3,1.521,28.0,brake_gp,68.0,4.0,2025-08,0.06930713251931427,124.49909272018984,0.0006935520062012479
2025-08-23,98181,223,10162,5.468,5287.2,81.2,1.536,28.0,brake_gp,67.0,4.0,2025-08,0.06824130941831923,124.58411054855534,0.0006828790998225642
2025-08-24,98277,223,10166,4.403,4259.1,68.0,1.597,28.0,brake_gp,96.0,4.0,2025-08,0.09768307945907996,124.70592713845217,0.000977785925993846
2025-08-25,98351,223,10168,3.232,3131.2,47.8,1.527,26.0,brake_gp,74.0,3.7142857142857144,2025-08,0.07524071946396071,124.79982742649764,0.0007529737374971646
2025-08-26,98423,223,10170,1.876,1830.4,15.9,0.869,28.0,brake_gp,72.0,4.0,2025-08,0.07315363278908385,124.89118986892026,0.0007320718650547509
2025-08-27,98491,224,10172,2.038,1989.6,17.5,0.88,29.0,brake_gp,68.0,4.142857142857143,2025-08,0.06904184138652263,124.97747662009719,0.0006908954207858198
2025-08-28,98582,224,10174,1.802,1763.5,12.8,0.726,28.0,brake_gp,91.0,4.0,2025-08,0.09230894078026415,125.09294859593692,0.0009239422891431648
2025-08-29,98663,224,10176,2.541,2489.1,17.9,0.719,26.0,brake_gp,81.0,3.7142857142857144,2025-08,0.08209764552061057,125.19573134366237,0.000821651011340796
2025-08-30,98729,224,10178,4.033,3947.4,34.5,0.874,21.0,brake_gp,66.0,3.0,2025-08,0.06684965916802561,125.27948024921645,0.0006689437783160557
2025-08-31,98771,224,10178,5.765,5645.2,48.8,0.864,15.0,brake_gp,42.0,2.142857142857143,2025-08,0.04252260278826781,125.33277500729632,0.0004254069219784551
2025-09-01,98811,224,10180,6.735,6601.8,53.4,0.809,11.0,brake_gp,40.0,1.5714285714285714,2025-09,0.04048132292963334,125.38353191975331,0.00040497716941212403
2025-09-02,98811,224,10182,6.893,6756.5,54.4,0.805,10.0,brake_gp,0.0,1.4285714285714286,2025-09,0.0,125.38353191975331,0.0
2025-09-03,98843,224,10184,6.976,6839.7,55.1,0.806,10.0,brake_gp,32.0,1.4285714285714286,2025-09,0.03237457381908684,125.42413744971894,0.00032385058343709083
2025-09-04,98870,224,10186,7.189,7049.3,58.9,0.836,10.0,brake_gp,27.0,1.4285714285714286,2025-09,0.027308587033478302,125.45839836562742,0.0002731604665986431
2025-09-05,98912,224,10192,5.131,5030.0,44.7,0.889,14.0,brake_gp,42.0,2.0,2025-09,0.04246198641216435,125.51169312370729,0.0004248002427429398
2025-09-06,98940,224,10201,5.163,5063.4,44.8,0.885,15.0,brake_gp,28.0,2.142857142857143,2025-09,0.028299979785728728,125.5472229624272,0.00028307990941445205
2025-09-07,98983,224,10205,2.051,2014.6,15.9,0.789,28.0,brake_gp,43.0,4.0,2025-09,0.04344180313791257,125.60178664331849,0.0004346068324236896
2025-09-08,99040,225,10207,1.526,1497.7,13.2,0.881,28.0,brake_gp,57.0,4.0,2025-09,0.05755250403877221,125.67411524356973,0.000575856460200308
2025-09-09,99162,226,10209,1.268,1248.5,8.9,0.713,28.0,brake_gp,122.0,4.0,2025-09,0.12303099977814082,125.82892382656364,0.0012318255250403087
2025-09-10,99578,226,10211,1.594,1575.7,11.9,0.755,26.0,brake_gp,416.0,3.7142857142857144,2025-09,0.41776295968989136,126.3567957161166,0.004195155402271
2025-09-11,99742,226,10215,4.02,3991.1,19.0,0.476,26.0,brake_gp,164.0,3.7142857142857144,2025-09,0.16442421447334124,126.56489905719035,0.0016469501295466316
2025-09-12,99900,226,10221,6.343,6309.4,27.4,0.434,27.0,brake_gp,158.0,3.857142857142857,2025-09,0.15815815815815815,126.76538886139556,0.001584086944316443
2025-09-13,99987,227,10228,7.838,7801.7,35.3,0.452,26.0,brake_gp,87.0,3.7142857142857144,2025-09,0.08701131147049117,126.87578514598957,0.000870870870870899
2025-09-14,100104,227,10234,7.142,7117.4,31.6,0.444,26.0,brake_gp,117.0,3.7142857142857144,2025-09,0.11687844641572764,127.02424911492633,0.0011701521197755582
2025-09-15,100210,227,10236,6.231,6214.7,29.1,0.468,26.0,brake_gp,106.0,3.7142857142857144,2025-09,0.10577786648039117,127.15875493293743,0.0010588987453048482
2025-09-16,100269,227,10238,2.141,2130.1,16.9,0.793,28.0,brake_gp,59.0,4.0,2025-09,0.05884171578453959,127.23362137881153,0.0005887635964474391
2025-09-17,100347,227,10240,2.118,2109.2,15.9,0.754,26.0,brake_gp,78.0,3.7142857142857144,2025-09,0.0777302759424796,127.33259735810272,0.000777907429015956
2025-09-18,100388,227,10242,1.935,1930.6,12.0,0.622,28.0,brake_gp,41.0,4.0,2025-09,0.040841534844802165,127.38462319337114,0.00040858221969775066
2025-09-19,100449,229,10244,2.387,2381.5,15.8,0.663,22.0,brake_gp,61.0,3.142857142857143,2025-09,0.06072733426913159,127.4620274848681,0.000607642347691062
2025-09-20,100515,229,10246,3.033,3028.3,20.3,0.67,22.0,brake_gp,66.0,3.142857142857143,2025-09,0.06566184151619162,127.54577639042218,0.0006570498461906382
2025-09-21,100587,229,10248,4.73,4726.7,30.6,0.647,16.0,brake_gp,72.0,2.2857142857142856,2025-09,0.07157982641892094,127.6371388328448,0.0007163109983585603
2025-09-22,100643,229,10250,5.768,5769.6,35.4,0.614,14.0,brake_gp,56.0,2.0,2025-09,0.05564222052204326,127.7081985102846,0.0005567319832582296
2025-09-23,100652,229,10252,6.337,6330.3,47.8,0.755,14.0,brake_gp,9.0,2.0,2025-09,0.00894170011524858,127.71961881558744,8.942499726760644e-05
2025-09-24,100693,229,10254,5.69,5687.3,42.4,0.746,14.0,brake_gp,41.0,2.0,2025-09,0.04071782546949639,127.77164465085589,0.00040734411636123014
2025-09-25,100754,229,10256,5.911,5909.6,46.3,0.783,14.0,brake_gp,61.0,2.0,2025-09,0.06054350199495802,127.84904894235282,0.000605801793570615
2025-09-26,100829,229,10264,6.864,6863.4,57.3,0.835,20.0,brake_gp,75.0,2.857142857142857,2025-09,0.07438336192960358,127.94421815320973,0.0007443873196102402
2025-09-27,100899,229,10272,6.73,6731.7,58.5,0.869,26.0,brake_gp,70.0,3.7142857142857144,2025-09,0.06937630700006937,128.0330427500095,0.0006942447113429395
2025-09-28,101048,229,10277,3.621,3631.1,27.9,0.768,40.0,brake_gp,149.0,5.714285714285714,2025-09,0.14745467500593776,128.22211224891188,0.001476724249001471
2025-09-29,101192,229,10279,3.659,3675.8,26.4,0.718,36.0,brake_gp,144.0,5.142857142857143,2025-09,0.14230373942604158,128.40483713375716,0.0014250653154936899
2025-09-30,101402,229,10281,1.716,1729.4,10.7,0.619,37.0,brake_gp,210.0,5.285714285714286,2025-09,0.20709650697224904,128.6713109241565,0.0020752628666298456
2025-10-01,101564,229,10283,3.254,3233.7,71.6,2.214,34.0,brake_gp,162.0,4.857142857142857,2025-10,0.15950533653656807,128.87687641960738,0.0015976016252143843
2025-10-02,101681,229,10286,4.576,4534.0,119.4,2.633,27.0,brake_gp,117.0,3.857142857142857,2025-10,0.1150657448294175,129.02534038854415,0.0011519829860975328
2025-10-03,101759,229,10294,6.683,6609.1,191.5,2.898,27.0,brake_gp,78.0,3.857142857142857,2025-10,0.07665169665582405,129.12431636783535,0.0007671049655293416
2025-10-04,101873,232,10303,6.865,6765.5,227.8,3.367,33.0,brake_gp,114.0,4.714285714285714,2025-10,0.11190403737987495,129.26897356833786,0.0011202940280465867
2025-10-05,101994,232,10308,3.592,3587.8,75.9,2.116,36.0,brake_gp,121.0,5.142857142857143,2025-10,0.11863442947624371,129.42251322852033,0.0011877533792075123
2025-10-06,102095,232,10310,2.232,2259.3,19.2,0.85,41.0,brake_gp,101.0,5.857142857142857,2025-10,0.09892746951368823,129.55067443247427,0.0009902543286859355
2025-10-07,102134,232,10313,2.206,2234.3,18.5,0.828,37.0,brake_gp,39.0,5.285714285714286,2025-10,0.03818512933988681,129.60016242211987,0.00038199715950826274
2025-10-08,102183,232,10316,2.741,2782.4,18.1,0.651,32.0,brake_gp,49.0,4.571428571428571,2025-10,0.04795318203615083,129.6623396398797,0.000479761881449825
2025-10-09,102204,232,10318,2.875,2918.4,19.9,0.682,29.0,brake_gp,21.0,4.142857142857143,2025-10,0.02054714101209346,129.68898701891965,0.00020551363729781613
2025-10-10,102250,232,10320,2.782,2822.1,22.5,0.797,24.0,brake_gp,46.0,3.4285714285714284,2025-10,0.044987775061124696,129.7473574682452,0.0004500802316935726
2025-10-11,102279,232,10321,3.538,3597.5,21.6,0.6,16.0,brake_gp,29.0,2.2857142857142856,2025-10,0.02835381652147557,129.78415622977656,0.00028361858190706357
2025-10-12,102320,232,10321,4.403,4477.6,27.5,0.614,14.0,brake_gp,41.0,2.0,2025-10,0.04007036747458952,129.836182065045,0.00040086430254504535
2025-10-13,102356,232,10321,5.061,5150.8,29.3,0.569,9.0,brake_gp,36.0,1.2857142857142858,2025-10,0.03517136269490797,129.8818632862563,0.0003518373729476387
2025-10-14,102370,232,10321,5.102,5193.2,29.8,0.574,9.0,brake_gp,14.0,1.2857142857142858,2025-10,0.01367588160593924,129.89962820561624,0.000136777521591247
2025-10-15,102389,232,10323,5.204,5298.2,29.9,0.564,7.0,brake_gp,19.0,1.0,2025-10,0.018556680893455354,129.92373773903333,0.00018560125036626296
2025-10-16,102423,232,10323,5.306,5404.0,30.3,0.561,7.0,brake_gp,34.0,1.0,2025-10,0.03319566894154633,129.9668811146218,0.0003320669212512062
2025-10-17,102451,232,10325,5.268,5365.3,31.8,0.593,5.0,brake_gp,28.0,0.7142857142857143,2025-10,0.027330138310021377,130.0024109533417,0.00027337609716560074
2025-10-18,102470,232,10334,5.385,5486.3,32.0,0.583,12.0,brake_gp,19.0,1.7142857142857142,2025-10,0.01854201229628184,130.0265204867588,0.00018545450996088064
2025-10-19,102495,232,10339,1.894,1928.4,12.8,0.664,18.0,brake_gp,25.0,2.5714285714285716,2025-10,0.02439143372847456,130.05824355704442,0.00024397384600360894
2025-10-20,102519,232,10341,1.718,1745.6,16.1,0.922,20.0,brake_gp,24.0,2.857142857142857,2025-10,0.023410294677084248,130.08869770451864,0.00023415776379343
2025-10-21,102539,232,10343,1.653,1681.8,13.1,0.779,20.0,brake_gp,20.0,2.857142857142857,2025-10,0.019504773793385933,130.11407616074715,0.00019508578897564632
2025-10-22,102548,232,10345,2.108,2146.3,15.8,0.736,22.0,brake_gp,9.0,3.142857142857143,2025-10,0.008776377891328938,130.12549646604995,8.777148207017582e-05
2025-10-23,102565,232,10347,2.123,2162.4,15.2,0.703,22.0,brake_gp,17.0,3.142857142857143,2025-10,0.01657485497001901,130.1470681538442,0.00016577602683631731
2025-10-24,102621,232,10354,2.241,2281.4,18.4,0.807,28.0,brake_gp,56.0,4.0,2025-10,0.0545697274437006,130.21812783128402,0.0005459952225417286
2025-10-25,102670,232,10363,3.794,3868.3,26.7,0.69,29.0,brake_gp,49.0,4.142857142857143,2025-10,0.047725723190805494,130.28030504904387,0.0004774851151323478
2025-10-26,102782,232,10368,2.501,2550.7,19.4,0.761,30.0,brake_gp,112.0,4.285714285714286,2025-10,0.10896849642933587,130.42242440392351,0.0010908736729327018
2025-10-27,102818,232,10370,2.328,2376.9,16.8,0.707,36.0,brake_gp,36.0,5.142857142857143,2025-10,0.035013324515162716,130.46810562513483,0.000350255881379935
2025-10-28,102831,232,10372,2.192,2237.0,16.8,0.751,36.0,brake_gp,13.0,5.142857142857143,2025-10,0.012642102089836722,130.48460162168337,0.00012643700519365808
2025-10-29,102897,231,10374,1.999,2042.1,14.9,0.73,34.0,brake_gp,66.0,4.857142857142857,2025-10,0.06414181171462724,130.56835052723744,0.0006418297984069898
2025-10-30,102977,231,10376,2.968,3027.9,28.5,0.941,27.0,brake_gp,80.0,3.857142857142857,2025-10,0.07768725055109393,130.66986435215148,0.0007774765056318689
2025-10-31,103014,231,10378,3.708,3779.2,40.6,1.074,24.0,brake_gp,37.0,3.4285714285714284,2025-10,0.0359174481138486,130.7168144961742,0.00035930353379876045
2025-11-01,103022,231,10379,4.907,5001.1,54.2,1.084,18.0,brake_gp,8.0,2.5714285714285716,2025-11,0.007765331676729242,130.7269658786656,7.765934727310686e-05
2025-11-02,103022,231,10382,4.347,4425.5,52.8,1.193,14.0,brake_gp,0.0,2.0,2025-11,0.0,130.7269658786656,0.0
2025-11-03,103023,231,10384,4.411,4492.4,51.8,1.153,14.0,brake_gp,1.0,2.0,2025-11,0.0009706570377488523,130.72823480147702,9.706664595876546e-06
2025-11-04,103023,232,10386,4.763,4852.5,54.4,1.121,14.0,brake_gp,0.0,2.0,2025-11,0.0,130.72823480147702,0.0
2025-11-05,103049,232,10388,5.055,5163.0,45.8,0.887,14.0,brake_gp,26.0,2.0,2025-11,0.025230715484866422,130.7612267945741,0.0002523708298147742
2025-11-06,103070,232,10390,4.25,4334.7,45.6,1.052,14.0,brake_gp,21.0,2.0,2025-11,0.020374502765111088,130.78787417361403,0.00020378654814701136
2025-11-07,103120,232,10397,3.879,3960.2,40.1,1.013,19.0,brake_gp,50.0,2.7142857142857144,2025-11,0.04848719937936385,130.8513203141853,0.000485107208693103
2025-11-08,103165,232,10405,4.739,4812.6,76.2,1.583,28.0,brake_gp,45.0,4.0,2025-11,0.04361944457907236,130.90842184069945,0.00043638479441421296
2025-11-09,103174,232,10411,2.596,2634.8,44.0,1.67,33.0,brake_gp,9.0,4.714285714285714,2025-11,0.008723127919824762,130.91984214600225,8.723888915818101e-05
2025-11-10,103239,232,10413,1.942,1974.1,31.0,1.57,30.0,brake_gp,65.0,4.285714285714286,2025-11,0.06296070283516889,131.0023221287449,0.0006300036830984013
2025-11-11,103329,233,10416,1.484,1520.8,13.1,0.861,33.0,brake_gp,90.0,4.714285714285714,2025-11,0.08710042679209128,131.1165251817732,0.0008717635777177879
2025-11-12,103472,233,10419,1.02,1047.7,7.7,0.735,33.0,brake_gp,143.0,4.714285714285714,2025-11,0.13820163909076852,131.29798114380702,0.0013839290034742824
2025-11-13,103879,234,10421,1.55,1597.2,12.7,0.795,28.0,brake_gp,407.0,4.0,2025-11,0.39180200040431656,131.81443272805714,0.003933431266429643
2025-11-14,104032,234,10428,3.657,3743.4,60.6,1.619,28.0,brake_gp,153.0,4.0,2025-11,0.14707013226699478,132.00857791820525,0.0014728674708073264
2025-11-15,104143,234,10434,5.073,5200.6,82.3,1.583,28.0,brake_gp,111.0,4.0,2025-11,0.10658421593386018,132.14942835027347,0.0010669793909565684
2025-11-16,104204,234,10439,3.616,3711.5,56.4,1.52,26.0,brake_gp,61.0,3.7142857142857144,2025-11,0.05853901961536985,132.2268326417704,0.0005857330785554726
2025-11-17,104346,234,10442,3.395,3489.4,52.7,1.51,24.0,brake_gp,142.0,3.4285714285714284,2025-11,0.13608571483334292,132.4070196809928,0.0013627116041610154
2025-11-18,104574,234,10450,3.51,3617.8,53.1,1.468,26.0,brake_gp,228.0,3.7142857142857144,2025-11,0.21802742555510932,132.6963340819978,0.002185038238169179
2025-11-19,104824,234,10453,2.209,2303.8,11.8,0.512,33.0,brake_gp,250.0,4.714285714285714,2025-11,0.238495001144776,133.01356478485414,0.0023906515959990493
2025-11-20,105084,234,10457,3.523,3671.6,30.5,0.831,29.0,brake_gp,260.0,4.142857142857143,2025-11,0.24742111073046327,133.34348471582473,0.0024803480119057753
2025-11-21,105317,234,10461,3.688,3852.4,31.6,0.82,27.0,brake_gp,233.0,3.857142857142857,2025-11,0.2212368373576915,133.63914373088684,0.002217273800007691
2025-11-22,105456,234,10464,5.14,5374.2,46.2,0.86,26.0,brake_gp,139.0,3.7142857142857144,2025-11,0.13180852677894098,133.815524001675,0.001319824909558731
2025-11-23,105584,234,10468,6.387,6690.6,53.1,0.794,24.0,brake_gp,128.0,3.4285714285714284,2025-11,0.12123048946810122,133.97794612153743,0.0012137763617052766
2025-11-24,105646,234,10470,7.422,7778.1,63.3,0.814,23.0,brake_gp,62.0,3.2857142857142856,2025-11,0.0586865569922193,134.0566193358458,0.0005872101833610532
2025-11-25,105754,235,10472,6.603,6920.1,62.6,0.905,21.0,brake_gp,108.0,3.0,2025-11,0.10212379673582087,134.19366299947976,0.0010222819605096856
2025-11-26,105864,235,10474,6.458,6786.2,50.6,0.746,19.0,brake_gp,110.0,2.7142857142857144,2025-11,0.10390689941812137,134.33324450873653,0.0010401497815686334
2025-11-27,105963,235,10476,6.327,6652.3,52.1,0.783,18.0,brake_gp,99.0,2.5714285714285716,2025-11,0.09342883836810963,134.45886786706765,0.0009351620947630757
2025-11-28,106047,235,10478,4.553,4784.9,43.5,0.909,17.0,brake_gp,84.0,2.4285714285714284,2025-11,0.07921016153215084,134.5654573832274,0.0007927295376688459
2025-11-29,106128,235,10480,4.923,5183.3,41.3,0.797,17.0,brake_gp,81.0,2.4285714285714284,2025-11,0.07632293080054274,134.66824013095285,0.0007638122719171303
2025-11-30,106205,235,10482,4.906,5168.3,41.8,0.809,15.0,brake_gp,77.0,2.142857142857143,2025-11,0.07250129466597618,134.76594718743257,0.0007255389718077154
2025-12-01,106293,235,10484,5.674,5986.3,45.1,0.753,14.0,brake_gp,88.0,2.0,2025-12,0.08279002380213184,134.87761239483802,0.0008285862247541242
2025-12-02,106372,235,10486,6.729,7105.8,51.6,0.726,14.0,brake_gp,79.0,2.0,2025-12,0.07426766442296845,134.97785729694064,0.0007432286227690987
2025-12-03,106443,236,10488,6.226,6579.7,47.6,0.723,14.0,brake_gp,71.0,2.0,2025-12,0.0667023665248067,135.06795081655184,0.0006674688827887909
2025-12-04,106492,236,10490,5.813,6145.3,45.3,0.737,14.0,brake_gp,49.0,2.0,2025-12,0.04601284603538294,135.13012803431167,0.00046034027601637995
2025-12-05,106571,236,10492,5.347,5662.8,35.3,0.623,14.0,brake_gp,79.0,2.0,2025-12,0.07412898443291327,135.23037293641426,0.0007418397626113293
2025-12-06,106658,236,10494,5.024,5323.8,34.6,0.65,14.0,brake_gp,87.0,2.0,2025-12,0.0815691274916087,135.3407692210083,0.0008163571703372341
2025-12-07,106825,236,10497,5.788,6146.6,36.6,0.595,14.0,brake_gp,167.0,2.0,2025-12,0.15633044699274515,135.55267933051633,0.0015657522173677663
2025-12-08,107362,236,10498,5.884,6282.9,34.0,0.541,14.0,brake_gp,537.0,2.0,2025-12,0.5001769713678955,136.23409088025176,0.005026913175754766
2025-12-09,107568,236,10500,9.276,9933.5,44.8,0.451,13.0,brake_gp,206.0,1.8571428571428572,2025-12,0.1915067678119887,136.49548897940537,0.0019187421992883369
2025-12-10,107694,236,10501,10.207,10944.1,47.9,0.438,12.0,brake_gp,126.0,1.7142857142857142,2025-12,0.11699816145746281,136.655373253645,0.0011713520749665474
2025-12-11,107792,236,10503,10.722,11504.8,52.2,0.454,12.0,brake_gp,98.0,1.7142857142857142,2025-12,0.09091583791004898,136.77972768916467,0.0009099857002246026
2025-12-12,107863,236,10505,10.976,11784.7,54.0,0.458,12.0,brake_gp,71.0,1.7142857142857142,2025-12,0.06582424000815851,136.86982120877587,0.0006586759685320853
2025-12-13,107938,236,10506,10.63,11425.4,48.5,0.424,11.0,brake_gp,75.0,1.5714285714285714,2025-12,0.0694843335989179,136.96499041963278,0.0006953264789593128
2025-12-14,107989,237,10508,10.649,11450.8,49.3,0.431,11.0,brake_gp,51.0,1.5714285714285714,2025-12,0.04722703238292789,137.02970548301548,0.0004724934684725568
2025-12-15,108039,238,10510,10.089,10854.1,46.2,0.426,12.0,brake_gp,50.0,1.7142857142857142,2025-12,0.04627958422421533,137.09315162358672,0.00046301012140115283
2025-12-16,108120,238,10512,7.694,8273.8,45.2,0.546,12.0,brake_gp,81.0,1.7142857142857142,2025-12,0.07491675915649278,137.19593437131218,0.0007497292644322862
2025-12-17,108175,237,10514,4.103,4407.8,31.0,0.703,13.0,brake_gp,55.0,1.8571428571428572,2025-12,0.05084354055927895,137.2657251259406,0.0005086940436551668
2025-12-18,108230,238,10516,3.211,3449.1,26.2,0.76,13.0,brake_gp,55.0,1.8571428571428572,2025-12,0.0508177030398226,137.33551588056898,0.0005084354055928664
2025-12-19,108267,238,10518,3.407,3659.5,29.3,0.801,13.0,brake_gp,37.0,1.8571428571428572,2025-12,0.03417477162939769,137.3824660245917,0.000341864547722448
2025-12-20,108302,238,10519,3.239,3478.4,29.4,0.845,13.0,brake_gp,35.0,1.8571428571428572,2025-12,0.0323170393898543,137.4268783229916,0.00032327486676453354
2025-12-21,108327,238,10520,3.364,3614.6,29.3,0.811,12.0,brake_gp,25.0,1.7142857142857142,2025-12,0.02307827226822491,137.45860139327726,0.00023083599564177604
2025-12-22,108346,238,10521,2.959,3183.8,22.6,0.71,11.0,brake_gp,19.0,1.5714285714285714,2025-12,0.017536411127314345,137.48271092669432,0.00017539486923845438
2025-12-23,108374,238,10522,3.027,3257.3,22.8,0.7,10.0,brake_gp,28.0,1.4285714285714286,2025-12,0.025836455238341303,137.51824076541425,0.0002584313218763068
2025-12-24,108403,238,10524,2.205,2371.7,18.8,0.793,10.0,brake_gp,29.0,1.4285714285714286,2025-12,0.02675202715791998,137.55503952694556,0.0002675918578256553
2025-12-25,108441,238,10526,2.237,2406.1,19.8,0.823,10.0,brake_gp,38.0,1.4285714285714286,2025-12,0.03504209662397064,137.60325859377974,0.00035054380413823694
2025-12-26,108462,238,10528,2.406,2588.3,21.4,0.827,10.0,brake_gp,21.0,1.4285714285714286,2025-12,0.01936161973778835,137.62990597281967,0.00019365369186941095
2025-12-27,108508,238,10530,2.319,2497.8,18.8,0.753,11.0,brake_gp,46.0,1.5714285714285714,2025-12,0.042393187599071035,137.68827642214524,0.0004241116704468695
2025-12-28,108542,238,10532,2.525,2718.3,22.3,0.82,11.0,brake_gp,34.0,1.5714285714285714,2025-12,0.03132428000221112,137.7314197977337,0.00031334095181922983
2025-12-29,108549,238,10533,2.594,2792.6,23.6,0.845,12.0,brake_gp,7.0,1.7142857142857142,2025-12,0.006448700586831753,137.74030225741367,6.449116471052285e-05
2025-12-30,108556,238,10535,2.78,2995.0,22.9,0.765,14.0,brake_gp,7.0,2.0,2025-12,0.006448284756254837,137.74918471709364,6.448700586836331e-05
2025-12-31,108628,238,10537,3.113,3359.1,23.0,0.685,14.0,brake_gp,72.0,2.0,2025-12,0.06628125345214861,137.8405471595163,0.0006632521463576513
2026-01-01,108696,238,10539,3.691,3990.4,21.7,0.544,14.0,brake_gp,68.0,2.0,2026-01,0.06255979980864061,137.9268339106932,0.0006259896159368505
2026-01-02,108776,238,10541,4.179,4521.0,25.1,0.555,14.0,brake_gp,80.0,2.0,2026-01,0.0735456350665588,138.02834773560724,0.0007359976448075845
2026-01-03,108924,238,10543,4.845,5251.0,26.9,0.512,14.0,brake_gp,148.0,2.0,2026-01,0.13587455473541182,138.2161483116982,0.0013605942487313616
2026-01-04,109008,238,10545,6.17,6677.8,48.2,0.722,14.0,brake_gp,84.0,2.0,2026-01,0.07705856450902686,138.32273782785794,0.0007711799052549928
2026-01-05,109041,238,10547,6.413,6939.0,53.4,0.77,14.0,brake_gp,33.0,2.0,2026-01,0.030263845709412058,138.36461228063496,0.00030273007485681624
2026-01-06,109084,243,10551,6.601,7131.4,68.7,0.963,13.0,brake_gp,43.0,1.8571428571428572,2026-01,0.0394191632136702,138.41917596152626,0.0003943470804559368
2026-01-07,109124,243,10553,5.348,5770.3,65.8,1.14,13.0,brake_gp,40.0,1.8571428571428572,2026-01,0.036655547817162126,138.46993287398328,0.00036668989035981703
2026-01-08,109196,243,10555,5.049,5447.0,66.5,1.221,13.0,brake_gp,72.0,1.8571428571428572,2026-01,0.06593648118978716,138.5612953164059,0.000659799860708965
2026-01-09,109277,248,10557,5.048,5448.3,68.1,1.25,13.0,brake_gp,81.0,1.8571428571428572,2026-01,0.07412355756472085,138.66407806413136,0.0007417854133850987
2026-01-10,109358,249,10560,3.35,3621.2,41.8,1.154,14.0,brake_gp,81.0,2.0,2026-01,0.07406865524241482,138.76686081185682,0.0007412355756473143
2026-01-11,109452,249,10564,4.011,4340.2,49.9,1.15,14.0,brake_gp,94.0,2.0,2026-01,0.08588239593611811,138.88613955613081,0.0008595621719489355
2026-01-12,109508,249,10566,4.491,4879.6,38.3,0.785,14.0,brake_gp,56.0,2.0,2026-01,0.051137816415239075,138.9571992335706,0.0005116398055768911
2026-01-13,109570,249,10571,5.091,5532.6,45.8,0.828,16.0,brake_gp,62.0,2.2857142857142856,2026-01,0.05658483161449302,139.035872447879,0.0005661686817401979
2026-01-14,109648,249,10576,5.333,5797.7,49.3,0.85,16.0,brake_gp,78.0,2.2857142857142856,2026-01,0.07113672844009923,139.13484842717017,0.000711873688053366
2026-01-15,109719,250,10579,4.131,4493.5,39.2,0.872,17.0,brake_gp,71.0,2.4285714285714284,2026-01,0.06471076112614953,139.22494194678137,0.0006475266306726901
2026-01-16,109753,250,10581,4.121,4483.4,39.3,0.877,18.0,brake_gp,34.0,2.5714285714285716,2026-01,0.03097865206418048,139.26808532236984,0.00030988251806896017
2026-01-17,109835,250,10583,3.142,3421.4,29.3,0.856,17.0,brake_gp,82.0,2.4285714285714284,2026-01,0.07465744070651431,139.37213699290672,0.0007471321968419709
2026-01-18,109930,250,10585,3.088,3367.1,27.9,0.829,17.0,brake_gp,95.0,2.4285714285714284,2026-01,0.08641863003729647,139.49268465999214,0.0008649337642827604
2026-01-19,110031,250,10587,3.481,3805.0,25.3,0.665,17.0,brake_gp,101.0,2.4285714285714284,2026-01,0.09179231307540602,139.6208458639461,0.0009187664877650104
2026-01-20,110078,250,10589,3.702,4051.0,24.1,0.595,17.0,brake_gp,47.0,2.4285714285714284,2026-01,0.04269699667508494,139.6804852360831,0.0004271523479746353
2026-01-21,110141,250,10593,3.794,4154.3,24.8,0.597,16.0,brake_gp,63.0,2.2857142857142856,2026-01,0.05719940803152323,139.7604273732029,0.0005723214447936886
2026-01-22,110193,250,10595,4.152,4550.0,24.8,0.545,16.0,brake_gp,52.0,2.2857142857142856,2026-01,0.04718993039485267,139.826411359397,0.00047212209803793037
2026-01-23,110255,249,10597,4.06,4451.2,25.7,0.577,16.0,brake_gp,62.0,2.2857142857142856,2026-01,0.05623327740238538,139.90508457370538,0.0005626491700925218
2026-01-24,110313,249,10599,3.514,3855.9,21.0,0.545,16.0,brake_gp,58.0,2.2857142857142856,2026-01,0.052577665370355256,139.97868209676804,0.000526053240215818
2026-01-25,110382,249,10601,3.282,3601.4,20.8,0.578,16.0,brake_gp,69.0,2.2857142857142856,2026-01,0.06251019187911072,140.0662377707564,0.0006254929156128686
2026-01-26,110478,249,10603,4.032,4428.1,26.3,0.594,16.0,brake_gp,96.0,2.2857142857142856,2026-01,0.08689512844186173,140.18805436065324,0.0008697070174485955
2026-01-27,110556,249,10605,3.969,4363.4,25.1,0.575,16.0,brake_gp,78.0,2.2857142857142856,2026-01,0.0705524801910344,140.28703033994444,0.0007060229185902323
2026-01-28,110617,249,10607,3.611,3971.8,22.1,0.556,14.0,brake_gp,61.0,2.0,2026-01,0.05514523084155238,140.36443463144138,0.0005517565758530463
2026-01-29,110729,249,10611,3.64,4008.4,21.6,0.539,16.0,brake_gp,112.0,2.2857142857142856,2026-01,0.10114784744737151,140.50655398632102,0.0010125025990579406
2026-01-30,110933,249,10615,4.104,4529.8,22.6,0.499,18.0,brake_gp,204.0,2.5714285714285716,2026-01,0.18389478333769033,140.7654142398518,0.0018423357927914719
2026-01-31,111165,249,10619,3.159,3492.9,19.1,0.547,20.0,brake_gp,232.0,2.857142857142857,2026-01,0.2086987810911708,141.0598043321025,0.002091352437957994
2026-02-01,111323,249,10623,4.126,4543.2,50.2,1.105,20.0,brake_gp,158.0,2.857142857142857,2026-02,0.1419293407471951,141.2602941363077,0.001421310664327713
2026-02-02,111382,249,10626,3.917,4314.8,47.6,1.103,21.0,brake_gp,59.0,3.0,2026-02,0.052970857050510856,141.33516058218177,0.0005299893103851705
2026-02-03,111600,249,10630,4.035,4453.8,49.7,1.116,23.0,brake_gp,218.0,3.2857142857142856,2026-02,0.19534050179211468,141.6117857550725,0.0019572282774595884
2026-02-04,111896,249,10633,4.026,4454.9,50.3,1.129,24.0,brake_gp,296.0,3.4285714285714284,2026-02,0.264531350539787,141.98738690725443,0.002652329749103899
2026-02-05,112054,249,10638,4.698,5203.8,60.2,1.157,24.0,brake_gp,158.0,3.4285714285714284,2026-02,0.14100344476770127,142.18787671145964,0.0014120254522056452
2026-02-06,112154,249,10640,4.158,4613.4,50.4,1.092,22.0,brake_gp,100.0,3.142857142857143,2026-02,0.08916311500258574,142.31476899260218,0.000892426865618301
2026-02-07,112207,249,10642,4.181,4644.6,46.6,1.003,20.0,brake_gp,53.0,2.857142857142857,2026-02,0.04723412977799959,142.38202190160774,0.0004725645095136066
2026-02-08,112251,249,10644,4.031,4477.6,47.6,1.063,20.0,brake_gp,44.0,2.857142857142857,2026-02,0.03919786906130012,142.43785450531044,0.00039213239815705236
2026-02-09,112296,249,10646,4.739,5265.7,56.3,1.069,19.0,brake_gp,45.0,2.7142857142857144,2026-02,0.04007266509938021,142.4949560318246,0.00040088729721787786
2026-02-10,112346,249,10649,5.344,5946.0,57.4,0.965,17.0,brake_gp,50.0,2.4285714285714284,2026-02,0.04450536734730209,142.55840217239586,0.00044525183443755445
2026-02-11,112390,249,10650,4.699,5237.9,43.6,0.832,16.0,brake_gp,44.0,2.2857142857142856,2026-02,0.03914939051517039,142.61423477609858,0.0003916472326561671
2026-02-12,112425,249,10652,5.156,5750.4,46.0,0.8,14.0,brake_gp,35.0,2.0,2026-02,0.031131865688236605,142.65864707449848,0.00031141560637060195
2026-02-13,112435,249,10662,4.765,5316.3,41.0,0.771,14.0,brake_gp,10.0,2.0,2026-02,0.008894027660426023,142.6713363026127,8.894818768068191e-05
2026-02-14,112453,249,10663,5.246,5851.9,46.9,0.801,13.0,brake_gp,18.0,1.8571428571428572,2026-02,0.016006687238223967,142.69417691321837,0.0001600924978877316
2026-02-15,112508,249,10664,4.874,5443.6,40.4,0.742,13.0,brake_gp,55.0,1.8571428571428572,2026-02,0.04888541259288229,142.76396766784677,0.0004890932211678578
2026-02-16,112603,249,10667,5.406,6043.0,44.0,0.728,13.0,brake_gp,95.0,1.8571428571428572,2026-02,0.08436720158432724,142.8845153349322,0.0008443843993315436
2026-02-17,112626,249,10669,4.602,5136.9,46.2,0.899,13.0,brake_gp,23.0,1.8571428571428572,2026-02,0.02042157228348694,142.91370055959496,0.00020425743541463426
2026-02-18,112642,250,10671,4.271,4770.8,40.7,0.853,13.0,brake_gp,16.0,1.8571428571428572,2026-02,0.014204293247634099,142.9340033245778,0.00014206311153719398
2026-02-19,112657,250,10672,4.987,5573.1,45.5,0.816,13.0,brake_gp,15.0,1.8571428571428572,2026-02,0.013314751857407886,142.95303716674914,0.00013316524919648742
2026-02-20,112700,250,10674,4.811,5377.3,45.0,0.837,13.0,brake_gp,43.0,1.8571428571428572,2026-02,0.038154392191659274,143.00760084764045,0.0003816895532458009
2026-02-21,112841,250,10677,4.347,4861.2,44.5,0.915,14.0,brake_gp,141.0,2.0,2026-02,0.1249545821111121,143.1865189640514,0.0012511091393079266
2026-02-22,112957,250,10679,4.569,5114.5,46.3,0.905,16.0,brake_gp,116.0,2.2857142857142856,2026-02,0.10269394548367962,143.33371401017675,0.0010279951436091839
2026-02-23,113033,250,10681,3.941,4396.5,57.8,1.315,15.0,brake_gp,76.0,2.142857142857143,2026-02,0.06723700158360832,143.43015214384508,0.0006728224014447282
2026-02-24,113066,250,10683,4.101,4574.4,62.0,1.355,15.0,brake_gp,33.0,2.142857142857143,2026-02,0.02918649284488706,143.47202659662213,0.000291950138455066
2026-02-25,113132,251,10685,3.607,4021.9,59.1,1.469,15.0,brake_gp,66.0,2.142857142857143,2026-02,0.0583389315136301,143.5557755021762,0.0005837298568978078
2026-02-26,113186,251,10686,3.638,4065.5,52.7,1.296,13.0,brake_gp,54.0,1.8571428571428572,2026-02,0.047709080628346265,143.62429733399318,0.0004773185305659844
2026-02-27,113249,250,10694,3.814,4263.3,56.5,1.325,11.0,brake_gp,63.0,1.5714285714285714,2026-02,0.055629630283711116,143.70423947111297,0.00055660594066409
2026-02-28,113322,250,10697,3.925,4390.3,57.5,1.31,10.0,brake_gp,73.0,1.4285714285714286,2026-02,0.064418206526535,143.796870836347,0.0006445973032873642
2026-03-01,113365,250,10708,4.133,4626.1,59.3,1.282,6.0,brake_gp,43.0,0.8571428571428571,2026-03,0.03793057822079125,143.85143451723832,0.00037944970967696
2026-03-02,113386,250,10721,4.173,4671.7,59.6,1.276,6.0,brake_gp,21.0,0.8571428571428571,2026-03,0.018520805037658968,143.87808189627825,0.0001852423587527241
2026-03-03,113411,250,10721,4.28,4794.1,60.4,1.26,2.0,brake_gp,25.0,0.2857142857142857,2026-03,0.022043717099752228,143.90980496656388,0.000220485774257817
2026-03-04,113433,250,10721,4.33,4851.4,60.7,1.251,0.0,brake_gp,22.0,0.0,2026-03,0.01939470877081625,143.93772126841523,0.0001939847104777126
2026-03-05,113407,250,10721,4.364,4887.8,60.8,1.244,0.0,brake_gp,-26.0,0.0,2026-03,-0.022926274392233284,143.90472927531818,-0.0002292101945642333
2026-03-06,113403,250,10723,4.384,4910.9,60.8,1.238,0.0,brake_gp,-4.0,0.0,2026-03,-0.0035272435473488353,143.8996535840725,-3.527119137269885e-05
2026-03-07,113415,250,10723,4.404,4934.0,60.9,1.234,0.0,brake_gp,12.0,0.0,2026-03,0.010580611030287,143.9148806578096,0.00010581730642056364
2026-03-08,113419,250,10724,4.419,4950.6,60.9,1.23,0.0,brake_gp,4.0,0.0,2026-03,0.0035267459596716602,143.91995634905527,3.526870343439903e-05
2026-03-09,113401,250,10724,4.426,4957.8,60.9,1.228,0.0,brake_gp,-18.0,0.0,2026-03,-0.01587287590056525,143.89711573844963,-0.00015870356818525888
2026-03-10,113411,250,10726,4.437,4970.8,60.9,1.225,0.0,brake_gp,10.0,0.0,2026-03,0.008817486839900891,143.90980496656388,8.818264389209851e-05
2026-03-11,113421,250,10728,4.448,4983.8,60.9,1.222,2.0,brake_gp,10.0,0.2857142857142857,2026-03,0.008816709427707391,143.92249419467814,8.817486839896027e-05
2026-03-12,113436,250,10730,4.322,4852.4,49.9,1.028,4.0,brake_gp,15.0,0.5714285714285714,2026-03,0.013223315349624457,143.94152803684952,0.00013225064141564324
2026-03-13,113444,250,10732,4.26,4784.0,48.3,1.01,8.0,brake_gp,8.0,1.1428571428571428,2026-03,0.007051937519833575,143.95167941934093,7.052434853127565e-05
2026-03-14,113460,250,10734,4.323,4864.6,40.8,0.839,10.0,brake_gp,16.0,1.4285714285714286,2026-03,0.014101886127269522,143.97198218432374,0.00014103875039661595
2026-03-15,113466,250,10736,4.552,5124.2,40.6,0.792,10.0,brake_gp,6.0,1.4285714285714286,2026-03,0.005287927661149596,143.97959572119228,5.2882072977267214e-05
2026-03-16,113496,250,10738,4.558,5131.6,42.1,0.82,12.0,brake_gp,30.0,1.7142857142857142,2026-03,0.026432649608796786,144.01766340553505,0.0002643963830575302
2026-03-17,113540,250,10749,4.627,5211.9,41.1,0.789,14.0,brake_gp,44.0,2.0,2026-03,0.038752862427338386,144.07349600923774,0.00038767886092894166
2026-03-18,113593,251,10751,4.605,5191.8,39.2,0.755,14.0,brake_gp,53.0,2.0,2026-03,0.04665780461824232,144.1407489182433,0.0004667958428747898
2026-03-19,113654,251,10753,5.123,5784.4,38.3,0.662,14.0,brake_gp,61.0,2.0,2026-03,0.05367167015679166,144.21815320974025,0.0005370049210777772
2026-03-20,113698,251,10762,4.653,5249.6,40.8,0.777,14.0,brake_gp,44.0,2.0,2026-03,0.038699009657161956,144.27398581344298,0.0003871399158850153
2026-03-21,113805,251,10769,4.84,5468.4,40.0,0.731,24.0,brake_gp,107.0,3.4285714285714284,2026-03,0.09402047361715214,144.4097605542655,0.0009410895530264085
2026-03-22,113938,251,10778,1.921,2173.4,14.8,0.681,42.0,brake_gp,133.0,6.0,2026-03,0.11673015148589583,144.57852728818506,0.0011686657001011014
2026-03-23,114029,251,10781,1.724,1950.5,14.9,0.764,37.0,brake_gp,91.0,5.285714285714286,2026-03,0.07980426031974322,144.69399926402477,0.0007986799838508585
2026-03-24,114089,251,10783,1.792,2027.0,17.7,0.873,37.0,brake_gp,60.0,5.285714285714286,2026-03,0.05259052143502003,144.7701346327103,0.0005261819361741527
2026-03-25,114161,251,10785,2.068,2340.4,20.9,0.893,34.0,brake_gp,72.0,4.857142857142857,2026-03,0.0630688238540307,144.86149707513292,0.0006310862572203035
2026-03-26,114228,251,10792,2.475,2801.7,25.7,0.917,31.0,brake_gp,67.0,4.428571428571429,2026-03,0.05865462058339461,144.9465149034984,0.0005868904441972411
2026-03-27,114299,252,10797,2.801,3169.6,31.4,0.991,27.0,brake_gp,71.0,3.857142857142857,2026-03,0.06211777880821354,145.0366084231096,0.0006215638897644205
2026-03-28,114368,252,10805,3.66,4143.4,42.0,1.014,27.0,brake_gp,69.0,3.857142857142857,2026-03,0.060331561275881365,145.12416409709797,0.0006036798222206485
2026-03-29,114446,253,10819,3.44,3899.5,37.8,0.969,27.0,brake_gp,78.0,3.857142857142857,2026-03,0.0681544134351572,145.22314007638914,0.0006820089535535256
2026-03-30,114532,253,10825,1.901,2155.1,21.6,1.002,31.0,brake_gp,86.0,4.428571428571429,2026-03,0.07508818496140816,145.33226743817173,0.0007514460968491843
2026-03-31,114575,253,10841,1.856,2105.1,21.6,1.026,31.0,brake_gp,43.0,4.428571428571429,2026-03,0.03753000218197687,145.38683111906303,0.00037544092480712443
2026-04-01,114613,253,10848,1.778,2019.2,18.2,0.901,31.0,brake_gp,38.0,4.428571428571429,2026-04,0.03315505221920725,145.43505018589718,0.00033166048439881024
2026-04-02,114632,253,10853,2.07,2352.4,20.5,0.871,31.0,brake_gp,19.0,4.428571428571429,2026-04,0.016574778421383208,145.45915971931427,0.0001657752610959573
2026-04-03,114663,253,10855,2.602,2956.1,27.5,0.93,26.0,brake_gp,31.0,3.7142857142857144,2026-04,0.027035748236135457,145.49849632646846,0.0002704305952963004
2026-04-04,114689,253,10857,2.746,3120.0,28.8,0.923,23.0,brake_gp,26.0,3.2857142857142856,2026-04,0.022670003226115842,145.53148831956554,0.00022675143681927246
2026-04-05,114714,253,10865,3.75,4261.7,40.3,0.946,17.0,brake_gp,25.0,2.4285714285714284,2026-04,0.02179332949770734,145.56321138985115,0.00021798080025114963
2026-04-06,114768,253,10867,4.267,4847.8,49.1,1.013,14.0,brake_gp,54.0,2.0,2026-04,0.04705144291091593,145.63173322166813,0.0004707359171505221
2026-04-07,114809,253,10869,4.368,4965.7,49.1,0.989,14.0,brake_gp,41.0,2.0,2026-04,0.03571148603332491,145.68375905693657,0.0003572424369162608
2026-04-08,114920,253,10871,3.615,4111.2,42.9,1.043,14.0,brake_gp,111.0,2.0,2026-04,0.0965889314305604,145.82460948900479,0.0009668231584631926
2026-04-09,114962,253,10873,4.874,5559.7,44.1,0.793,14.0,brake_gp,42.0,2.0,2026-04,0.036533811172387395,145.87790424708464,0.00036547163243993985
2026-04-10,114986,253,10875,5.387,6148.6,46.2,0.751,14.0,brake_gp,24.0,2.0,2026-04,0.020872106169446715,145.90835839455886,0.00020876463527086386
2026-04-11,115016,253,10877,5.129,5862.2,36.8,0.628,14.0,brake_gp,30.0,2.0,2026-04,0.026083327537038327,145.94642607890162,0.0002609013271179794
2026-04-12,115056,253,10879,4.732,5415.3,29.0,0.536,14.0,brake_gp,40.0,2.0,2026-04,0.034765679321373935,145.99718299135864,0.0003477777004938787
2026-04-13,115102,253,10887,4.594,5256.1,31.8,0.605,14.0,brake_gp,46.0,2.0,2026-04,0.03996455317891957,146.0555534406842,0.0003998053121958556
2026-04-14,115143,253,10889,4.974,5694.9,32.6,0.572,14.0,brake_gp,41.0,2.0,2026-04,0.03560789626811878,146.10757927595265,0.0003562058000730062
2026-04-15,115184,253,10891,3.251,3717.8,27.3,0.734,14.0,brake_gp,41.0,2.0,2026-04,0.0355952215585498,146.15960511122108,0.0003560789626810834
2026-04-16,115223,253,10893,3.417,3904.3,32.6,0.835,14.0,brake_gp,39.0,2.0,2026-04,0.03384740893745172,146.20909310086668,0.00033858869287395343
2026-04-17,115287,253,10895,3.786,4315.3,49.7,1.152,14.0,brake_gp,64.0,2.0,2026-04,0.055513631198660734,146.2903041607979,0.000555444659486426
2026-04-18,115354,253,10897,4.205,4798.9,51.8,1.079,14.0,brake_gp,67.0,2.0,2026-04,0.05808207777797043,146.3753219891634,0.0005811583266108755
2026-04-19,115408,253,10899,4.283,4891.7,51.5,1.053,14.0,brake_gp,54.0,2.0,2026-04,0.0467905171218633,146.44384382098036,0.0004681242089568105
2026-04-20,115453,253,10901,4.27,4879.6,50.7,1.039,14.0,brake_gp,45.0,2.0,2026-04,0.03897689969078326,146.5009453474945,0.0003899209760154232
2026-04-21,115486,253,10903,4.235,4835.3,55.1,1.14,14.0,brake_gp,33.0,2.0,2026-04,0.0285748921947249,146.54281980027156,0.00028583059773246156
2026-04-22,115606,253,10909,3.302,3770.4,47.3,1.255,14.0,brake_gp,120.0,2.0,2026-04,0.10380084078681036,146.6950905376426,0.001039086988898985
2026-04-23,115645,254,10923,3.769,4319.3,39.8,0.921,14.0,brake_gp,39.0,2.0,2026-04,0.03372389640710796,146.74457852728818,0.00033735273255719456
2026-04-24,115672,254,10931,3.263,3735.5,38.3,1.025,14.0,brake_gp,27.0,2.0,2026-04,0.023341863199391383,146.77883944319666,0.00023347312897237238
2026-04-25,115725,254,10941,3.43,3938.8,30.4,0.772,18.0,brake_gp,53.0,2.5714285714285716,2026-04,0.04579822855908404,146.84609235220222,0.0004581921294695146
2026-04-26,115782,254,10948,2.005,2305.3,16.3,0.707,33.0,brake_gp,57.0,4.714285714285714,2026-04,0.04923045032906669,146.91842095245346,0.0004925469863901188
2026-04-27,115819,254,10950,1.496,1719.0,13.8,0.803,30.0,brake_gp,37.0,4.285714285714286,2026-04,0.03194639912276915,146.96537109647622,0.00031956608108352214
2026-04-28,115844,254,10952,1.143,1312.6,11.0,0.838,31.0,brake_gp,25.0,4.428571428571429,2026-04,0.02158074652118366,146.99709416676183,0.00021585404812674014
2026-04-29,115875,254,10954,0.936,1075.5,9.4,0.874,32.0,brake_gp,31.0,4.571428571428571,2026-04,0.026752966558791804,147.036430773916,0.0002676012568627595
2026-04-30,115982,254,10956,1.118,1285.0,11.1,0.864,28.0,brake_gp,107.0,4.0,2026-04,0.09225569484920074,147.17220551473852,0.0009234088457390488
2026-05-01,116038,254,10958,1.316,1514.7,12.1,0.799,26.0,brake_gp,56.0,3.7142857142857144,2026-05,0.04826005274134335,147.24326519217837,0.00048283354313594096
2026-05-02,116104,254,10960,1.65,1902.0,13.5,0.71,23.0,brake_gp,66.0,3.2857142857142856,2026-05,0.05684558671535864,147.32701409773244,0.0005687791930228947
2026-05-03,116154,254,10962,2.445,2821.6,17.9,0.634,17.0,brake_gp,50.0,2.4285714285714284,2026-05,0.04304630060092636,147.39046023830372,0.00043064838420736606
2026-05-04,116208,254,10964,3.92,4531.5,23.9,0.527,14.0,brake_gp,54.0,2.0,2026-05,0.046468401486988845,147.45898207012067,0.00046490004649002437
2026-05-05,116263,254,10966,3.862,4463.8,26.8,0.6,14.0,brake_gp,55.0,2.0,2026-05,0.04730653776351892,147.52877282474907,0.000473289274404598
2026-05-06,115553,253,10968,4.518,5191.5,29.5,0.568,14.0,brake_gp,-710.0,2.0,2026-05,-0.6144366654262546,146.62783762863705,-0.006106843965836051
2026-05-07,115597,253,10970,4.367,5019.3,28.3,0.564,14.0,brake_gp,44.0,2.0,2026-05,0.03806327153818871,146.68367023233978,0.00038077765181343537
2026-05-08,115340,253,10978,4.544,5204.3,37.2,0.715,14.0,brake_gp,-257.0,2.0,2026-05,-0.22281949020287845,146.35755706980345,-0.002223241087571437
2026-05-09,115367,253,10984,4.555,5217.8,36.8,0.705,12.0,brake_gp,27.0,1.7142857142857142,2026-05,0.023403572945469672,146.39181798571192,0.00023409051499911904
2026-05-10,115416,253,10988,4.815,5519.9,37.5,0.679,12.0,brake_gp,49.0,1.7142857142857142,2026-05,0.04245511887433285,146.45399520347178,0.0004247315090104564
2026-05-11,115455,253,11006,4.958,5686.3,38.2,0.672,12.0,brake_gp,39.0,1.7142857142857142,2026-05,0.03377939456931272,146.50348319311738,0.0003379080889998054
2026-05-12,115477,253,11012,3.366,3856.6,30.8,0.799,12.0,brake_gp,22.0,1.7142857142857142,2026-05,0.019051412835456413,146.53139949496872,0.00019055043090387969
2026-05-13,115513,253,11014,2.591,2965.2,27.2,0.917,12.0,brake_gp,36.0,1.7142857142857142,2026-05,0.031165323383515273,146.57708071618003,0.0003117503918528275
2026-05-14,115635,253,11016,2.906,3332.6,28.1,0.843,12.0,brake_gp,122.0,1.7142857142857142,2026-05,0.10550438880961646,146.73188929917393,0.0010561581813302023
2026-05-15,115804,253,11022,2.256,2596.1,16.1,0.62,18.0,brake_gp,169.0,2.5714285714285716,2026-05,0.14593623709025594,146.9463372543048,0.0014614952220348698
2026-05-16,115929,253,11029,3.244,3713.5,46.7,1.258,18.0,brake_gp,125.0,2.5714285714285716,2026-05,0.10782461679131193,147.104952605733,0.001079410037649886
2026-05-17,116095,253,11032,2.583,2961.2,37.7,1.273,26.0,brake_gp,166.0,3.7142857142857144,2026-05,0.14298634738791507,147.3155937924296,0.0014319109109885986
2026-05-18,116290,253,11035,2.411,2770.5,33.1,1.195,24.0,brake_gp,195.0,3.4285714285714284,2026-05,0.1676842376816579,147.56303374065754,0.0016796589000387385
2026-05-19,116371,253,11037,2.406,2760.0,40.3,1.46,24.0,brake_gp,81.0,3.4285714285714284,2026-05,0.06960497031047254,147.66581648838303,0.0006965345257545774
2026-05-20,116428,253,11039,2.303,2643.5,38.1,1.441,24.0,brake_gp,57.0,3.4285714285714284,2026-05,0.04895729549592882,147.73814508863424,0.0004898127540367003
2026-05-21,116463,253,11041,2.558,2938.2,41.5,1.412,24.0,brake_gp,35.0,3.4285714285714284,2026-05,0.030052463014004445,147.78255738703413,0.00030061497234346035
2026-05-22,116510,253,11043,1.445,1663.4,20.3,1.22,19.0,brake_gp,47.0,2.7142857142857144,2026-05,0.04033988498841301,147.84219675917115,0.00040356164618815527
2026-05-23,116533,253,11045,1.462,1680.9,22.4,1.333,19.0,brake_gp,23.0,2.7142857142857144,2026-05,0.019736898560922658,147.8713819838339,0.00019740794781553106
2026-05-24,116562,254,11047,2.171,2498.8,31.8,1.273,13.0,brake_gp,29.0,1.8571428571428572,2026-05,0.024879463289922958,147.90818074536526,0.0002488565470724069
2026-05-25,116593,254,11049,2.468,2847.0,30.3,1.064,13.0,brake_gp,31.0,1.8571428571428572,2026-05,0.026588217131388675,147.94751735251944,0.0002659528834441094
2026-05-26,116834,254,11051,2.636,3050.6,29.6,0.97,13.0,brake_gp,241.0,1.8571428571428572,2026-05,0.20627557046750092,148.25332775007297,0.0020670194608596315
2026-05-27,116978,254,11053,3.464,4015.5,36.3,0.904,13.0,brake_gp,144.0,1.8571428571428572,2026-05,0.12310007009865102,148.4360526349182,0.001232517931424093
2026-05-28,117126,254,11056,3.216,3738.1,28.7,0.768,13.0,brake_gp,148.0,1.8571428571428572,2026-05,0.12635964687601386,148.62385321100916,0.0012651951649027549
2026-05-29,117240,254,11062,4.623,5375.4,44.2,0.822,18.0,brake_gp,114.0,2.5714285714285716,2026-05,0.09723643807574207,148.76851041151167,0.0009733107935043783
2026-05-30,117378,255,11069,4.313,5021.2,40.8,0.813,18.0,brake_gp,138.0,2.5714285714285716,2026-05,0.11756888002862546,148.94362175948837,0.001177072671443291
2026-05-31,117530,255,11074,3.631,4231.9,35.3,0.834,24.0,brake_gp,152.0,3.4285714285714284,2026-05,0.12932868203862843,149.13649802682502,0.0012949615771269407
2026-06-01,117569,255,11074,3.63,4231.9,35.3,0.834,24.0,brake_gp,39.0,3.4285714285714284,2026-06,0.03317200962838844,149.18598601647062,0.00033183017102023094
2024-11-12,108534,1631,12907,2.081,2237.7,20.5,0.916,15.0,everithingmotoracing,10.0,2.142857142857143,2024-11,0.009213702618534284,100.0,
2024-11-13,108542,1631,12909,2.078,2235.3,20.6,0.922,16.0,everithingmotoracing,8.0,2.2857142857142856,2024-11,0.007370418824049677,100.00737096209483,7.370962094821465e-05
2024-11-14,108538,1631,12910,2.193,2362.5,17.8,0.753,14.0,everithingmotoracing,-4.0,2.0,2024-11,-0.0036853452247139246,100.00368548104741,-3.685209412029877e-05
2024-11-15,108550,1631,12919,2.061,2222.4,14.3,0.643,21.0,everithingmotoracing,12.0,3.0,2024-11,0.01105481345002303,100.01474192418966,0.00011056035674150699
2024-11-16,108622,1631,12928,1.642,1775.8,8.1,0.456,36.0,everithingmotoracing,72.0,5.142857142857143,2024-11,0.06628491465817238,100.0810805830431,0.0006632888070012832
2024-11-17,108681,1631,12935,1.848,1988.0,20.3,1.021,61.0,everithingmotoracing,59.0,8.714285714285714,2024-11,0.054287317930457026,100.13544142849244,0.0005431680506711167
2024-11-18,108819,1633,12944,1.28,1380.4,13.0,0.942,73.0,everithingmotoracing,138.0,10.428571428571429,2024-11,0.12681608910208694,100.26259052462822,0.001269771165153033
2024-11-19,109024,1633,12961,2.278,2388.0,96.0,4.02,92.0,everithingmotoracing,205.0,13.142857142857142,2024-11,0.1880319929556795,100.45147142830817,0.00188386219318315
2024-11-20,109137,1632,12964,2.862,3103.0,20.0,0.645,78.0,everithingmotoracing,113.0,11.142857142857142,2024-11,0.10353958785746355,100.55558626789762,0.0010364690343409588
2024-11-21,109210,1632,12967,3.165,3435.3,21.1,0.614,57.0,everithingmotoracing,73.0,8.142857142857142,2024-11,0.06684369563226811,100.62284629701293,0.0006688840631499104
2024-11-22,109262,1632,12969,3.867,4197.6,27.1,0.646,45.0,everithingmotoracing,52.0,6.428571428571429,2024-11,0.04759202650509784,100.67075755062929,0.00047614687299701863
2024-11-23,109305,1632,12971,3.909,4246.0,27.1,0.638,36.0,everithingmotoracing,43.0,5.142857142857143,2024-11,0.039339462970586894,100.71037647188899,0.00039354944994607344
2024-11-24,109339,1632,12973,3.87,4204.0,27.7,0.659,33.0,everithingmotoracing,34.0,4.714285714285714,2024-11,0.031095949295310912,100.74170306079202,0.00031105621883709134
2024-11-25,109343,1632,12975,3.81,4139.8,26.1,0.63,28.0,everithingmotoracing,4.0,4.0,2024-11,0.003658213145788939,100.74538854183943,3.658346975909943e-05
2024-11-26,109346,1632,12977,4.007,4355.5,25.8,0.592,16.0,everithingmotoracing,3.0,2.2857142857142856,2024-11,0.002743584584712747,100.74815265262498,2.7436598593499895e-05
2024-11-27,109348,1632,12980,2.803,3048.5,16.2,0.531,16.0,everithingmotoracing,2.0,2.2857142857142856,2024-11,0.0018290229359476167,100.74999539314868,1.8290563898126777e-05
2024-11-28,109353,1632,12982,2.854,3101.5,19.3,0.622,15.0,everithingmotoracing,5.0,2.142857142857143,2024-11,0.004572348266622772,100.75460224445796,4.572557339876937e-05
2024-11-29,109355,1632,12985,2.814,3063.1,14.3,0.467,16.0,everithingmotoracing,2.0,2.2857142857142856,2024-11,0.0018289058570710073,100.75644498498167,1.8289393066472925e-05
2024-11-30,109350,1632,12986,2.823,3070.7,16.2,0.528,15.0,everithingmotoracing,-5.0,2.142857142857143,2024-11,-0.004572473708276178,100.7518381336724,-4.572264642677126e-05
2024-12-01,109354,1632,12989,2.953,3209.4,19.3,0.601,16.0,everithingmotoracing,4.0,2.2857142857142856,2024-12,0.0036578451634142325,100.75552361471982,3.6579789666202345e-05
2024-12-02,109367,1632,12990,2.862,3111.9,17.8,0.572,15.0,everithingmotoracing,13.0,2.142857142857143,2024-12,0.011886583704408094,100.7675014281239,0.00011887996781090315
2024-12-03,109378,1633,12994,3.142,3419.3,17.2,0.503,17.0,everithingmotoracing,11.0,2.4285714285714284,2024-12,0.010056867011647682,100.77763650100428,0.00010057878519109664
2024-12-04,109387,1632,12997,3.295,3586.3,17.5,0.488,16.0,everithingmotoracing,9.0,2.2857142857142856,2024-12,0.00822766873577299,100.78592883336097,8.228345736793763e-05
2024-12-05,109397,1632,12999,3.497,3799.6,26.0,0.684,17.0,everithingmotoracing,10.0,2.4285714285714284,2024-12,0.00914101849228041,100.7951425359795,9.14185415086255e-05
2024-12-06,109457,1634,13002,3.621,3938.8,25.1,0.637,17.0,everithingmotoracing,60.0,2.4285714285714284,2024-12,0.054816046484007425,100.85042475169071,0.0005484611095367686
2024-12-07,109470,1634,13005,3.404,3704.3,22.1,0.597,19.0,everithingmotoracing,13.0,2.7142857142857144,2024-12,0.011875399652872933,100.8624025650948,0.0001187681007153163
2024-12-08,109478,1634,13008,2.885,3132.3,25.9,0.827,19.0,everithingmotoracing,8.0,2.7142857142857144,2024-12,0.007307404227333346,100.86977352718964,7.307938247924639e-05
2024-12-09,109484,1636,13010,2.592,2815.5,22.4,0.796,20.0,everithingmotoracing,6.0,2.857142857142857,2024-12,0.005480252822330204,100.87530174876076,5.480553170489344e-05
2024-12-10,109484,1636,13012,2.563,2788.9,17.3,0.62,18.0,everithingmotoracing,0.0,2.5714285714285716,2024-12,0.0,100.87530174876076,0.0
2024-12-11,109478,1636,13014,2.368,2577.2,14.7,0.57,17.0,everithingmotoracing,-6.0,2.4285714285714284,2024-12,-0.005480553170500009,100.86977352718964,-5.480252822331888e-05
2024-12-12,109476,1636,13017,2.439,2653.4,16.4,0.618,18.0,everithingmotoracing,-2.0,2.5714285714285716,2024-12,-0.0018268844312908765,100.86793078666594,-1.8268510568297813e-05
2024-12-13,109477,1636,13019,1.699,1849.8,10.6,0.573,17.0,everithingmotoracing,1.0,2.4285714285714284,2024-12,0.0009134338719548399,100.86885215692777,9.134422156442668e-06
2024-12-14,109488,1636,13021,1.941,2115.5,10.0,0.473,16.0,everithingmotoracing,11.0,2.2857142857142856,2024-12,0.010046763115592577,100.87898722980817,0.00010047772591503801
2024-12-15,109475,1636,13024,1.924,2094.8,12.0,0.573,16.0,everithingmotoracing,-13.0,2.2857142857142856,2024-12,-0.01187485727335008,100.86700941640407,-0.00011873447318422325
2024-12-16,109486,1636,13025,2.669,2910.3,12.3,0.423,15.0,everithingmotoracing,11.0,2.142857142857143,2024-12,0.010046946641579745,100.87714448928446,0.00010047956154379811
2024-12-17,109489,1636,13029,3.105,3385.2,14.0,0.414,17.0,everithingmotoracing,3.0,2.4285714285714284,2024-12,0.0027400012786672635,100.87990860007004,2.7400763567886344e-05
2024-12-18,109512,1636,13031,3.021,3294.4,14.3,0.434,17.0,everithingmotoracing,23.0,2.4285714285714284,2024-12,0.02100226459200818,100.90110011609266,0.00021006676469781382
2024-12-19,109518,1637,13033,2.825,3079.7,13.7,0.445,16.0,everithingmotoracing,6.0,2.2857142857142856,2024-12,0.00547855147099107,100.90662833766378,5.478851632689796e-05
2024-12-20,109488,1637,13034,2.948,3210.0,17.8,0.555,14.0,everithingmotoracing,-30.0,2.0,2024-12,-0.027400263042525207,100.87898722980817,-0.00027392757354960384
2024-12-21,109510,1637,13037,2.156,2341.8,18.7,0.799,15.0,everithingmotoracing,22.0,2.142857142857143,2024-12,0.02008948954433385,100.89925737556895,0.0002009352623117966
2024-12-22,109502,1637,13039,2.073,2249.8,20.1,0.893,14.0,everithingmotoracing,-8.0,2.0,2024-12,-0.00730580263374185,100.89188641347411,-7.305268925217323e-05
2024-12-23,109490,1637,13040,1.74,1885.8,18.8,0.997,14.0,everithingmotoracing,-12.0,2.0,2024-12,-0.010959905014156545,100.88082997033187,-0.00010958703950614268
2024-12-24,109488,1637,13042,1.764,1911.9,19.3,1.009,12.0,everithingmotoracing,-2.0,1.7142857142857142,2024-12,-0.0018266842028350138,100.87898722980817,-1.8266508356901134e-05
2024-12-25,109484,1637,13045,1.828,1983.3,17.6,0.887,12.0,everithingmotoracing,-4.0,1.7142857142857142,2024-12,-0.003653501881553469,100.87530174876076,-3.653368405664992e-05
2024-12-26,109514,1637,13046,2.286,2481.3,22.6,0.911,11.0,everithingmotoracing,30.0,1.5714285714285714,2024-12,0.027393757875705388,100.90294285661636,0.0002740126411164834
2024-12-27,109512,1637,13049,2.26,2452.0,23.3,0.95,14.0,everithingmotoracing,-2.0,2.0,2024-12,-0.001826283877565929,100.90110011609266,-1.8262505250499217e-05
2024-12-28,109505,1637,13050,2.276,2469.3,23.3,0.944,12.0,everithingmotoracing,-7.0,1.7142857142857142,2024-12,-0.006392402173416739,100.89465052425967,-6.391993571486232e-05
2024-12-29,109492,1637,13052,2.136,2315.6,23.0,0.993,12.0,everithingmotoracing,-13.0,1.7142857142857142,2024-12,-0.011873013553501626,100.88267271085559,-0.00011871604036350902
2024-12-30,109498,1637,13055,2.311,2506.3,23.7,0.946,14.0,everithingmotoracing,6.0,2.0,2024-12,0.005479552137938592,100.8882009324267,5.479852409306929e-05
2024-12-31,109491,1637,13056,2.598,2822.2,22.6,0.801,13.0,everithingmotoracing,-7.0,1.8571428571428572,2024-12,-0.006393219534025628,100.88175134059374,-6.392810827593465e-05
2025-01-01,109476,1637,13058,2.559,2777.9,23.4,0.842,13.0,everithingmotoracing,-15.0,1.8571428571428572,2025-01,-0.013701633234681574,100.86793078666594,-0.00013699756144336384
2025-01-02,109480,1638,13060,2.298,2506.3,9.5,0.379,14.0,everithingmotoracing,4.0,2.0,2025-01,0.003653635367190354,100.87161626771335,3.653768862577067e-05
2025-01-03,109486,1638,13062,2.458,2682.3,8.7,0.324,13.0,everithingmotoracing,6.0,1.8571428571428572,2025-01,0.005480152713588952,100.87714448928446,5.4804530507768234e-05
2025-01-04,109494,1638,13065,2.787,3040.3,11.3,0.372,14.0,everithingmotoracing,8.0,2.0,2025-01,0.007306336420260471,100.88451545137929,7.306870284784495e-05
2025-01-05,109498,1638,13067,2.602,2839.1,10.3,0.363,14.0,everithingmotoracing,4.0,2.0,2025-01,0.0036530347586257285,100.8882009324267,3.653168210138169e-05
2025-01-06,109492,1638,13070,2.472,2694.2,12.2,0.453,13.0,everithingmotoracing,-6.0,1.8571428571428572,2025-01,-0.0054798524093084425,100.88267271085559,-5.4795521379435996e-05
2025-01-07,109507,1639,13073,2.297,2503.8,11.8,0.471,15.0,everithingmotoracing,15.0,2.142857142857143,2025-01,0.013697754481448676,100.89649326478339,0.00013699631023267322
2025-01-08,109519,1640,13074,2.154,2347.6,10.9,0.464,14.0,everithingmotoracing,12.0,2.0,2025-01,0.010957002894474932,100.90754970792564,0.00010958203585165194
2025-01-09,109527,1640,13077,2.128,2318.3,12.9,0.556,15.0,everithingmotoracing,8.0,2.142857142857143,2025-01,0.007304135053457139,100.91492067002046,7.304668596308517e-05
2025-01-10,109535,1640,13080,1.924,2093.0,14.7,0.702,15.0,everithingmotoracing,8.0,2.142857142857143,2025-01,0.007303601588533345,100.92229163211528,7.304135053454175e-05
2025-01-11,109537,1641,13084,1.754,1906.0,15.0,0.787,17.0,everithingmotoracing,2.0,2.4285714285714284,2025-01,0.0018258670586194618,100.92413437263899,1.82590039712327e-05
2025-01-12,109545,1640,13085,2.006,2181.7,15.3,0.701,16.0,everithingmotoracing,8.0,2.2857142857142856,2025-01,0.007302934866949655,100.9315053347338,7.303468234476362e-05
2025-01-13,109556,1641,13087,2.337,2544.0,16.0,0.629,16.0,everithingmotoracing,11.0,2.2857142857142856,2025-01,0.010040527218956515,100.9416404076142,0.00010041535442062433
2025-01-14,109550,1642,13090,2.555,2782.7,16.3,0.586,16.0,everithingmotoracing,-6.0,2.2857142857142856,2025-01,-0.005476951163852123,100.93611218604308,-5.476651210345462e-05
2025-01-15,109562,1642,13093,2.413,2631.0,12.6,0.479,17.0,everithingmotoracing,12.0,2.4285714285714284,2025-01,0.010952702579361456,100.94716862918534,0.0001095390232770388
2025-01-16,109569,1643,13094,1.964,2136.6,14.8,0.693,15.0,everithingmotoracing,7.0,2.142857142857143,2025-01,0.0063886683277204325,100.95361822101829,6.389076504631497e-05
2025-01-17,109568,1643,13096,1.855,2018.1,13.9,0.689,15.0,everithingmotoracing,-1.0,2.142857142857143,2025-01,-0.0009126752336448597,100.95269685075645,-9.126669039627444e-06
2025-01-18,109587,1643,13100,1.862,2025.0,15.9,0.785,15.0,everithingmotoracing,19.0,2.142857142857143,2025-01,0.01733782291695183,100.97020288573167,0.0001734082943924964
2025-01-19,109595,1643,13102,1.615,1754.8,15.0,0.855,16.0,everithingmotoracing,8.0,2.2857142857142856,2025-01,0.007299603084082304,100.97757384782649,7.300135965038201e-05
2025-01-20,109636,1643,13106,1.822,1981.4,16.7,0.843,17.0,everithingmotoracing,41.0,2.4285714285714284,2025-01,0.03739647561020103,101.01535002856248,0.00037410465805920445
2025-01-21,109642,1642,13107,1.731,1886.0,12.3,0.652,15.0,everithingmotoracing,6.0,2.142857142857143,2025-01,0.005472355484212254,101.02087825013359,5.472654967353385e-05
2025-01-22,109689,1643,13109,1.963,2137.8,15.3,0.716,15.0,everithingmotoracing,47.0,2.142857142857143,2025-01,0.042848416887746266,101.0641826524407,0.00042866784626327537
2025-01-23,109694,1642,13111,2.842,3092.2,24.8,0.802,16.0,everithingmotoracing,5.0,2.2857142857142856,2025-01,0.004558134446733641,101.06878950374998,4.5583422221051606e-05
2025-01-24,109709,1642,13114,2.972,3234.2,26.0,0.804,17.0,everithingmotoracing,15.0,2.4285714285714284,2025-01,0.01367253370279558,101.08261005767778,0.00013674403340191432
2025-01-25,109704,1642,13117,2.769,3013.8,24.3,0.806,16.0,everithingmotoracing,-5.0,2.2857142857142856,2025-01,-0.004557718952818494,101.0780032063685,-4.557511234259959e-05
2025-01-26,109701,1642,13119,2.787,3032.9,24.7,0.814,16.0,everithingmotoracing,-3.0,2.2857142857142856,2025-01,-0.0027347061558235567,101.07523909558296,-2.7346313716924975e-05
2025-01-27,109711,1642,13121,2.584,2811.3,23.5,0.836,15.0,everithingmotoracing,10.0,2.142857142857143,2025-01,0.009114856304290363,101.08445279820148,9.115687186067589e-05
2025-01-28,109710,1642,13123,1.838,2004.9,11.5,0.574,16.0,everithingmotoracing,-1.0,2.2857142857142856,2025-01,-0.0009114939385653086,101.08353142793962,-9.114856304281993e-06
2025-01-29,109710,1642,13125,1.372,1496.5,8.8,0.588,16.0,everithingmotoracing,0.0,2.2857142857142856,2025-01,0.0,101.08353142793962,0.0
2025-01-30,109736,1644,13129,1.406,1534.4,9.0,0.587,18.0,everithingmotoracing,26.0,2.5714285714285716,2025-01,0.023693227382080632,101.1074870547478,0.00023698842402697373
2025-01-31,109771,1643,13134,1.605,1751.3,10.4,0.594,19.0,everithingmotoracing,35.0,2.7142857142857144,2025-01,0.0318845596742309,101.13973501391268,0.0003189472916818037
2025-02-01,109806,1643,13136,2.285,2495.3,13.8,0.553,18.0,everithingmotoracing,35.0,2.5714285714285716,2025-02,0.03187439666320602,101.17198297307756,0.00031884559674222324
2025-02-02,109827,1644,13139,2.331,2543.6,16.4,0.645,19.0,everithingmotoracing,21.0,2.7142857142857144,2025-02,0.019120981179491382,101.19133174857649,0.00019124637997913752
2025-02-03,109860,1644,13142,2.365,2581.4,16.5,0.639,19.0,everithingmotoracing,33.0,2.7142857142857144,2025-02,0.03003823047515019,101.22173696721765,0.00030047256139198453
2025-02-04,109883,1644,13145,2.306,2517.8,16.1,0.639,20.0,everithingmotoracing,23.0,2.857142857142857,2025-02,0.020931354258620534,101.24292848324028,0.00020935736391769488
2025-02-05,109921,1644,13149,2.511,2742.4,17.5,0.638,21.0,everithingmotoracing,38.0,3.0,2025-02,0.03457028229364726,101.2779405531907,0.00034582237470770494
2025-02-06,109965,1645,13151,2.093,2286.4,15.7,0.687,19.0,everithingmotoracing,44.0,2.7142857142857144,2025-02,0.04001273132360296,101.31848084471227,0.00040028747918952057
2025-02-07,109970,1645,13154,2.18,2383.7,13.5,0.566,18.0,everithingmotoracing,5.0,2.5714285714285716,2025-02,0.0045466945530599255,101.32308769602152,4.546901286772709e-05
2025-02-08,109980,1645,13159,2.199,2403.8,14.9,0.62,20.0,everithingmotoracing,10.0,2.857142857142857,2025-02,0.009092562284051645,101.33230139864007,9.093389106129557e-05
2025-02-09,110002,1646,13160,2.204,2409.1,14.8,0.614,18.0,everithingmotoracing,22.0,2.5714285714285716,2025-02,0.019999636370247813,101.35257154440083,0.0002000363702492347
2025-02-10,110019,1646,13162,2.05,2242.7,12.7,0.566,18.0,everithingmotoracing,17.0,2.5714285714285716,2025-02,0.015451876494060117,101.36823483885233,0.00015454264467917866
2025-02-11,110023,1645,13169,1.761,1927.1,9.9,0.514,19.0,everithingmotoracing,4.0,2.7142857142857144,2025-02,0.0036356034647301023,101.37192031989974,3.635735645657334e-05
2025-02-12,110024,1645,13174,1.642,1797.4,9.5,0.529,20.0,everithingmotoracing,1.0,2.857142857142857,2025-02,0.0009088926052497636,101.37284169016161,9.089008661922193e-06
2025-02-13,110028,1645,13178,1.478,1620.5,6.1,0.376,22.0,everithingmotoracing,4.0,3.142857142857143,2025-02,0.003635438252081288,101.37652717120902,3.635570421001155e-05
2025-02-14,110037,1644,13181,1.612,1765.3,8.8,0.498,22.0,everithingmotoracing,9.0,3.142857142857143,2025-02,0.00817906704108618,101.38481950356571,8.179736067193133e-05
2025-02-15,110080,1644,13183,1.6,1750.4,10.8,0.617,19.0,everithingmotoracing,43.0,2.7142857142857144,2025-02,0.0390625,101.4244384248254,0.0003907776475184921
2025-02-16,110106,1644,13185,1.622,1767.4,18.1,1.024,20.0,everithingmotoracing,26.0,2.857142857142857,2025-02,0.023613608704339453,101.4483940516336,0.0002361918604651958
2025-02-17,110120,1644,13189,1.69,1842.6,18.2,0.988,22.0,everithingmotoracing,14.0,3.142857142857143,2025-02,0.012713403559752996,101.46129323529954,0.0001271502007156311
2025-02-18,110113,1644,13193,1.912,2083.9,22.0,1.056,22.0,everithingmotoracing,-7.0,3.142857142857143,2025-02,-0.0063571058821392575,101.45484364346655,-6.356701779874907e-05
2025-02-19,110149,1644,13198,1.923,2095.9,22.5,1.074,22.0,everithingmotoracing,36.0,3.142857142857143,2025-02,0.03268300211531653,101.48801297289329,0.0003269368739386991
2025-02-20,110187,1644,13202,1.491,1625.3,17.1,1.052,22.0,everithingmotoracing,38.0,3.142857142857143,2025-02,0.03448682693965713,101.52302504284371,0.00034498724455045426
2025-02-21,110208,1644,13205,1.431,1570.1,7.5,0.478,21.0,everithingmotoracing,21.0,3.0,2025-02,0.019054878048780487,101.54237381834264,0.0001905850962453659
2025-02-22,110249,1645,13209,1.281,1405.2,6.9,0.491,23.0,everithingmotoracing,41.0,3.2857142857142856,2025-02,0.03718854592785422,101.58014999907863,0.00037202380952372494
2025-02-23,110291,1644,13212,1.285,1409.9,7.4,0.525,24.0,everithingmotoracing,42.0,3.4285714285714284,2025-02,0.03808107642509362,101.61884755007647,0.0003809558363341292
2025-02-24,110324,1644,13215,1.361,1492.6,8.5,0.569,23.0,everithingmotoracing,33.0,3.2857142857142856,2025-02,0.02991189587034553,101.64925276871763,0.00029920845762565484
2025-02-25,110359,1645,13220,1.465,1607.6,9.0,0.56,21.0,everithingmotoracing,35.0,3.0,2025-02,0.03171467664621825,101.68150072788251,0.00031724738044314194
2025-02-26,110444,1646,13223,1.632,1790.9,11.0,0.614,20.0,everithingmotoracing,85.0,2.857142857142857,2025-02,0.07696208033030313,101.75981720014005,0.0007702135756939565
2025-02-27,110504,1646,13229,1.539,1689.8,10.9,0.645,20.0,everithingmotoracing,60.0,2.857142857142857,2025-02,0.054296677043364945,101.81509941585125,0.000543261743507939
2025-02-28,110536,1646,13239,1.833,2012.8,12.8,0.636,31.0,everithingmotoracing,32.0,4.428571428571429,2025-02,0.02894984439458638,101.84458326423056,0.00028958227756459287
2025-03-01,110581,1646,13248,2.273,2499.3,14.0,0.56,44.0,everithingmotoracing,45.0,6.285714285714286,2025-03,0.040694151798229355,101.88604492601397,0.0004071071867988163
2025-03-02,110628,1646,13256,1.034,1134.9,9.3,0.819,55.0,everithingmotoracing,47.0,7.857142857142857,2025-03,0.04248472357811765,101.92934932832107,0.00042502780767028625
2025-03-03,110664,1647,13261,1.207,1326.4,9.3,0.701,45.0,everithingmotoracing,36.0,6.428571428571429,2025-03,0.03253090435914119,101.9625186577478,0.00032541490400261885
2025-03-04,110694,1648,13264,1.395,1533.2,10.5,0.685,38.0,everithingmotoracing,30.0,5.428571428571429,2025-03,0.027101739931703617,101.99015976560342,0.0002710908696594849
2025-03-05,110715,1647,13268,1.673,1840.9,11.7,0.636,32.0,everithingmotoracing,21.0,4.571428571428571,2025-03,0.01896761956374475,102.00950854110233,0.0001897121795220169
2025-03-06,110738,1647,13271,1.739,1914.0,12.0,0.627,28.0,everithingmotoracing,23.0,4.0,2025-03,0.020769744803048638,102.03070005712496,0.0002077405952218836
2025-03-07,110757,1649,13274,1.833,2019.6,10.8,0.535,24.0,everithingmotoracing,19.0,3.4285714285714284,2025-03,0.017154671939471094,102.04820609210017,0.00017157615272078708
2025-03-08,110798,1649,13277,1.912,2104.7,13.4,0.637,18.0,everithingmotoracing,41.0,2.5714285714285716,2025-03,0.037004278055560565,102.08598227283616,0.0003701797629043213
2025-03-09,110816,1651,13281,2.811,3095.4,20.0,0.646,16.0,everithingmotoracing,18.0,2.2857142857142856,2025-03,0.016243141784579845,102.10256693754954,0.00016245780609769334
2025-03-10,110820,1651,13283,2.208,2431.2,16.2,0.666,16.0,everithingmotoracing,4.0,2.2857142857142856,2025-03,0.003609456776755098,102.10625241859694,3.6095870632468774e-05
2025-03-11,110818,1651,13285,2.328,2564.1,16.2,0.632,16.0,everithingmotoracing,-2.0,2.2857142857142856,2025-03,-0.001804760959410926,102.10440967807324,-1.804728388377086e-05
2025-03-12,110818,1651,13289,2.319,2554.5,15.9,0.622,17.0,everithingmotoracing,0.0,2.4285714285714284,2025-03,0.0,102.10440967807324,0.0
2025-03-13,110813,1651,13293,2.289,2522.0,14.3,0.567,17.0,everithingmotoracing,-5.0,2.4285714285714284,2025-03,-0.004512105980345266,102.09980282676396,-4.51190239852961e-05
2025-03-14,110791,1651,13303,1.172,1290.2,8.6,0.667,22.0,everithingmotoracing,-22.0,3.142857142857143,2025-03,-0.01985720861802854,102.07953268100319,-0.00019853266313518692
2025-03-15,110813,1652,13313,1.341,1474.3,11.9,0.807,29.0,everithingmotoracing,22.0,4.142857142857143,2025-03,0.01985326631351917,102.09980282676396,0.0001985720861803486
2025-03-16,110830,1652,13321,1.053,1158.1,9.2,0.794,36.0,everithingmotoracing,17.0,5.142857142857143,2025-03,0.015338807182170892,102.11546612121548,0.0001534116033317101
2025-03-17,110845,1651,13327,0.862,948.3,7.4,0.78,43.0,everithingmotoracing,15.0,6.142857142857143,2025-03,0.013532410122242771,102.12928667514328,0.0001353424163132999
2025-03-18,110861,1651,13329,1.078,1187.0,8.6,0.725,36.0,everithingmotoracing,16.0,5.142857142857143,2025-03,0.014432487529428745,102.14402859933294,0.00014434570797061674
2025-03-19,110884,1651,13332,1.198,1319.7,8.8,0.667,34.0,everithingmotoracing,23.0,4.857142857142857,2025-03,0.020742397460409078,102.16522011535557,0.00020746700823548458
2025-03-20,110919,1652,13335,1.328,1462.4,10.8,0.739,30.0,everithingmotoracing,35.0,4.285714285714286,2025-03,0.03155455783048891,102.19746807452043,0.0003156451787453829
2025-03-21,110915,1652,13336,2.201,2401.8,39.3,1.636,26.0,everithingmotoracing,-4.0,3.7142857142857144,2025-03,-0.003606365234639138,102.193782593473,-3.606235180630968e-05
2025-03-22,110927,1653,13340,2.802,3052.4,55.8,1.828,20.0,everithingmotoracing,12.0,2.857142857142857,2025-03,0.010817925302225789,102.20483903661525,0.00010819095703906711
2025-03-23,110958,1654,13341,3.251,3539.0,67.7,1.913,16.0,everithingmotoracing,31.0,2.2857142857142856,2025-03,0.02793849925196921,102.2334015147327,0.0002794630703075729
2025-03-24,110993,1654,13345,3.29,3577.8,73.4,2.052,13.0,everithingmotoracing,35.0,1.8571428571428572,2025-03,0.03153352013190021,102.26564947389758,0.0003154346689737686
2025-03-25,111007,1654,13349,3.848,4191.8,80.2,1.913,14.0,everithingmotoracing,14.0,2.0,2025-03,0.012611817272784598,102.27854865756353,0.00012613408052764008
2025-03-26,111029,1654,13352,3.845,4190.6,79.0,1.885,14.0,everithingmotoracing,22.0,2.0,2025-03,0.019814643021192662,102.2988188033243,0.00019818570000085245
2025-03-27,111031,1654,13357,2.335,2571.5,20.9,0.813,14.0,everithingmotoracing,2.0,2.0,2025-03,0.0018012987363889366,102.30066154384801,1.801331183748367e-05
2025-03-28,111054,1654,13364,2.238,2467.9,17.1,0.693,20.0,everithingmotoracing,23.0,2.857142857142857,2025-03,0.020710645271669638,102.32185305987065,0.0002071493546846881
2025-03-29,111067,1654,13379,1.677,1854.3,8.8,0.475,55.0,everithingmotoracing,13.0,7.857142857142857,2025-03,0.01170464674475767,102.33383087327475,0.00011706016892687465
2025-03-30,111113,1656,13395,1.667,1849.0,3.8,0.206,91.0,everithingmotoracing,46.0,13.0,2025-03,0.04139929621196439,102.37621390531999,0.00041416442327602
2025-03-31,111146,1656,13408,1.03,1135.8,9.4,0.828,86.0,everithingmotoracing,33.0,12.285714285714286,2025-03,0.029690677127382003,102.40661912396116,0.0002969949510858161
2025-04-01,111156,1656,13411,1.415,1559.8,13.4,0.859,60.0,everithingmotoracing,10.0,8.571428571428571,2025-04,0.008996365468350786,102.41583282657969,8.997174887093173e-05
2025-04-02,111164,1656,13413,1.537,1694.8,14.2,0.838,45.0,everithingmotoracing,8.0,6.428571428571429,2025-04,0.007196574430571048,102.42320378867451,7.197092374688907e-05
2025-04-03,111171,1657,13415,1.529,1686.2,13.2,0.783,37.0,everithingmotoracing,7.0,5.285714285714286,2025-04,0.006296606129296309,102.42965338050749,6.297002626753923e-05
2025-04-04,111167,1656,13416,1.52,1676.3,13.4,0.799,33.0,everithingmotoracing,-4.0,4.714285714285714,2025-04,-0.0035981901103744815,102.42596789946008,-3.598060645315648e-05
2025-04-05,111209,1657,13419,1.516,1671.8,13.9,0.831,29.0,everithingmotoracing,42.0,4.142857142857143,2025-04,0.037766727513060996,102.46466545045791,0.0003778099615894259
2025-04-06,111235,1657,13422,2.669,2949.1,19.9,0.675,24.0,everithingmotoracing,26.0,3.4285714285714284,2025-04,0.023373938059064146,102.4886210772661,0.00023379402746170896
2025-04-07,111253,1657,13425,3.31,3666.5,15.7,0.428,15.0,everithingmotoracing,18.0,2.142857142857143,2025-04,0.016179338984117282,102.50520574197948,0.0001618195711781123
2025-04-08,111270,1657,13428,3.386,3751.3,16.4,0.437,14.0,everithingmotoracing,17.0,2.0,2025-04,0.01527815224229352,102.52086903643098,0.00015280486818336492
2025-04-09,111297,1658,13432,3.507,3888.3,15.4,0.396,14.0,everithingmotoracing,27.0,2.0,2025-04,0.024259414000377368,102.54574603350102,0.0002426530062011878
2025-04-10,111297,1658,13435,3.623,4016.8,15.8,0.393,14.0,everithingmotoracing,0.0,2.0,2025-04,0.0,102.54574603350102,0.0
2025-04-11,111301,1659,13444,1.917,2123.1,10.0,0.471,22.0,everithingmotoracing,4.0,3.142857142857143,2025-04,0.003593858096513059,102.54943151454843,3.5939872593093725e-05
2025-04-12,111302,1659,13460,1.807,1999.2,11.8,0.59,45.0,everithingmotoracing,1.0,6.428571428571429,2025-04,0.0008984564518157805,102.5503528848103,8.984645241350009e-06
2025-04-13,111318,1659,13468,0.642,711.9,2.4,0.337,75.0,everithingmotoracing,16.0,10.714285714285714,2025-04,0.014373237032645213,102.56509480899993,0.00014375303229052783
2025-04-14,111336,1658,13473,0.511,567.0,1.7,0.3,57.0,everithingmotoracing,18.0,8.142857142857142,2025-04,0.016167277430480707,102.58167947371331,0.0001616989166173255
2025-04-15,111349,1658,13474,0.836,924.8,6.6,0.714,44.0,everithingmotoracing,13.0,6.285714285714286,2025-04,0.01167500381682817,102.5936572871174,0.00011676367033119917
2025-04-16,111367,1658,13477,0.966,1068.4,7.6,0.711,40.0,everithingmotoracing,18.0,5.714285714285714,2025-04,0.016162777124282775,102.61024195183077,0.00016165389900213434
2025-04-17,111397,1658,13479,1.145,1267.0,8.6,0.679,33.0,everithingmotoracing,30.0,4.714285714285714,2025-04,0.026930707290142464,102.63788305968637,0.0002693796187380748
2025-04-18,111425,1658,13482,1.349,1492.0,10.8,0.724,29.0,everithingmotoracing,28.0,4.142857142857143,2025-04,0.025129010545209784,102.66368142701828,0.00025135326804126557
2025-04-19,111442,1658,13483,1.881,2079.5,16.5,0.793,19.0,everithingmotoracing,17.0,2.7142857142857144,2025-04,0.015254571884926689,102.67934472146977,0.00015256899259585843
2025-04-20,111442,1658,13485,2.221,2456.2,19.1,0.778,16.0,everithingmotoracing,0.0,2.2857142857142856,2025-04,0.0,102.67934472146977,0.0
2025-04-21,111450,1658,13488,2.027,2243.8,15.1,0.673,13.0,everithingmotoracing,8.0,1.8571428571428572,2025-04,0.007178106774338268,102.6867156835646,7.178622063497286e-05
2025-04-22,111444,1658,13490,1.902,2106.3,13.4,0.636,14.0,everithingmotoracing,-6.0,2.0,2025-04,-0.005383869925702595,102.68118746199349,-5.3835800807533474e-05
2025-04-23,111453,1658,13494,1.776,1967.2,12.3,0.625,14.0,everithingmotoracing,9.0,2.0,2025-04,0.008075152754972949,102.68947979435015,8.075804888552085e-05
2025-04-24,111454,1658,13496,1.687,1869.3,10.8,0.578,14.0,everithingmotoracing,1.0,2.0,2025-04,0.0008972311446874945,102.69040116461201,8.972391950079484e-06
2025-04-25,111454,1658,13504,1.357,1505.3,6.9,0.458,18.0,everithingmotoracing,0.0,2.5714285714285716,2025-04,0.0,102.69040116461201,0.0
2025-04-26,111469,1658,13513,1.553,1724.1,7.3,0.423,28.0,everithingmotoracing,15.0,4.0,2025-04,0.013456656110667539,102.70422171853981,0.0001345846717031307
2025-04-27,111474,1658,13523,1.025,1137.7,5.3,0.466,44.0,everithingmotoracing,5.0,6.285714285714286,2025-04,0.004485350844143029,102.70882856984909,4.485552036892493e-05
2025-04-28,111476,1658,13526,0.622,690.4,2.7,0.391,52.0,everithingmotoracing,2.0,7.428571428571429,2025-04,0.0017941081488392122,102.71067131037279,1.794140337652017e-05
2025-04-29,111501,1658,13527,0.889,986.5,4.7,0.476,40.0,everithingmotoracing,25.0,5.714285714285714,2025-04,0.02242132357557331,102.73370556691913,0.0002242635186049391
2025-04-30,111506,1659,13529,0.977,1083.7,5.5,0.508,34.0,everithingmotoracing,5.0,4.857142857142857,2025-04,0.004484063637831148,102.73831241822839,4.484264715109987e-05
2025-05-01,111515,1659,13531,1.553,1721.6,9.9,0.575,29.0,everithingmotoracing,9.0,4.142857142857143,2025-05,0.008070663139487962,102.74660475058508,8.071314548097064e-05
2025-05-02,111522,1660,13535,2.068,2294.0,12.1,0.527,28.0,everithingmotoracing,7.0,4.0,2025-05,0.006276788436362333,102.75305434241804,6.277182441816187e-05
2025-05-03,111518,1660,13538,2.402,2664.8,14.0,0.525,22.0,everithingmotoracing,-4.0,3.142857142857143,2025-05,-0.003586864900733514,102.74936886137063,-3.586736249350242e-05
2025-05-04,111519,1660,13540,2.73,3029.6,15.4,0.508,17.0,everithingmotoracing,1.0,2.4285714285714284,2025-05,0.0008967081842555977,102.75029023163249,8.967162251849459e-06
2025-05-05,111521,1659,13541,2.264,2512.7,11.8,0.47,15.0,everithingmotoracing,2.0,2.142857142857143,2025-05,0.0017933842056653008,102.75213297215619,1.793416368500722e-05
2025-05-06,111606,1660,13543,1.158,1289.6,3.1,0.24,16.0,everithingmotoracing,85.0,2.2857142857142856,2025-05,0.07616077988638603,102.83044944441373,0.0007621882874078167
2025-05-07,111615,1660,13547,0.458,509.8,0.9,0.177,16.0,everithingmotoracing,9.0,2.2857142857142856,2025-05,0.00806343233436366,102.83874177677042,8.064082576209053e-05
2025-05-08,111620,1660,13550,0.587,654.3,1.1,0.168,17.0,everithingmotoracing,5.0,2.4285714285714284,2025-05,0.004479483963447411,102.8433486280797,4.479684630198655e-05
2025-05-09,111614,1660,13557,0.748,832.8,2.3,0.276,20.0,everithingmotoracing,-6.0,2.857142857142857,2025-05,-0.005375669718852474,102.83782040650856,-5.375380756134085e-05
2025-05-10,111625,1660,13570,1.437,1598.4,5.1,0.319,28.0,everithingmotoracing,11.0,4.0,2025-05,0.009854423292273236,102.84795547938894,9.85539448457029e-05
2025-05-11,111635,1661,13581,1.026,1142.0,3.2,0.28,58.0,everithingmotoracing,10.0,8.285714285714286,2025-05,0.00895776414207014,102.8571691820075,8.958566629346798e-05
2025-05-12,111664,1661,13584,0.776,860.9,5.6,0.65,51.0,everithingmotoracing,29.0,7.285714285714286,2025-05,0.025970769451210775,102.88388891960123,0.0002597751601201015
2025-05-13,111666,1661,13585,0.861,955.0,6.8,0.712,40.0,everithingmotoracing,2.0,5.714285714285714,2025-05,0.0017910554689878745,102.88573166012493,1.79108754836399e-05
2025-05-14,111662,1661,13587,0.977,1080.0,11.4,1.056,34.0,everithingmotoracing,-4.0,4.857142857142857,2025-05,-0.003582239257760026,102.88204617907752,-3.582110937971894e-05
2025-05-15,111659,1661,13590,1.041,1148.2,14.6,1.272,30.0,everithingmotoracing,-3.0,4.285714285714286,2025-05,-0.0026867516277236944,102.87928206829196,-2.686679443320017e-05
2025-05-16,111669,1661,13592,1.068,1176.9,15.4,1.309,28.0,everithingmotoracing,10.0,4.0,2025-05,0.0089550367604259,102.88849577091051,8.95583875908379e-05
2025-05-17,111654,1661,13594,1.217,1342.6,15.9,1.184,20.0,everithingmotoracing,-15.0,2.857142857142857,2025-05,-0.01343435971841582,102.87467521698271,-0.00013432555140635571
2025-05-18,111660,1661,13597,1.253,1379.8,19.1,1.384,15.0,everithingmotoracing,6.0,2.142857142857143,2025-05,0.0053734551316496505,102.88020343855382,5.373743887360227e-05
2025-05-19,111642,1661,13598,1.112,1224.5,17.3,1.413,14.0,everithingmotoracing,-18.0,2.0,2025-05,-0.016122964475734938,102.86361877384044,-0.0001612036539494488
2025-05-20,111644,1660,13602,0.895,994.2,4.5,0.453,17.0,everithingmotoracing,2.0,2.4285714285714284,2025-05,0.0017914084052882376,102.86546151436416,1.7914404973007336e-05
2025-05-21,111628,1660,13604,0.882,979.2,5.0,0.511,17.0,everithingmotoracing,-16.0,2.4285714285714284,2025-05,-0.014333321388898843,102.8507195901745,-0.00014331267242306822
2025-05-22,111618,1660,13608,0.957,1059.6,8.7,0.821,17.0,everithingmotoracing,-10.0,2.4285714285714284,2025-05,-0.008959128455983801,102.84150588755598,-8.958325868058115e-05
2025-05-23,111621,1660,13614,0.974,1078.5,8.8,0.816,21.0,everithingmotoracing,3.0,3.0,2025-05,0.0026876662993522726,102.84426999834153,2.6877385367996e-05
2025-05-24,111634,1660,13626,1.204,1331.0,13.3,0.999,34.0,everithingmotoracing,13.0,4.857142857142857,2025-05,0.011645197699625562,102.85624781174563,0.00011646553963862161
2025-05-25,111646,1660,13637,0.689,766.1,3.5,0.457,57.0,everithingmotoracing,12.0,8.142857142857142,2025-05,0.010748257886534223,102.86730425488786,0.00010749413261201823
2025-05-26,111648,1660,13639,0.537,597.0,2.0,0.335,53.0,everithingmotoracing,2.0,7.571428571428571,2025-05,0.0017913442247062196,102.86914699541158,1.7913763144195016e-05
2025-05-27,111666,1660,13641,0.718,792.3,9.0,1.136,41.0,everithingmotoracing,18.0,5.857142857142857,2025-05,0.01611949922089087,102.88573166012493,0.00016122098022353093
2025-05-28,111671,1659,13646,0.771,849.9,10.6,1.247,35.0,everithingmotoracing,5.0,5.0,2025-05,0.004477438188965802,102.89033851143421,4.477638672462092e-05
2025-05-29,111681,1658,13648,0.826,911.2,11.5,1.262,30.0,everithingmotoracing,10.0,4.285714285714286,2025-05,0.008954074551624716,102.89955221405273,8.954876377931242e-05
2025-05-30,111705,1658,13650,0.91,1004.4,12.5,1.245,28.0,everithingmotoracing,24.0,4.0,2025-05,0.021485161810124883,102.92166510033722,0.00021489778923888814
2025-05-31,111717,1658,13654,1.427,1566.6,27.2,1.736,20.0,everithingmotoracing,12.0,2.857142857142857,2025-05,0.010741426998576761,102.93272154347946,0.00010742580905054311
2025-06-01,111727,1658,13658,1.576,1735.0,25.7,1.481,14.0,everithingmotoracing,10.0,2.0,2025-06,0.008950387999319772,102.941935246098,8.951189165484763e-05
2025-06-02,111718,1658,13660,1.572,1731.5,24.9,1.438,15.0,everithingmotoracing,-9.0,2.142857142857143,2025-06,-0.00805599813816932,102.93364291374132,-8.05534919938733e-05
2025-06-03,111709,1658,13661,1.667,1837.4,24.3,1.323,14.0,everithingmotoracing,-9.0,2.0,2025-06,-0.00805664718151626,102.92535058138463,-8.055998138167819e-05
2025-06-04,111698,1657,13664,1.65,1820.9,22.1,1.214,13.0,everithingmotoracing,-11.0,1.8571428571428572,2025-06,-0.009847982954036778,102.91521550850425,-9.847013221853107e-05
2025-06-05,111703,1658,13667,1.586,1750.9,21.0,1.199,14.0,everithingmotoracing,5.0,2.0,2025-06,0.004476155519547371,102.91982235981352,4.4763558882054966e-05
2025-06-06,111688,1658,13675,1.028,1143.6,4.8,0.42,20.0,everithingmotoracing,-15.0,2.857142857142857,2025-06,-0.013430270037962896,102.90600180588572,-0.00013428466558640384
2025-06-07,111697,1658,13686,1.226,1362.4,7.3,0.536,26.0,everithingmotoracing,9.0,3.7142857142857144,2025-06,0.008057512735346519,102.9142941382424,8.058162022783755e-05
2025-06-08,111707,1658,13694,0.918,1020.1,5.4,0.529,29.0,everithingmotoracing,10.0,4.142857142857143,2025-06,0.008951990475082135,102.92350784086094,8.952791928162895e-05
2025-06-09,111713,1658,13699,0.703,781.9,3.8,0.486,36.0,everithingmotoracing,6.0,5.142857142857143,2025-06,0.005370905803263721,102.92903606243205,5.371194285053171e-05
2025-06-10,111731,1658,13701,0.715,793.8,4.7,0.592,36.0,everithingmotoracing,18.0,5.142857142857143,2025-06,0.01611012163141832,102.94562072714541,0.00016112717409799693
2025-06-11,111743,1658,13704,1.242,1382.8,5.2,0.376,33.0,everithingmotoracing,12.0,4.714285714285714,2025-06,0.010738927718067351,102.95667717028765,0.00010740081087612374
2025-06-12,111749,1658,13706,1.256,1397.6,6.0,0.429,30.0,everithingmotoracing,6.0,4.285714285714286,2025-06,0.005369175563092287,102.96220539185876,5.369463859028478e-05
2025-06-13,111745,1657,13709,1.313,1461.3,5.9,0.404,26.0,everithingmotoracing,-4.0,3.7142857142857144,2025-06,-0.0035795785046310795,102.95851991081135,-3.579450375390536e-05
2025-06-14,111758,1657,13712,1.963,2184.9,8.8,0.403,19.0,everithingmotoracing,13.0,2.7142857142857144,2025-06,0.01163227688398146,102.97049772421545,0.00011633630140051032
2025-06-15,111760,1656,13714,1.805,2009.9,7.8,0.388,19.0,everithingmotoracing,2.0,2.7142857142857144,2025-06,0.0017895490336435219,102.97234046473915,1.7895810590751182e-05
2025-06-16,111756,1656,13715,0.931,1033.4,6.5,0.629,14.0,everithingmotoracing,-4.0,2.0,2025-06,-0.0035792261713017645,102.96865498369175,-3.579098067285624e-05
2025-06-17,111761,1657,13718,0.884,983.7,4.6,0.468,15.0,everithingmotoracing,5.0,2.142857142857143,2025-06,0.004473832553395192,102.97326183500101,4.4740327141301606e-05
2025-06-18,111756,1657,13719,0.89,990.7,3.8,0.384,14.0,everithingmotoracing,-5.0,2.0,2025-06,-0.0044740327141272055,102.96865498369175,-4.4738325533977275e-05
2025-06-19,111746,1659,13723,0.923,1027.3,4.3,0.419,16.0,everithingmotoracing,-10.0,2.2857142857142856,2025-06,-0.008948866178655165,102.95944128107321,-8.948065428249219e-05
2025-06-20,111763,1659,13729,0.871,969.2,4.4,0.454,15.0,everithingmotoracing,17.0,2.142857142857143,2025-06,0.015210758479997854,102.97510457552472,0.0001521307250371695
2025-06-21,111760,1659,13737,1.217,1353.2,6.8,0.503,23.0,everithingmotoracing,-3.0,3.2857142857142856,2025-06,-0.002684323550465283,102.97234046473915,-2.6842514964653397e-05
2025-06-22,111770,1659,13741,0.987,1097.4,5.6,0.51,28.0,everithingmotoracing,10.0,4.0,2025-06,0.008946944618412812,102.9815541673577,8.947745168219612e-05
2025-06-23,111762,1659,13742,0.841,935.5,4.1,0.438,26.0,everithingmotoracing,-8.0,3.7142857142857144,2025-06,-0.007158068037436695,102.97418320526286,-7.157555694725648e-05
2025-06-24,111752,1658,13744,0.811,902.5,3.6,0.399,26.0,everithingmotoracing,-10.0,3.7142857142857144,2025-06,-0.008948385711217697,102.96496950264434,-8.947585046792383e-05
2025-06-25,111737,1658,13747,0.76,846.5,2.8,0.331,28.0,everithingmotoracing,-15.0,4.0,2025-06,-0.013424380464841549,102.95114894871654,-0.0001342257856682405
2025-06-26,111741,1659,13750,0.768,854.8,3.3,0.386,26.0,everithingmotoracing,4.0,3.7142857142857144,2025-06,0.0035797066430406027,102.95483442976393,3.579834790623515e-05
2025-06-27,111763,1659,13757,0.777,861.7,7.1,0.824,27.0,everithingmotoracing,22.0,3.857142857142857,2025-06,0.01968451097411487,102.97510457552472,0.00019688386536720337
2025-06-28,111769,1660,13769,1.38,1524.7,17.5,1.148,28.0,everithingmotoracing,6.0,4.0,2025-06,0.005368214800168204,102.98063279709584,5.3685029929306793e-05
2025-06-29,111775,1660,13777,1.041,1150.4,13.7,1.191,36.0,everithingmotoracing,6.0,5.142857142857143,2025-06,0.0053679266383359426,102.98616101866696,5.368214800172133e-05
2025-06-30,111772,1660,13779,0.841,928.8,11.7,1.26,35.0,everithingmotoracing,-3.0,5.0,2025-06,-0.0026840353576924455,102.98339690788141,-2.6839633191722e-05
2025-07-01,111806,1660,13783,0.819,906.7,8.8,0.971,35.0,everithingmotoracing,34.0,5.0,2025-07,0.030409817004454144,103.01472349678443,0.0003041906738718847
2025-07-02,111826,1660,13785,0.664,735.3,7.0,0.952,32.0,everithingmotoracing,20.0,4.571428571428571,2025-07,0.017884928370861874,103.03315090202148,0.0001788812764966785
2025-07-03,111876,1660,13788,0.665,736.9,6.8,0.923,30.0,everithingmotoracing,50.0,4.285714285714286,2025-07,0.04469233794558261,103.07921941511415,0.00044712320927153826
2025-07-04,111906,1660,13789,0.946,1048.6,10.4,0.992,22.0,everithingmotoracing,30.0,3.142857142857143,2025-07,0.026808214036780867,103.10686052296975,0.00026815402767343954
2025-07-05,111907,1660,13791,1.582,1753.8,16.1,0.918,15.0,everithingmotoracing,1.0,2.142857142857143,2025-07,0.0008935991492936098,103.10778189323162,8.936071345555519e-06
2025-07-06,111907,1659,13792,1.511,1674.8,15.8,0.943,11.0,everithingmotoracing,0.0,1.5714285714285714,2025-07,0.0,103.10778189323162,0.0
2025-07-07,111905,1659,13794,1.553,1721.1,16.7,0.97,12.0,everithingmotoracing,-2.0,1.7142857142857142,2025-07,-0.0017872302399356598,103.10593915270792,-1.787198298586201e-05
2025-07-08,111907,1659,13797,1.584,1756.5,16.5,0.939,12.0,everithingmotoracing,2.0,1.7142857142857142,2025-07,0.0017871982985872197,103.10778189323162,1.7872302399357665e-05
2025-07-09,111950,1659,13799,1.77,1964.7,16.3,0.83,11.0,everithingmotoracing,43.0,1.5714285714285714,2025-07,0.03841000446627959,103.14740081449132,0.0003842476341961998
2025-07-10,111965,1659,13800,2.456,2731.8,18.5,0.677,12.0,everithingmotoracing,15.0,1.7142857142857142,2025-07,0.013397043719019336,103.16122136841912,0.0001339883876729786
2025-07-11,111973,1659,13807,2.197,2444.5,15.4,0.63,12.0,everithingmotoracing,8.0,1.7142857142857142,2025-07,0.0071445794968429885,103.16859233051395,7.145089983473518e-05
2025-07-12,111979,1659,13821,2.138,2379.3,15.3,0.643,17.0,everithingmotoracing,6.0,2.4285714285714284,2025-07,0.005358147509800945,103.17412055208506,5.358434622637631e-05
2025-07-13,112006,1659,13831,1.563,1744.0,6.3,0.361,26.0,everithingmotoracing,27.0,3.7142857142857144,2025-07,0.02410585147224256,103.19899754915511,0.000241116637941019
2025-07-14,112024,1659,13834,0.542,605.4,2.1,0.347,45.0,everithingmotoracing,18.0,6.428571428571429,2025-07,0.01606798543169321,103.21558221386846,0.0001607056764816317
2025-07-15,112011,1659,13835,0.532,593.8,2.3,0.387,40.0,everithingmotoracing,-13.0,5.714285714285714,2025-07,-0.011606002981849998,103.20360440046437,-0.00011604656145114411
2025-07-16,112012,1659,13838,0.54,602.6,2.2,0.365,34.0,everithingmotoracing,1.0,4.857142857142857,2025-07,0.0008927614898403743,103.20452577072624,8.92769460136833e-06
2025-07-17,111996,1658,13840,0.625,697.5,2.8,0.401,29.0,everithingmotoracing,-16.0,4.142857142857143,2025-07,-0.014286224508018143,103.18978384653657,-0.0001428418383744301
2025-07-18,112002,1658,13846,0.614,685.4,2.6,0.379,26.0,everithingmotoracing,6.0,3.7142857142857144,2025-07,0.0053570471955857926,103.19531206810768,5.357334190514429e-05
2025-07-19,112020,1657,13857,0.724,807.5,3.4,0.421,26.0,everithingmotoracing,18.0,3.7142857142857144,2025-07,0.016068559185859668,103.21189673282105,0.00016071141586748716
2025-07-20,112031,1658,13865,0.719,802.4,3.5,0.436,26.0,everithingmotoracing,11.0,3.7142857142857144,2025-07,0.009818710892520819,103.22203180570145,9.819675058020394e-05
2025-07-21,112120,1658,13867,0.689,769.0,3.3,0.429,27.0,everithingmotoracing,89.0,3.857142857142857,2025-07,0.07937923653228685,103.30403375900639,0.0007944229722129936
2025-07-22,112166,1658,13868,1.019,1124.5,19.0,1.69,26.0,everithingmotoracing,46.0,3.7142857142857144,2025-07,0.041010644936968425,103.34641679105165,0.00041027470567245317
2025-07-23,112182,1658,13871,1.103,1215.7,22.1,1.818,26.0,everithingmotoracing,16.0,3.7142857142857144,2025-07,0.014262537662013512,103.3611587152413,0.00014264572151989618
2025-07-24,112191,1658,13874,1.226,1351.6,24.4,1.805,28.0,everithingmotoracing,9.0,4.0,2025-07,0.00802203385298286,103.36945104759798,8.022677434893488e-05
2025-07-25,112210,1658,13877,1.208,1332.2,23.5,1.764,26.0,everithingmotoracing,19.0,3.7142857142857144,2025-07,0.016932537207022546,103.38695708257319,0.0001693540480074418
2025-07-26,112222,1658,13880,1.306,1438.2,27.9,1.94,22.0,everithingmotoracing,12.0,3.142857142857143,2025-07,0.01069309048136729,103.39801352571544,0.00010694234025487859
2025-07-27,112224,1658,13882,1.706,1873.8,40.3,2.151,15.0,everithingmotoracing,2.0,2.142857142857143,2025-07,0.0017821499857428003,103.39985626623915,1.7821817468899326e-05
2025-07-28,112221,1658,13884,0.899,1002.8,5.8,0.578,15.0,everithingmotoracing,-3.0,2.142857142857143,2025-07,-0.002673296441842436,103.39709215545358,-2.6732249786109996e-05
2025-07-29,112216,1658,13885,0.741,828.6,3.0,0.362,15.0,everithingmotoracing,-5.0,2.142857142857143,2025-07,-0.004455692592856633,103.39248530414433,-4.4554940697327794e-05
2025-07-30,112218,1658,13887,0.714,797.7,3.2,0.401,15.0,everithingmotoracing,2.0,2.142857142857143,2025-07,0.0017822452725944145,103.39432804466804,1.782277037132296e-05
2025-07-31,112197,1658,13889,0.759,848.3,2.9,0.342,15.0,everithingmotoracing,-21.0,2.142857142857143,2025-07,-0.018717077996737882,103.3749792691691,-0.00018713575362239165
2025-08-01,112197,1659,13890,0.791,884.3,3.5,0.396,12.0,everithingmotoracing,0.0,1.7142857142857142,2025-08,0.0,103.3749792691691,0.0
2025-08-02,112190,1659,13892,0.925,1033.8,3.8,0.368,11.0,everithingmotoracing,-7.0,1.5714285714285714,2025-08,-0.00623941527765398,103.36852967733614,-6.239025998910908e-05
2025-08-03,112181,1660,13895,0.932,1041.9,3.8,0.365,13.0,everithingmotoracing,-9.0,1.8571428571428572,2025-08,-0.008022748950357013,103.36023734497945,-8.02210535698622e-05
2025-08-04,112187,1660,13896,1.145,1277.9,6.3,0.493,12.0,everithingmotoracing,6.0,1.7142857142857142,2025-08,0.005348213251089699,103.36576556655058,5.348499300228404e-05
2025-08-05,112190,1660,13898,1.339,1495.5,7.0,0.468,13.0,everithingmotoracing,3.0,1.8571428571428572,2025-08,0.002674035118994563,103.36852967733614,2.6741066255553392e-05
2025-08-06,112190,1660,13900,1.386,1547.1,8.3,0.536,13.0,everithingmotoracing,0.0,1.8571428571428572,2025-08,0.0,103.36852967733614,0.0
2025-08-07,112209,1660,13902,1.464,1633.3,9.8,0.6,13.0,everithingmotoracing,19.0,1.8571428571428572,2025-08,0.01693268810879698,103.38603571231135,0.0001693555575363881
2025-08-08,112207,1659,13904,1.4,1562.6,8.4,0.538,14.0,everithingmotoracing,-2.0,2.0,2025-08,-0.0017824199916226262,103.38419297178764,-1.7823882219825116e-05
2025-08-09,112198,1659,13905,1.36,1518.2,8.2,0.54,13.0,everithingmotoracing,-9.0,1.8571428571428572,2025-08,-0.008021533360665967,103.37590063943097,-8.020889962301325e-05
2025-08-10,112200,1659,13907,1.334,1488.9,8.3,0.557,12.0,everithingmotoracing,2.0,1.7142857142857142,2025-08,0.0017825311942959003,103.37774337995467,1.782562969032675e-05
2025-08-11,112191,1659,13910,1.181,1316.5,8.0,0.608,14.0,everithingmotoracing,-9.0,2.0,2025-08,-0.00802203385298286,103.36945104759798,-8.021390374335358e-05
2025-08-12,112180,1659,13911,1.179,1311.6,11.5,0.877,13.0,everithingmotoracing,-11.0,1.8571428571428572,2025-08,-0.009805669459796754,103.35931597471759,-9.804708042537857e-05
2025-08-13,112178,1659,13913,1.151,1277.7,13.8,1.08,13.0,everithingmotoracing,-2.0,1.8571428571428572,2025-08,-0.0017828807787623243,103.35747323419389,-1.782848992692987e-05
2025-08-14,112167,1659,13916,1.218,1351.3,14.6,1.08,13.0,everithingmotoracing,-11.0,1.8571428571428572,2025-08,-0.009806805923310779,103.3473381613135,-9.805844283194975e-05
2025-08-15,112163,1658,13925,1.196,1326.1,15.3,1.154,13.0,everithingmotoracing,-4.0,1.8571428571428572,2025-08,-0.0035662384208696267,103.34365268026609,-3.5661112448348575e-05
2025-08-16,112170,1658,13937,1.086,1201.9,15.9,1.323,20.0,everithingmotoracing,7.0,2.857142857142857,2025-08,0.006240527770348578,103.35010227209906,6.240917236510768e-05
2025-08-17,112204,1658,13943,0.649,722.6,5.5,0.761,42.0,everithingmotoracing,34.0,6.0,2025-08,0.030301950019607143,103.38142886100208,0.00030311134884541957
2025-08-18,112261,1658,13946,0.552,615.3,4.0,0.65,39.0,everithingmotoracing,57.0,5.571428571428571,2025-08,0.05077453434407319,103.43394696592773,0.0005080032797404321
2025-08-19,112268,1658,13948,0.882,982.6,7.1,0.723,40.0,everithingmotoracing,7.0,5.714285714285714,2025-08,0.006235080343463854,103.44039655776069,6.235469129967086e-05
2025-08-20,112271,1658,13950,0.91,1013.6,7.6,0.75,36.0,everithingmotoracing,3.0,5.142857142857143,2025-08,0.002672105886649268,103.44316066854627,2.6721772900639706e-05
2025-08-21,112276,1658,13952,1.115,1244.1,8.2,0.659,28.0,everithingmotoracing,5.0,4.0,2025-08,0.004453311482418326,103.44776751985553,4.453509811086498e-05
2025-08-22,112285,1658,13958,1.336,1490.3,9.7,0.651,28.0,everithingmotoracing,9.0,4.0,2025-08,0.00801531816360155,103.4560598522122,8.01596066835053e-05
2025-08-23,112297,1658,13967,1.334,1487.9,10.4,0.699,26.0,everithingmotoracing,12.0,3.7142857142857144,2025-08,0.010685948867734668,103.46711629535446,0.00010687090884808903
2025-08-24,112319,1658,13974,1.341,1495.8,10.1,0.675,26.0,everithingmotoracing,22.0,3.7142857142857144,2025-08,0.019587068973192425,103.48738644111523,0.00019590906257516139
2025-08-25,112336,1658,13979,0.662,737.5,6.3,0.854,31.0,everithingmotoracing,17.0,4.428571428571429,2025-08,0.01513317191283293,103.50304973556675,0.00015135462388382592
2025-08-26,112353,1658,13980,0.662,737.7,6.0,0.813,28.0,everithingmotoracing,17.0,4.0,2025-08,0.015130882130428205,103.51871303001825,0.00015133171912840027
2025-08-27,112371,1658,13980,0.804,897.0,6.6,0.736,24.0,everithingmotoracing,18.0,3.4285714285714284,2025-08,0.016018367728328483,103.5352976947316,0.00016020934020444244
2025-08-28,112380,1658,13984,0.85,949.2,6.2,0.653,27.0,everithingmotoracing,9.0,3.857142857142857,2025-08,0.00800854244527496,103.54359002708829,8.009183864166047e-05
2025-08-29,112394,1658,13986,0.837,935.1,6.0,0.642,26.0,everithingmotoracing,14.0,3.7142857142857144,2025-08,0.012456180934925353,103.55648921075425,0.00012457732692650048
2025-08-30,112403,1656,13988,1.125,1256.8,8.0,0.637,16.0,everithingmotoracing,9.0,2.2857142857142856,2025-08,0.008006903730327482,103.56478154311091,8.007544886745599e-05
2025-08-31,112413,1656,13989,1.134,1266.6,8.0,0.632,16.0,everithingmotoracing,10.0,2.2857142857142856,2025-08,0.008895768283027764,103.57399524572945,8.896559700355411e-05
2025-09-01,112415,1656,13991,1.301,1452.7,10.0,0.688,11.0,everithingmotoracing,2.0,1.5714285714285714,2025-09,0.0017791220032913756,103.57583798625316,1.7791536566003074e-05
2025-09-02,112398,1658,13992,1.366,1525.3,9.8,0.642,11.0,everithingmotoracing,-17.0,1.5714285714285714,2025-09,-0.01512482428512963,103.56017469180165,-0.0001512253702797839
2025-09-03,112392,1657,13994,1.14,1272.7,9.1,0.715,13.0,everithingmotoracing,-6.0,1.8571428571428572,2025-09,-0.005338458253256459,103.55464647023052,-5.338173277102953e-05
2025-09-04,112401,1657,13997,1.116,1244.6,9.9,0.795,13.0,everithingmotoracing,9.0,1.8571428571428572,2025-09,0.008007046200656577,103.5629388025872,8.007687379874007e-05
2025-09-05,112406,1658,14005,1.17,1304.3,11.0,0.843,19.0,everithingmotoracing,5.0,2.7142857142857144,2025-09,0.00444816113018878,103.56754565389647,4.448359000375213e-05
2025-09-06,112412,1658,14014,1.155,1288.8,9.5,0.737,22.0,everithingmotoracing,6.0,3.142857142857143,2025-09,0.005337508451055048,103.57307387546759,5.3377933562304136e-05
2025-09-07,112417,1658,14020,0.754,842.6,5.3,0.629,24.0,everithingmotoracing,5.0,3.4285714285714284,2025-09,0.004447725877758702,103.57768072677686,4.447923709216539e-05
2025-09-08,112425,1658,14023,0.66,737.5,4.3,0.583,26.0,everithingmotoracing,8.0,3.7142857142857144,2025-09,0.00711585501445408,103.58505168887169,7.11636140442451e-05
2025-09-09,112439,1658,14025,0.665,743.7,3.8,0.511,26.0,everithingmotoracing,14.0,3.7142857142857144,2025-09,0.012451195759478471,103.59795087253765,0.0001245274627530435
2025-09-10,112430,1659,14027,0.528,590.8,3.0,0.508,26.0,everithingmotoracing,-9.0,3.7142857142857144,2025-09,-0.008004980876990128,103.58965854018096,-8.004340131095855e-05
2025-09-11,112460,1659,14031,0.538,601.5,3.0,0.499,26.0,everithingmotoracing,30.0,3.7142857142857144,2025-09,0.026676151520540634,103.61729964803656,0.00026683269589966585
2025-09-12,112473,1659,14041,0.549,614.2,2.8,0.456,26.0,everithingmotoracing,13.0,3.7142857142857144,2025-09,0.01155832955464867,103.62927746144067,0.000115596656589112
2025-09-13,112509,1659,14052,1.088,1215.9,7.9,0.65,22.0,everithingmotoracing,36.0,3.142857142857143,2025-09,0.031997440204783616,103.66244679086738,0.0003200768184363767
2025-09-14,112553,1659,14059,2.039,2281.1,13.5,0.592,22.0,everithingmotoracing,44.0,3.142857142857143,2025-09,0.0390926941085533,103.70298708238892,0.0003910798247250824
2025-09-15,112641,1659,14061,1.896,2119.4,16.5,0.779,21.0,everithingmotoracing,88.0,3.0,2025-09,0.07812430642483642,103.78406766543202,0.000781853882171113
2025-09-16,112670,1659,14064,2.294,2566.7,17.9,0.697,21.0,everithingmotoracing,29.0,3.0,2025-09,0.02573888346498624,103.81078740302578,0.00025745510071817357
2025-09-17,112692,1659,14067,2.493,2790.3,19.3,0.692,22.0,everithingmotoracing,22.0,3.142857142857143,2025-09,0.019522237603379122,103.83105754878656,0.00019526049525153688
2025-09-18,112688,1659,14068,1.305,1460.4,10.6,0.726,20.0,everithingmotoracing,-4.0,2.857142857142857,2025-09,-0.0035496237398835724,103.82737206773913,-3.5494977460692745e-05
2025-09-19,112679,1660,14070,1.487,1662.5,12.8,0.77,18.0,everithingmotoracing,-9.0,2.5714285714285716,2025-09,-0.007987291332013952,103.81907973538247,-7.986653414737699e-05
2025-09-20,112682,1660,14072,1.598,1786.3,14.2,0.795,16.0,everithingmotoracing,3.0,2.2857142857142856,2025-09,0.002662359560533182,103.82184384616802,2.6624304440003854e-05
2025-09-21,112689,1661,14073,1.756,1962.9,15.6,0.795,13.0,everithingmotoracing,7.0,1.8571428571428572,2025-09,0.0062117864210348836,103.828293438001,6.212172307917818e-05
2025-09-22,112691,1661,14078,0.938,1045.7,11.9,1.138,15.0,everithingmotoracing,2.0,2.142857142857143,2025-09,0.0017747646218420282,103.8301361785247,1.7747961202907447e-05
2025-09-23,112698,1661,14079,1.032,1151.0,11.6,1.008,14.0,everithingmotoracing,7.0,2.0,2025-09,0.006211290351204103,103.83658577035769,6.211676176448577e-05
2025-09-24,112709,1661,14080,1.084,1209.4,12.1,1.0,12.0,everithingmotoracing,11.0,1.7142857142857142,2025-09,0.009759646523347735,103.84672084323807,9.760599123320723e-05
2025-09-25,112716,1661,14082,1.069,1192.3,12.3,1.032,13.0,everithingmotoracing,7.0,1.8571428571428572,2025-09,0.006210298449199759,103.85317043507104,6.21068415123105e-05
2025-09-26,112713,1661,14084,1.029,1148.8,10.9,0.949,12.0,everithingmotoracing,-3.0,1.7142857142857142,2025-09,-0.0026616273189428016,103.85040632428549,-2.6615564782339618e-05
2025-09-27,112728,1661,14093,0.842,945.3,4.4,0.465,13.0,everithingmotoracing,15.0,1.8571428571428572,2025-09,0.01330636576538216,103.86422687821329,0.0001330813659470298
2025-09-28,112757,1660,14100,0.846,950.1,3.9,0.41,14.0,everithingmotoracing,29.0,2.0,2025-09,0.02571902409606499,103.89094661580702,0.0002572564047973458
2025-09-29,112773,1660,14102,0.748,839.9,3.9,0.464,14.0,everithingmotoracing,16.0,2.0,2025-09,0.014187793177444955,103.90568853999669,0.00014189806397824078
2025-09-30,112770,1660,14104,0.897,1006.1,5.5,0.547,14.0,everithingmotoracing,-3.0,2.0,2025-09,-0.0026602819898909284,103.90292442921111,-2.660211220772979e-05
2025-10-01,112763,1660,14105,0.896,1005.0,5.7,0.567,15.0,everithingmotoracing,-7.0,2.142857142857143,2025-10,-0.006207709975789931,103.89647483737814,-6.207324643081602e-05
2025-10-02,112776,1660,14107,0.858,961.4,5.9,0.614,15.0,everithingmotoracing,13.0,2.142857142857143,2025-10,0.011527275306802866,103.90845265078224,0.00011528604240762519
2025-10-03,112798,1660,14112,0.87,975.5,6.4,0.656,15.0,everithingmotoracing,22.0,2.142857142857143,2025-10,0.01950389191297718,103.92872279654301,0.0001950769667304897
2025-10-04,112873,1660,14120,0.95,1064.8,7.1,0.667,14.0,everithingmotoracing,75.0,2.0,2025-10,0.06644636006839545,103.99782556618203,0.0006649054061242943
2025-10-05,112949,1660,14127,0.907,1017.8,6.9,0.678,12.0,everithingmotoracing,76.0,1.7142857142857142,2025-10,0.0672870056397135,104.0678497060829,0.0006733231153597252
2025-10-06,112990,1660,14128,0.793,890.9,5.2,0.584,11.0,everithingmotoracing,41.0,1.5714285714285714,2025-10,0.03628639702628551,104.10562588681888,0.0003629956883195451
2025-10-07,112988,1660,14130,0.604,679.0,3.3,0.486,11.0,everithingmotoracing,-2.0,1.5714285714285714,2025-10,-0.0017700994795907528,104.10378314629519,-1.7700681476218172e-05
2025-10-08,112983,1660,14131,0.64,719.5,4.0,0.556,11.0,everithingmotoracing,-5.0,1.5714285714285714,2025-10,-0.004425444535903632,104.09917629498591,-4.425248698980422e-05
2025-10-09,112968,1660,14132,1.079,1211.3,7.9,0.652,11.0,everithingmotoracing,-15.0,1.5714285714285714,2025-10,-0.013278096452092627,104.08535574105811,-0.0001327633360771463
2025-10-10,112966,1659,14133,1.087,1221.0,7.5,0.614,10.0,everithingmotoracing,-2.0,1.4285714285714286,2025-10,-0.0017704442044508967,104.0835130005344,-1.770412860280235e-05
2025-10-11,112951,1659,14135,1.273,1427.6,9.8,0.686,10.0,everithingmotoracing,-15.0,1.4285714285714286,2025-10,-0.013280094908411613,104.0696924466066,-0.0001327833153338398
2025-10-12,112968,1659,14137,1.267,1421.2,10.0,0.704,10.0,everithingmotoracing,17.0,1.4285714285714286,2025-10,0.015048509312371646,104.08535574105811,0.00015050774229541375
2025-10-13,112967,1660,14138,1.309,1468.8,10.0,0.681,10.0,everithingmotoracing,-1.0,1.4285714285714286,2025-10,-0.0008852142661131127,104.08443437079625,-8.852064301345663e-06
2025-10-14,112952,1659,14140,1.339,1502.0,10.3,0.686,11.0,everithingmotoracing,-15.0,1.5714285714285714,2025-10,-0.01327997733550535,104.07061381686844,-0.00013278213991696486
2025-10-15,112947,1659,14141,1.452,1628.7,10.8,0.663,10.0,everithingmotoracing,-5.0,1.4285714285714286,2025-10,-0.0044268550736185994,104.06600696555918,-4.4266591118335974e-05
2025-10-16,112946,1659,14142,1.412,1584.8,10.4,0.656,10.0,everithingmotoracing,-1.0,1.4285714285714286,2025-10,-0.0008853788536114603,104.06508559529732,-8.853710147249672e-06
2025-10-17,112948,1658,14143,1.062,1191.8,7.9,0.663,10.0,everithingmotoracing,2.0,1.4285714285714286,2025-10,0.0017707263519495696,104.06692833582103,1.7707577072201275e-05
2025-10-18,112942,1658,14149,1.037,1163.1,7.8,0.671,11.0,everithingmotoracing,-6.0,1.5714285714285714,2025-10,-0.005312461263303288,104.06140011424992,-5.312179055849686e-05
2025-10-19,112958,1658,14156,1.041,1168.0,7.9,0.676,13.0,everithingmotoracing,16.0,1.8571428571428572,2025-10,0.014164556737902585,104.07614203843956,0.00014166563368811502
2025-10-20,112941,1658,14156,0.786,882.3,4.9,0.555,12.0,everithingmotoracing,-17.0,1.7142857142857142,2025-10,-0.015052106852250289,104.06047874398806,-0.00015049841534020558
2025-10-21,112942,1658,14160,0.688,772.8,4.7,0.608,12.0,everithingmotoracing,1.0,1.7142857142857142,2025-10,0.0008854102105505481,104.06140011424992,8.85418050122766e-06
2025-10-22,112941,1659,14161,0.739,829.3,4.8,0.579,12.0,everithingmotoracing,-1.0,1.7142857142857142,2025-10,-0.00088541805013237,104.06047874398806,-8.854102105493311e-06
2025-10-23,112933,1659,14163,0.744,836.9,2.8,0.335,13.0,everithingmotoracing,-8.0,1.8571428571428572,2025-10,-0.007083846174280326,104.05310778189323,-7.083344401059843e-05
2025-10-24,112914,1659,14165,0.732,823.4,2.8,0.34,14.0,everithingmotoracing,-19.0,2.0,2025-10,-0.016826965655277467,104.03560174691802,-0.00016824134663917523
2025-10-25,112918,1659,14174,0.721,811.8,2.5,0.308,15.0,everithingmotoracing,4.0,2.142857142857143,2025-10,0.0035423935953523794,104.03928722796543,3.542519085319995e-05
2025-10-26,112918,1659,14180,0.725,814.9,3.8,0.466,15.0,everithingmotoracing,0.0,2.142857142857143,2025-10,0.0,104.03928722796543,0.0
2025-10-27,112901,1660,14183,0.746,838.7,3.4,0.405,16.0,everithingmotoracing,-17.0,2.2857142857142856,2025-10,-0.015057439703811303,104.02362393351392,-0.0001505517278024282
2025-10-28,112910,1660,14183,0.554,622.9,2.2,0.353,15.0,everithingmotoracing,9.0,2.142857142857143,2025-10,0.007970950314409708,104.0319162658706,7.971585725541352e-05
2025-10-29,112907,1660,14185,0.786,882.6,5.4,0.612,16.0,everithingmotoracing,-3.0,2.2857142857142856,2025-10,-0.0026570540356222376,104.02915215508503,-2.6569834381318103e-05
2025-10-30,112893,1660,14187,0.774,868.8,5.5,0.633,16.0,everithingmotoracing,-14.0,2.2857142857142856,2025-10,-0.012401123187442978,104.01625297141909,-0.00012399585499567323
2025-10-31,112890,1661,14189,0.878,983.9,7.2,0.732,16.0,everithingmotoracing,-3.0,2.2857142857142856,2025-10,-0.0026574541589157587,104.01348886063353,-2.6573835401610957e-05
2025-11-01,112885,1661,14189,1.058,1186.3,7.8,0.658,13.0,everithingmotoracing,-5.0,1.8571428571428572,2025-11,-0.004429286441954201,104.00888200932428,-4.4290902648569386e-05
2025-11-02,112871,1661,14191,1.211,1356.3,10.3,0.759,10.0,everithingmotoracing,-14.0,1.4285714285714286,2025-11,-0.012403540324795563,103.99598282565832,-0.0001240200203747044
2025-11-03,112857,1661,14193,1.214,1359.3,10.3,0.758,11.0,everithingmotoracing,-14.0,1.5714285714285714,2025-11,-0.012405078993770878,103.98308364199238,-0.00012403540324790185
2025-11-04,112857,1661,14194,1.226,1373.3,10.2,0.743,10.0,everithingmotoracing,0.0,1.4285714285714286,2025-11,0.0,103.98308364199238,0.0
2025-11-05,112854,1661,14196,1.244,1393.3,10.1,0.725,11.0,everithingmotoracing,-3.0,1.5714285714285714,2025-11,-0.002658301876761125,103.98031953120682,-2.658231212948614e-05
2025-11-06,112847,1661,14198,1.044,1170.8,7.2,0.615,10.0,everithingmotoracing,-7.0,1.4285714285714286,2025-11,-0.006203089138390919,103.97386993937383,-6.202704379110191e-05
2025-11-07,112844,1658,14205,1.062,1191.3,6.9,0.579,15.0,everithingmotoracing,-3.0,2.142857142857143,2025-11,-0.002658537449930878,103.97110582858828,-2.6584667735973788e-05
2025-11-08,112864,1659,14217,0.933,1048.3,4.7,0.448,16.0,everithingmotoracing,20.0,2.2857142857142856,2025-11,0.017720442302239865,103.98953323382534,0.00017723582999540355
2025-11-09,112899,1659,14224,0.496,558.9,1.3,0.233,22.0,everithingmotoracing,35.0,3.142857142857143,2025-11,0.03100116032914375,104.02178119299022,0.0003101077402891672
2025-11-10,112909,1659,14226,0.48,535.8,5.6,1.045,23.0,everithingmotoracing,10.0,3.2857142857142856,2025-11,0.008856689900716506,104.03099489560874,8.85747437975315e-05
2025-11-11,112947,1659,14228,0.483,539.6,5.7,1.056,23.0,everithingmotoracing,38.0,3.2857142857142856,2025-11,0.03364409855950136,104.06600696555918,0.00033655421622724724
2025-11-12,113001,1659,14228,0.476,532.1,6.0,1.128,23.0,everithingmotoracing,54.0,3.2857142857142856,2025-11,0.04778718772400244,104.11576095969926,0.00047810034795081613
2025-11-13,113013,1659,14229,0.987,1098.6,17.0,1.547,23.0,everithingmotoracing,12.0,3.2857142857142856,2025-11,0.010618247458257015,104.12681740284151,0.00010619375049780722
2025-11-14,112994,1658,14236,1.349,1499.7,24.9,1.66,22.0,everithingmotoracing,-19.0,3.142857142857143,2025-11,-0.016815052126661595,104.1093113678663,-0.0001681222514223757
2025-11-15,113006,1658,14245,1.258,1401.4,20.6,1.47,21.0,everithingmotoracing,12.0,3.0,2025-11,0.01061890519087482,104.12036781100853,0.00010620032922092904
2025-11-16,113015,1658,14256,1.602,1784.3,25.8,1.446,29.0,everithingmotoracing,9.0,4.142857142857143,2025-11,0.00796354466221298,104.12866014336521,7.964178893149487e-05
2025-11-17,113036,1658,14260,1.098,1223.8,16.8,1.373,30.0,everithingmotoracing,21.0,4.285714285714286,2025-11,0.01857815209313847,104.14800891886414,0.00018581604211820313
2025-11-18,113048,1658,14265,0.617,691.7,5.4,0.781,41.0,everithingmotoracing,12.0,5.857142857142857,2025-11,0.010614960016983936,104.15906536200639,0.00010616086910375522
2025-11-19,113058,1658,14266,0.698,782.6,6.3,0.805,34.0,everithingmotoracing,10.0,4.857142857142857,2025-11,0.008845017601585027,104.16827906462491,8.845800014145588e-05
2025-11-20,113058,1658,14266,0.673,754.9,5.7,0.755,29.0,everithingmotoracing,0.0,4.142857142857143,2025-11,0.0,104.16827906462491,0.0
2025-11-21,113049,1659,14269,0.704,790.0,6.2,0.785,27.0,everithingmotoracing,-9.0,3.857142857142857,2025-11,-0.007961149590000795,104.15998673226822,-7.960515841431981e-05
2025-11-22,113046,1658,14271,0.941,1054.9,9.4,0.891,20.0,everithingmotoracing,-3.0,2.857142857142857,2025-11,-0.002653786953983334,104.15722262148266,-2.6537165299989063e-05
2025-11-23,113048,1660,14275,0.923,1033.8,9.6,0.929,20.0,everithingmotoracing,2.0,2.857142857142857,2025-11,0.001769160002830656,104.15906536200639,1.7691913026585127e-05
2025-11-24,113081,1661,14278,0.997,1115.1,11.8,1.058,18.0,everithingmotoracing,33.0,2.5714285714285716,2025-11,0.02918262130685084,104.18947058064754,0.0002919114004671375
2025-11-25,113098,1661,14279,1.185,1328.6,11.5,0.866,13.0,everithingmotoracing,17.0,1.8571428571428572,2025-11,0.015031211869352242,104.20513387509904,0.00015033471582315272
2025-11-26,113108,1661,14280,1.407,1579.4,12.3,0.779,13.0,everithingmotoracing,10.0,1.8571428571428572,2025-11,0.008841107613961877,104.21434757771759,8.841889334920694e-05
2025-11-27,113088,1661,14282,1.368,1535.7,11.3,0.736,15.0,everithingmotoracing,-20.0,2.142857142857143,2025-11,-0.017685342388228636,104.19592017248051,-0.00017682215227921017
2025-11-28,113094,1661,14283,1.439,1616.9,10.5,0.649,15.0,everithingmotoracing,6.0,2.142857142857143,2025-11,0.0053053212372009126,104.20144839405164,5.3056027164766206e-05
2025-11-29,113090,1661,14285,1.433,1610.3,10.8,0.671,14.0,everithingmotoracing,-4.0,2.0,2025-11,-0.0035370059244849237,104.19776291300423,-3.536880824805966e-05
2025-11-30,113074,1661,14285,1.438,1614.6,11.1,0.687,10.0,everithingmotoracing,-16.0,1.4285714285714286,2025-11,-0.014150025646921483,104.18302098881456,-0.0001414802369793522
2025-12-01,113071,1660,14286,1.416,1590.3,11.3,0.711,8.0,everithingmotoracing,-3.0,1.1428571428571428,2025-12,-0.0026532002016432152,104.18025687802901,-2.6531298087939525e-05
2025-12-02,113060,1661,14287,1.35,1514.1,12.3,0.812,8.0,everithingmotoracing,-11.0,1.1428571428571428,2025-12,-0.009729347249248187,104.17012180514863,-9.728400739361653e-05
2025-12-03,113053,1661,14288,1.313,1472.7,11.9,0.808,8.0,everithingmotoracing,-7.0,1.1428571428571428,2025-12,-0.006191786153397079,104.16367221331564,-6.191402794974987e-05
2025-12-04,113043,1661,14290,1.2,1343.5,12.6,0.938,8.0,everithingmotoracing,-10.0,1.1428571428571428,2025-12,-0.008846191272347691,104.15445851069711,-8.845408790569831e-05
2025-12-05,113033,1661,14291,1.188,1329.7,13.2,0.993,8.0,everithingmotoracing,-10.0,1.1428571428571428,2025-12,-0.008846973892580042,104.14524480807859,-8.846191272349202e-05
2025-12-06,113042,1660,14293,1.257,1406.0,14.6,1.038,8.0,everithingmotoracing,9.0,1.1428571428571428,2025-12,0.007961642575325986,104.15353714043525,7.962276503326038e-05
2025-12-07,113033,1661,14293,1.343,1502.3,15.8,1.052,8.0,everithingmotoracing,-9.0,1.1428571428571428,2025-12,-0.00796227650332204,104.14524480807859,-7.961642575327055e-05
2025-12-08,113036,1661,14294,1.264,1413.3,15.0,1.061,8.0,everithingmotoracing,3.0,1.1428571428571428,2025-12,0.00265402172759121,104.14800891886414,2.654092167775346e-05
2025-12-09,113016,1661,14295,1.267,1417.2,15.0,1.058,8.0,everithingmotoracing,-20.0,1.1428571428571428,2025-12,-0.01769660932965244,104.12958151362706,-0.000176934781839444
2025-12-10,113006,1661,14296,1.042,1167.8,9.8,0.839,8.0,everithingmotoracing,-10.0,1.1428571428571428,2025-12,-0.00884908765906235,104.12036781100853,-8.848304664821338e-05
2025-12-11,113011,1661,14297,0.972,1089.3,8.7,0.799,7.0,everithingmotoracing,5.0,1.0,2025-12,0.0044243480723115455,104.12497466231781,4.424543829539829e-05
2025-12-12,112993,1661,14297,0.964,1081.9,7.9,0.73,6.0,everithingmotoracing,-18.0,0.8571428571428571,2025-12,-0.015930190365774873,104.10838999760443,-0.000159276530603214
2025-12-13,112984,1662,14299,0.94,1054.3,7.7,0.73,6.0,everithingmotoracing,-9.0,0.8571428571428571,2025-12,-0.007965729660836932,104.10009766524774,-7.965095182882465e-05
2025-12-14,112976,1661,14299,0.873,979.1,7.3,0.746,6.0,everithingmotoracing,-8.0,0.8571428571428571,2025-12,-0.00708114997875655,104.09272670315292,-7.080648587409755e-05
2025-12-15,112974,1662,14300,0.877,983.9,7.3,0.742,6.0,everithingmotoracing,-2.0,0.8571428571428571,2025-12,-0.0017703188344220793,104.09088396262922,-1.7702874946845526e-05
2025-12-16,112969,1661,14300,0.971,1090.7,6.6,0.605,5.0,everithingmotoracing,-5.0,0.7142857142857143,2025-12,-0.004425992971523161,104.08627711131994,-4.425797086060612e-05
2025-12-17,112964,1660,14301,0.976,1096.3,6.7,0.611,5.0,everithingmotoracing,-5.0,0.7142857142857143,2025-12,-0.0044261888743316454,104.0816702600107,-4.4259929715240176e-05
2025-12-18,112959,1662,14302,0.946,1062.8,6.0,0.565,5.0,everithingmotoracing,-5.0,0.7142857142857143,2025-12,-0.004426384794482954,104.07706340870142,-4.426188874329107e-05
2025-12-19,112948,1661,14303,0.897,1007.4,6.3,0.625,6.0,everithingmotoracing,-11.0,0.8571428571428571,2025-12,-0.009738994935722634,104.06692833582103,-9.738046547858037e-05
2025-12-20,112941,1662,14304,0.847,951.4,5.3,0.557,6.0,everithingmotoracing,-7.0,0.8571428571428571,2025-12,-0.00619792635092659,104.06047874398806,-6.197542231822784e-05
2025-12-21,112939,1662,14304,0.855,960.1,5.3,0.552,5.0,everithingmotoracing,-2.0,0.7142857142857143,2025-12,-0.001770867459424999,104.05863600346434,-1.7708361002677364e-05
2025-12-22,112925,1662,14306,0.851,956.3,5.2,0.544,6.0,everithingmotoracing,-14.0,0.8571428571428571,2025-12,-0.012397609032543723,104.0457368197984,-0.00012396072215969944
2025-12-23,112920,1662,14307,0.858,963.3,5.3,0.55,6.0,everithingmotoracing,-5.0,0.8571428571428571,2025-12,-0.004427913567127169,104.04112996848913,-4.42771751162363e-05
2025-12-24,112917,1661,14307,0.871,976.3,6.8,0.697,6.0,everithingmotoracing,-3.0,0.8571428571428571,2025-12,-0.0026568187252583755,104.03836585770358,-2.6567481402728355e-05
2025-12-25,112909,1662,14308,0.882,987.8,8.1,0.82,6.0,everithingmotoracing,-8.0,0.8571428571428571,2025-12,-0.007085351920573205,104.03099489560874,-7.084849934024806e-05
2025-12-26,112886,1662,14308,0.892,998.7,8.2,0.821,5.0,everithingmotoracing,-23.0,0.7142857142857143,2025-12,-0.020374537143667062,104.00980337958612,-0.00020370386771650928
2025-12-27,112885,1662,14309,0.89,995.9,8.3,0.833,5.0,everithingmotoracing,-1.0,0.7142857142857143,2025-12,-0.0008858572883908402,104.00888200932428,-8.858494410235451e-06
2025-12-28,112884,1662,14309,0.893,999.5,8.3,0.83,5.0,everithingmotoracing,-1.0,0.7142857142857143,2025-12,-0.0008858651358917117,104.00796063906242,-8.858572883907456e-06
2025-12-29,112871,1661,14309,0.952,1066.1,8.5,0.797,3.0,everithingmotoracing,-13.0,0.42857142857142855,2025-12,-0.011517573158738737,103.99598282565832,-0.0001151624676659635
2025-12-30,112866,1662,14311,0.961,1076.6,8.5,0.79,4.0,everithingmotoracing,-5.0,0.5714285714285714,2025-12,-0.004430032073432211,103.99137597434904,-4.429835830288553e-05
2025-12-31,112862,1662,14311,0.965,1080.8,8.5,0.786,4.0,everithingmotoracing,-4.0,0.5714285714285714,2025-12,-0.003544151264375964,103.98769049330163,-3.5440256587415675e-05
2026-01-01,112855,1661,14312,1.311,1466.6,13.4,0.914,4.0,everithingmotoracing,-7.0,0.5714285714285714,2026-01,-0.0062026494173940015,103.98124090146868,-6.202264712662497e-05
2026-01-02,112832,1661,14312,1.322,1477.8,13.4,0.907,4.0,everithingmotoracing,-23.0,0.5714285714285714,2026-01,-0.020384288145207034,103.96004938544603,-0.00020380133800013134
2026-01-03,112823,1661,14313,1.184,1322.3,13.0,0.983,5.0,everithingmotoracing,-9.0,0.7142857142857143,2026-01,-0.007977096868546307,103.95175705308934,-7.976460578562605e-05
2026-01-04,112817,1661,14314,1.192,1331.7,13.0,0.976,5.0,everithingmotoracing,-6.0,0.7142857142857143,2026-01,-0.005318347412180788,103.94622883151823,-5.318064579029613e-05
2026-01-05,112797,1661,14315,1.124,1257.6,10.8,0.859,6.0,everithingmotoracing,-20.0,0.8571428571428571,2026-01,-0.017730968022199173,103.92780142628118,-0.00017727824707269857
2026-01-06,112790,1661,14315,1.13,1263.5,10.8,0.855,4.0,everithingmotoracing,-7.0,0.5714285714285714,2026-01,-0.006206223956024471,103.92135183444819,-6.205838807771258e-05
2026-01-07,112773,1661,14316,1.079,1205.8,10.8,0.896,4.0,everithingmotoracing,-17.0,0.5714285714285714,2026-01,-0.015074530251035266,103.90568853999669,-0.00015072258178916442
2026-01-08,112761,1661,14316,1.09,1218.3,10.8,0.886,4.0,everithingmotoracing,-12.0,0.5714285714285714,2026-01,-0.010641977279378509,103.89463209685444,-0.00010640844883080813
2026-01-09,112757,1661,14317,1.097,1225.4,11.4,0.93,5.0,everithingmotoracing,-4.0,0.7142857142857143,2026-01,-0.00354745159945724,103.89094661580702,-3.547325759789555e-05
2026-01-10,112754,1661,14318,1.099,1227.7,11.4,0.929,4.0,everithingmotoracing,-3.0,0.5714285714285714,2026-01,-0.0026606594887986237,103.88818250502148,-2.6605886995878514e-05
2026-01-11,112740,1661,14318,1.184,1323.2,11.9,0.899,4.0,everithingmotoracing,-14.0,0.5714285714285714,2026-01,-0.012417952811779315,103.87528332135551,-0.00012416410947724277
2026-01-12,112727,1661,14318,1.169,1307.8,9.9,0.757,4.0,everithingmotoracing,-13.0,0.5714285714285714,2026-01,-0.011532285965207981,103.86330550795142,-0.00011530956182370655
2026-01-13,112717,1662,14320,1.173,1312.5,10.0,0.762,4.0,everithingmotoracing,-10.0,0.5714285714285714,2026-01,-0.008871776218316668,103.8540918053329,-8.870989204001756e-05
2026-01-14,112715,1661,14322,1.176,1315.5,10.0,0.76,5.0,everithingmotoracing,-2.0,0.7142857142857143,2026-01,-0.0017743867275872777,103.85224906480919,-1.7743552436666477e-05
2026-01-15,112702,1661,14324,1.196,1339.1,9.2,0.687,5.0,everithingmotoracing,-13.0,0.7142857142857143,2026-01,-0.01153484410214548,103.84027125140508,-0.00011533513729322653
2026-01-16,112685,1662,14325,1.142,1276.3,10.4,0.815,5.0,everithingmotoracing,-17.0,0.7142857142857143,2026-01,-0.0150863025247371,103.82460795695359,-0.0001508402690280075
2026-01-17,112703,1662,14325,1.052,1176.2,9.3,0.791,4.0,everithingmotoracing,18.0,0.5714285714285714,2026-01,0.01597118089136935,103.84119262166693,0.0001597373208501729
2026-01-18,112697,1663,14326,1.054,1178.5,9.3,0.789,5.0,everithingmotoracing,-6.0,0.7142857142857143,2026-01,-0.005324010399566981,103.83566440009582,-5.323726963790687e-05
2026-01-19,112697,1663,14328,1.057,1182.1,9.3,0.787,5.0,everithingmotoracing,0.0,0.7142857142857143,2026-01,0.0,103.83566440009582,0.0
2026-01-20,112709,1663,14328,0.798,894.8,4.8,0.536,6.0,everithingmotoracing,12.0,0.8571428571428571,2026-01,0.010646887116379348,103.84672084323807,0.00010648020799131075
2026-01-21,112692,1662,14331,0.851,954.8,4.3,0.45,7.0,everithingmotoracing,-17.0,1.0,2026-01,-0.015085365420792958,103.83105754878656,-0.00015083090081535744
2026-01-22,112682,1663,14332,0.852,956.3,4.3,0.45,7.0,everithingmotoracing,-10.0,1.0,2026-01,-0.00887453186844394,103.82184384616802,-8.873744365167635e-05
2026-01-23,112691,1662,14333,0.798,894.7,4.4,0.492,6.0,everithingmotoracing,9.0,0.8571428571428571,2026-01,0.007986440798289127,103.8301361785247,7.987078681592763e-05
2026-01-24,112684,1662,14333,0.809,907.1,4.4,0.485,7.0,everithingmotoracing,-7.0,1.0,2026-01,-0.006212062049625502,103.82368658669172,-6.211676176448577e-05
2026-01-25,112665,1662,14334,0.774,867.4,4.4,0.507,7.0,everithingmotoracing,-19.0,1.0,2026-01,-0.016864154795189278,103.80618055171651,-0.0001686131127754953
2026-01-26,112678,1662,14334,0.785,880.3,4.4,0.5,7.0,everithingmotoracing,13.0,1.0,2026-01,0.011537300981558068,103.81815836512061,0.00011538632228291767
2026-01-27,112673,1662,14336,0.791,886.5,4.4,0.496,7.0,everithingmotoracing,-5.0,1.0,2026-01,-0.004437620370452549,103.81355151381133,-4.437423454450862e-05
2026-01-28,112667,1662,14338,0.792,888.2,4.4,0.495,7.0,everithingmotoracing,-6.0,1.0,2026-01,-0.005325428031278014,103.80802329224022,-5.325144444545682e-05
2026-01-29,112660,1662,14339,0.761,854.9,3.0,0.351,7.0,everithingmotoracing,-7.0,1.0,2026-01,-0.0062133854074205574,103.80157370040723,-6.212999369825667e-05
2026-01-30,112644,1662,14339,0.872,978.2,4.2,0.429,6.0,everithingmotoracing,-16.0,0.8571428571428571,2026-01,-0.014204041049678635,103.7868317762176,-0.00014202023788389972
2026-01-31,112634,1662,14341,0.913,1022.4,6.4,0.626,8.0,everithingmotoracing,-10.0,1.1428571428571428,2026-01,-0.008878313830637285,103.77761807359906,-8.877525656048046e-05
2026-02-01,112639,1662,14342,0.915,1024.8,6.4,0.625,7.0,everithingmotoracing,5.0,1.0,2026-02,0.00443895986292492,103.78222492490832,4.439156915325704e-05
2026-02-02,112624,1662,14343,0.84,939.9,6.3,0.67,8.0,everithingmotoracing,-15.0,1.1428571428571428,2026-02,-0.013318653217786618,103.76840437098052,-0.00013316879588776143
2026-02-03,112611,1662,14343,0.785,877.4,6.5,0.741,8.0,everithingmotoracing,-13.0,1.1428571428571428,2026-02,-0.011544165312447273,103.75642655757642,-0.00011542832788746793
2026-02-04,112602,1662,14344,0.776,867.6,6.6,0.761,7.0,everithingmotoracing,-9.0,1.0,2026-02,-0.00799275323706506,103.74813422521976,-7.992114447075149e-05
2026-02-05,112600,1662,14344,0.779,870.0,6.6,0.759,6.0,everithingmotoracing,-2.0,0.8571428571428571,2026-02,-0.0017761989342806395,103.74629148469603,-1.7761673860139382e-05
2026-02-06,112589,1662,14347,0.764,854.3,6.1,0.714,6.0,everithingmotoracing,-11.0,0.8571428571428571,2026-02,-0.009770048583787048,103.73615641181566,-9.76909413854532e-05
2026-02-07,112583,1662,14347,0.709,792.2,5.7,0.72,6.0,everithingmotoracing,-6.0,0.8571428571428571,2026-02,-0.005329401419397245,103.73062819024452,-5.3291174093361704e-05
2026-02-08,112585,1662,14347,0.714,797.8,6.0,0.752,6.0,everithingmotoracing,2.0,0.8571428571428571,2026-02,0.0017764355820047077,103.73247093076823,1.7764671397912934e-05
2026-02-09,112566,1661,14347,0.728,813.9,6.0,0.737,4.0,everithingmotoracing,-19.0,0.5714285714285714,2026-02,-0.016878986550112822,103.71496489579302,-0.00016876138029042753
2026-02-10,112561,1661,14348,0.732,818.3,6.0,0.733,5.0,everithingmotoracing,-5.0,0.7142857142857143,2026-02,-0.004442035873881717,103.71035804448377,-4.4418385658162585e-05
2026-02-11,112555,1661,14348,0.739,826.4,5.8,0.702,4.0,everithingmotoracing,-6.0,0.5714285714285714,2026-02,-0.005330727200035538,103.70482982291263,-5.330443048656708e-05
2026-02-12,112554,1662,14350,0.741,828.7,5.8,0.7,4.0,everithingmotoracing,-1.0,0.5714285714285714,2026-02,-0.0008884624269239653,103.70390845265078,-8.884545333431859e-06
2026-02-13,112579,1662,14350,0.749,837.3,5.8,0.693,4.0,everithingmotoracing,25.0,0.5714285714285714,2026-02,0.0222066282343954,103.72694270919712,0.0002221156067310215
2026-02-14,112582,1662,14350,1.423,1593.3,8.3,0.521,2.0,everithingmotoracing,3.0,0.2857142857142857,2026-02,0.002664724378675099,103.72970681998268,2.6647953881298037e-05
2026-02-15,112580,1662,14351,1.435,1607.7,8.3,0.516,2.0,everithingmotoracing,-2.0,0.2857142857142857,2026-02,-0.0017765144785930004,103.72786407945898,-1.7764829191135867e-05
2026-02-16,112575,1661,14352,1.458,1632.8,8.3,0.508,3.0,everithingmotoracing,-5.0,0.42857142857142855,2026-02,-0.0044414834554741284,103.7232572281497,-4.441286196477101e-05
2026-02-17,112575,1661,14353,1.386,1553.0,7.4,0.476,3.0,everithingmotoracing,0.0,0.42857142857142855,2026-02,0.0,103.7232572281497,0.0
2026-02-18,112571,1662,14353,1.388,1555.3,7.4,0.476,3.0,everithingmotoracing,-4.0,0.42857142857142855,2026-02,-0.0035533130202272346,103.7195717471023,-3.553186764382321e-05
2026-02-19,112559,1662,14354,1.311,1470.9,5.0,0.34,3.0,everithingmotoracing,-12.0,0.42857142857142855,2026-02,-0.010661075524835865,103.70851530396006,-0.00010659939060686519
2026-02-20,112546,1662,14356,1.318,1478.2,5.0,0.338,3.0,everithingmotoracing,-13.0,0.42857142857142855,2026-02,-0.011550832548469071,103.69653749055597,-0.0001154949848524156
2026-02-21,112549,1661,14356,1.311,1468.8,6.7,0.456,3.0,everithingmotoracing,3.0,0.42857142857142855,2026-02,0.00266550569085465,103.6993016013415,2.6655767419558885e-05
2026-02-22,112529,1662,14357,1.317,1475.4,6.8,0.461,3.0,everithingmotoracing,-20.0,0.42857142857142855,2026-02,-0.017773196242746314,103.68087419610445,-0.00017770037939035532
2026-02-23,112517,1661,14357,1.324,1482.8,6.9,0.465,3.0,everithingmotoracing,-12.0,0.42857142857142855,2026-02,-0.010665055058346739,103.6698177529622,-0.0001066391774564579
2026-02-24,112507,1661,14358,1.342,1503.5,6.9,0.459,3.0,everithingmotoracing,-10.0,0.42857142857142855,2026-02,-0.008888335836881261,103.66060405034368,-8.887545881952619e-05
2026-02-25,112524,1661,14358,1.346,1507.3,6.9,0.458,3.0,everithingmotoracing,17.0,0.42857142857142855,2026-02,0.015107888094984182,103.67626734479518,0.0001511017092270528
2026-02-26,112521,1661,14358,1.407,1575.7,7.8,0.495,2.0,everithingmotoracing,-3.0,0.2857142857142857,2026-02,-0.002666168981790066,103.67350323400962,-2.6660978991177586e-05
2026-02-27,112520,1661,14360,1.408,1576.4,7.8,0.495,3.0,everithingmotoracing,-1.0,0.42857142857142855,2026-02,-0.0008887308922858159,103.67258186374777,-8.887229939302799e-06
2026-02-28,112513,1660,14361,1.411,1579.5,7.8,0.494,4.0,everithingmotoracing,-7.0,0.5714285714285714,2026-02,-0.0062215032929528145,103.66613227191479,-6.22111624599686e-05
2026-03-01,112498,1660,14363,1.442,1614.3,7.8,0.483,5.0,everithingmotoracing,-15.0,0.7142857142857143,2026-03,-0.013333570374584436,103.65231171798699,-0.0001333179277061003
2026-03-02,112487,1661,14363,1.477,1651.8,10.0,0.605,6.0,everithingmotoracing,-11.0,0.8571428571428571,2026-03,-0.009778907784899588,103.6421766451066,-9.777951608025415e-05
2026-03-03,112478,1661,14363,1.447,1617.4,10.2,0.631,6.0,everithingmotoracing,-9.0,0.8571428571428571,2026-03,-0.008001564750440086,103.63388431274991,-8.000924551276878e-05
2026-03-04,112476,1661,14364,1.454,1625.7,10.2,0.627,6.0,everithingmotoracing,-2.0,0.8571428571428571,2026-03,-0.0017781571179629433,103.63204157222621,-1.7781255000959284e-05
2026-03-05,112449,1661,14365,1.458,1629.6,10.3,0.632,7.0,everithingmotoracing,-27.0,1.0,2026-03,-0.02401088493450364,103.60716457515618,-0.00024005121092496307
2026-03-06,112434,1661,14365,1.494,1669.6,10.5,0.629,6.0,everithingmotoracing,-15.0,0.8571428571428571,2026-03,-0.013341160147286408,103.59334402122838,-0.00013339380519172828
2026-03-07,112428,1661,14366,0.722,803.8,8.2,1.02,5.0,everithingmotoracing,-6.0,0.7142857142857143,2026-03,-0.005336748852598996,103.58781579965725,-5.336464058913748e-05
2026-03-08,112430,1661,14369,0.728,810.3,7.8,0.963,6.0,everithingmotoracing,2.0,0.8571428571428571,2026-03,0.0017788846393311394,103.58965854018096,1.778916284189691e-05
2026-03-09,112417,1659,14369,0.813,905.9,8.5,0.938,6.0,everithingmotoracing,-13.0,0.8571428571428571,2026-03,-0.011564087282172626,103.57768072677686,-0.00011562750155647006
2026-03-10,112406,1660,14370,0.825,918.5,8.5,0.925,7.0,everithingmotoracing,-11.0,1.0,2026-03,-0.009785954486415315,103.56754565389647,-9.784996931072598e-05
2026-03-11,112392,1660,14370,0.814,906.1,8.4,0.927,6.0,everithingmotoracing,-14.0,0.8571428571428571,2026-03,-0.012456402590931738,103.55464647023052,-0.0001245485116453393
2026-03-12,112384,1660,14371,0.821,914.3,8.5,0.93,6.0,everithingmotoracing,-8.0,0.8571428571428571,2026-03,-0.0071184510250569474,103.5472755081357,-7.117944337675652e-05
2026-03-13,112382,1661,14371,0.825,918.8,8.5,0.925,6.0,everithingmotoracing,-2.0,0.8571428571428571,2026-03,-0.001779644427043477,103.54543276761198,-1.7796127562696995e-05
2026-03-14,112373,1660,14372,0.799,889.9,8.0,0.899,6.0,everithingmotoracing,-9.0,0.8571428571428571,2026-03,-0.008009041317754265,103.53714043525531,-8.00839992169955e-05
2026-03-15,112366,1660,14372,0.807,898.8,8.0,0.89,3.0,everithingmotoracing,-7.0,0.42857142857142855,2026-03,-0.006229642418525177,103.53069084342235,-6.229254358258718e-05
2026-03-16,112366,1660,14372,0.837,932.2,8.4,0.901,3.0,everithingmotoracing,0.0,0.42857142857142855,2026-03,0.0,103.53069084342235,0.0
2026-03-17,112359,1660,14374,0.843,938.9,8.7,0.927,4.0,everithingmotoracing,-7.0,0.5714285714285714,2026-03,-0.006230030527149584,103.52424125158936,-6.22964241852042e-05
2026-03-18,112332,1660,14374,0.846,941.5,8.7,0.924,4.0,everithingmotoracing,-27.0,0.5714285714285714,2026-03,-0.024035893601110993,103.4993642545193,-0.00024030117747575463
2026-03-19,112330,1661,14375,0.831,927.0,6.5,0.701,3.0,everithingmotoracing,-2.0,0.42857142857142855,2026-03,-0.0017804682631532092,103.49752151399561,-1.780436563048049e-05
2026-03-20,112317,1661,14375,0.843,940.4,6.8,0.723,5.0,everithingmotoracing,-13.0,0.7142857142857143,2026-03,-0.011574383218925007,103.4855437005915,-0.00011573043710499942
2026-03-21,112324,1660,14380,0.823,917.3,7.3,0.796,6.0,everithingmotoracing,7.0,0.8571428571428571,2026-03,0.006231971795876216,103.4919932924245,6.232360194813324e-05
2026-03-22,112329,1660,14388,0.698,777.4,6.6,0.849,17.0,everithingmotoracing,5.0,2.4285714285714284,2026-03,0.0044512102840762405,103.49660014373376,4.451408425620862e-05
2026-03-23,112318,1661,14388,0.603,670.0,7.1,1.06,17.0,everithingmotoracing,-11.0,2.4285714285714284,2026-03,-0.009793621681297743,103.48646507085337,-9.792662624963366e-05
2026-03-24,112303,1661,14388,0.588,651.1,9.5,1.459,15.0,everithingmotoracing,-15.0,2.142857142857143,2026-03,-0.013356722438403247,103.47264451692557,-0.00013354938656318094
2026-03-25,112297,1662,14390,0.596,659.9,9.5,1.44,17.0,everithingmotoracing,-6.0,2.4285714285714284,2026-03,-0.005342974433867334,103.46711629535446,-5.3426889753627194e-05
2026-03-26,112290,1662,14391,0.588,651.1,9.2,1.413,17.0,everithingmotoracing,-7.0,2.4285714285714284,2026-03,-0.0062338587585715555,103.46066670352147,-6.233470172845035e-05
2026-03-27,112284,1662,14395,0.661,730.1,11.9,1.63,19.0,everithingmotoracing,-6.0,2.7142857142857144,2026-03,-0.005343593031954686,103.45513848195036,-5.3433075073439085e-05
2026-03-28,112273,1662,14401,0.751,829.6,13.3,1.603,20.0,everithingmotoracing,-11.0,2.857142857142857,2026-03,-0.009797547050492995,103.44500340906997,-9.796587225252562e-05
2026-03-29,112262,1662,14407,0.677,749.3,11.0,1.468,23.0,everithingmotoracing,-11.0,3.2857142857142856,2026-03,-0.00979850706383282,103.43486833618958,-9.797547050494071e-05
2026-03-30,112256,1662,14411,0.526,582.9,7.1,1.218,22.0,everithingmotoracing,-6.0,3.142857142857143,2026-03,-0.005344925883694413,103.42934011461847,-5.34464021663128e-05
2026-03-31,112243,1662,14412,0.531,587.9,7.6,1.293,22.0,everithingmotoracing,-13.0,3.142857142857143,2026-03,-0.01158201402314621,103.41736230121437,-0.00011580672748001675
2026-04-01,112242,1661,14413,0.502,557.4,6.1,1.094,21.0,everithingmotoracing,-1.0,3.0,2026-04,-0.0008909320931558596,103.4164409309525,-8.90924155627637e-06
2026-04-02,112224,1661,14413,0.474,526.0,6.3,1.198,20.0,everithingmotoracing,-18.0,2.857142857142857,2026-04,-0.0160393498716852,103.39985626623915,-0.0001603677767680889
2026-04-03,112219,1661,14413,0.478,530.3,6.3,1.188,20.0,everithingmotoracing,-5.0,2.857142857142857,2026-04,-0.004455573476862207,103.39524941492988,-4.455374964351666e-05
2026-04-04,112206,1661,14413,0.57,630.9,8.7,1.379,14.0,everithingmotoracing,-13.0,2.0,2026-04,-0.011585833199650643,103.38327160152578,-0.00011584491039839939
2026-04-05,112192,1661,14415,0.618,683.2,10.0,1.464,8.0,everithingmotoracing,-14.0,1.1428571428571428,2026-04,-0.012478608100399316,103.37037241785984,-0.00012477051138082285
2026-04-06,112188,1661,14416,0.623,689.0,10.0,1.451,3.0,everithingmotoracing,-4.0,0.42857142857142855,2026-04,-0.0035654437194708884,103.36668693681244,-3.5653166001181624e-05
2026-04-07,112173,1661,14416,0.641,708.7,9.8,1.383,3.0,everithingmotoracing,-15.0,0.42857142857142855,2026-04,-0.01337220186675938,103.35286638288463,-0.0001337041394801064
2026-04-08,112164,1661,14416,0.644,712.7,9.8,1.375,2.0,everithingmotoracing,-9.0,0.2857142857142857,2026-04,-0.0080239649085268,103.34457405052795,-8.023321120054216e-05
2026-04-09,112148,1660,14416,0.648,716.4,9.8,1.368,2.0,everithingmotoracing,-16.0,0.2857142857142857,2026-04,-0.014266861647109177,103.32983212633829,-0.00014264826504051253
2026-04-10,112137,1661,14416,0.65,718.8,9.8,1.363,2.0,everithingmotoracing,-11.0,0.2857142857142857,2026-04,-0.009809429537084103,103.31969705345789,-9.808467382388386e-05
2026-04-11,112128,1661,14416,0.651,720.2,9.8,1.361,2.0,everithingmotoracing,-9.0,0.2857142857142857,2026-04,-0.00802654109589041,103.31140472110123,-8.025896893981699e-05
2026-04-12,112119,1661,14417,0.654,723.3,9.8,1.355,1.0,everithingmotoracing,-9.0,0.14285714285714285,2026-04,-0.008027185401225484,103.30311238874455,-8.026541095895734e-05
2026-04-13,112105,1661,14417,0.569,628.8,9.3,1.479,1.0,everithingmotoracing,-14.0,0.14285714285714285,2026-04,-0.012488292226038089,103.29021320507859,-0.00012486732846350712
2026-04-14,112096,1661,14417,0.57,629.8,9.4,1.493,1.0,everithingmotoracing,-9.0,0.14285714285714285,2026-04,-0.008028832429346275,103.28192087272193,-8.028187859598912e-05
2026-04-15,112074,1661,14417,0.572,631.9,9.4,1.488,1.0,everithingmotoracing,-22.0,0.14285714285714285,2026-04,-0.019629887395827758,103.26165072696114,-0.00019626034827291416
2026-04-16,112057,1661,14417,0.573,632.8,9.4,1.485,1.0,everithingmotoracing,-17.0,0.14285714285714285,2026-04,-0.015170850549274029,103.24598743250964,-0.00015168549351318728
2026-04-17,112055,1661,14418,0.574,634.3,9.4,1.482,2.0,everithingmotoracing,-2.0,0.2857142857142857,2026-04,-0.0017848378028646648,103.24414469198592,-1.7848059469693922e-05
2026-04-18,112049,1661,14419,0.575,635.3,9.4,1.48,2.0,everithingmotoracing,-6.0,0.2857142857142857,2026-04,-0.00535480013208507,103.2386164704148,-5.354513408595274e-05
2026-04-19,112044,1661,14419,0.712,786.9,10.3,1.309,2.0,everithingmotoracing,-5.0,0.2857142857142857,2026-04,-0.004462532576487809,103.23400961910554,-4.4623334434001904e-05
2026-04-20,112038,1661,14419,0.705,781.2,9.0,1.152,2.0,everithingmotoracing,-6.0,0.2857142857142857,2026-04,-0.0053553258715792855,103.22848139753442,-5.355039091781144e-05
2026-04-21,112033,1661,14419,0.71,786.1,9.1,1.158,2.0,everithingmotoracing,-5.0,0.2857142857142857,2026-04,-0.004462970731837941,103.22387454622515,-4.462771559654577e-05
2026-04-22,112010,1661,14419,0.71,786.5,9.1,1.157,2.0,everithingmotoracing,-23.0,0.2857142857142857,2026-04,-0.02053388090349076,103.20268303020252,-0.00020529665366453287
2026-04-23,111992,1661,14419,0.712,787.8,9.1,1.155,2.0,everithingmotoracing,-18.0,0.2857142857142857,2026-04,-0.016072576612615186,103.18609836548916,-0.00016069993750555955
2026-04-24,111982,1660,14419,0.712,788.7,9.1,1.154,2.0,everithingmotoracing,-10.0,0.2857142857142857,2026-04,-0.00893000660820489,103.17688466287063,-8.929209229235902e-05
2026-04-25,111979,1660,14420,0.714,790.2,9.1,1.152,1.0,everithingmotoracing,-3.0,0.14285714285714285,2026-04,-0.0026790737549004726,103.17412055208506,-2.6790019824640687e-05
2026-04-26,111977,1660,14420,0.714,790.6,9.1,1.151,1.0,everithingmotoracing,-2.0,0.14285714285714285,2026-04,-0.0017860810702197772,103.17227781156136,-1.7860491699384085e-05
2026-04-27,111975,1660,14420,0.727,803.8,9.9,1.232,1.0,everithingmotoracing,-2.0,0.14285714285714285,2026-04,-0.0017861129716454564,103.17043507103764,-1.786081070220824e-05
2026-04-28,111955,1660,14420,0.728,805.6,9.9,1.229,1.0,everithingmotoracing,-20.0,0.14285714285714285,2026-04,-0.017864320485909517,103.15200766580057,-0.00017861129716456592
2026-04-29,111946,1660,14420,0.73,807.0,9.9,1.227,1.0,everithingmotoracing,-9.0,0.14285714285714285,2026-04,-0.008039590516856342,103.14371533344391,-8.038944218657917e-05
2026-04-30,111932,1660,14420,0.731,807.8,9.9,1.226,1.0,everithingmotoracing,-14.0,0.14285714285714285,2026-04,-0.012507593896294179,103.13081614977794,-0.00012506029692882503
2026-05-01,111927,1660,14420,0.731,807.9,9.9,1.225,1.0,everithingmotoracing,-5.0,0.14285714285714285,2026-05,-0.004467197369714189,103.12620929846868,-4.466997820107288e-05
2026-05-02,111919,1660,14420,0.731,808.6,9.9,1.224,1.0,everithingmotoracing,-8.0,0.14285714285714285,2026-05,-0.007148026697879717,103.11883833637386,-7.14751579153905e-05
2026-05-03,111910,1660,14420,0.732,809.0,9.9,1.224,0.0,everithingmotoracing,-9.0,0.0,2026-05,-0.008042176749173442,103.11054600401717,-8.041530035118871e-05
2026-05-04,111897,1660,14420,0.732,809.3,9.9,1.223,0.0,everithingmotoracing,-13.0,0.0,2026-05,-0.01161782710885904,103.09856819061307,-0.0001161647752658812
2026-05-05,111881,1660,14420,0.733,809.8,9.9,1.223,0.0,everithingmotoracing,-16.0,0.0,2026-05,-0.014300909001528408,103.08382626642343,-0.00014298864133976963
2026-05-06,111013,1658,14420,0.738,809.8,9.9,1.223,0.0,everithingmotoracing,-868.0,0.0,2026-05,-0.7818904092313512,102.28407687913466,-0.007758243133329179
2026-05-07,111003,1658,14420,0.739,810.6,9.9,1.221,0.0,everithingmotoracing,-10.0,0.0,2026-05,-0.00900876552885958,102.2748631765161,-9.007954023398934e-05
2026-05-08,110676,1658,14420,0.741,810.7,9.9,1.221,0.0,everithingmotoracing,-327.0,0.0,2026-05,-0.29545700964978855,101.97357510089005,-0.00294586632793703
2026-05-09,110654,1658,14420,0.743,811.8,9.9,1.22,0.0,everithingmotoracing,-22.0,0.0,2026-05,-0.01988179369927883,101.95330495512927,-0.00019877841627813364
2026-05-10,110635,1658,14420,0.743,812.0,9.9,1.219,0.0,everithingmotoracing,-19.0,0.0,2026-05,-0.01717358882812853,101.93579892015406,-0.00017170640013008942
2026-05-11,110633,1658,14420,0.743,812.1,9.9,1.219,0.0,everithingmotoracing,-2.0,0.0,2026-05,-0.0018077788724883172,101.93395617963034,-1.8077461924392857e-05
2026-05-12,110619,1658,14420,0.743,812.2,9.9,1.219,0.0,everithingmotoracing,-14.0,0.0,2026-05,-0.012656053661667525,101.92105699596439,-0.00012654452107419
2026-05-13,110606,1658,14420,0.744,812.5,9.9,1.218,0.0,everithingmotoracing,-13.0,0.0,2026-05,-0.011753431097770465,101.90907918256032,-0.00011752049828694933
2026-05-14,110619,1658,14420,0.744,812.6,9.9,1.218,0.0,everithingmotoracing,13.0,0.0,2026-05,0.011752049828691274,101.92105699596439,0.00011753431097760725
2026-05-15,110604,1658,14420,0.744,813.0,9.9,1.218,0.0,everithingmotoracing,-15.0,0.0,2026-05,-0.013561896495605946,101.90723644203659,-0.0001356005749464373
2026-05-16,110591,1657,14420,0.745,813.7,9.9,1.217,0.0,everithingmotoracing,-13.0,0.0,2026-05,-0.011755025273304338,101.89525862863252,-0.00011753643629530686
2026-05-17,110579,1656,14422,0.746,814.9,9.9,1.215,2.0,everithingmotoracing,-12.0,0.2857142857142857,2026-05,-0.010851970084735799,101.88420218549025,-0.00010850792559968792
2026-05-18,110570,1656,14422,0.746,815.3,9.9,1.214,2.0,everithingmotoracing,-9.0,0.2857142857142857,2026-05,-0.008139640047029032,101.87590985313358,-8.138977563554306e-05
2026-05-19,110554,1656,14422,0.936,1017.9,17.3,1.7,2.0,everithingmotoracing,-16.0,0.2857142857142857,2026-05,-0.014472565443131863,101.86116792894393,-0.0001447047119471634
2026-05-20,110543,1656,14422,0.938,1019.3,17.3,1.697,2.0,everithingmotoracing,-11.0,0.2857142857142857,2026-05,-0.009950878843526953,101.85103285606354,-9.949888742155633e-05
2026-05-21,110538,1656,14422,0.939,1020.3,17.3,1.696,2.0,everithingmotoracing,-5.0,0.2857142857142857,2026-05,-0.0045233313430675425,101.84642600475426,-4.523126747058015e-05
2026-05-22,110534,1656,14422,0.939,1020.6,17.3,1.695,2.0,everithingmotoracing,-4.0,0.2857142857142857,2026-05,-0.0036187960265619628,101.84274052370685,-3.6186650744562954e-05
2026-05-23,110524,1656,14422,0.939,1020.8,17.4,1.705,2.0,everithingmotoracing,-10.0,0.2857142857142857,2026-05,-0.009047808620752055,101.83352682108833,-9.046990066408078e-05
2026-05-24,110513,1656,14422,0.94,1020.8,17.5,1.714,0.0,everithingmotoracing,-11.0,0.0,2026-05,-0.009953580121795626,101.82339174820794,-9.952589482831176e-05
2026-05-25,110498,1656,14423,0.94,1020.8,17.5,1.714,0.0,everithingmotoracing,-15.0,0.0,2026-05,-0.013574906333146302,101.80957119428014,-0.00013573063802452268
2026-05-26,110485,1656,14423,0.94,1020.8,17.5,1.714,0.0,everithingmotoracing,-13.0,0.0,2026-05,-0.011766303118070327,101.79759338087604,-0.00011764918822054771
2026-05-27,110486,1656,14423,0.94,1020.9,17.5,1.714,0.0,everithingmotoracing,1.0,0.0,2026-05,0.0009050920478612675,101.7985147511379,9.051002398452468e-06
2026-05-28,110483,1656,14423,0.94,1021.0,17.4,1.704,0.0,everithingmotoracing,-3.0,0.0,2026-05,-0.0027153498728311144,101.79575064035234,-2.715276143583356e-05
2026-05-29,110483,1656,14424,0.94,1021.2,17.4,1.704,0.0,everithingmotoracing,0.0,0.0,2026-05,0.0,101.79575064035234,0.0
2026-05-30,110479,1657,14424,0.94,1021.4,17.4,1.704,0.0,everithingmotoracing,-4.0,0.0,2026-05,-0.0036205975796305178,101.79206515930493,-3.620466497111785e-05
2026-05-31,110477,1657,14424,0.941,1021.8,17.4,1.703,0.0,everithingmotoracing,-2.0,0.0,2026-05,-0.0018103315622256214,101.79022241878121,-1.8102987898171996e-05
2026-06-01,110474,1657,14424,0.941,1021.8,17.4,1.703,0.0,everithingmotoracing,-3.0,0.0,2026-06,-0.002715571084599091,101.78745830799565,-2.715497343341866e-05
2024-11-12,16626194,257,22534,0.318,52750.4,150.3,0.285,23.0,moto_gp,-400.0,3.2857142857142856,2024-11,-0.002405842251088854,100.0,
2024-11-13,16625369,257,22541,0.318,52592.1,348.0,0.662,27.0,moto_gp,-825.0,3.857142857142857,2024-11,-0.004962295874455478,99.99503795035713,-4.962049642875943e-05
2024-11-14,16626438,257,22550,0.495,81837.0,488.4,0.597,51.0,moto_gp,1069.0,7.285714285714286,2024-11,0.006429519058742467,100.00146756377318,6.4299324724848e-05
2024-11-15,16638664,257,22565,0.544,89979.7,530.3,0.589,85.0,moto_gp,12226.0,12.142857142857142,2024-11,0.07347945724488457,100.0750021321777,0.0007353348925367431
2024-11-16,16644793,257,22590,0.344,57164.0,47.0,0.082,161.0,moto_gp,6129.0,23.0,2024-11,0.03682232635755819,100.11186565007,0.0003683589018925737
2024-11-17,16660811,257,22620,0.206,34241.0,88.0,0.257,386.0,moto_gp,16018.0,55.142857142857146,2024-11,0.09614177845244148,100.20820760301486,0.0009623429981977516
2024-11-18,16668463,257,22642,0.676,112168.0,489.0,0.436,154.0,moto_gp,7652.0,22.0,2024-11,0.045907052137920575,100.25423136527817,0.0004592813639143767
2024-11-19,16677165,257,22673,0.3,49908.0,131.0,0.262,351.0,moto_gp,8702.0,50.142857142857146,2024-11,0.05217913236452359,100.30657046345061,0.0005220637319709454
2024-11-20,16684598,257,22684,0.814,135448.0,377.0,0.278,133.0,moto_gp,7433.0,19.0,2024-11,0.04455006947125726,100.3512770270815,0.0004456992540398108
2024-11-21,16690196,257,22690,0.866,143955.1,649.1,0.451,77.0,moto_gp,5598.0,11.0,2024-11,0.033540648653856434,100.38494678938548,0.00033551902179485005
2024-11-22,16693101,257,22694,0.704,117061.8,479.8,0.41,55.0,moto_gp,2905.0,7.857142857142857,2024-11,0.017402398751436295,100.40241921873401,0.00017405427713379495
2024-11-23,16696581,257,22696,0.598,99535.9,282.9,0.284,42.0,moto_gp,3480.0,6.0,2024-11,0.020842590468072478,100.42335004631849,0.00020846935509455378
2024-11-24,16699495,257,22698,0.564,93942.2,260.5,0.277,34.0,moto_gp,2914.0,4.857142857142857,2024-11,0.0174496294648431,100.44087660711767,0.00017452674891949016
2024-11-25,16701460,257,22702,0.481,80086.6,228.1,0.285,32.0,moto_gp,1965.0,4.571428571428571,2024-11,0.011765438470648674,100.45269530717613,0.00011766822888947814
2024-11-26,16702450,257,22706,0.451,75028.5,272.0,0.363,27.0,moto_gp,990.0,3.857142857142857,2024-11,0.005927274142416232,100.45864976674758,5.927625489032806e-05
2024-11-27,16702401,257,22708,0.487,80962.8,382.3,0.472,19.0,moto_gp,-49.0,2.7142857142857144,2024-11,-0.00029337099498449355,100.4583550510718,-2.9337013431884884e-06
2024-11-28,16703419,257,22709,0.485,80627.1,374.7,0.465,17.0,moto_gp,1018.0,2.4285714285714284,2024-11,0.0060945606405491,100.46447791960085,6.094932099887096e-05
2024-11-29,16703789,257,22712,0.557,92571.4,456.3,0.493,15.0,moto_gp,370.0,2.142857142857143,2024-11,0.0022150662942401872,100.4667033236831,2.2151153605154406e-05
2024-11-30,16704306,257,22716,0.537,89313.8,457.3,0.512,16.0,moto_gp,517.0,2.2857142857142856,2024-11,0.0030950103524205077,100.46981287479264,3.095106146266957e-05
2024-12-01,16704877,257,22718,0.445,73975.8,438.6,0.593,16.0,moto_gp,571.0,2.2857142857142856,2024-12,0.0034181634501110063,100.47324721460606,3.4182802925109e-05
2024-12-02,16704731,257,22723,0.466,77584.6,329.0,0.424,17.0,moto_gp,-146.0,2.4285714285714284,2024-12,-0.0008740038974587498,100.47236908218441,-8.739962586989947e-06
2024-12-03,16703889,257,22730,0.426,71070.9,128.8,0.181,21.0,moto_gp,-842.0,3.0,2024-12,-0.005040742308572573,100.46730478424588,-5.040488230545481e-05
2024-12-04,16702238,257,22733,0.425,70856.7,144.1,0.203,22.0,moto_gp,-1651.0,3.142857142857143,2024-12,-0.009884902849546271,100.4573746703545,-9.88392583307629e-05
2024-12-05,16702143,257,22736,0.399,66481.3,156.7,0.236,23.0,moto_gp,-95.0,3.2857142857142856,2024-12,-0.0005687892865005406,100.45680328281988,-5.687860513026166e-06
2024-12-06,16701868,257,22741,0.431,71736.1,169.9,0.237,24.0,moto_gp,-275.0,3.4285714285714284,2024-12,-0.0016465224129420734,100.45514926627223,-1.6464953030315144e-05
2024-12-07,16702260,257,22743,0.402,66990.8,161.1,0.24,23.0,moto_gp,392.0,3.2857142857142856,2024-12,0.0023469877729121688,100.4575069916783,2.3470428577310187e-05
2024-12-08,16702678,257,22748,0.397,66162.0,161.9,0.245,27.0,moto_gp,418.0,3.857142857142857,2024-12,0.0025025926980092655,100.4600210968307,2.5026553292839537e-05
2024-12-09,16704158,257,22752,0.433,72187.0,196.6,0.272,27.0,moto_gp,1480.0,3.857142857142857,2024-12,0.008860069450971429,100.46892271315973,8.860854528847106e-05
2024-12-10,16704709,257,22754,0.484,80574.1,197.8,0.245,20.0,moto_gp,551.0,2.857142857142857,2024-12,0.003298471107757699,100.47223676086061,3.29857991046012e-05
2024-12-11,16705449,257,22759,0.453,75303.9,304.5,0.404,21.0,moto_gp,740.0,3.0,2024-12,0.004429692371632752,100.47668756902513,4.4298886020754935e-05
2024-12-12,16706597,257,22765,0.461,76652.2,306.8,0.4,27.0,moto_gp,1148.0,3.857142857142857,2024-12,0.006871537034142859,100.48359233628574,6.872009246805533e-05
2024-12-13,16707717,257,22770,0.458,76177.4,337.6,0.443,32.0,moto_gp,1120.0,4.571428571428571,2024-12,0.006703489172099336,100.49032869458878,6.703938569896373e-05
2024-12-14,16709064,257,22772,0.413,68559.1,424.8,0.62,28.0,moto_gp,1347.0,4.0,2024-12,0.008061492852023308,100.49843036836934,8.062142781084525e-05
2024-12-15,16706828,257,22777,0.363,60281.6,438.5,0.727,28.0,moto_gp,-2236.0,4.0,2024-12,-0.013383749446633437,100.48498171018574,-0.00013381958438840602
2024-12-16,16706654,257,22776,0.368,61001.8,398.2,0.653,23.0,moto_gp,-174.0,3.2857142857142856,2024-12,-0.0010415011886880522,100.48393516880651,-1.0414903415578713e-05
2024-12-17,16706281,257,22780,0.365,60682.2,287.5,0.474,27.0,moto_gp,-373.0,3.857142857142857,2024-12,-0.0022326932008386547,100.48169172090738,-2.232643352761965e-05
2024-12-18,16707646,257,22785,0.355,58998.4,286.7,0.486,27.0,moto_gp,1365.0,3.857142857142857,2024-12,0.00816991214680991,100.48990165758921,8.170579675992329e-05
2024-12-19,16704691,257,22788,0.382,63669.9,119.6,0.188,22.0,moto_gp,-2955.0,3.142857142857143,2024-12,-0.017689641789842146,100.4721284979593,-0.0001768651310902758
2024-12-20,16703794,257,22790,0.37,61744.1,123.8,0.201,19.0,moto_gp,-897.0,2.7142857142857144,2024-12,-0.005370037489686475,100.46673339671123,-5.369749132144719e-05
2024-12-21,16703185,257,22793,0.424,70640.4,125.1,0.177,20.0,moto_gp,-609.0,2.857142857142857,2024-12,-0.0036460112248053295,100.46307050188395,-3.645878295677196e-05
2024-12-22,16704689,257,22795,0.426,71096.4,118.4,0.167,19.0,moto_gp,1504.0,2.7142857142857144,2024-12,0.009003460046457615,100.47211646874806,9.00427074237431e-05
2024-12-23,16704006,257,22799,0.421,70243.4,108.5,0.154,22.0,moto_gp,-683.0,3.142857142857143,2024-12,-0.004088839527476224,100.4680084931043,-4.088672348223632e-05
2024-12-24,16703931,257,22803,0.423,70577.5,109.4,0.155,22.0,moto_gp,-75.0,3.142857142857143,2024-12,-0.00044899610756294435,100.46755739768223,-4.489940915952673e-06
2024-12-25,16703052,257,22804,0.398,66432.9,128.7,0.194,19.0,moto_gp,-879.0,2.7142857142857144,2024-12,-0.005262511306316954,100.46227055933548,-5.262234380642994e-05
2024-12-26,16702385,239,22805,0.384,63975.5,134.5,0.21,17.0,moto_gp,-667.0,2.4285714285714284,2024-12,-0.003993441655188765,100.45825881738178,-3.993282185799085e-05
2024-12-27,16701523,239,22808,0.431,71767.7,208.4,0.29,18.0,moto_gp,-862.0,2.5714285714285716,2024-12,-0.00516120595708547,100.45307422733067,-5.160939590365121e-05
2024-12-28,16701167,239,22810,0.448,74576.3,238.9,0.32,17.0,moto_gp,-356.0,2.4285714285714284,2024-12,-0.0021315875710960796,100.4509330277272,-2.1315421354084485e-05
2024-12-29,16700179,239,22812,0.463,77045.9,247.3,0.321,17.0,moto_gp,-988.0,2.4285714285714284,2024-12,-0.005916104252535258,100.44499059736702,-5.915754270346962e-05
2024-12-30,16700090,239,22815,0.356,59268.6,221.3,0.373,16.0,moto_gp,-89.0,2.2857142857142856,2024-12,-0.0005329312596518941,100.44445529746615,-5.32928419505474e-06
2024-12-31,16699899,239,22819,0.386,64231.9,230.5,0.359,16.0,moto_gp,-191.0,2.2857142857142856,2024-12,-0.0011437194919562087,100.44330650779125,-1.1437064111663453e-05
2025-01-01,16698983,239,22824,0.343,57065.7,260.7,0.457,19.0,moto_gp,-916.0,2.7142857142857144,2025-01,-0.005485363988932739,100.43779712903627,-5.48506311325303e-05
2025-01-02,16698253,239,22827,0.344,57136.7,223.8,0.392,21.0,moto_gp,-730.0,3.0,2025-01,-0.004371714813519714,100.43340646692802,-4.3715237029728904e-05
2025-01-03,16697427,239,22831,0.343,57027.2,209.6,0.368,21.0,moto_gp,-826.0,3.0,2025-01,-0.004946869957868359,100.42843840267952,-4.946625254753645e-05
2025-01-04,16696315,239,22834,0.355,59038.9,218.1,0.369,22.0,moto_gp,-1112.0,3.142857142857143,2025-01,-0.006660152255153307,100.4217501612215,-6.659708708411927e-05
2025-01-05,16695483,239,22836,0.374,62245.0,205.6,0.33,22.0,moto_gp,-832.0,3.142857142857143,2025-01,-0.004983383829027289,100.41674600933924,-4.9831355002583066e-05
2025-01-06,16694262,239,22839,0.401,66710.2,213.0,0.319,22.0,moto_gp,-1221.0,3.142857142857143,2025-01,-0.007313890245642485,100.4094021758678,-7.313355354854334e-05
2025-01-07,16692710,239,22841,0.452,75342.7,173.7,0.231,20.0,moto_gp,-1552.0,2.857142857142857,2025-01,-0.009297471770611243,100.40006750793356,-9.296607421160896e-05
2025-01-08,16692043,239,22845,0.419,69715.4,187.4,0.269,20.0,moto_gp,-667.0,2.857142857142857,2025-01,-0.003995915898371457,100.39605576597988,-3.9957562313119865e-05
2025-01-09,16692239,239,22848,0.412,68550.8,182.1,0.266,20.0,moto_gp,196.0,2.857142857142857,2025-01,0.0011741983804569296,100.39723462868291,1.1742121680313744e-05
2025-01-10,16691799,239,22852,0.427,71068.8,210.5,0.296,21.0,moto_gp,-440.0,3.0,2025-01,-0.0026360250324126235,100.3945882022067,-2.6359555479693597e-05
2025-01-11,16691711,239,22853,0.365,60730.8,182.6,0.301,19.0,moto_gp,-88.0,2.7142857142857144,2025-01,-0.0005272077859483668,100.39405891691146,-5.272050064841771e-06
2025-01-12,16692089,239,22856,0.364,60525.6,167.3,0.276,20.0,moto_gp,378.0,2.857142857142857,2025-01,0.0022645457977129167,100.39633243783874,2.2645970805479365e-05
2025-01-13,16691192,239,22858,0.341,56745.8,161.3,0.284,19.0,moto_gp,-897.0,2.7142857142857144,2025-01,-0.00537409191626338,100.39093733659068,-5.3738031231431727e-05
2025-01-14,16689697,239,22866,0.35,58335.1,114.2,0.196,22.0,moto_gp,-1495.0,3.142857142857143,2025-01,-0.008957622178521274,100.38194550117723,-8.956819860439502e-05
2025-01-15,16689454,222,22869,0.311,51628.1,221.1,0.428,20.0,moto_gp,-243.0,2.857142857142857,2025-01,-0.0014560092858639953,100.3804839520097,-1.4559880865405717e-05
2025-01-16,16689232,222,22876,0.354,58771.3,294.2,0.501,23.0,moto_gp,-222.0,3.2857142857142856,2025-01,-0.001330199016946975,100.37914870956035,-1.3301813228894233e-05
2025-01-17,16688805,222,22882,0.365,60572.6,363.8,0.601,23.0,moto_gp,-427.0,3.2857142857142856,2025-01,-0.002558601409747433,100.3765804729573,-2.5585359470059466e-05
2025-01-18,16687738,222,22886,0.418,69453.4,374.3,0.539,27.0,moto_gp,-1067.0,3.857142857142857,2025-01,-0.006393916299500867,100.37016288875253,-6.393507503987816e-05
2025-01-19,16687727,222,22888,0.429,71213.4,384.2,0.54,24.0,moto_gp,-11.0,3.4285714285714284,2025-01,-6.591670633154533e-05,100.37009672809063,-6.591666288358056e-07
2025-01-20,16687295,222,22894,0.489,81322.6,349.1,0.429,29.0,moto_gp,-432.0,4.142857142857143,2025-01,-0.002588795847379698,100.36749841845945,-2.588728830477116e-05
2025-01-21,16686723,222,22897,0.47,78060.3,293.8,0.376,27.0,moto_gp,-572.0,3.857142857142857,2025-01,-0.003427874963826031,100.36405806404038,-3.427757464591341e-05
2025-01-22,16686809,222,22901,0.503,83550.9,456.8,0.547,28.0,moto_gp,86.0,4.0,2025-01,0.0005153771461038477,100.36457532012437,5.153798022572431e-06
2025-01-23,16686522,222,22903,0.465,77173.1,426.6,0.553,23.0,moto_gp,-287.0,3.2857142857142856,2025-01,-0.0017199509879889888,100.36284912830922,-1.71992140618471e-05
2025-01-24,16685552,222,22906,0.484,80220.4,482.5,0.601,22.0,moto_gp,-970.0,3.142857142857143,2025-01,-0.005813412705794809,100.35701496085032,-5.813074767768711e-05
2025-01-25,16686211,222,22912,0.453,75047.1,500.1,0.666,22.0,moto_gp,659.0,3.142857142857143,2025-01,0.003949368733261254,100.360978585959,3.949524714563779e-05
2025-01-26,16686534,222,22916,0.448,74225.0,486.8,0.656,24.0,moto_gp,323.0,3.4285714285714284,2025-01,0.0019356925770204886,100.36292130357675,1.9357300468092475e-05
2025-01-27,16685805,222,22922,0.268,44381.9,256.4,0.578,23.0,moto_gp,-729.0,3.2857142857142856,2025-01,-0.004368983096710048,100.35853665607415,-4.368792224918039e-05
2025-01-28,16684914,222,22928,0.259,42992.8,208.3,0.484,27.0,moto_gp,-891.0,3.857142857142857,2025-01,-0.005340153386466361,100.35317764245984,-5.33986822931487e-05
2025-01-29,16684804,222,22933,0.21,34874.7,198.8,0.57,32.0,moto_gp,-110.0,4.571428571428571,2025-01,-0.0006592825423660956,100.3525160358408,-6.592781958580929e-06
2025-01-30,16684289,222,22943,0.148,24503.1,148.3,0.605,49.0,moto_gp,-515.0,7.0,2025-01,-0.00308673627027199,100.34941851394252,-3.0866409938101746e-05
2025-01-31,16683556,222,22954,0.289,48053.4,202.5,0.421,53.0,moto_gp,-733.0,7.571428571428571,2025-01,-0.004393547754447553,100.3450098080174,-4.393354730314325e-05
2025-02-01,16683277,222,22961,0.375,62311.8,181.8,0.292,69.0,moto_gp,-279.0,9.857142857142858,2025-02,-0.0016723333191674514,100.34333173304726,-1.672305352651282e-05
2025-02-02,16683628,222,22966,0.418,69371.3,310.2,0.447,51.0,moto_gp,351.0,7.285714285714286,2025-02,0.0021038589448290263,100.3454428596226,2.103903207983926e-05
2025-02-03,16684961,222,22972,0.476,78995.6,376.5,0.477,50.0,moto_gp,1333.0,7.142857142857143,2025-02,0.007989230541204142,100.35346032892434,7.98986887025066e-05
2025-02-04,16684541,222,22984,0.393,65119.1,374.3,0.575,50.0,moto_gp,-420.0,7.142857142857143,2025-02,-0.0025173002961244185,100.3509341945607,-2.517236929711064e-05
2025-02-05,16693479,222,23001,0.186,30913.4,110.0,0.356,81.0,moto_gp,8938.0,11.571428571428571,2025-02,0.053541865060003364,100.40469273966129,0.0005357054773038605
2025-02-06,16697274,222,23009,0.715,118358.1,1008.2,0.852,78.0,moto_gp,3795.0,11.142857142857142,2025-02,0.02272826091252979,100.4275181680185,0.00022733427825327723
2025-02-07,16698977,222,23020,0.558,92625.3,540.5,0.584,71.0,moto_gp,1703.0,10.142857142857142,2025-02,0.0101982295083106,100.4377610414025,0.00010199269653243803
2025-02-08,16698926,222,23032,0.327,54386.8,213.4,0.392,71.0,moto_gp,-51.0,10.142857142857142,2025-02,-0.00030540886282147726,100.4374542965155,-3.054079300790491e-06
2025-02-09,16700271,222,23053,0.328,54598.3,232.3,0.425,78.0,moto_gp,1345.0,11.142857142857142,2025-02,0.008053761522792054,100.44554394108478,8.054410205771134e-05
2025-02-10,16700922,222,23061,0.515,85663.1,285.4,0.333,77.0,moto_gp,651.0,11.0,2025-02,0.0038979883865094397,100.44945944934842,3.898140335567568e-05
2025-02-11,16701929,222,23067,0.521,86804.4,259.9,0.299,65.0,moto_gp,1007.0,9.285714285714286,2025-02,0.006029243687959636,100.45551615721553,6.029607227664435e-05
2025-02-12,16702652,222,23078,0.364,60555.0,223.3,0.369,52.0,moto_gp,723.0,7.428571428571429,2025-02,0.004328653916755256,100.45986471708437,4.328841297307484e-05
2025-02-13,16703036,222,23092,0.243,40558.6,65.8,0.162,75.0,moto_gp,384.0,10.714285714285714,2025-02,0.0022989832507096315,100.46217432564542,2.2990361051578034e-05
2025-02-14,16704001,222,23095,0.332,55304.9,205.1,0.371,66.0,moto_gp,965.0,9.428571428571429,2025-02,0.005777059041124339,100.46797842007618,5.7773928045179446e-05
2025-02-15,16705492,222,23098,0.278,46325.1,197.4,0.426,51.0,moto_gp,1491.0,7.285714285714286,2025-02,0.008925208548182836,100.47694619706711,8.926005212761545e-05
2025-02-16,16706069,222,23101,0.303,50439.4,221.2,0.439,40.0,moto_gp,577.0,5.714285714285714,2025-02,0.0034538346513473634,100.4804166245143,3.4539539452094203e-05
2025-02-17,16706393,222,23109,0.31,51432.0,280.2,0.545,38.0,moto_gp,324.0,5.428571428571429,2025-02,0.001939377338962396,100.48236535673769,1.939414951546148e-05
2025-02-18,16706172,222,23113,0.33,54823.6,359.3,0.655,33.0,moto_gp,-221.0,4.714285714285714,2025-02,-0.0013228643880836375,100.48103612889396,-1.3228468886183897e-05
2025-02-19,16706341,222,23116,0.302,50137.0,343.9,0.686,28.0,moto_gp,169.0,4.0,2025-02,0.0010115919458366137,100.48205259724506,1.0116021791128915e-05
2025-02-20,16706413,222,23118,0.344,57127.2,392.4,0.687,21.0,moto_gp,72.0,3.0,2025-02,0.0004309722260547492,100.48248564885026,4.309740834429476e-06
2025-02-21,16706840,214,23122,0.313,51999.1,359.1,0.691,21.0,moto_gp,427.0,3.0,2025-02,0.002555839404698914,100.48505388545328,2.555904729528713e-05
2025-02-22,16706825,214,23124,0.287,47515.4,352.5,0.742,21.0,moto_gp,-15.0,3.0,2025-02,-8.97836662561558e-05,100.48496366636886,-8.978358564393218e-07
2025-02-23,16706787,214,23127,0.245,40576.2,288.2,0.71,22.0,moto_gp,-38.0,3.142857142857143,2025-02,-0.00022745247186068752,100.48473511135501,-2.2745195451534528e-06
2025-02-24,16706902,214,23138,0.204,33898.9,193.1,0.57,28.0,moto_gp,115.0,4.0,2025-02,0.00068833826881848,100.48542679100221,6.883430069493102e-06
2025-02-25,16707382,214,23146,0.258,42795.1,230.4,0.538,40.0,moto_gp,480.0,5.714285714285714,2025-02,0.002872981535946206,100.48831380170351,2.8730640785568085e-05
2025-02-26,16708310,214,23154,0.308,51208.6,329.8,0.644,52.0,moto_gp,928.0,7.428571428571429,2025-02,0.005554122469597464,100.49389535572604,5.554430969501034e-05
2025-02-27,16710010,214,23168,0.234,38827.5,249.1,0.642,68.0,moto_gp,1700.0,9.714285714285714,2025-02,0.010173542684893665,100.50412018529316,0.0001017457779990405
2025-02-28,16714649,214,23187,0.279,46562.0,152.0,0.326,121.0,moto_gp,4639.0,17.285714285714285,2025-02,0.02775409761820305,100.53202194080015,0.0002776180265602335
2025-03-01,16723231,214,23215,0.354,59005.0,170.0,0.288,231.0,moto_gp,8582.0,33.0,2025-03,0.05131783445435873,100.58363928629728,0.0005134418317729317
2025-03-02,16738204,214,23240,0.099,16556.0,31.0,0.187,129.0,moto_gp,14973.0,18.428571428571427,2025-03,0.08945404178369436,100.67369597636116,0.0008953413368504304
2025-03-03,16743374,214,23250,1.157,191973.3,1680.7,0.875,112.0,moto_gp,5170.0,16.0,2025-03,0.030877886380606442,100.70479148745648,0.00030887423764225375
2025-03-04,16745868,214,23258,0.635,105564.7,763.6,0.723,71.0,moto_gp,2494.0,10.142857142857142,2025-03,0.014893226197650667,100.71979191389202,0.00014895444609908104
2025-03-05,16747885,214,23262,0.404,67200.4,439.2,0.654,51.0,moto_gp,2017.0,7.285714285714286,2025-03,0.01204331173757164,100.73192337344314,0.00012044762325835734
2025-03-06,16749360,214,23265,0.363,60419.4,335.3,0.555,40.0,moto_gp,1475.0,5.714285714285714,2025-03,0.008806306629029408,100.74079491674401,8.807082207695771e-05
2025-03-07,16751363,214,23270,0.364,60582.8,317.1,0.523,38.0,moto_gp,2003.0,5.428571428571429,2025-03,0.01195723595745612,100.75284217181635,0.00011958665883349262
2025-03-08,16752848,214,23272,0.336,56062.6,296.9,0.53,33.0,moto_gp,1485.0,4.714285714285714,2025-03,0.00886416446922935,100.76177386117351,8.864950272990946e-05
2025-03-09,16753643,214,23274,0.301,50216.0,260.2,0.518,28.0,moto_gp,795.0,4.0,2025-03,0.004745236603167442,100.76655547264757,4.745461786548333e-05
2025-03-10,16754755,214,23282,0.276,45941.4,236.9,0.516,29.0,moto_gp,1112.0,4.142857142857143,2025-03,0.006636921876804525,100.77324371410559,6.637362393369095e-05
2025-03-11,16756890,214,23285,0.23,38291.7,189.7,0.495,28.0,moto_gp,2135.0,4.0,2025-03,0.012741027720537642,100.78608489712077,0.00012742651265273963
2025-03-12,16759432,214,23289,0.297,49592.7,258.5,0.521,27.0,moto_gp,2542.0,3.857142857142857,2025-03,0.015167578471633168,100.80137402462643,0.00015169879374998807
2025-03-13,16761454,214,23301,0.418,69695.8,343.7,0.493,40.0,moto_gp,2022.0,5.714285714285714,2025-03,0.01206339259112008,100.8135355572057,0.00012064848021098307
2025-03-14,16762070,214,23314,0.489,81748.0,157.0,0.192,52.0,moto_gp,616.0,7.428571428571429,2025-03,0.0036749637723741757,100.81724055427237,3.675098830924206e-05
2025-03-15,16767572,214,23338,0.438,73117.0,358.0,0.49,162.0,moto_gp,5502.0,23.142857142857142,2025-03,0.03281333755417898,100.85033291443611,0.00032824108239615235
2025-03-16,16777898,214,23364,0.094,15726.0,62.0,0.394,182.0,moto_gp,10326.0,26.0,2025-03,0.06154525435784626,100.91243973214796,0.0006158315586777263
2025-03-17,16785516,214,23382,0.381,63134.0,766.0,1.213,158.0,moto_gp,7618.0,22.571428571428573,2025-03,0.04538436590212657,100.95825899781994,0.0004540497266105614
2025-03-18,16788880,214,23387,0.503,83797.7,644.7,0.769,85.0,moto_gp,3364.0,12.142857142857142,2025-03,0.02003707215728506,100.9784921311516,0.0002004108780451208
2025-03-19,16791717,214,23390,0.404,67347.4,475.8,0.706,58.0,moto_gp,2837.0,8.285714285714286,2025-03,0.016895234716020998,100.99555556731745,0.00016898089687944484
2025-03-20,16794123,214,23395,0.338,56500.3,250.6,0.444,45.0,moto_gp,2406.0,6.428571428571429,2025-03,0.014326440267229196,101.01002670845776,0.00014328493030224543
2025-03-21,16796376,214,23399,0.354,59247.9,235.6,0.398,39.0,moto_gp,2253.0,5.571428571428571,2025-03,0.013413607792538106,101.02357761493701,0.00013415407282657554
2025-03-22,16799166,214,23401,0.3,50141.1,204.6,0.408,32.0,moto_gp,2790.0,4.571428571428571,2025-03,0.01660796732409216,101.04035836463837,0.00016610726028032374
2025-03-23,16802394,214,23406,0.258,43112.9,164.7,0.382,28.0,moto_gp,3228.0,4.0,2025-03,0.019211548068685927,101.05977351160465,0.00019215239613679103
2025-03-24,16802682,214,23414,0.23,38547.3,124.6,0.323,29.0,moto_gp,288.0,4.142857142857143,2025-03,0.0017140120844993676,101.06150571802543,1.714041463385385e-05
2025-03-25,16806292,214,23422,0.197,32919.9,169.9,0.516,33.0,moto_gp,3610.0,4.714285714285714,2025-03,0.021480050447772774,101.0832184443415,0.00021484665364734923
2025-03-26,16809836,214,23427,0.289,48270.3,263.1,0.545,32.0,moto_gp,3544.0,4.571428571428571,2025-03,0.021082894562445463,101.10453420668615,0.00021087340384173814
2025-03-27,16813460,214,23439,0.407,68099.1,328.8,0.483,49.0,moto_gp,3624.0,7.0,2025-03,0.021554159584047543,101.12633113748102,0.00021558806403576547
2025-03-28,16817687,214,23458,0.348,58471.0,125.0,0.214,143.0,moto_gp,4227.0,20.428571428571427,2025-03,0.025134253003995136,101.1517548754694,0.0002514057189895169
2025-03-29,16823827,214,23485,0.31,51839.0,236.0,0.455,163.0,moto_gp,6140.0,23.285714285714285,2025-03,0.03649585792816343,101.18868455402361,0.00036509182267452367
2025-03-30,16832280,214,23516,0.463,77587.0,320.0,0.412,184.0,moto_gp,8453.0,26.285714285714285,2025-03,0.05021898399979088,101.23952601539474,0.000502442161346428
2025-03-31,16839957,214,23529,0.35,58726.0,198.0,0.337,153.0,moto_gp,7677.0,21.857142857142858,2025-03,0.04558800239216763,101.28570014279876,0.00045608794530505037
2025-04-01,16844304,214,23539,0.501,83885.6,546.8,0.652,87.0,moto_gp,4347.0,12.428571428571429,2025-04,0.025806943403538667,101.31184563346247,0.000258136051060065
2025-04-02,16849475,214,23544,0.433,72568.8,463.6,0.639,59.0,moto_gp,5171.0,8.428571428571429,2025-04,0.03068938349711193,101.34294715916343,0.00030698804771045474
2025-04-03,16855897,214,23548,0.483,80934.1,423.7,0.524,48.0,moto_gp,6422.0,6.857142857142857,2025-04,0.038099425975372296,101.38157295650466,0.0003811394717045946
2025-04-04,16862765,214,23552,0.405,67869.1,421.3,0.621,39.0,moto_gp,6868.0,5.571428571428571,2025-04,0.04072878913985933,101.42288126795584,0.00040745384241480664
2025-04-05,16868822,214,23555,0.441,73910.2,451.9,0.611,33.0,moto_gp,6057.0,4.714285714285714,2025-04,0.035906478828219304,101.45931173424296,0.0003591937621143515
2025-04-06,16875675,214,23558,0.403,67670.6,327.7,0.484,32.0,moto_gp,6853.0,4.571428571428571,2025-04,0.04060874602052955,101.50052982660975,0.00040625243422454105
2025-04-07,16880756,214,23566,0.422,70825.1,333.9,0.471,28.0,moto_gp,5081.0,4.0,2025-04,0.030099362848441148,101.5310900378042,0.000301084252926076
2025-04-08,16884706,214,23570,0.262,43974.6,217.3,0.494,32.0,moto_gp,3950.0,4.571428571428571,2025-04,0.023393951899428986,101.55484773003371,0.00023399425949888197
2025-04-09,16888912,214,23573,0.276,46404.7,224.1,0.483,32.0,moto_gp,4206.0,4.571428571428571,2025-04,0.024903913289381813,101.58014516130392,0.0002491011688328104
2025-04-10,16892964,214,23588,0.437,73423.8,385.2,0.525,52.0,moto_gp,4052.0,7.428571428571429,2025-04,0.023986317617204416,101.60451634330742,0.00023992072431910927
2025-04-11,16897512,214,23604,0.13,21888.3,132.3,0.604,115.0,moto_gp,4548.0,16.428571428571427,2025-04,0.02691520503136793,101.6318707697023,0.000269224512643218
2025-04-12,16904430,214,23636,0.251,42353.0,121.0,0.286,476.0,moto_gp,6918.0,68.0,2025-04,0.0409241837790449,101.67347981143489,0.0004094093852395897
2025-04-13,16921160,214,23664,0.392,65721.0,547.0,0.832,175.0,moto_gp,16730.0,25.0,2025-04,0.09887029021650998,101.7741041635867,0.0009896814030405654
2025-04-14,16933708,214,23674,0.928,156498.0,615.0,0.393,142.0,moto_gp,12548.0,20.285714285714285,2025-04,0.07410072265330192,101.84957543500335,0.0007415567254254185
2025-04-15,16939982,214,23677,0.622,104369.8,1046.7,1.003,81.0,moto_gp,6274.0,11.571428571428571,2025-04,0.03703663911803448,101.88731107071168,0.00037050361326640413
2025-04-16,16944557,214,23681,0.596,100063.7,879.9,0.879,56.0,moto_gp,4575.0,8.0,2025-04,0.02699982065037168,101.91482789145849,0.00027007112522325905
2025-04-17,16947731,214,23683,0.55,92640.1,576.1,0.622,43.0,moto_gp,3174.0,6.142857142857143,2025-04,0.018728170750409008,101.93391824972089,0.00018731678851202638
2025-04-18,16950441,214,23687,0.534,89964.7,527.8,0.587,35.0,moto_gp,2710.0,5.0,2025-04,0.015987784624600623,101.95021783097202,0.0001599034112589326
2025-04-19,16952863,214,23690,0.508,85653.6,509.9,0.595,30.0,moto_gp,2422.0,4.285714285714286,2025-04,0.014286672404537216,101.96478520580237,0.00014288713786259066
2025-04-20,16955540,214,23695,0.428,72176.6,403.4,0.559,27.0,moto_gp,2677.0,3.857142857142857,2025-04,0.01578835000241809,101.98088630506777,0.0001579084311600365
2025-04-21,16957216,214,23699,0.358,60409.5,381.6,0.632,28.0,moto_gp,1676.0,4.0,2025-04,0.009883697890031006,101.99096678409984,9.884674861426745e-05
2025-04-22,16958825,214,23703,0.307,51779.4,342.9,0.662,27.0,moto_gp,1609.0,3.857142857142857,2025-04,0.009487685615011654,102.00064428455484,9.488585862205134e-05
2025-04-23,16960688,214,23711,0.342,57654.3,435.0,0.754,32.0,moto_gp,1863.0,4.571428571428571,2025-04,0.01098422422486635,102.01184949483928,0.00010985430889220993
2025-04-24,16963184,214,23726,0.33,55666.2,363.1,0.652,41.0,moto_gp,2496.0,5.857142857142857,2025-04,0.01471421874572604,102.0268619504861,0.00014716384146673533
2025-04-25,16966424,214,23742,0.766,129324.0,652.0,0.504,118.0,moto_gp,3240.0,16.857142857142858,2025-04,0.019096540319869407,102.0463492727199,0.00019100187794940382
2025-04-26,16971502,214,23769,0.424,71833.0,137.0,0.191,319.0,moto_gp,5078.0,45.57142857142857,2025-04,0.029920745965796074,102.07689144009748,0.0002992970115565097
2025-04-27,16981390,214,23803,0.18,30516.0,28.0,0.092,359.0,moto_gp,9888.0,51.285714285714285,2025-04,0.058228448907892694,102.13636386054439,0.0005826237418466995
2025-04-28,16985045,214,23810,0.845,141744.0,1832.0,1.292,128.0,moto_gp,3655.0,18.285714285714285,2025-04,0.021518930329592886,102.15834724411373,0.00021523561969893912
2025-04-29,16987706,214,23816,0.457,77247.4,352.7,0.457,76.0,moto_gp,2661.0,10.857142857142858,2025-04,0.015664269207390332,102.17435210968908,0.00015666723285101547
2025-04-30,16991155,214,23819,0.401,67958.0,258.9,0.381,54.0,moto_gp,3449.0,7.714285714285714,2025-04,0.020298796638604028,102.19509648449909,0.00020302917886616534
2025-05-01,16995229,214,23821,0.552,93451.5,309.2,0.331,41.0,moto_gp,4074.0,5.857142857142857,2025-05,0.02397143339463093,102.21959998782644,0.00023977181068612907
2025-05-02,16996717,214,23826,0.544,92168.4,251.8,0.273,35.0,moto_gp,1488.0,5.0,2025-05,0.008754631850374398,102.22854972100049,8.755398353277322e-05
2025-05-03,16999113,214,23829,0.525,88951.6,249.9,0.281,31.0,moto_gp,2396.0,4.428571428571429,2025-05,0.014094853066745305,102.24296071608453,0.00014096839995625388
2025-05-04,17002347,214,23830,0.482,81622.5,258.5,0.317,27.0,moto_gp,3234.0,3.857142857142857,2025-05,0.0190209034082177,102.26241195068457,0.00019024522044186476
2025-05-05,17007594,214,23840,0.535,90757.3,281.3,0.31,29.0,moto_gp,5247.0,4.142857142857143,2025-05,0.030850924592861283,102.29397058641322,0.0003086044532558674
2025-05-06,17011750,214,23844,0.392,66462.5,242.0,0.364,32.0,moto_gp,4156.0,4.571428571428571,2025-05,0.024430173262597908,102.31896728740205,0.0002443614305469577
2025-05-07,17013163,214,23849,0.393,66571.9,233.4,0.351,33.0,moto_gp,1413.0,4.714285714285714,2025-05,0.008305333934671642,102.327465925154,8.306023777682192e-05
2025-05-08,17013876,214,23865,0.329,55867.6,153.9,0.275,52.0,moto_gp,713.0,7.428571428571429,2025-05,0.004190697052217848,102.33175433896658,4.1908726789996464e-05
2025-05-09,17016115,214,23875,0.248,41872.0,287.0,0.685,80.0,moto_gp,2239.0,11.428571428571429,2025-05,0.013158115116170759,102.34522104096703,0.00013159846703958422
2025-05-10,17020579,214,23902,0.479,80817.0,642.0,0.794,352.0,moto_gp,4464.0,50.285714285714285,2025-05,0.02622707488388027,102.3720702404892,0.0002623395528298378
2025-05-11,17032738,214,23933,0.193,32721.0,130.0,0.397,362.0,moto_gp,12159.0,51.714285714285715,2025-05,0.07138605666335031,102.44520183031666,0.0007143705275831636
2025-05-12,17038076,214,23937,0.531,89206.0,1284.0,1.439,126.0,moto_gp,5338.0,18.0,2025-05,0.03132982855575946,102.47730779515744,0.00031339647213490807
2025-05-13,17041327,214,23944,0.742,125753.5,651.0,0.518,76.0,moto_gp,3251.0,10.857142857142858,2025-05,0.01907715285317863,102.49686127805317,0.00019080792925207923
2025-05-14,17042566,214,23948,0.676,114575.7,677.2,0.591,54.0,moto_gp,1239.0,7.714285714285714,2025-05,0.007270031989314285,102.50431337442592,7.270560561400963e-05
2025-05-15,17044211,214,23951,0.6,101707.3,581.0,0.571,41.0,moto_gp,1645.0,5.857142857142857,2025-05,0.00965137077920474,102.51420740068353,9.652302358698073e-05
2025-05-16,17046212,214,23955,0.484,82067.0,429.8,0.524,34.0,moto_gp,2001.0,4.857142857142857,2025-05,0.011738678364436627,102.5262426265446,0.00011740056491915674
2025-05-17,17048175,214,23958,0.487,82659.2,432.4,0.523,29.0,moto_gp,1963.0,4.142857142857143,2025-05,0.011514428963804044,102.53804929739181,0.00011515754937230227
2025-05-18,17051101,214,23960,0.366,62046.4,304.5,0.491,24.0,moto_gp,2926.0,3.4285714285714284,2025-05,0.017160182207588824,102.55564803345854,0.0001716312743151871
2025-05-19,17052983,214,23966,0.275,46627.8,216.5,0.464,27.0,moto_gp,1882.0,3.857142857142857,2025-05,0.011036192318962612,102.5669675212499,0.00011037410428804684
2025-05-20,17054724,214,23971,0.305,51952.9,129.4,0.249,27.0,moto_gp,1741.0,3.857142857142857,2025-05,0.010208315303138298,102.57743894964777,0.00010209357506552053
2025-05-21,17056305,214,23975,0.299,50791.0,139.3,0.274,27.0,moto_gp,1581.0,3.857142857142857,2025-05,0.009269299534688198,102.58694804114519,9.270158813468043e-05
2025-05-22,17057559,213,23986,0.405,68849.2,178.3,0.259,40.0,moto_gp,1254.0,5.714285714285714,2025-05,0.007351579437597138,102.59449035660235,7.352119934544987e-05
2025-05-23,17059262,213,24001,0.355,60246.8,311.4,0.517,69.0,moto_gp,1703.0,9.857142857142858,2025-05,0.009982846854688086,102.60473322998638,9.983843526506497e-05
2025-05-24,17062090,213,24026,0.083,14057.0,34.0,0.242,161.0,moto_gp,2828.0,23.0,2025-05,0.01657475725424025,102.62174253470158,0.0001657750493544441
2025-05-25,17069708,213,24056,0.184,30923.0,442.0,1.429,375.0,moto_gp,7618.0,53.57142857142857,2025-05,0.04462876576447588,102.66756180037355,0.0004464869192462029
2025-05-26,17074524,213,24062,0.564,94951.0,1412.0,1.487,121.0,moto_gp,4816.0,17.285714285714285,2025-05,0.028205764330531267,102.69652814107666,0.00028213722226522187
2025-05-27,17077769,213,24068,0.462,78253.2,607.3,0.776,76.0,moto_gp,3245.0,10.857142857142858,2025-05,0.01900131100262569,102.71604553633861,0.0001900492218700478
2025-05-28,17081116,213,24075,0.405,68574.6,589.3,0.859,55.0,moto_gp,3347.0,7.857142857142857,2025-05,0.019594738423414488,102.73617642137461,0.00019598578713653225
2025-05-29,17084609,213,24080,0.307,51979.2,389.9,0.75,43.0,moto_gp,3493.0,6.142857142857143,2025-05,0.0204453025527245,102.75718543883224,0.00020449483511497668
2025-05-30,17087507,213,24086,0.333,56416.4,467.7,0.829,39.0,moto_gp,2898.0,5.571428571428571,2025-05,0.016959758963083382,102.77461576594138,0.00016962635785233715
2025-05-31,17090455,213,24088,0.298,50454.0,417.9,0.828,33.0,moto_gp,2948.0,4.714285714285714,2025-05,0.01724939447194355,102.79234682333191,0.0001725237040137717
2025-06-01,17093369,213,24092,0.3,50977.1,381.8,0.749,33.0,moto_gp,2914.0,4.714285714285714,2025-06,0.01704754633214786,102.80987338413108,0.0001705045301603203
2025-06-02,17095791,213,24100,0.33,56124.4,362.4,0.646,33.0,moto_gp,2422.0,4.714285714285714,2025-06,0.014167229816976589,102.82444075896142,0.00014169237205385876
2025-06-03,17096553,213,24107,0.25,42641.9,155.2,0.364,33.0,moto_gp,762.0,4.714285714285714,2025-06,0.004457038796066084,102.82902388844977,4.457237456878538e-05
2025-06-04,17096667,213,24114,0.272,46401.9,184.4,0.397,50.0,moto_gp,114.0,7.142857142857143,2025-06,0.0006667966335192701,102.82970955349131,6.668010797294954e-06
2025-06-05,17096639,213,24124,0.3,51040.7,198.1,0.388,54.0,moto_gp,-28.0,7.714285714285714,2025-06,-0.0001637748799632489,102.82954114453374,-1.6377461173888719e-06
2025-06-06,17098233,213,24140,0.121,20671.0,52.0,0.252,117.0,moto_gp,1594.0,16.714285714285715,2025-06,0.00932260076231269,102.83912842590432,9.323469952193797e-05
2025-06-07,17100616,213,24167,0.187,31862.0,97.0,0.304,261.0,moto_gp,2383.0,37.285714285714285,2025-06,0.013935170522512173,102.85346123111519,0.00013937112682937958
2025-06-08,17104731,213,24199,0.123,20884.0,153.0,0.733,385.0,moto_gp,4115.0,55.0,2025-06,0.024057671529590263,102.87821133327326,0.0002406346063790199
2025-06-09,17106260,213,24209,0.487,82741.0,597.0,0.722,132.0,moto_gp,1529.0,18.857142857142858,2025-06,0.008938248337158443,102.88740766527806,8.939047331413263e-05
2025-06-10,17109544,214,24216,0.295,50237.8,267.3,0.532,79.0,moto_gp,3284.0,11.285714285714286,2025-06,0.019193965660335544,102.90715963015948,0.0001919765045077515
2025-06-11,17117876,214,24224,0.343,58577.2,191.8,0.327,56.0,moto_gp,8332.0,8.0,2025-06,0.048674263091986414,102.95727332424967,0.00048697966468314036
2025-06-12,17121220,214,24228,0.395,66946.9,649.0,0.969,59.0,moto_gp,3344.0,8.428571428571429,2025-06,0.019531318445764966,102.97738616546879,0.00019535133914971858
2025-06-13,17123002,214,24233,0.434,70514.5,3813.5,5.408,42.0,moto_gp,1782.0,6.0,2025-06,0.010407053622957001,102.98810419269738,0.00010408136803330414
2025-06-14,17124688,214,24234,0.403,65640.4,3359.6,5.118,34.0,moto_gp,1686.0,4.857142857142857,2025-06,0.00984543484821446,102.99824481778572,9.846404269531206e-05
2025-06-15,17127105,214,24237,0.394,64248.2,3228.1,5.024,31.0,moto_gp,2417.0,4.428571428571429,2025-06,0.014112133953753422,103.01278211958792,0.00014114125758091234
2025-06-16,17128072,214,24243,0.337,54295.4,3498.6,6.444,31.0,moto_gp,967.0,4.428571428571429,2025-06,0.005645702563604357,103.01859824322992,5.646021321181749e-05
2025-06-17,17128581,214,24250,0.208,35264.6,305.9,0.867,28.0,moto_gp,509.0,4.0,2025-06,0.002971641375312993,103.02165967749444,2.9717296844644636e-05
2025-06-18,17128923,215,24257,0.22,37421.1,260.1,0.695,29.0,moto_gp,342.0,4.142857142857143,2025-06,0.001996622905012767,103.02371667261912,1.9966627708312146e-05
2025-06-19,17129545,215,24270,0.217,36934.1,225.9,0.612,26.0,moto_gp,622.0,3.7142857142857144,2025-06,0.0036311530749941114,103.02745775731957,3.631284932503753e-05
2025-06-20,17130792,215,24280,0.284,48404.8,298.5,0.617,52.0,moto_gp,1247.0,7.428571428571429,2025-06,0.007279289830849618,103.03495797053735,7.279819750038996e-05
2025-06-21,17135367,215,24311,0.147,24908.0,209.0,0.839,332.0,moto_gp,4575.0,47.42857142857143,2025-06,0.02669916553290046,103.06247479128416,0.00026706295891054666
2025-06-22,17154810,215,24348,0.168,28755.0,72.0,0.25,188.0,moto_gp,19443.0,26.857142857142858,2025-06,0.11333847474848163,103.17941676850397,0.0011346707660244704
2025-06-23,17164129,215,24359,1.09,184497.0,2549.0,1.382,129.0,moto_gp,9319.0,18.428571428571427,2025-06,0.05429346283752586,103.2354668783487,0.0005432295665179776
2025-06-24,17167632,215,24364,0.526,89627.2,590.9,0.659,76.0,moto_gp,3503.0,10.857142857142858,2025-06,0.020404677826272137,103.25653604186262,0.00020408842184771459
2025-06-25,17170338,215,24372,0.5,84943.3,831.0,0.978,64.0,moto_gp,2706.0,9.142857142857142,2025-06,0.0157597363546367,103.27281156469124,0.00015762220439019536
2025-06-26,17173084,215,24384,0.387,65485.3,956.5,1.461,49.0,moto_gp,2746.0,7.0,2025-06,0.015990138987266353,103.28932767174497,0.0001599269624161792
2025-06-27,17177456,215,24407,0.594,101660.0,352.0,0.346,142.0,moto_gp,4372.0,20.285714285714285,2025-06,0.025451964481818495,103.31562352754935,0.0002545844415597909
2025-06-28,17182102,215,24440,0.495,84103.0,871.0,1.036,334.0,moto_gp,4646.0,47.714285714285715,2025-06,0.02703976498335303,103.34356738529576,0.00027047078449804474
2025-06-29,17189787,215,24474,0.249,41473.0,1365.0,3.291,375.0,moto_gp,7685.0,53.57142857142857,2025-06,0.044706778507494015,103.3897896295448,0.00044726774407455316
2025-06-30,17195954,215,24479,0.257,43964.0,273.0,0.621,195.0,moto_gp,6167.0,27.857142857142858,2025-06,0.03586308732856578,103.42688170245096,0.00035875953553121676
2025-07-01,17200774,215,24484,0.466,79450.9,782.2,0.985,95.0,moto_gp,4820.0,13.571428571428571,2025-07,0.0280219948241864,103.45587210157659,0.00028029849347110947
2025-07-02,17202721,215,24490,0.446,75909.9,739.0,0.974,63.0,moto_gp,1947.0,9.0,2025-07,0.0113179769642256,103.46758253873377,0.00011319258075248584
2025-07-03,17205767,215,24493,0.397,67719.5,532.7,0.787,41.0,moto_gp,3046.0,5.857142857142857,2025-07,0.01770336655145917,103.4859030274758,0.0001770650119827799
2025-07-04,17208738,215,24501,0.252,43068.9,221.5,0.514,38.0,moto_gp,2971.0,5.428571428571429,2025-07,0.01726448505404638,103.50377242079576,0.00017267466193171543
2025-07-05,17212357,215,24504,0.244,41690.0,234.4,0.562,33.0,moto_gp,3619.0,4.714285714285714,2025-07,0.0210255922532864,103.52553927856249,0.00021030013938272418
2025-07-06,17217254,215,24507,0.246,42044.5,289.3,0.688,30.0,moto_gp,4897.0,4.285714285714286,2025-07,0.028442398538117634,103.55499280232145,0.000284504905400329
2025-07-07,17221555,215,24515,0.242,41420.6,292.4,0.706,35.0,moto_gp,4301.0,5.0,2025-07,0.02497451594818238,103.58086162112627,0.0002498075477077588
2025-07-08,17225532,215,24519,0.212,36304.2,298.6,0.822,39.0,moto_gp,3977.0,5.571428571428571,2025-07,0.0230878210321748,103.60478170770773,0.0002309315273794077
2025-07-09,17228529,215,24531,0.269,46113.6,285.9,0.62,36.0,moto_gp,2997.0,5.142857142857143,2025-07,0.017395565227884515,103.62280748077401,0.0001739859181126846
2025-07-10,17232623,215,24542,0.361,61790.7,363.7,0.589,57.0,moto_gp,4094.0,8.142857142857142,2025-07,0.023757265507404184,103.6474312762139,0.0002376291092525129
2025-07-11,17237051,215,24560,0.311,53380.7,305.8,0.573,81.0,moto_gp,4428.0,11.571428571428571,2025-07,0.025688848980025644,103.67406394993345,0.0002569544984534211
2025-07-12,17243688,216,24589,0.171,29249.0,255.0,0.872,100.0,moto_gp,6637.0,14.285714285714286,2025-07,0.038489446109208195,103.71398288748466,0.00038504266187988634
2025-07-13,17270233,216,24621,0.133,22954.0,41.0,0.179,360.0,moto_gp,26545.0,51.42857142857143,2025-07,0.1537037745813852,103.87364059387254,0.0015394038676646016
2025-07-14,17313246,216,24633,0.325,55905.0,431.0,0.771,131.0,moto_gp,43013.0,18.714285714285715,2025-07,0.2484398361809218,104.13234682573776,0.002490585969511905
2025-07-15,17325810,216,24637,1.012,174240.5,1141.4,0.655,76.0,moto_gp,12564.0,10.857142857142858,2025-07,0.07251609015682384,104.20791433084445,0.0007256871415100008
2025-07-16,17334239,216,24649,0.645,111019.5,843.1,0.759,65.0,moto_gp,8429.0,9.285714285714286,2025-07,0.04862630542938747,104.25861144168051,0.00048649962108560096
2025-07-17,17341723,216,24664,0.702,120733.2,993.3,0.823,59.0,moto_gp,7484.0,8.428571428571429,2025-07,0.04315603472619185,104.30362475019838,0.00043174667200562844
2025-07-18,17348559,216,24686,0.2,33793.0,923.0,2.731,144.0,moto_gp,6836.0,20.571428571428573,2025-07,0.039403849045906346,104.3447405942695,0.0003941938179961024
2025-07-19,17356631,216,24714,0.086,14960.0,37.0,0.247,155.0,moto_gp,8072.0,22.142857142857142,2025-07,0.04650672126405176,104.39329049089648,0.00046528360078790243
2025-07-20,17365942,216,24739,0.115,19899.0,43.0,0.216,199.0,moto_gp,9311.0,28.428571428571427,2025-07,0.05361644073209504,104.44929248389619,0.0005364520338078105
2025-07-21,17371702,216,24747,0.191,33102.0,64.0,0.193,170.0,moto_gp,5760.0,24.285714285714285,2025-07,0.03315737283543087,104.48393661231188,0.00033168370595726415
2025-07-22,17376337,216,24754,0.477,82345.8,505.5,0.614,76.0,moto_gp,4635.0,10.857142857142858,2025-07,0.026674206422216604,104.51181430939636,0.00026681323453514594
2025-07-23,17380074,216,24759,0.348,60195.3,343.8,0.571,54.0,moto_gp,3737.0,7.714285714285714,2025-07,0.02150163457301735,104.53429089062716,0.00021506258770198627
2025-07-24,17383704,216,24763,0.359,62044.5,308.6,0.497,47.0,moto_gp,3630.0,6.714285714285714,2025-07,0.020881625688058195,104.5561239090558,0.0002088598702167932
2025-07-25,17387139,216,24767,0.354,61355.9,262.8,0.428,39.0,moto_gp,3435.0,5.571428571428571,2025-07,0.0197559817057884,104.57678407938702,0.00019759885465142624
2025-07-26,17393165,216,24770,0.345,59683.0,376.3,0.63,36.0,moto_gp,6026.0,5.142857142857143,2025-07,0.034645793333185765,104.61302809289967,0.00034657800803228334
2025-07-27,17401788,216,24773,0.301,51986.7,342.9,0.66,31.0,moto_gp,8623.0,4.428571428571429,2025-07,0.04955237933021595,104.66489203722753,0.0004957694588649808
2025-07-28,17409033,216,24777,0.264,45687.2,240.2,0.526,28.0,moto_gp,7245.0,4.0,2025-07,0.04161632642088736,104.70846785500036,0.00041633652817751887
2025-07-29,17415750,216,24782,0.247,42794.1,250.9,0.586,27.0,moto_gp,6717.0,3.857142857142857,2025-07,0.038568537100038755,104.74886796100178,0.0003858341815998756
2025-07-30,17421892,216,24786,0.238,41189.4,258.2,0.627,26.0,moto_gp,6142.0,3.7142857142857144,2025-07,0.035254494747183604,104.78580966876724,0.0003526692792443775
2025-07-31,17427292,216,24791,0.176,30449.1,166.4,0.546,26.0,moto_gp,5400.0,3.7142857142857144,2025-07,0.030985881225838185,104.81828853915695,0.00030995485450135973
2025-08-01,17429041,216,24794,0.176,30598.1,108.3,0.354,23.0,moto_gp,1749.0,3.2857142857142856,2025-08,0.010034975533077237,104.82880808439982,0.00010035982641487529
2025-08-02,17432404,216,24797,0.178,30887.9,113.6,0.368,22.0,moto_gp,3363.0,3.142857142857143,2025-08,0.019291659371822728,104.84903520312588,0.00019295381771144982
2025-08-03,17437094,216,24802,0.233,40428.4,143.3,0.354,23.0,moto_gp,4690.0,3.2857142857142856,2025-08,0.02689668358729958,104.87724370351987,0.00026903919849496916
2025-08-04,17439429,216,24805,0.201,34838.7,136.7,0.392,22.0,moto_gp,2335.0,3.142857142857143,2025-08,0.013389199841348016,104.89128780766062,0.00013390992788142597
2025-08-05,17441892,216,24811,0.207,36005.8,126.1,0.35,22.0,moto_gp,2463.0,3.142857142857143,2025-08,0.014121174468916562,104.9061017813217,0.00014123168826229993
2025-08-06,17444261,216,24814,0.307,53347.5,242.8,0.455,19.0,moto_gp,2369.0,2.7142857142857144,2025-08,0.0135803975874931,104.92035038205375,0.0001358224210996628
2025-08-07,17448655,216,24820,0.333,57900.1,257.4,0.445,19.0,moto_gp,4394.0,2.7142857142857144,2025-08,0.025182456756695573,104.94677855918198,0.00025188799915332183
2025-08-08,17451574,215,24825,0.302,52501.9,235.0,0.448,20.0,moto_gp,2919.0,2.857142857142857,2025-08,0.016726284975784992,104.96433519300929,0.00016729083129907174
2025-08-09,17453865,215,24829,0.313,54429.5,236.9,0.435,21.0,moto_gp,2291.0,3.0,2025-08,0.01312603254350827,104.97811465450239,0.00013127755696995536
2025-08-10,17455812,215,24832,0.283,49152.5,199.9,0.407,21.0,moto_gp,1947.0,3.0,2025-08,0.011153878146716978,104.98982509165957,0.0001115512237548355
2025-08-11,17456786,215,24839,0.192,33427.5,167.8,0.502,27.0,moto_gp,974.0,3.857142857142857,2025-08,0.005579492124151605,104.995683317541,5.579803448840792e-05
2025-08-12,17458444,215,24846,0.17,29493.4,107.3,0.364,30.0,moto_gp,1658.0,4.285714285714286,2025-08,0.009496837175180102,105.00565553367174,9.49773916001373e-05
2025-08-13,17460725,215,24854,0.259,45089.3,182.7,0.405,39.0,moto_gp,2281.0,5.571428571428571,2025-08,0.013063604174511653,105.01937484910857,0.00013065310975024502
2025-08-14,17464192,215,24864,0.355,61731.1,203.2,0.329,51.0,moto_gp,3467.0,7.285714285714286,2025-08,0.019852049267438197,105.04022748681989,0.00019855991088579827
2025-08-15,17468235,209,24881,0.314,54720.5,168.9,0.309,56.0,moto_gp,4043.0,8.0,2025-08,0.02314486838538639,105.06454453737277,0.0002315022647483289
2025-08-16,17473655,209,24907,0.204,35536.3,161.0,0.453,95.0,moto_gp,5420.0,13.571428571428571,2025-08,0.03101812414174367,105.09714369987502,0.0003102774836725164
2025-08-17,17479632,209,24942,0.192,33423.0,213.0,0.637,178.0,moto_gp,5977.0,25.428571428571427,2025-08,0.034194083719840326,105.13309299771191,0.00034205780072915637
2025-08-18,17483307,209,24952,0.205,35742.0,114.0,0.319,192.0,moto_gp,3675.0,27.428571428571427,2025-08,0.021020050726101188,105.15519667339379,0.00021024470080366342
2025-08-19,17486551,209,24961,0.464,80575.3,621.8,0.772,97.0,moto_gp,3244.0,13.857142857142858,2025-08,0.018551399872965228,105.17470805405014,0.0001855484205590674
2025-08-20,17490066,209,24973,0.276,47861.8,439.5,0.918,67.0,moto_gp,3515.0,9.571428571428571,2025-08,0.02009712256088685,105.19584939283158,0.000201011623161218
2025-08-21,17492686,209,24991,0.272,47389.2,162.4,0.343,70.0,moto_gp,2620.0,10.0,2025-08,0.014977688389307395,105.2116076595762,0.0001497993203685155
2025-08-22,17495706,208,25010,0.426,74453.0,142.0,0.191,118.0,moto_gp,3020.0,16.857142857142858,2025-08,0.01726137830619696,105.22977176857194,0.00017264358372415245
2025-08-23,17500759,208,25041,0.159,27598.0,165.3,0.599,100.0,moto_gp,5053.0,14.285714285714286,2025-08,0.028873033449577815,105.2601635708088,0.00028881372377886905
2025-08-24,17510856,208,25069,0.1,17402.0,137.0,0.787,206.0,moto_gp,10097.0,29.428571428571427,2025-08,0.05766137303624677,105.32089304383192,0.0005769464055815909
2025-08-25,17517090,208,25079,0.169,29447.0,210.0,0.713,186.0,moto_gp,6234.0,26.571428571428573,2025-08,0.035588102818447584,105.35838809531515,0.0003560077245794435
2025-08-26,17521381,208,25082,0.379,65948.1,479.4,0.727,95.0,moto_gp,4291.0,13.571428571428571,2025-08,0.024490078721534563,105.3841967680637,0.00024496077830282736
2025-08-27,17525660,208,25083,0.324,56416.0,371.2,0.658,54.0,moto_gp,4279.0,7.714285714285714,2025-08,0.02441562828446974,105.40993326554471,0.00024421590969336826
2025-08-28,17529847,208,25088,0.314,54772.4,327.0,0.597,47.0,moto_gp,4187.0,6.714285714285714,2025-08,0.02388497743306031,105.43511641930799,0.00023890683717464611
2025-08-29,17534655,208,25092,0.283,49297.5,254.7,0.517,38.0,moto_gp,4808.0,5.428571428571429,2025-08,0.027419986307115826,105.46403464316607,0.0002742750692577012
2025-08-30,17540725,208,25094,0.265,46203.8,223.9,0.485,32.0,moto_gp,6070.0,4.571428571428571,2025-08,0.03460518308108701,105.50054329932634,0.0003461716241350832
2025-08-31,17546972,208,25098,0.239,41736.2,206.8,0.495,28.0,moto_gp,6247.0,4.0,2025-08,0.03560158413656783,105.53811654068272,0.0003561426337850282
2025-09-01,17553020,208,25111,0.22,38548.9,146.9,0.381,35.0,moto_gp,6048.0,5.0,2025-09,0.03445560934813496,105.57449287551918,0.00034467485330225145
2025-09-02,17557684,209,25122,0.175,30558.6,145.8,0.477,49.0,moto_gp,4664.0,7.0,2025-09,0.026563867990789674,105.6025449961669,0.0002657092625657498
2025-09-03,17562429,209,25130,0.251,43856.2,244.1,0.557,67.0,moto_gp,4745.0,9.571428571428571,2025-09,0.027017902819706775,105.63108429987042,0.0002702520446318246
2025-09-04,17567699,209,25150,0.295,51583.7,284.9,0.552,58.0,moto_gp,5270.0,8.285714285714286,2025-09,0.029998237105496855,105.66278127152853,0.0003000723874813094
2025-09-05,17574611,210,25176,0.246,43090.3,125.3,0.291,98.0,moto_gp,6912.0,14.0,2025-09,0.03932946225666104,105.70435422562734,0.0003934493640858072
2025-09-06,17582101,210,25213,0.418,73438.0,122.0,0.166,168.0,moto_gp,7490.0,24.0,2025-09,0.04260014204218256,105.74940362177898,0.0004261829749745427
2025-09-07,17593230,210,25242,0.147,25710.0,108.0,0.42,278.0,moto_gp,11129.0,39.714285714285715,2025-09,0.06325728703597919,105.8163401678099,0.0006329732720793402
2025-09-08,17602857,210,25260,0.114,20059.0,52.0,0.259,184.0,moto_gp,9627.0,26.285714285714285,2025-09,0.05468998583582199,105.87424277618797,0.0005471991214802685
2025-09-09,17611784,210,25269,0.649,113959.5,393.3,0.345,77.0,moto_gp,8927.0,11.0,2025-09,0.050687653221275025,105.92793516062666,0.0005071335863262583
2025-09-10,17616632,210,25277,0.581,101941.8,349.3,0.343,82.0,moto_gp,4848.0,11.714285714285714,2025-09,0.027519448666464736,105.95709396870984,0.00027527023951701146
2025-09-11,17619701,210,25295,0.234,41109.2,162.9,0.396,62.0,moto_gp,3069.0,8.857142857142858,2025-09,0.017418002723201716,105.97555279338134,0.00017421037119924598
2025-09-12,17623737,210,25314,0.216,37888.0,109.0,0.288,140.0,moto_gp,4036.0,20.0,2025-09,0.02290093185117322,105.99982774169483,0.00022906177579296028
2025-09-13,17631373,210,25344,0.318,55641.0,476.3,0.856,108.0,moto_gp,7636.0,15.428571428571429,2025-09,0.04330916259329321,106.04575527026812,0.00043327927555880663
2025-09-14,17641407,210,25367,0.255,44757.0,240.0,0.536,180.0,moto_gp,10034.0,25.714285714285715,2025-09,0.05687754950611366,106.10610582313666,0.0005690991847315807
2025-09-15,17647146,210,25382,0.58,101180.0,1252.0,1.237,132.0,moto_gp,5739.0,18.857142857142858,2025-09,0.032520839347053625,106.14062364483416,0.00032531418837500325
2025-09-16,17650417,210,25391,0.531,92893.8,791.3,0.852,98.0,moto_gp,3271.0,14.0,2025-09,0.018532140062186633,106.16029741984245,0.00018535575100919743
2025-09-17,17653083,210,25400,0.358,62992.6,187.5,0.298,83.0,moto_gp,2666.0,11.857142857142858,2025-09,0.015102177902862631,106.17633235844595,0.00015104459005121917
2025-09-18,17654309,210,25409,0.315,55324.4,199.2,0.36,63.0,moto_gp,1226.0,9.0,2025-09,0.006944480239923296,106.18370626494553,6.944962531463261e-05
2025-09-19,17655990,210,25411,0.338,59344.9,304.6,0.513,49.0,moto_gp,1681.0,7.0,2025-09,0.009520848165410153,106.19381681700575,9.521754717223274e-05
2025-09-20,17658560,210,25414,0.302,53146.8,250.0,0.47,40.0,moto_gp,2570.0,5.714285714285714,2025-09,0.014553848105394777,106.20927435346898,0.00014555966558660316
2025-09-21,17661230,210,25419,0.27,47457.1,240.3,0.506,36.0,moto_gp,2670.0,5.142857142857143,2025-09,0.015117859854608088,106.22533335049499,0.00015120145697045118
2025-09-22,17662518,210,25428,0.225,39545.6,273.4,0.691,38.0,moto_gp,1288.0,5.428571428571429,2025-09,0.007292278484868352,106.23308016254352,7.292810296899432e-05
2025-09-23,17663366,210,25438,0.16,28199.0,136.4,0.484,36.0,moto_gp,848.0,5.142857142857143,2025-09,0.004800896952483462,106.23818054811582,4.8011274496717604e-05
2025-09-24,17664764,210,25444,0.33,57677.8,537.5,0.932,52.0,moto_gp,1398.0,7.428571428571429,2025-09,0.00791405987648632,106.24658896678338,7.914686249499425e-05
2025-09-25,17666517,210,25456,0.489,85826.8,568.7,0.663,58.0,moto_gp,1753.0,8.285714285714286,2025-09,0.009922725571769467,106.25713257044877,9.923710274306607e-05
2025-09-26,17668893,210,25470,0.686,120639.5,487.5,0.404,95.0,moto_gp,2376.0,13.571428571428571,2025-09,0.013447361982439987,106.27142327342025,0.0001344917054109107
2025-09-27,17674661,210,25497,0.673,117333.0,1615.0,1.376,210.0,moto_gp,5768.0,30.0,2025-09,0.032634289280003725,106.30611551868094,0.0003264494272505747
2025-09-28,17702770,210,25534,0.296,51991.0,392.0,0.754,378.0,moto_gp,28109.0,54.0,2025-09,0.1587830605040906,106.47518006827059,0.001590355820686007
2025-09-29,17716879,210,25543,0.354,62492.0,261.0,0.418,161.0,moto_gp,14109.0,23.0,2025-09,0.07963592233146707,106.56004013907211,0.0007969939167711271
2025-09-30,17723165,210,25558,1.047,184619.3,1029.1,0.557,88.0,moto_gp,6286.0,12.571428571428571,2025-09,0.03546770568349389,106.59784795004799,0.00035480289728240244
2025-10-01,17728046,210,25571,0.441,77128.4,976.2,1.266,94.0,moto_gp,4881.0,13.428571428571429,2025-10,0.027532645165744718,106.62720524011688,0.0002754022771891407
2025-10-02,17731627,210,25586,0.315,55698.0,199.7,0.359,94.0,moto_gp,3581.0,13.428571428571429,2025-10,0.020195552275039396,106.64874354286977,0.00020199631702211285
2025-10-03,17736612,210,25601,0.266,46824.4,290.8,0.621,103.0,moto_gp,4985.0,14.714285714285714,2025-10,0.028105705869869622,106.67872635192394,0.0002811360739767288
2025-10-04,17746931,210,25624,0.242,42596.0,375.0,0.88,125.0,moto_gp,10319.0,17.857142857142858,2025-10,0.05814526466576108,106.74079106739643,0.0005817909305338986
2025-10-05,17765448,210,25647,0.272,48095.0,154.0,0.32,184.0,moto_gp,18517.0,26.285714285714285,2025-10,0.10423041400363221,106.85216351980496,0.001043391671495142
2025-10-06,17772171,210,25656,0.173,30560.0,145.0,0.474,127.0,moto_gp,6723.0,18.142857142857142,2025-10,0.037828805495963326,106.89259971344013,0.00037843121096625687
2025-10-07,17774827,210,25662,0.566,99745.6,772.6,0.775,69.0,moto_gp,2656.0,9.857142857142858,2025-10,0.014942480171536971,106.90857450598736,0.00014944713282361022
2025-10-08,17775643,210,25669,0.572,100823.2,868.1,0.861,58.0,moto_gp,816.0,8.285714285714286,2025-10,0.004590551239130984,106.91348242417958,4.590761980405311e-05
2025-10-09,17777305,210,25678,0.468,82501.8,648.5,0.786,45.0,moto_gp,1662.0,6.428571428571429,2025-10,0.009348998624932181,106.92347869873286,9.349872744413013e-05
2025-10-10,17778919,210,25682,0.434,76514.7,565.1,0.739,42.0,moto_gp,1614.0,6.0,2025-10,0.00907816723840184,106.93318627221599,9.078991444422257e-05
2025-10-11,17779021,210,25685,0.329,58336.5,228.1,0.391,44.0,moto_gp,102.0,6.285714285714286,2025-10,0.0005737098797509717,106.93379976199002,5.737131711924803e-06
2025-10-12,17780680,210,25689,0.288,51059.3,223.7,0.438,37.0,moto_gp,1659.0,5.285714285714286,2025-10,0.009330351820065374,106.94377799272641,9.331222455943866e-05
2025-10-13,17781492,210,25698,0.212,37524.1,154.3,0.411,37.0,moto_gp,812.0,5.285714285714286,2025-10,0.004566545934390658,106.94866185249612,4.566754477330903e-05
2025-10-14,17782360,210,25708,0.265,46842.2,201.6,0.43,50.0,moto_gp,868.0,7.142857142857143,2025-10,0.004881241859910608,106.95388253018099,4.881480136753602e-05
2025-10-15,17783321,210,25715,0.405,71411.7,574.6,0.805,67.0,moto_gp,961.0,9.571428571428571,2025-10,0.005403940017727847,106.95966256618922,5.404232059191827e-05
2025-10-16,17782341,210,25729,0.252,44294.1,469.1,1.059,85.0,moto_gp,-980.0,12.142857142857142,2025-10,-0.005511085407708693,106.95376825267407,-5.510781703821355e-05
2025-10-17,17783132,210,25742,0.371,65726.3,192.3,0.293,98.0,moto_gp,791.0,14.0,2025-10,0.004448035362949563,106.9585258057256,4.448233221943099e-05
2025-10-18,17783726,211,25767,0.525,92799.0,532.0,0.573,373.0,moto_gp,594.0,53.285714285714285,2025-10,0.0033401324334394263,106.96209848146844,3.340244002014714e-05
2025-10-19,17787799,211,25789,0.327,57598.0,548.0,0.951,153.0,moto_gp,4073.0,21.857142857142858,2025-10,0.022897717699643445,106.98659597019018,0.00022902961955217904
2025-10-20,17790784,211,25794,0.288,50925.8,329.8,0.648,93.0,moto_gp,2985.0,13.285714285714286,2025-10,0.01677834995916987,107.00454956798893,0.00016781165561852163
2025-10-21,17793975,211,25799,0.333,58920.7,293.1,0.497,78.0,moto_gp,3191.0,11.142857142857142,2025-10,0.017933036322687876,107.02374217454698,0.00017936252837413846
2025-10-22,17795745,211,25812,0.319,56511.2,323.4,0.572,56.0,moto_gp,1770.0,8.0,2025-10,0.009946197813016538,107.03438802650804,9.947187179926154e-05
2025-10-23,17797207,211,25825,0.299,52954.7,343.5,0.649,64.0,moto_gp,1462.0,9.142857142857142,2025-10,0.008214772126884854,107.04318137993579,8.215447007131615e-05
2025-10-24,17799979,210,25841,0.242,42691.8,324.5,0.76,98.0,moto_gp,2772.0,14.0,2025-10,0.015573052080567062,107.05985386673582,0.0001557547765782541
2025-10-25,17806187,210,25866,0.081,14348.0,18.0,0.125,182.0,moto_gp,6208.0,26.0,2025-10,0.03486428621692,107.09719253847271,0.0003487644564075243
2025-10-26,17811890,210,25883,0.171,30346.0,89.0,0.293,115.0,moto_gp,5703.0,16.428571428571427,2025-10,0.03201793857922994,107.13149383436762,0.00032028193346511635
2025-10-27,17815340,210,25889,0.244,43124.3,271.3,0.629,88.0,moto_gp,3450.0,12.571428571428571,2025-10,0.019365333471042374,107.15224422378327,0.00019369084358822342
2025-10-28,17818245,210,25892,0.263,46485.6,350.9,0.755,75.0,moto_gp,2905.0,10.714285714285714,2025-10,0.01630351361764304,107.1697166531318,0.00016306172096625104
2025-10-29,17820409,210,25897,0.264,46732.3,327.6,0.701,50.0,moto_gp,2164.0,7.142857142857143,2025-10,0.012143380098627365,107.1827322597102,0.00012144854894513557
2025-10-30,17821778,209,25901,0.25,44354.4,252.6,0.57,40.0,moto_gp,1369.0,5.714285714285714,2025-10,0.0076816129120225824,107.19096625481454,7.682203029113488e-05
2025-10-31,17823316,209,25906,0.255,45229.4,280.2,0.62,36.0,moto_gp,1538.0,5.142857142857143,2025-10,0.0086291462262129,107.20021671826998,8.629890912126292e-05
2025-11-01,17823419,209,25908,0.224,39810.5,200.2,0.503,30.0,moto_gp,103.0,4.285714285714286,2025-11,0.000577891368653792,107.20083622264964,5.7789470826463685e-06
2025-11-02,17822333,209,25913,0.212,37488.2,249.7,0.666,29.0,moto_gp,-1086.0,4.142857142857143,2025-11,-0.006093478334177686,107.19430436093793,-6.093107052018709e-05
2025-11-03,17821047,209,25920,0.22,38859.0,266.9,0.687,33.0,moto_gp,-1286.0,4.714285714285714,2025-11,-0.007216186568611821,107.18656957810066,-7.215665872695176e-05
2025-11-04,17820143,209,25926,0.207,36648.4,185.2,0.505,34.0,moto_gp,-904.0,4.857142857142857,2025-11,-0.005072911031073095,107.18113237461321,-5.072653699866869e-05
2025-11-05,17819080,209,25932,0.167,29673.1,105.5,0.356,39.0,moto_gp,-1063.0,5.571428571428571,2025-11,-0.005965515615845487,107.17473884883096,-5.965159763310357e-05
2025-11-06,17818947,209,25941,0.2,35544.8,112.1,0.315,37.0,moto_gp,-133.0,5.285714285714286,2025-11,-0.0007463965182678864,107.17393890628246,-7.463909472371633e-06
2025-11-07,17820147,210,25953,0.238,42245.2,246.7,0.584,73.0,moto_gp,1200.0,10.428571428571429,2025-11,0.00673395118457777,107.18115643303572,6.734404676111971e-05
2025-11-08,17820835,210,25972,0.206,36515.8,239.4,0.656,60.0,moto_gp,688.0,8.571428571428571,2025-11,0.0038606496272481057,107.18529448170759,3.860798679156119e-05
2025-11-09,17823484,210,25992,0.132,23388.0,122.0,0.522,152.0,moto_gp,2649.0,21.714285714285715,2025-11,0.014862414104896662,107.20122717201544,0.00014864623346766415
2025-11-10,17826416,210,26002,0.313,55649.0,71.0,0.128,112.0,moto_gp,2932.0,16.0,2025-11,0.016447501281244642,107.21886199571591,0.00016450206929241595
2025-11-11,17828859,210,26006,0.193,34183.8,164.0,0.48,76.0,moto_gp,2443.0,10.857142857142858,2025-11,0.013702503340230578,107.23355567726445,0.0001370438118351025
2025-11-12,17830352,210,26020,0.198,35071.9,162.4,0.463,64.0,moto_gp,1493.0,9.142857142857142,2025-11,0.008373362455211203,107.24253548346663,8.374063645910645e-05
2025-11-13,17831664,210,26032,0.115,20361.0,91.4,0.449,62.0,moto_gp,1312.0,8.857142857142858,2025-11,0.0073576980813456335,107.2504266460502,7.358239478394424e-05
2025-11-14,17833873,210,26045,0.193,34208.6,241.9,0.707,80.0,moto_gp,2209.0,11.428571428571429,2025-11,0.012386541050281114,107.26371290988183,0.00012388075504343732
2025-11-15,17838151,210,26070,0.23,40528.0,429.0,1.059,324.0,moto_gp,4278.0,46.285714285714285,2025-11,0.023982306237905485,107.28944339275724,0.00023988059127710848
2025-11-16,17845529,210,26103,0.465,81864.0,1054.0,1.288,181.0,moto_gp,7378.0,25.857142857142858,2025-11,0.04134368894304002,107.33381915307858,0.0004136078901899598
2025-11-17,17851604,210,26119,0.396,69594.0,1019.0,1.464,210.0,moto_gp,6075.0,30.0,2025-11,0.03403055546157085,107.37035788226699,0.00034042140190959636
2025-11-18,17860339,210,26148,0.13,23054.0,225.0,0.976,141.0,moto_gp,8735.0,20.142857142857142,2025-11,0.048907246385412946,107.42289546242515,0.0004893117727684526
2025-11-19,17868202,210,26154,0.045,7896.0,137.0,1.735,155.0,moto_gp,7863.0,22.142857142857142,2025-11,0.04400554683677742,107.47018830647592,0.0004402492024366822
2025-11-20,17871392,210,26161,0.43,76212.7,612.4,0.804,76.0,moto_gp,3190.0,10.857142857142858,2025-11,0.017849756750901103,107.48937489842835,0.00017852943457885573
2025-11-21,17874422,210,26165,0.406,72005.3,517.2,0.718,63.0,moto_gp,3030.0,9.0,2025-11,0.01695159709220248,107.50759915348034,0.00016954471145846917
2025-11-22,17877519,210,26169,0.294,52237.3,305.5,0.585,47.0,moto_gp,3097.0,6.714285714285714,2025-11,0.01732343285441341,107.5262263871094,0.0001732643438763226
2025-11-23,17881606,211,26173,0.249,44270.8,220.3,0.498,38.0,moto_gp,4087.0,5.428571428571429,2025-11,0.022855888894990753,107.5508080803099,0.00022861114005801042
2025-11-24,17884825,211,26175,0.188,33567.2,141.4,0.421,35.0,moto_gp,3219.0,5.0,2025-11,0.017998498727272983,107.57016909582553,0.00018001738770001552
2025-11-25,17886578,211,26178,0.207,36887.0,172.3,0.467,30.0,moto_gp,1753.0,4.285714285714286,2025-11,0.009800644930517173,107.58071269949095,9.801605551085224e-05
2025-11-26,17887433,211,26181,0.198,35247.6,171.6,0.487,29.0,moto_gp,855.0,4.142857142857143,2025-11,0.004779892117555381,107.58585518730264,4.780120602165816e-05
2025-11-27,17888803,211,26184,0.21,37370.9,208.4,0.558,24.0,moto_gp,1370.0,3.4285714285714284,2025-11,0.007658421863106212,107.59409519701262,7.65900842227829e-05
2025-11-28,17890331,211,26190,0.235,41755.6,237.0,0.568,26.0,moto_gp,1528.0,3.7142857142857144,2025-11,0.008540926380847845,107.60328551441178,8.54165591739342e-05
2025-11-29,17892528,211,26192,0.249,44393.2,238.0,0.536,24.0,moto_gp,2197.0,3.4285714285714284,2025-11,0.01227886858693193,107.61649960297588,0.0001228037647822422
2025-11-30,17894523,211,26196,0.21,37468.5,179.4,0.479,20.0,moto_gp,1995.0,2.857142857142857,2025-11,0.011148662638283234,107.62849874120319,0.00011149905703655705
2025-12-01,17896027,211,26199,0.239,42538.4,185.2,0.435,21.0,moto_gp,1504.0,3.0,2025-12,0.00840409997146294,107.63754470806728,8.404806319783908e-05
2025-12-02,17897454,211,26203,0.256,45720.0,157.0,0.343,20.0,moto_gp,1427.0,2.857142857142857,2025-12,0.007973201104469942,107.64612755029803,7.973836874519691e-05
2025-12-03,17898478,211,26208,0.24,42710.4,214.0,0.501,22.0,moto_gp,1024.0,3.142857142857143,2025-12,0.005721156849202485,107.65228650646084,5.721484184295633e-05
2025-12-04,17899820,211,26215,0.243,43227.9,212.4,0.491,23.0,moto_gp,1342.0,3.2857142857142856,2025-12,0.007497282095574146,107.66035810721324,7.497844230108797e-05
2025-12-05,17902416,211,26218,0.274,48727.3,243.9,0.501,22.0,moto_gp,2596.0,3.142857142857143,2025-12,0.014500836088268758,107.6759720234228,0.00014502939135696558
2025-12-06,17904681,211,26223,0.26,46402.4,238.2,0.513,23.0,moto_gp,2265.0,3.2857142857142856,2025-12,0.01265032311941218,107.6895951051696,0.00012651923628625994
2025-12-07,17907676,211,26226,0.254,45268.8,251.0,0.554,23.0,moto_gp,2995.0,3.2857142857142856,2025-12,0.016724671587759348,107.70760884902461,0.0001672746920204915
2025-12-08,17910860,211,26232,0.266,47473.7,240.9,0.507,24.0,moto_gp,3184.0,3.4285714285714284,2025-12,0.017776924167795406,107.72675935334328,0.00017780084920016037
2025-12-09,17911740,211,26237,0.246,43913.9,225.8,0.514,26.0,moto_gp,880.0,3.7142857142857144,2025-12,0.004912978861908447,107.73205220629566,4.913220247382277e-05
2025-12-10,17913180,211,26243,0.24,42860.9,158.4,0.37,27.0,moto_gp,1440.0,3.857142857142857,2025-12,0.008038773685074342,107.7407132383996,8.039419955840899e-05
2025-12-11,17914608,211,26248,0.215,38447.8,142.5,0.371,24.0,moto_gp,1428.0,3.4285714285714284,2025-12,0.007971148461635331,107.74930209523599,7.971783904370255e-05
2025-12-12,17916198,211,26252,0.218,38834.9,211.0,0.543,28.0,moto_gp,1590.0,4.0,2025-12,0.008874650749003779,107.75886531818406,8.875438413169512e-05
2025-12-13,17917850,211,26256,0.223,39792.0,220.3,0.554,26.0,moto_gp,1652.0,3.7142857142857144,2025-12,0.009219856176940872,107.76880144668107,9.220706312795812e-05
2025-12-14,17918889,211,26259,0.212,37706.4,224.6,0.596,28.0,moto_gp,1039.0,4.0,2025-12,0.00579835055622031,107.77505062192827,5.7986867844084244e-05
2025-12-15,17920347,211,26265,0.209,37213.5,222.3,0.597,29.0,moto_gp,1458.0,4.142857142857143,2025-12,0.008136003170027903,107.78381991693348,8.136665169367063e-05
2025-12-16,17921028,211,26271,0.251,44823.1,201.8,0.45,26.0,moto_gp,681.0,3.7142857142857144,2025-12,0.0038000052229146676,107.78791586336595,3.80014962879649e-05
2025-12-17,17920527,211,26275,0.272,48574.8,230.3,0.474,26.0,moto_gp,-501.0,3.7142857142857144,2025-12,-0.0027956767119627674,107.78490254594648,-2.7955985560601526e-05
2025-12-18,17920161,211,26280,0.249,44362.8,169.7,0.383,26.0,moto_gp,-366.0,3.7142857142857144,2025-12,-0.002042392364666813,107.78270120028672,-2.0423506518540968e-05
2025-12-19,17920498,211,26285,0.264,47134.0,188.6,0.4,26.0,moto_gp,337.0,3.7142857142857144,2025-12,0.0018805280969312348,107.78472812238327,1.8805634614649236e-05
2025-12-20,17920859,211,26287,0.285,50957.5,190.2,0.373,23.0,moto_gp,361.0,3.2857142857142856,2025-12,0.002014412367175033,107.78689939501487,2.0144529465637717e-05
2025-12-21,17921283,211,26290,0.247,44055.9,169.2,0.384,22.0,moto_gp,424.0,3.142857142857143,2025-12,0.0023659020394912575,107.78944958780103,2.3659580157486815e-05
2025-12-22,17921369,202,26292,0.249,44422.8,179.9,0.405,21.0,moto_gp,86.0,3.0,2025-12,0.00047987405426449284,107.78996684388503,4.798763570734721e-06
2025-12-23,17920809,202,26295,0.23,41106.4,124.6,0.303,22.0,moto_gp,-560.0,3.142857142857143,2025-12,-0.003124858927964692,107.7865986647335,-3.1247612835794136e-05
2025-12-24,17920447,202,26297,0.26,46544.8,89.8,0.193,20.0,moto_gp,-362.0,2.857142857142857,2025-12,-0.002020038897467234,107.78442137749626,-2.0199980927171346e-05
2025-12-25,17920590,202,26299,0.212,37872.7,96.7,0.255,19.0,moto_gp,143.0,2.7142857142857144,2025-12,0.000797964799150028,107.78528146610103,7.97971166677236e-06
2025-12-26,17918987,202,26302,0.222,39577.2,138.2,0.349,17.0,moto_gp,-1603.0,2.4285714285714284,2025-12,-0.00894581819831668,107.77564005327977,-8.945017993267079e-05
2025-12-27,17918899,202,26304,0.217,38694.9,133.6,0.345,17.0,moto_gp,-88.0,2.4285714285714284,2025-12,-0.0004911016017222933,107.77511076798454,-4.910991899254036e-06
2025-12-28,17918288,202,26306,0.222,39555.3,148.8,0.376,16.0,moto_gp,-611.0,2.2857142857142856,2025-12,-0.0034099239838091674,107.771435843946,-3.4098077119626424e-05
2025-12-29,17917465,202,26310,0.214,38137.1,151.8,0.398,17.0,moto_gp,-823.0,2.4285714285714284,2025-12,-0.004593283703916821,107.76648582351439,-4.593072731051695e-05
2025-12-30,17916526,202,26315,0.223,39793.5,135.0,0.339,17.0,moto_gp,-939.0,2.4285714285714284,2025-12,-0.005240971380277627,107.76083810882994,-5.2406967168572294e-05
2025-12-31,17916416,202,26321,0.2,35785.1,115.2,0.322,19.0,moto_gp,-110.0,2.7142857142857144,2025-12,-0.0006139620781299117,107.7601765022109,-6.139583086595124e-06
2026-01-01,17915851,195,26325,0.211,37537.9,285.4,0.76,21.0,moto_gp,-565.0,3.0,2026-01,-0.0031536319430207358,107.75677825003125,-3.1535324922171704e-05
2026-01-02,17914177,195,26331,0.189,33495.2,274.8,0.82,23.0,moto_gp,-1674.0,3.2857142857142856,2026-01,-0.009344554315836,107.74670980021044,-9.343681190476794e-05
2026-01-03,17913054,195,26333,0.249,44256.1,333.3,0.753,26.0,moto_gp,-1123.0,3.7142857142857144,2026-01,-0.006269171074904369,107.73995539809052,-6.268778074480785e-05
2026-01-04,17911996,195,26336,0.271,48226.7,318.8,0.661,26.0,moto_gp,-1058.0,3.7142857142857144,2026-01,-0.005906656075626636,107.73359194533639,-5.9063072103682224e-05
2026-01-05,17910248,195,26340,0.292,51842.9,377.0,0.727,29.0,moto_gp,-1748.0,4.142857142857143,2026-01,-0.009759775520696307,107.72307841469913,-9.7588230814738e-05
2026-01-06,17908968,195,26344,0.299,53340.6,241.1,0.452,26.0,moto_gp,-1280.0,3.7142857142857144,2026-01,-0.007147257173054304,107.71537971949563,-7.146746376707203e-05
2026-01-07,17908092,206,26348,0.291,51919.1,243.8,0.47,26.0,moto_gp,-876.0,3.7142857142857144,2026-01,-0.00489164339785612,107.71011092496575,-4.891404127804755e-05
2026-01-08,17907646,206,26351,0.232,41210.3,256.6,0.623,23.0,moto_gp,-446.0,3.2857142857142856,2026-01,-0.0024905562685346807,107.70742841085578,-2.4904942413694897e-05
2026-01-09,17907313,206,26357,0.231,41205.6,244.5,0.593,24.0,moto_gp,-333.0,3.4285714285714284,2026-01,-0.0018595754706471038,107.70542554718175,-1.8595408910804245e-05
2026-01-10,17907390,206,26360,0.22,39141.0,240.8,0.615,23.0,moto_gp,77.0,3.2857142857142856,2026-01,0.00042999007672251516,107.7058886718151,4.299919256434137e-06
2026-01-11,17906811,207,26365,0.218,38815.7,222.1,0.572,23.0,moto_gp,-579.0,3.2857142857142856,2026-01,-0.0032334065512837546,107.70240621515663,-3.233302005489769e-05
2026-01-12,17905839,207,26373,0.205,36419.9,225.4,0.619,23.0,moto_gp,-972.0,3.2857142857142856,2026-01,-0.005428396848648086,107.69656001848648,-5.4281021897195636e-05
2026-01-13,17905204,207,26383,0.235,41883.7,146.4,0.35,33.0,moto_gp,-635.0,4.714285714285714,2026-01,-0.0035464549859359324,107.69274074391288,-3.5463292169635174e-05
2026-01-14,17904704,207,26392,0.208,37115.3,114.4,0.308,35.0,moto_gp,-500.0,5.0,2026-01,-0.0027925622227544227,107.68973344109902,-2.7924842408988404e-05
2026-01-15,17902736,207,26400,0.201,35681.1,265.5,0.744,30.0,moto_gp,-1968.0,4.285714285714286,2026-01,-0.010992733177766795,107.67789669722367,-0.00010991524908765538
2026-01-16,17903048,207,26402,0.208,36903.4,338.5,0.917,40.0,moto_gp,312.0,5.714285714285714,2026-01,0.0017427200105814382,107.67977325417952,1.7427503818501222e-05
2026-01-17,17903301,207,26406,0.209,37102.9,315.1,0.849,38.0,moto_gp,253.0,5.428571428571429,2026-01,0.0014131472179348377,107.68129494940332,1.4131671880690533e-05
2026-01-18,17903093,207,26411,0.203,36095.3,306.8,0.85,35.0,moto_gp,-208.0,5.0,2026-01,-0.0011618104201324318,107.68004391143278,-1.161796922255487e-05
2026-01-19,17901960,207,26419,0.203,36093.9,255.7,0.708,30.0,moto_gp,-1133.0,4.285714285714286,2026-01,-0.0063289159399305996,107.67322936325657,-6.32851541351176e-05
2026-01-20,17901186,207,26423,0.168,29822.9,179.8,0.603,27.0,moto_gp,-774.0,3.857142857142857,2026-01,-0.00432373586867373,107.6685740585007,-4.3235489298409924e-05
2026-01-21,17899949,207,26435,0.227,40539.8,182.3,0.45,26.0,moto_gp,-1237.0,3.7142857142857144,2026-01,-0.006910634214656142,107.66113399133921,-6.910156679007518e-05
2026-01-22,17900039,207,26439,0.224,39860.3,236.9,0.594,29.0,moto_gp,90.0,4.142857142857143,2026-01,0.0005027922006203449,107.66167530584569,5.027947286295742e-06
2026-01-23,17899747,207,26441,0.243,43328.4,219.3,0.506,26.0,moto_gp,-292.0,3.7142857142857144,2026-01,-0.0016313079732355993,107.65991904100241,-1.6312813620134037e-05
2026-01-24,17899370,207,26443,0.252,44886.4,216.8,0.483,24.0,moto_gp,-377.0,3.4285714285714284,2026-01,-0.002106219380905585,107.65765153468077,-2.1061750202444607e-05
2026-01-25,17899180,207,26445,0.259,46215.1,213.5,0.462,23.0,moto_gp,-190.0,3.2857142857142856,2026-01,-0.0010615011413930694,107.65650875961148,-1.061489873666055e-05
2026-01-26,17898138,207,26448,0.211,37658.6,195.8,0.52,22.0,moto_gp,-1042.0,3.142857142857143,2026-01,-0.005821834651179916,107.65024154054741,-5.821495733326909e-05
2026-01-27,17896747,207,26459,0.211,37562.6,163.6,0.436,21.0,moto_gp,-1391.0,3.0,2026-01,-0.0077723622063830934,107.64187522411923,-7.771758157193442e-05
2026-01-28,17896518,207,26463,0.142,25371.8,123.8,0.488,21.0,moto_gp,-229.0,3.0,2026-01,-0.0012795785191286931,107.64049787943048,-1.2795621461281215e-05
2026-01-29,17896900,207,26471,0.111,19790.6,112.9,0.57,21.0,moto_gp,382.0,3.0,2026-01,0.002134447865272757,107.64279545878028,2.1344934249212244e-05
2026-01-30,17897756,207,26478,0.114,20356.5,127.8,0.628,29.0,moto_gp,856.0,4.142857142857143,2026-01,0.004782722482080994,107.64794396119761,4.7829512373587235e-05
2026-01-31,17898992,207,26486,0.197,35066.7,196.7,0.561,44.0,moto_gp,1236.0,6.285714285714286,2026-01,0.006905416796655365,107.65537801375349,6.905893677400243e-05
2026-02-01,17899007,207,26498,0.37,65877.5,352.9,0.536,42.0,moto_gp,15.0,6.0,2026-02,8.380353167077927e-05,107.65546823283789,8.380360190241021e-07
2026-02-02,17897939,207,26516,0.335,59732.7,314.7,0.527,57.0,moto_gp,-1068.0,8.142857142857142,2026-02,-0.005967167504593685,107.64904463402749,-5.9668114549604745e-05
2026-02-03,17898249,207,26534,0.131,23432.5,96.5,0.412,93.0,moto_gp,310.0,13.285714285714286,2026-02,0.0017320130030596848,107.65090916177209,1.7320430022671474e-05
2026-02-04,17898292,207,26546,0.166,29549.5,147.0,0.497,80.0,moto_gp,43.0,11.428571428571429,2026-02,0.00024024638775588193,107.65116778981407,2.4024696494429065e-06
2026-02-05,17898712,207,26562,0.279,49693.8,232.4,0.468,77.0,moto_gp,420.0,11.0,2026-02,0.0023465375609149977,107.65369392417772,2.3465926245913593e-05
2026-02-06,17899447,207,26578,0.274,48709.2,261.8,0.537,73.0,moto_gp,735.0,10.428571428571429,2026-02,0.004106272109970771,107.6581146593141,4.1064407316104834e-05
2026-02-07,17902243,207,26612,0.168,29825.3,209.8,0.703,91.0,moto_gp,2796.0,13.0,2026-02,0.015618154663636283,107.6749314966492,0.0001562059431221563
2026-02-08,17905120,207,26617,0.112,20057.0,67.0,0.334,111.0,moto_gp,2877.0,15.857142857142858,2026-02,0.01606802970323572,107.69223551704017,0.00016070611933938217
2026-02-09,17905335,207,26619,0.369,65809.6,339.9,0.516,73.0,moto_gp,215.0,10.428571428571429,2026-02,0.0012007594384578675,107.69352865725013,1.2007738568575732e-05
2026-02-10,17905048,207,26625,0.363,64691.3,338.2,0.523,61.0,moto_gp,-287.0,8.714285714285714,2026-02,-0.0016028999196204333,107.69180246543498,-1.6028742271467777e-05
2026-02-11,17905126,207,26631,0.241,42925.0,210.8,0.491,41.0,moto_gp,78.0,5.857142857142857,2026-02,0.0004356294393013487,107.69227160467392,4.35631337047937e-06
2026-02-12,17905373,207,26635,0.213,37912.2,198.8,0.524,33.0,moto_gp,247.0,4.714285714285714,2026-02,0.0013794741947012218,107.69375721226398,1.3794932244515223e-05
2026-02-13,17905750,207,26635,0.205,36499.8,213.6,0.585,31.0,moto_gp,377.0,4.428571428571429,2026-02,0.0021054689136171343,107.69602471858562,2.1055132445546576e-05
2026-02-14,17906109,207,26635,0.199,35458.0,222.3,0.627,27.0,moto_gp,359.0,3.857142857142857,2026-02,0.002004902349248516,107.69818396200597,2.00494254638528e-05
2026-02-15,17906291,207,26635,0.174,30909.8,232.0,0.751,17.0,moto_gp,182.0,2.4285714285714284,2026-02,0.0010164025593016443,107.69927862023023,1.0164128901424263e-05
2026-02-16,17906490,208,26637,0.179,31730.9,247.5,0.78,15.0,moto_gp,199.0,2.142857142857143,2026-02,0.0011113289092390525,107.70047552675013,1.1113412598851014e-05
2026-02-17,17905152,208,26645,0.166,29565.9,196.8,0.666,16.0,moto_gp,-1338.0,2.2857142857142856,2026-02,-0.007472709530754054,107.69242798442025,-7.472151158605111e-05
2026-02-18,17904790,208,26648,0.204,36183.3,378.6,1.046,18.0,moto_gp,-362.0,2.5714285714285716,2026-02,-0.0020218053381246023,107.690250697183,-2.021764461979103e-05
2026-02-19,17904584,208,26654,0.24,42607.1,327.9,0.77,20.0,moto_gp,-206.0,2.857142857142857,2026-02,-0.0011505433468881488,107.6890116884237,-1.1505301095393605e-05
2026-02-20,17904939,208,26662,0.261,46377.0,335.7,0.724,23.0,moto_gp,355.0,3.2857142857142856,2026-02,0.0019826931552238184,107.69114687342154,1.9827324667209822e-05
2026-02-21,17906140,208,26677,0.224,39333.7,837.9,2.13,46.0,moto_gp,1201.0,6.571428571428571,2026-02,0.006707196525884418,107.69837041478043,6.707646420922586e-05
2026-02-22,17906913,208,26688,0.102,18241.4,98.6,0.541,86.0,moto_gp,773.0,12.285714285714286,2026-02,0.004316768613328271,107.70301970493065,4.316954966276931e-05
2026-02-23,17907505,208,26696,0.246,43706.2,304.9,0.698,80.0,moto_gp,592.0,11.428571428571429,2026-02,0.003305876502617199,107.70658035146228,3.305985794432864e-05
2026-02-24,17908871,208,26703,0.186,33114.4,142.9,0.432,59.0,moto_gp,1366.0,8.428571428571429,2026-02,0.007627504827077039,107.71479630274973,7.628086659750011e-05
2026-02-25,17910825,208,26710,0.223,39708.6,205.3,0.517,56.0,moto_gp,1954.0,8.0,2026-02,0.010909603549808565,107.72654884214631,0.00010910793874163716
2026-02-26,17912615,208,26723,0.218,38731.2,230.1,0.594,56.0,moto_gp,1790.0,8.0,2026-02,0.009992957477174606,107.73731498621994,9.993956168963258e-05
2026-02-27,17921964,208,26741,0.254,45344.3,137.0,0.302,91.0,moto_gp,9349.0,13.0,2026-02,0.05216504173314934,107.7935455342335,0.0005219226785144748
2026-02-28,17932672,208,26769,0.35,62089.0,698.0,1.124,167.0,moto_gp,10708.0,23.857142857142858,2026-02,0.05971223920227839,107.85794993129517,0.0005974791602081364
2026-03-01,17945528,208,26799,0.934,166604.0,984.0,0.591,241.0,moto_gp,12856.0,34.42857142857143,2026-03,0.0716390178098967,107.93527370124517,0.0007169037609118245
2026-03-02,17954142,208,26808,0.041,7325.0,66.0,0.901,149.0,moto_gp,8614.0,21.285714285714285,2026-03,0.04797778696414454,107.98708351412236,0.00048000816693716253
2026-03-03,17962936,208,26814,0.306,54418.3,503.0,0.924,86.0,moto_gp,8794.0,12.285714285714286,2026-03,0.04895636214480751,108.03997595601254,0.000489803411380052
2026-03-04,17962854,208,26817,0.429,76600.8,428.1,0.559,59.0,moto_gp,-82.0,8.428571428571429,2026-03,-0.00045649761446594177,108.03948275835107,-4.564955305763618e-06
2026-03-05,17965185,208,26823,0.391,69942.3,387.4,0.554,40.0,moto_gp,2331.0,5.714285714285714,2026-03,0.012975095998176471,108.0535028040693,0.00012976779747808642
2026-03-06,17967239,208,26827,0.401,71636.1,417.5,0.583,33.0,moto_gp,2054.0,4.714285714285714,2026-03,0.011431917836680416,108.06585680402863,0.00011433224873558245
2026-03-07,17970013,208,26829,0.389,69481.1,408.1,0.587,30.0,moto_gp,2774.0,4.285714285714286,2026-03,0.015436828008972503,108.08254132003994,0.00015439211333467817
2026-03-08,17973480,208,26830,0.385,68846.9,389.6,0.566,24.0,moto_gp,3467.0,3.4285714285714284,2026-03,0.019289531020147462,108.10339395775124,0.00019293252598084898
2026-03-09,17975053,208,26833,0.216,38521.4,250.4,0.65,17.0,moto_gp,1573.0,2.4285714285714284,2026-03,0.008751017312716686,108.11285493240365,8.751783182781026e-05
2026-03-10,17975647,208,26836,0.234,41864.3,260.7,0.623,16.0,moto_gp,594.0,2.2857142857142856,2026-03,0.003304470765363828,108.11642760814652,3.304579964247267e-05
2026-03-11,17976575,208,26838,0.178,31820.7,202.2,0.635,13.0,moto_gp,928.0,1.8571428571428572,2026-03,0.005162273681165628,108.12200916216905,5.1625401856103537e-05
2026-03-12,17977237,208,26840,0.192,34271.9,210.1,0.613,11.0,moto_gp,662.0,1.5714285714285714,2026-03,0.003682434625521152,108.1259908310946,3.682570233753957e-05
2026-03-13,17978609,208,26844,0.189,33732.6,207.8,0.616,12.0,moto_gp,1372.0,1.7142857142857142,2026-03,0.007631291163849216,108.13424287001583,7.631873574331927e-05
2026-03-14,17979609,208,26848,0.174,31069.3,200.4,0.645,13.0,moto_gp,1000.0,1.8571428571428572,2026-03,0.0055618562116673395,108.14025747564355,5.562165571326716e-05
2026-03-15,17981566,208,26852,0.158,28079.3,251.4,0.895,16.0,moto_gp,1957.0,2.2857142857142856,2026-03,0.010883368000317658,108.152028058857,0.00010884552606227338
2026-03-16,17982683,208,26858,0.176,31340.7,233.0,0.743,20.0,moto_gp,1117.0,2.857142857142857,2026-03,0.006211531393841508,108.15874637334318,6.211917249032695e-05
2026-03-17,17984361,208,26868,0.203,36237.3,242.0,0.668,22.0,moto_gp,1678.0,3.142857142857143,2026-03,0.009330328722827573,108.16883888158648,9.331199354400965e-05
2026-03-18,17987411,208,26876,0.215,38347.8,274.2,0.715,31.0,moto_gp,3050.0,4.428571428571429,2026-03,0.01695630349470527,108.18718342875104,0.00016959179144593328
2026-03-19,17994021,208,26893,0.163,29041.0,247.9,0.854,68.0,moto_gp,6610.0,9.714285714285714,2026-03,0.03673442417345184,108.22693997195027,0.0003674792331147536
2026-03-20,18022828,208,26909,0.37,65599.0,1034.0,1.576,132.0,moto_gp,28807.0,18.857142857142858,2026-03,0.15983618109211273,108.40020271626807,0.0016009206613685212
2026-03-21,18055642,208,26938,0.147,26226.9,252.5,0.963,99.0,moto_gp,32814.0,14.142857142857142,2026-03,0.18173820681646213,108.59756598533615,0.001820690959265736
2026-03-22,18076969,208,26969,0.147,26302.0,193.0,0.734,216.0,moto_gp,21327.0,30.857142857142858,2026-03,0.11797884921968943,108.72583947955859,0.0011811820371714354
2026-03-23,18090856,209,26982,0.096,16735.0,631.0,3.771,234.0,moto_gp,13887.0,33.42857142857143,2026-03,0.07676253683076135,108.80936430791076,0.0007682150696834977
2026-03-24,18094717,209,26994,0.343,61245.5,739.8,1.208,86.0,moto_gp,3861.0,12.285714285714286,2026-03,0.021337719733334322,108.83258670023939,0.00021342273687885438
2026-03-25,18097799,209,27009,0.256,45759.9,620.4,1.356,70.0,moto_gp,3082.0,10.0,2026-03,0.017029695157958158,108.85112371478402,0.00017032595757093816
2026-03-26,18100627,209,27016,0.228,40943.7,391.3,0.956,59.0,moto_gp,2828.0,8.428571428571429,2026-03,0.01562376817112468,108.86813301949923,0.0001562620957389349
2026-03-27,18103540,209,27035,0.51,91824.2,415.2,0.452,73.0,moto_gp,2913.0,10.428571428571429,2026-03,0.016090775616260686,108.88565356569278,0.0001609336516352755
2026-03-28,18108622,210,27059,0.163,29525.0,51.0,0.173,166.0,moto_gp,5082.0,23.714285714285715,2026-03,0.028063979688791343,108.91621979149286,0.00028071857769251807
2026-03-29,18120721,210,27091,0.226,40647.0,235.0,0.578,261.0,moto_gp,12099.0,37.285714285714285,2026-03,0.06676886642645179,108.98899050498268,0.0006681347702768292
2026-03-30,18126528,210,27114,0.052,9380.0,49.0,0.522,235.0,moto_gp,5807.0,33.57142857142857,2026-03,0.032035919951134605,109.02391731986287,0.0003204618624170763
2026-03-31,18128342,210,27120,0.226,40756.5,224.5,0.551,116.0,moto_gp,1814.0,16.571428571428573,2026-03,0.010006430814246554,109.03482781447156,0.00010007432201031286
2026-04-01,18128903,210,27124,0.297,53520.4,344.3,0.643,71.0,moto_gp,561.0,10.142857142857142,2026-04,0.0030945060492628814,109.03820200822871,3.0946018118926943e-05
2026-04-02,18129537,210,27131,0.242,43590.4,212.6,0.488,49.0,moto_gp,634.0,7.0,2026-04,0.0034970556611567077,109.04201526819668,3.497177959421727e-05
2026-04-03,18130191,210,27134,0.188,33876.9,149.8,0.442,40.0,moto_gp,654.0,5.714285714285714,2026-04,0.003607242747746011,109.0459488202772,3.607372874436798e-05
2026-04-04,18130299,210,27135,0.171,30868.9,143.5,0.465,36.0,moto_gp,108.0,5.142857142857143,2026-04,0.0005956879144684818,109.046598397685,5.9569146293458886e-06
2026-04-05,18129919,211,27136,0.175,31635.9,138.2,0.437,30.0,moto_gp,-380.0,4.285714285714286,2026-04,-0.002095982888836955,109.04431284754648,-2.0959389583130594e-05
2026-04-06,18129442,211,27139,0.165,29756.4,127.9,0.43,20.0,moto_gp,-477.0,2.857142857142857,2026-04,-0.0026310793238975582,109.04144388066203,-2.6310100999293873e-05
2026-04-07,18128442,211,27141,0.166,29978.5,131.8,0.44,19.0,moto_gp,-1000.0,2.7142857142857144,2026-04,-0.005516193835079705,109.03542927503432,-5.515889567919707e-05
2026-04-08,18127553,212,27147,0.15,27083.3,166.1,0.613,16.0,moto_gp,-889.0,2.2857142857142856,2026-04,-0.004904136813170536,109.03008229063127,-4.903896319385925e-05
2026-04-09,18126315,212,27149,0.142,25582.8,160.8,0.629,14.0,moto_gp,-1238.0,2.0,2026-04,-0.006829849310243146,109.02263620886417,-6.829382873685397e-05
2026-04-10,18126197,212,27151,0.136,24517.8,146.1,0.596,12.0,moto_gp,-118.0,1.7142857142857142,2026-04,-0.0006509914903826765,109.02192648540007,-6.509872525151117e-06
2026-04-11,18125550,212,27153,0.139,24979.8,139.0,0.556,12.0,moto_gp,-647.0,1.7142857142857142,2026-04,-0.0035695468551299138,109.01803503555895,-3.569419443028021e-05
2026-04-12,18125373,212,27154,0.112,20114.8,140.0,0.696,13.0,moto_gp,-177.0,1.8571428571428572,2026-04,-0.0009765316277905011,109.01697045036285,-9.765220917445916e-06
2026-04-13,18124828,212,27156,0.107,19323.0,129.8,0.672,14.0,moto_gp,-545.0,2.0,2026-04,-0.003006925086406337,109.01369249029574,-3.006834673136005e-05
2026-04-14,18124246,212,27159,0.108,19531.4,130.5,0.668,14.0,moto_gp,-582.0,2.0,2026-04,-0.0032111680673502225,109.0101919898204,-3.211064954655729e-05
2026-04-15,18123230,212,27160,0.097,17565.0,59.6,0.339,14.0,moto_gp,-1016.0,2.0,2026-04,-0.0056060647025944045,109.00408115050264,-5.605750440595969e-05
2026-04-16,18122356,212,27164,0.056,10083.8,152.8,1.515,11.0,moto_gp,-874.0,1.5714285714285714,2026-04,-0.004822772491612018,108.99882438518401,-4.822539911486512e-05
2026-04-17,18121937,212,27167,0.057,10198.0,153.9,1.509,10.0,moto_gp,-419.0,1.4285714285714286,2026-04,-0.002312114869398343,108.99630426542599,-2.3120614118798954e-05
2026-04-18,18121894,212,27168,0.072,12831.3,159.5,1.243,12.0,moto_gp,-43.0,1.7142857142857142,2026-04,-0.0002372820412700792,108.99604563738399,-2.37281478243645e-06
2026-04-19,18121084,212,27168,0.104,18640.9,168.8,0.906,11.0,moto_gp,-810.0,1.5714285714285714,2026-04,-0.0044699312690123835,108.99117380682554,-4.469731475087446e-05
2026-04-20,18120719,212,27176,0.12,21573.1,191.1,0.886,16.0,moto_gp,-365.0,2.2857142857142856,2026-04,-0.0020142688598614655,108.98897847577143,-2.014228287883224e-05
2026-04-21,18119919,212,27185,0.137,24683.4,194.4,0.788,20.0,moto_gp,-800.0,2.857142857142857,2026-04,-0.00441503077359231,108.98416679126926,-4.41483585723601e-05
2026-04-22,18120885,212,27192,0.202,36372.3,220.0,0.605,24.0,moto_gp,966.0,3.4285714285714284,2026-04,0.005330865462696772,108.98997690030563,5.331149659104639e-05
2026-04-23,18123883,212,27210,0.248,44489.3,374.9,0.843,68.0,moto_gp,2998.0,9.714285714285714,2026-04,0.016541709080774798,109.00800868797754,0.00016544445814870024
2026-04-24,18128144,212,27228,0.208,37553.0,88.0,0.234,121.0,moto_gp,4261.0,17.285714285714285,2026-04,0.023504888310684202,109.03363692255725,0.00023510414407335034
2026-04-25,18133275,212,27262,0.155,27868.0,151.0,0.542,365.0,moto_gp,5131.0,52.142857142857146,2026-04,0.02829604690823913,109.0644978640331,0.00028304055837158337
2026-04-26,18139794,212,27289,0.147,26569.0,86.0,0.324,268.0,moto_gp,6519.0,38.285714285714285,2026-04,0.03593756356880348,109.10370707812022,0.00035950483296587343
2026-04-27,18141478,212,27306,0.123,22220.0,122.0,0.549,174.0,moto_gp,1684.0,24.857142857142858,2026-04,0.00928259538721156,109.1138356739973,9.283457132980288e-05
2026-04-28,18142819,212,27317,0.172,30983.0,229.0,0.739,98.0,moto_gp,1341.0,14.0,2026-04,0.007391354121980712,109.1219012601441,7.391900483511016e-05
2026-04-29,18142398,212,27325,0.221,39914.4,146.2,0.366,88.0,moto_gp,-421.0,12.571428571428571,2026-04,-0.002320531166828112,109.11936911117482,-2.3204773194285266e-05
2026-04-30,18142439,212,27333,0.222,40187.7,175.1,0.436,53.0,moto_gp,41.0,7.571428571428571,2026-04,0.00022598946040276063,109.11961571000555,2.259899711143376e-06
2026-05-01,18142905,212,27335,0.199,36002.6,183.4,0.509,47.0,moto_gp,466.0,6.714285714285714,2026-05,0.002568497161838195,109.12241851622807,2.5685631353189464e-05
2026-05-02,18143425,212,27335,0.191,34540.9,181.6,0.526,38.0,moto_gp,520.0,5.428571428571429,2026-05,0.00286605202711175,109.12554611115448,2.866134172019308e-05
2026-05-03,18143828,212,27337,0.162,29180.6,153.8,0.527,34.0,moto_gp,403.0,4.857142857142857,2026-05,0.002221140985243026,109.12796999722245,2.2211903210056505e-05
2026-05-04,18143837,212,27342,0.107,19243.2,124.4,0.646,28.0,moto_gp,9.0,4.0,2026-05,4.96036202265265e-05,109.1280241286731,4.960364483608259e-07
2026-05-05,18143526,212,27352,0.092,16716.4,61.7,0.369,28.0,moto_gp,-311.0,4.0,2026-05,-0.001714110035722935,109.1261535863229,-1.7140806544913012e-05
2026-05-06,18021460,212,27357,0.098,17571.1,61.9,0.352,31.0,moto_gp,-122066.0,4.428571428571429,2026-05,-0.6773369083304016,108.39197473576935,-0.0067277992160950095
2026-05-07,18026762,212,27376,0.161,29006.3,94.9,0.327,31.0,moto_gp,5302.0,4.428571428571429,2026-05,0.029411826705206406,108.42386417480753,0.00029420479805741806
2026-05-08,17981138,212,27396,0.254,45381.1,266.8,0.588,63.0,moto_gp,-45624.0,9.0,2026-05,-0.2537325501867568,108.14945380764833,-0.0025309037751760632
2026-05-09,17988982,213,27426,0.082,14766.0,36.0,0.244,261.0,moto_gp,7844.0,37.285714285714285,2026-05,0.043604468557475906,108.19663237419219,0.00043623490348609906
2026-05-10,17998146,214,27457,0.155,27551.0,336.0,1.22,182.0,moto_gp,9164.0,26.0,2026-05,0.05091635549572717,108.25175022016464,0.000509422934549697
2026-05-11,18001631,214,27469,0.8,143167.0,860.0,0.601,168.0,moto_gp,3485.0,24.0,2026-05,0.019359356938268537,108.27271112077726,0.00019363105510983303
2026-05-12,18002167,214,27477,0.316,56641.0,227.0,0.401,78.0,moto_gp,536.0,11.142857142857142,2026-05,0.002977419329572934,108.27593494939372,2.9775079824601036e-05
2026-05-13,18005656,214,27491,0.172,30767.1,248.9,0.809,74.0,moto_gp,3489.0,10.571428571428571,2026-05,0.019377244572483226,108.29691990842882,0.0001938100007627952
2026-05-14,18013448,214,27504,0.129,23219.6,98.6,0.425,63.0,moto_gp,7792.0,9.0,2026-05,0.04325657142374963,108.34378571548004,0.00043275290830835367
2026-05-15,18016016,214,27528,0.103,18510.7,39.3,0.212,83.0,moto_gp,2568.0,11.857142857142858,2026-05,0.014253983788646726,108.35923122273203,0.00014256015838842728
2026-05-16,18020205,214,27556,0.072,12899.0,32.0,0.248,261.0,moto_gp,4189.0,37.285714285714285,2026-05,0.023246128443044904,108.38442640570656,0.0002325153352438214
2026-05-17,18034414,214,27589,0.059,10477.0,109.0,1.04,343.0,moto_gp,14209.0,49.0,2026-05,0.07878825450053437,108.46988793707087,0.0007885037933808015
2026-05-18,18046926,214,27605,0.076,13739.0,49.0,0.357,184.0,moto_gp,12512.0,26.285714285714285,2026-05,0.06933036684474686,108.54514268268491,0.0006937846719055063
2026-05-19,18051281,214,27610,0.431,77161.0,674.4,0.874,100.0,moto_gp,4355.0,14.285714285714286,2026-05,0.024125711632321273,108.57133629019367,0.00024131533536508876
2026-05-20,18052705,214,27615,0.317,56758.8,405.4,0.714,65.0,moto_gp,1424.0,9.285714285714286,2026-05,0.007888014566238135,108.57990108860753,7.88863682306129e-05
2026-05-21,18053658,214,27621,0.273,48957.6,271.9,0.555,48.0,moto_gp,953.0,6.857142857142857,2026-05,0.0052787086140659144,108.58563300777075,5.278987276424729e-05
2026-05-22,18054551,214,27635,0.199,35754.0,192.7,0.539,40.0,moto_gp,893.0,5.714285714285714,2026-05,0.004946121340818722,108.5910040505963,4.9463659940851556e-05
2026-05-23,18055509,214,27638,0.234,42005.1,233.3,0.555,34.0,moto_gp,958.0,4.857142857142857,2026-05,0.005305859834801666,108.59676604278768,5.3061413712196526e-05
2026-05-24,18056511,214,27639,0.195,34954.5,181.7,0.52,32.0,moto_gp,1002.0,4.571428571428571,2026-05,0.00554924481257758,108.60279267762665,5.549552770856003e-05
2026-05-25,18057345,214,27643,0.173,31139.7,163.8,0.526,37.0,moto_gp,834.0,5.285714285714286,2026-05,0.004618619182388109,108.60780885872016,4.618832508662685e-05
2026-05-26,18058323,214,27654,0.104,18784.6,72.1,0.384,41.0,moto_gp,978.0,5.857142857142857,2026-05,0.005415785286374599,108.61369114302408,5.416078609554731e-05
2026-05-27,18060688,214,27662,0.136,24421.4,97.5,0.399,46.0,moto_gp,2365.0,6.571428571428571,2026-05,0.013094739248028646,108.62791568533363,0.0001309645419456107
2026-05-28,18062782,215,27680,0.249,44810.6,177.8,0.397,75.0,moto_gp,2094.0,10.714285714285714,2026-05,0.011592898591147255,108.64051026951809,0.00011594242699941582
2026-05-29,18065653,215,27700,0.209,37624.8,177.8,0.473,62.0,moto_gp,2871.0,8.857142857142858,2026-05,0.015892035566054546,108.65777820227527,0.00015894561535434448
2026-05-30,18070992,216,27725,0.168,30149.2,197.2,0.654,92.0,moto_gp,5339.0,13.142857142857142,2026-05,0.029544587258961766,108.68989018172168,0.0002955331866498767
2026-05-31,18079330,216,27758,0.767,137865.0,732.0,0.531,167.0,moto_gp,8338.0,23.857142857142858,2026-05,0.04611896569175959,108.74003996344564,0.00046140245095571686
2024-11-12,53907,255,1077,0.686,362.5,7.1,1.959,44.0,motociclismo_es,512.0,6.285714285714286,2024-11,0.9497838870647597,100.0,
2024-11-13,54263,255,1077,0.7,372.7,7.4,1.986,35.0,motociclismo_es,356.0,5.0,2024-11,0.6560639846672687,100.66039660897472,0.006603966089747226
2024-11-14,54622,255,1078,0.696,372.2,8.0,2.149,30.0,motociclismo_es,359.0,4.285714285714286,2024-11,0.6572443337849219,101.32635835791271,0.006615926137515382
2024-11-15,54850,255,1079,0.705,378.1,8.4,2.222,26.0,motociclismo_es,228.0,3.7142857142857144,2024-11,0.41567912488605285,101.74930899512123,0.004174142286990534
2024-11-16,55050,255,1082,0.653,348.4,11.1,3.186,17.0,motociclismo_es,200.0,2.4285714285714284,2024-11,0.36330608537693004,102.1203183260059,0.003646308113035568
2024-11-17,55278,255,1084,0.389,207.4,7.6,3.664,11.0,motociclismo_es,228.0,1.5714285714285714,2024-11,0.4124606534245089,102.54326896321442,0.004141689373297064
2024-11-18,55567,255,1085,0.324,174.9,5.4,3.087,9.0,motociclismo_es,289.0,1.2857142857142858,2024-11,0.5200928608706606,103.07937744634276,0.005228119685950938
2024-11-19,55835,254,1086,0.524,283.3,9.3,3.283,9.0,motociclismo_es,268.0,1.2857142857142858,2024-11,0.4799856720694905,103.57652994972824,0.0048230064606691325
2024-11-20,56046,254,1087,0.526,285.4,9.3,3.259,9.0,motociclismo_es,211.0,1.2857142857142858,2024-11,0.37647646576026833,103.96794479381157,0.0037789916718904415
2024-11-21,56174,254,1087,0.759,416.2,10.0,2.403,8.0,motociclismo_es,128.0,1.1428571428571428,2024-11,0.2278634243600242,104.20539076557776,0.0022838382757019993
2024-11-22,56265,254,1088,0.765,420.4,10.2,2.426,7.0,motociclismo_es,91.0,1.0,2024-11,0.1617346485381676,104.37420001113027,0.0016199665325595802
2024-11-23,56349,255,1089,0.771,423.9,10.3,2.43,5.0,motociclismo_es,84.0,0.7142857142857143,2024-11,0.14907096842889847,104.53002393010185,0.0014929352172754484
2024-11-24,56496,255,1090,0.743,409.8,9.8,2.391,4.0,motociclismo_es,147.0,0.5714285714285714,2024-11,0.260195412064571,104.80271578830207,0.0026087419475058216
2024-11-25,56664,255,1092,0.746,413.0,9.8,2.373,5.0,motociclismo_es,168.0,0.7142857142857143,2024-11,0.29648454044896233,105.1143636262452,0.0029736618521665203
2024-11-26,56788,255,1095,0.758,420.6,9.8,2.33,7.0,motociclismo_es,124.0,1.0,2024-11,0.21835599070226105,105.3443894113937,0.0021883382747422964
2024-11-27,56910,255,1098,0.727,404.4,9.5,2.349,9.0,motociclismo_es,122.0,1.2857142857142858,2024-11,0.21437357230715165,105.57070510323334,0.002148341198844772
2024-11-28,57015,256,1100,0.722,404.8,6.8,1.68,10.0,motociclismo_es,105.0,1.4285714285714286,2024-11,0.1841620626151013,105.7654850019478,0.0018450184501845879
2024-11-29,57086,256,1102,0.73,409.7,6.8,1.66,10.0,motociclismo_es,71.0,1.4285714285714286,2024-11,0.1243737518831237,105.89719331441185,0.0012452863281593451
2024-11-30,57153,256,1103,0.613,343.7,6.7,1.949,9.0,motociclismo_es,67.0,1.2857142857142858,2024-11,0.11722919181845223,106.02148144025823,0.0011736677994604872
2024-12-01,57225,256,1104,0.615,345.2,6.8,1.97,9.0,motociclismo_es,72.0,1.2857142857142858,2024-12,0.12581913499344693,106.1550447993767,0.001259776389690881
2024-12-02,57291,256,1106,0.483,273.8,2.8,1.023,8.0,motociclismo_es,66.0,1.1428571428571428,2024-12,0.11520134052468974,106.27747787856865,0.0011533420707732223
2024-12-03,57353,256,1107,0.245,138.4,2.2,1.59,6.0,motociclismo_es,62.0,0.8571428571428571,2024-12,0.10810245322825311,106.3924907711429,0.0010821944109895565
2024-12-05,57420,256,1109,0.241,135.9,2.2,1.619,4.0,motociclismo_es,67.0,0.5714285714285714,2024-12,0.11668408220132359,106.51677889698925,0.0011682039300473512
2024-12-06,57476,256,1109,0.223,126.0,2.3,1.825,4.0,motociclismo_es,56.0,0.5714285714285714,2024-12,0.09743197160553971,106.62066150963696,0.0009752699407872267
2024-12-07,57542,256,1110,0.225,127.1,2.3,1.81,5.0,motociclismo_es,66.0,0.7142857142857143,2024-12,0.11469882868165862,106.74309458882891,0.001148305379636616
2024-12-08,57646,256,1111,0.28,158.8,2.5,1.574,5.0,motociclismo_es,104.0,0.7142857142857143,2024-12,0.18041147694549492,106.93601944088893,0.0018073754822565125
2024-12-09,57730,256,1112,0.283,160.6,2.6,1.619,5.0,motociclismo_es,84.0,0.7142857142857143,2024-12,0.14550493677464058,107.0918433598605,0.001457169621482901
2024-12-10,57822,256,1114,0.323,183.8,3.1,1.687,5.0,motociclismo_es,92.0,0.7142857142857143,2024-12,0.15910898965791567,107.26250765206744,0.0015936254980080111
2024-12-11,57923,256,1116,0.346,197.2,3.2,1.623,5.0,motociclismo_es,101.0,0.7142857142857143,2024-12,0.17436942147333528,107.44986736416419,0.0017467399951576201
2024-12-12,57976,256,1118,0.36,202.2,6.5,3.215,7.0,motociclismo_es,53.0,1.0,2024-12,0.09141713812612115,107.54818483684865,0.0009150078552562224
2024-12-13,58040,257,1120,0.363,203.9,6.6,3.237,9.0,motociclismo_es,64.0,1.2857142857142858,2024-12,0.11026878015161956,107.66690782273174,0.0011039050641645787
2024-12-14,58069,258,1120,0.287,161.3,5.5,3.41,8.0,motociclismo_es,29.0,1.1428571428571428,2024-12,0.04994058792126608,107.72070417571003,0.0004996554100620276
2024-12-15,58108,258,1120,0.289,162.7,5.5,3.38,7.0,motociclismo_es,39.0,1.0,2024-12,0.0671164039374957,107.79305099523253,0.0006716148030792013
2024-12-16,58123,258,1121,0.292,164.3,5.6,3.408,7.0,motociclismo_es,15.0,1.0,2024-12,0.025807339607384343,107.82087669504887,0.000258140015144237
2024-12-17,58161,258,1122,0.294,165.4,5.7,3.446,7.0,motociclismo_es,38.0,1.0,2024-12,0.06533587799384467,107.89136846791696,0.0006537859367203858
2024-12-18,58198,259,1122,0.267,150.1,5.2,3.464,6.0,motociclismo_es,37.0,0.8571428571428571,2024-12,0.0635760679061136,107.96000519413063,0.0006361651278348202
2024-12-19,58221,260,1124,0.27,151.9,5.2,3.423,5.0,motociclismo_es,23.0,0.7142857142857143,2024-12,0.039504646089898836,108.00267126718236,0.0003952025842812734
2024-12-20,58196,261,1126,0.271,152.7,5.2,3.405,3.0,motociclismo_es,-25.0,0.42857142857142855,2024-12,-0.04295827891951337,107.95629510082179,-0.0004293983270641233
2024-12-21,58218,261,1128,0.278,156.7,5.3,3.382,4.0,motociclismo_es,22.0,0.5714285714285714,2024-12,0.037788999965646365,107.99710612721908,0.00037803285449178325
2024-12-22,58242,261,1129,0.28,157.7,5.3,3.361,5.0,motociclismo_es,24.0,0.7142857142857143,2024-12,0.04120737612032554,108.04162724692526,0.000412243635988796
2024-12-23,58279,261,1130,0.193,107.6,4.8,4.461,5.0,motociclismo_es,37.0,0.7142857142857143,2024-12,0.06348770569158702,108.11026397313893,0.0006352803818550079
2024-12-24,58326,260,1131,0.204,112.7,6.1,5.413,4.0,motociclismo_es,47.0,0.5714285714285714,2024-12,0.08058155882453795,108.19745116589684,0.0008064654506769742
2024-12-25,58358,260,1131,0.196,108.5,6.1,5.622,4.0,motociclismo_es,32.0,0.5714285714285714,2024-12,0.054833955927207925,108.25681265883837,0.0005486404005075052
2024-12-26,58395,259,1131,0.199,110.2,6.2,5.626,3.0,motociclismo_es,37.0,0.42857142857142855,2024-12,0.06336158917715558,108.32544938505204,0.0006340176154082666
2024-12-27,58455,259,1131,0.201,111.3,6.2,5.571,3.0,motociclismo_es,60.0,0.42857142857142855,2024-12,0.10264305876315115,108.43675218431743,0.001027485229899927
2024-12-28,58530,259,1131,0.202,112.1,6.2,5.531,2.0,motociclismo_es,75.0,0.2857142857142857,2024-12,0.12813941568426446,108.57588068339919,0.0012830382345394575
2024-12-29,58605,259,1132,0.204,113.4,6.2,5.467,2.0,motociclismo_es,75.0,0.2857142857142857,2024-12,0.12797542871768622,108.71500918248094,0.0012813941568425857
2024-12-30,58700,259,1133,0.189,105.0,6.1,5.81,2.0,motociclismo_es,95.0,0.2857142857142857,2024-12,0.16183986371379896,108.89123861465116,0.0016210220970906963
2024-12-31,58801,259,1133,0.147,84.2,2.3,2.732,2.0,motociclismo_es,101.0,0.2857142857142857,2024-12,0.17176578629615144,109.07859832674791,0.0017206132879046265
2025-01-01,58880,259,1133,0.148,84.6,2.3,2.719,2.0,motociclismo_es,79.0,0.2857142857142857,2025-01,0.13417119565217392,109.22514701244737,0.0013435145660787295
2025-01-02,59014,259,1134,0.148,85.0,2.3,2.706,3.0,motociclismo_es,134.0,0.42857142857142855,2025-01,0.22706476429321856,109.47372326414009,0.002275815217391397
2025-01-03,59137,259,1136,0.149,86.0,2.3,2.674,5.0,motociclismo_es,123.0,0.7142857142857143,2025-01,0.20799161269594332,109.70189400263418,0.0020842511946317366
2025-01-04,59227,259,1137,0.152,87.5,2.3,2.629,6.0,motociclismo_es,90.0,0.8571428571428571,2025-01,0.15195772198490554,109.86884820153226,0.0015218898489948174
2025-01-05,59324,259,1138,0.196,113.7,2.4,2.111,6.0,motociclismo_es,97.0,0.8571428571428571,2025-01,0.16350886656327962,110.04878772701134,0.0016377665591706947
2025-01-06,59401,260,1140,0.238,138.7,2.4,1.73,7.0,motociclismo_es,77.0,1.0,2025-01,0.1296274473493712,110.19162631940193,0.0012979569819970838
2025-01-07,59446,260,1143,0.286,167.6,2.4,1.432,7.0,motociclismo_es,45.0,1.0,2025-01,0.07569895367224035,110.27510341885099,0.0007575630039897696
2025-01-08,59549,261,1147,0.317,186.2,2.3,1.235,10.0,motociclismo_es,103.0,1.4285714285714286,2025-01,0.17296680045004953,110.46617322425658,0.0017326649396089966
2025-01-09,59605,261,1151,0.447,265.2,1.3,0.49,13.0,motociclismo_es,56.0,1.8571428571428572,2025-01,0.09395184967704051,110.57005583690429,0.000940402021864406
2025-01-10,59664,261,1154,0.524,310.7,2.1,0.676,14.0,motociclismo_es,59.0,2.0,2025-01,0.09888710109949048,110.67950358951528,0.0009898498448117632
2025-01-11,59709,261,1155,1.1,641.3,15.3,2.386,14.0,motociclismo_es,45.0,2.0,2025-01,0.07536552278550972,110.76298068896433,0.0007542236524538115
2025-01-12,59770,261,1157,1.114,649.5,16.2,2.494,15.0,motociclismo_es,61.0,2.142857142857143,2025-01,0.10205788857286263,110.87613853488416,0.0010216215310925314
2025-01-13,59823,261,1158,1.133,661.6,16.1,2.433,14.0,motociclismo_es,53.0,2.0,2025-01,0.08859468766193604,110.97445600756859,0.0008867324744854521
2025-01-14,59891,262,1160,1.17,685.7,15.2,2.217,16.0,motociclismo_es,68.0,2.2857142857142856,2025-01,0.11353959693443089,111.10059918006938,0.0011366865586814878
2025-01-15,59956,262,1162,1.17,684.7,16.8,2.454,15.0,motociclismo_es,65.0,2.142857142857143,2025-01,0.10841283607979184,111.22117721260689,0.0010853049706966988
2025-01-16,60011,262,1167,1.118,655.4,15.6,2.38,16.0,motociclismo_es,55.0,2.2857142857142856,2025-01,0.09164986419156487,111.32320477860019,0.0009173393822137221
2025-01-17,60049,262,1168,1.137,666.7,16.0,2.4,14.0,motociclismo_es,38.0,2.0,2025-01,0.06328165331645823,111.39369655146827,0.0006332172435052907
2025-01-18,60083,262,1168,0.497,296.3,2.5,0.844,13.0,motociclismo_es,34.0,1.8571428571428572,2025-01,0.05658838606594211,111.45676813771865,0.0005662042665157685
2025-01-19,60120,262,1169,0.46,273.7,2.6,0.95,12.0,motociclismo_es,37.0,1.7142857142857142,2025-01,0.061543579507651366,111.52540486393232,0.0006158147895412025
2025-01-20,60182,262,1171,0.434,258.6,2.3,0.889,13.0,motociclismo_es,62.0,1.8571428571428572,2025-01,0.103020836795055,111.64041775650657,0.0010312707917499164
2025-01-21,60207,262,1173,0.44,262.7,2.3,0.876,13.0,motociclismo_es,25.0,1.8571428571428572,2025-01,0.04152341089906489,111.68679392286715,0.00041540659997996165
2025-01-22,60223,262,1174,0.377,225.7,1.6,0.709,12.0,motociclismo_es,16.0,1.7142857142857142,2025-01,0.02656792255450575,111.71647466933794,0.00026574982975402506
2025-01-23,60273,262,1176,0.365,218.4,1.7,0.778,9.0,motociclismo_es,50.0,1.2857142857142858,2025-01,0.08295588406085644,111.8092270020591,0.0008302475798283027
2025-01-24,60284,262,1177,0.386,230.5,2.3,0.998,9.0,motociclismo_es,11.0,1.2857142857142858,2025-01,0.018246964368655035,111.82963251525774,0.00018250294493382668
2025-01-25,60324,262,1178,0.336,200.2,2.6,1.299,10.0,motociclismo_es,40.0,1.4285714285714286,2025-01,0.06630860022544924,111.90383438143469,0.000663525977042001
2025-01-26,60365,262,1178,0.421,250.2,3.9,1.559,9.0,motociclismo_es,41.0,1.2857142857142858,2025-01,0.06792015240619564,111.97989129426604,0.0006796631523109387
2025-01-27,60416,262,1178,0.38,225.7,3.8,1.684,7.0,motociclismo_es,51.0,1.0,2025-01,0.0844147245762712,112.07449867364163,0.0008448604323696429
2025-01-28,60456,262,1178,0.384,228.5,3.8,1.663,5.0,motociclismo_es,40.0,0.7142857142857143,2025-01,0.0661638216223369,112.14870053981858,0.0006620762711864181
2025-01-29,60506,262,1179,0.388,230.6,4.0,1.735,5.0,motociclismo_es,50.0,0.7142857142857143,2025-01,0.08263643275047103,112.24145287253975,0.000827047770279199
2025-01-30,60669,262,1182,0.391,233.1,4.3,1.845,6.0,motociclismo_es,163.0,0.8571428571428571,2025-01,0.2686709851818886,112.54382547721076,0.0026939477076652896
2025-01-31,60788,262,1185,1.048,630.1,7.0,1.111,7.0,motociclismo_es,119.0,1.0,2025-01,0.19576232151082448,112.76457602908714,0.0019614630206530315
2025-02-01,60837,262,1186,1.09,656.0,7.2,1.098,7.0,motociclismo_es,49.0,1.0,2025-02,0.08054309055344609,112.85547331515389,0.0008060801473974699
2025-02-02,60906,262,1186,1.164,701.3,7.5,1.069,7.0,motociclismo_es,69.0,1.0,2025-02,0.11328933110038421,112.9834715343091,0.0011341782139158152
2025-02-03,60958,262,1187,1.209,729.0,7.9,1.084,8.0,motociclismo_es,52.0,1.1428571428571428,2025-02,0.0853046359788707,113.0799339603391,0.000853774669162366
2025-02-04,60999,262,1188,1.222,737.3,7.9,1.071,9.0,motociclismo_es,41.0,1.2857142857142858,2025-02,0.06721421662650208,113.15599087317045,0.0006725942452179279
2025-02-05,61039,262,1191,1.191,719.8,7.4,1.028,11.0,motociclismo_es,40.0,1.5714285714285714,2025-02,0.06553187306476187,113.2301927393474,0.0006557484548928016
2025-02-06,61072,263,1194,1.213,733.4,7.1,0.968,11.0,motociclismo_es,33.0,1.5714285714285714,2025-02,0.054034582132564846,113.29140927894336,0.0005406379527843619
2025-02-07,61125,263,1197,1.206,731.3,5.8,0.793,12.0,motociclismo_es,53.0,1.7142857142857142,2025-02,0.08670756646216768,113.38972675162779,0.0008678281372804797
2025-02-08,61157,263,1200,0.309,186.9,2.2,1.177,14.0,motociclismo_es,32.0,2.0,2025-02,0.05232434553689684,113.44908824456934,0.0005235173824131856
2025-02-09,61205,263,1200,0.547,332.5,2.1,0.632,14.0,motociclismo_es,48.0,2.0,2025-02,0.07842496528061434,113.53813048398167,0.0007848651830535402
2025-02-10,61350,263,1203,0.788,481.3,2.1,0.436,16.0,motociclismo_es,145.0,2.2857142857142856,2025-02,0.23634881825590873,113.80711224887305,0.002369087492851918
2025-02-11,61481,263,1204,1.25,753.2,15.2,2.018,16.0,motociclismo_es,131.0,2.2857142857142856,2025-02,0.21307395780810331,114.05012336060251,0.0021352893235533354
2025-02-12,61586,263,1206,1.575,947.8,21.9,2.311,15.0,motociclismo_es,105.0,2.142857142857143,2025-02,0.17049329393043874,114.24490325931697,0.0017078446999885255
2025-02-13,61693,263,1208,1.76,1058.6,27.1,2.56,14.0,motociclismo_es,107.0,2.0,2025-02,0.17343945018073365,114.44339325134027,0.0017374078524339254
2025-02-14,61783,263,1209,2.01,1212.5,29.3,2.416,12.0,motociclismo_es,90.0,1.7142857142857142,2025-02,0.14567113931016623,114.61034745023836,0.0014588364968473044
2025-02-15,61855,263,1209,1.216,722.4,29.8,4.125,9.0,motociclismo_es,72.0,1.2857142857142858,2025-02,0.11640126101366097,114.74391080935686,0.001165369114481285
2025-02-16,61905,263,1209,1.289,766.3,31.6,4.124,9.0,motociclismo_es,50.0,1.2857142857142858,2025-02,0.080768920119538,114.83666314207804,0.0008083420903726157
2025-02-17,61966,266,1210,1.37,815.3,33.4,4.097,7.0,motociclismo_es,61.0,1.0,2025-02,0.09844108059258302,114.94982098799784,0.000985380825458293
2025-02-18,62046,266,1211,1.444,861.7,34.2,3.969,7.0,motociclismo_es,80.0,1.0,2025-02,0.1289365954291977,115.09822472035171,0.0012910305651485654
2025-02-19,62100,266,1213,1.492,891.8,34.5,3.869,6.0,motociclismo_es,54.0,0.8571428571428571,2025-02,0.08695652173913043,115.19839723969059,0.0008703220191470518
2025-02-20,62146,266,1214,1.524,911.2,36.2,3.973,5.0,motociclismo_es,46.0,0.7142857142857143,2025-02,0.07401924500370095,115.28372938579406,0.0007407407407407085
2025-02-21,62190,266,1217,1.547,925.9,36.3,3.921,5.0,motociclismo_es,44.0,0.7142857142857143,2025-02,0.0707509245859463,115.36535143858868,0.000708010169600648
2025-02-22,62248,266,1218,0.464,286.9,2.2,0.767,5.0,motociclismo_es,58.0,0.7142857142857143,2025-02,0.09317568435933685,115.47294414454524,0.0009326258240873742
2025-02-23,62312,266,1223,0.474,293.1,2.2,0.751,9.0,motociclismo_es,64.0,1.2857142857142858,2025-02,0.10270894851713956,115.59166713042832,0.001028145482585785
2025-02-24,62361,266,1224,0.551,340.8,2.8,0.822,9.0,motociclismo_es,49.0,1.2857142857142858,2025-02,0.07857475024454386,115.68256441649507,0.0007863653870843201
2025-02-25,62397,266,1226,0.36,218.8,5.8,2.651,10.0,motociclismo_es,36.0,1.4285714285714286,2025-02,0.057695081494302615,115.74934609605432,0.0005772838793476343
2025-02-26,62436,266,1227,0.371,224.3,7.3,3.255,10.0,motociclismo_es,39.0,1.4285714285714286,2025-02,0.06246396309821257,115.82169291557682,0.0006250300495216354
2025-02-27,62490,268,1229,0.378,227.3,8.8,3.872,10.0,motociclismo_es,54.0,1.4285714285714286,2025-02,0.08641382621219394,115.92186543491569,0.0008648856428983276
2025-02-28,62529,268,1233,0.366,220.1,8.8,3.998,13.0,motociclismo_es,39.0,1.8571428571428572,2025-02,0.0623710598282397,115.9942122544382,0.0006240998559770006
2025-03-01,62566,268,1237,0.417,252.7,8.1,3.205,17.0,motociclismo_es,37.0,2.4285714285714284,2025-03,0.05913755074641179,116.06284898065186,0.000591725439396118
2025-03-02,62659,268,1243,0.365,221.8,7.1,3.201,19.0,motociclismo_es,93.0,2.7142857142857144,2025-03,0.14842241338036036,116.23536831951324,0.0014864303295720749
2025-03-03,62984,268,1245,1.473,915.1,12.8,1.399,20.0,motociclismo_es,325.0,2.857142857142857,2025-03,0.5160040645243237,116.83825848220081,0.005186804768668507
2025-03-04,63154,268,1245,1.754,1090.8,16.8,1.54,18.0,motociclismo_es,170.0,2.5714285714285716,2025-03,0.2691832663014219,117.1536164134528,0.002699098183665649
2025-03-05,63250,268,1247,1.949,1212.4,20.6,1.699,17.0,motociclismo_es,96.0,2.4285714285714284,2025-03,0.1517786561264822,117.33170089227744,0.0015200937391139924
2025-03-06,63306,268,1248,2.013,1252.1,22.2,1.773,17.0,motociclismo_es,56.0,2.4285714285714284,2025-03,0.08845922977284934,117.43558350492516,0.0008853754940711944
2025-03-07,63350,268,1250,2.633,1638.3,29.8,1.819,15.0,motociclismo_es,44.0,2.142857142857143,2025-03,0.06945540647198106,117.51720555771979,0.0006950368053582068
2025-03-08,63384,268,1251,2.396,1490.3,28.3,1.899,12.0,motociclismo_es,34.0,1.7142857142857142,2025-03,0.05364129748832513,117.58027714397016,0.0005367008681926855
2025-03-09,63417,268,1251,1.964,1223.8,21.8,1.781,6.0,motociclismo_es,33.0,0.8571428571428571,2025-03,0.05203652017597805,117.64149368356614,0.0005206361226808287
2025-03-10,63449,268,1251,1.975,1231.1,22.0,1.787,4.0,motociclismo_es,32.0,0.5714285714285714,2025-03,0.05043420700089836,117.70085517650767,0.0005045965592822554
2025-03-11,63483,268,1253,1.989,1240.4,22.0,1.774,5.0,motociclismo_es,34.0,0.7142857142857143,2025-03,0.053557645353874264,117.76392676275809,0.0005358634493846104
2025-03-12,63508,268,1256,1.092,677.8,15.7,2.316,8.0,motociclismo_es,25.0,1.1428571428571428,2025-03,0.03936511935504188,117.81030292911868,0.00039380621583728903
2025-03-13,63561,268,1260,1.059,657.4,15.6,2.373,10.0,motociclismo_es,53.0,1.4285714285714286,2025-03,0.0833844653167823,117.9086204018031,0.0008345405303269438
2025-03-14,63597,269,1262,0.84,523.2,10.8,2.064,10.0,motociclismo_es,36.0,1.4285714285714286,2025-03,0.056606443700174536,117.97540208136235,0.0005663850474346699
2025-03-15,63603,269,1264,0.567,356.0,4.9,1.376,11.0,motociclismo_es,6.0,1.5714285714285714,2025-03,0.009433517286920429,117.98653236128888,9.434407283359647e-05
2025-03-16,63653,269,1270,0.393,243.8,6.3,2.584,17.0,motociclismo_es,50.0,2.4285714285714284,2025-03,0.07855089312365482,118.07928469401006,0.0007861264405766288
2025-03-17,63877,269,1278,0.469,293.0,6.9,2.355,26.0,motociclismo_es,224.0,3.7142857142857144,2025-03,0.35067395150054015,118.49481514460089,0.0035190800119397903
2025-03-18,63979,269,1278,0.885,557.4,8.8,1.579,24.0,motociclismo_es,102.0,3.4285714285714284,2025-03,0.15942731208677846,118.68402990335207,0.0015968188862971466
2025-03-19,64034,269,1279,0.981,616.2,12.0,1.947,22.0,motociclismo_es,55.0,3.142857142857143,2025-03,0.0858918699440922,118.78605746934537,0.0008596570749777044
2025-03-20,64096,268,1281,1.014,637.1,12.6,1.978,21.0,motociclismo_es,62.0,3.0,2025-03,0.09672990514228656,118.9010703619196,0.0009682356248243984
2025-03-21,64124,268,1282,1.064,670.4,11.9,1.775,20.0,motociclismo_es,28.0,2.857142857142857,2025-03,0.04366539829081155,118.95301166824346,0.00043684473290062087
2025-03-22,64148,268,1284,1.019,641.3,12.1,1.887,20.0,motociclismo_es,24.0,2.857142857142857,2025-03,0.03741348132443724,118.99753278794962,0.000374274842492639
2025-03-23,64170,269,1284,0.787,494.4,10.7,2.164,14.0,motociclismo_es,22.0,2.0,2025-03,0.03428393330216612,119.03834381434693,0.0003429569121407017
2025-03-24,64217,269,1285,0.422,262.7,8.6,3.274,7.0,motociclismo_es,47.0,1.0,2025-03,0.07318934238597256,119.12553100710484,0.0007324294841826173
2025-03-25,64264,269,1287,0.396,245.7,8.5,3.46,9.0,motociclismo_es,47.0,1.2857142857142858,2025-03,0.0731358147640981,119.21271819986272,0.0007318934238598196
2025-03-26,64311,269,1290,0.4,248.9,8.1,3.254,11.0,motociclismo_es,47.0,1.5714285714285714,2025-03,0.07308236538072803,119.29990539262063,0.0007313581476409148
2025-03-27,64352,269,1291,0.22,139.8,2.0,1.431,10.0,motociclismo_es,41.0,1.4285714285714286,2025-03,0.0637120835405271,119.37596230545198,0.0006375270171510294
2025-03-28,64390,269,1295,0.154,97.3,1.6,1.644,13.0,motociclismo_es,38.0,1.8571428571428572,2025-03,0.05901537505823886,119.44645407832006,0.0005905022376926361
2025-03-29,64418,269,1303,0.176,111.3,1.9,1.707,19.0,motociclismo_es,28.0,2.7142857142857144,2025-03,0.04346611195628551,119.49839538464393,0.0004348501320081688
2025-03-30,64452,269,1310,0.221,140.7,1.9,1.35,30.0,motociclismo_es,34.0,4.285714285714286,2025-03,0.052752435921305775,119.56146697089432,0.0005278027880406544
2025-03-31,64486,269,1320,0.431,272.9,4.9,1.796,60.0,motociclismo_es,34.0,8.571428571428571,2025-03,0.05272462239866017,119.62453855714472,0.0005275243592131051
2025-04-01,64537,269,1320,0.526,330.5,8.7,2.632,45.0,motociclismo_es,51.0,6.428571428571429,2025-04,0.07902443559508499,119.7191459365203,0.0007908693359799379
2025-04-02,64574,269,1322,0.573,360.0,9.9,2.75,36.0,motociclismo_es,37.0,5.142857142857143,2025-04,0.05729860315297178,119.78778266273397,0.00057331453274867
2025-04-03,64597,269,1322,0.576,362.0,9.8,2.707,30.0,motociclismo_es,23.0,4.285714285714286,2025-04,0.03560536867037169,119.8304487357857,0.0003561805060861012
2025-04-04,64628,269,1324,0.58,364.6,10.0,2.743,26.0,motociclismo_es,31.0,3.7142857142857144,2025-04,0.04796682552454044,119.88795518207283,0.0004798984472962342
2025-04-05,64653,269,1324,0.645,405.5,11.7,2.885,20.0,motociclismo_es,25.0,2.857142857142857,2025-04,0.03866796591032125,119.9343313484334,0.00038682923810107184
2025-04-06,64665,269,1324,0.683,427.9,13.8,3.225,13.0,motociclismo_es,12.0,1.8571428571428572,2025-04,0.01855717930874507,119.9565919082865,0.0001856062363696509
2025-04-07,64678,269,1324,0.675,422.3,14.0,3.315,3.0,motociclismo_es,13.0,0.42857142857142855,2025-04,0.020099570178422337,119.98070751479399,0.00020103610917798775
2025-04-08,64707,269,1327,0.676,423.3,14.0,3.307,6.0,motociclismo_es,29.0,0.8571428571428571,2025-04,0.04481740769932156,120.03450386777229,0.0004483750270571907
2025-04-09,64769,269,1329,0.666,418.1,13.5,3.229,6.0,motociclismo_es,62.0,0.8571428571428571,2025-04,0.09572480662045114,120.14951676034653,0.0009581652680543673
2025-04-10,64882,269,1332,0.652,409.5,13.6,3.321,9.0,motociclismo_es,113.0,1.2857142857142858,2025-04,0.17416232545235968,120.35913703229637,0.0017446617980825252
2025-04-11,64937,269,1340,0.917,583.5,11.9,2.039,16.0,motociclismo_es,55.0,2.2857142857142856,2025-04,0.08469747601521475,120.46116459828964,0.0008476927345026919
2025-04-12,64979,269,1345,0.641,411.3,5.5,1.337,21.0,motociclismo_es,42.0,3.0,2025-04,0.064636267101679,120.53907655777543,0.0006467807259342706
2025-04-13,65106,269,1354,0.347,222.5,3.2,1.438,53.0,motociclismo_es,127.0,7.571428571428571,2025-04,0.19506650692716493,120.77466748288718,0.0019544776004556397
2025-04-14,65348,269,1365,0.964,623.5,6.6,1.059,78.0,motociclismo_es,242.0,11.142857142857142,2025-04,0.3703250290751056,121.22358877325765,0.003717015328848383
2025-04-15,65727,269,1369,0.962,618.1,14.2,2.297,59.0,motociclismo_es,379.0,8.428571428571429,2025-04,0.5766275655362332,121.9266514552841,0.005799718430556489
2025-04-16,65938,269,1370,1.271,818.7,19.4,2.37,45.0,motociclismo_es,211.0,6.428571428571429,2025-04,0.3199975734781158,122.31806629936743,0.0032102484519298535
2025-04-17,66019,269,1371,1.361,876.9,21.3,2.429,36.0,motociclismo_es,81.0,5.142857142857143,2025-04,0.1226919523167573,122.46832507837573,0.0012284267038733532
2025-04-18,66076,269,1372,1.333,859.0,21.9,2.549,30.0,motociclismo_es,57.0,4.285714285714286,2025-04,0.08626430171317875,122.57406273767786,0.0008633878125994254
2025-04-19,66135,269,1373,1.361,878.3,21.7,2.471,28.0,motociclismo_es,59.0,4.0,2025-04,0.0892114614047025,122.68351049028882,0.000892911193171475
2025-04-20,66215,269,1374,1.51,970.7,29.2,3.008,20.0,motociclismo_es,80.0,2.857142857142857,2025-04,0.12081854564675679,122.8319142226427,0.001209646934301034
2025-04-21,66263,269,1375,1.834,1185.4,30.0,2.531,10.0,motociclismo_es,48.0,1.4285714285714286,2025-04,0.07243861581878272,122.92095646205503,0.0007249112738805241
2025-04-22,66313,269,1378,1.876,1214.1,30.1,2.479,9.0,motociclismo_es,50.0,1.2857142857142858,2025-04,0.07539999698400011,123.01370879477618,0.0007545689147789858
2025-04-23,66380,269,1380,1.21,785.4,17.8,2.266,10.0,motociclismo_es,67.0,1.4285714285714286,2025-04,0.10093401626996085,123.13799692062256,0.0010103599595856494
2025-04-24,66563,269,1386,1.254,816.5,18.4,2.254,15.0,motociclismo_es,183.0,2.142857142857143,2025-04,0.2749275122815979,123.47747045838202,0.0027568544742391232
2025-04-25,66756,269,1391,1.148,752.9,13.4,1.78,19.0,motociclismo_es,193.0,2.7142857142857144,2025-04,0.28911258913056503,123.83549446268573,0.0028995087360845773
2025-04-26,66855,269,1403,1.102,610.6,126.1,20.652,44.0,motociclismo_es,99.0,6.285714285714286,2025-04,0.1480816692842719,124.01914408147366,0.0014830127628977507
2025-04-27,66976,269,1416,0.134,90.0,0.0,0.0,89.0,motociclismo_es,121.0,12.714285714285714,2025-04,0.18066172957477306,124.24360472665887,0.0018098870690299584
2025-04-28,67082,269,1420,0.925,612.4,7.8,1.274,80.0,motociclismo_es,106.0,11.428571428571429,2025-04,0.15801556304224681,124.44023967202776,0.0015826564739607196
2025-04-29,67128,269,1422,1.016,670.0,11.8,1.761,56.0,motociclismo_es,46.0,8.0,2025-04,0.06852580145393875,124.52557181813123,0.0006857279150889184
2025-04-30,67183,268,1423,0.936,617.3,11.4,1.847,43.0,motociclismo_es,55.0,6.142857142857143,2025-04,0.08186594823095128,124.62759938412451,0.0008193302347754283
2025-05-01,67223,268,1423,0.893,590.0,10.5,1.78,35.0,motociclismo_es,40.0,5.0,2025-05,0.05950344376180771,124.70180125030143,0.000595388714407008
2025-05-02,67278,268,1423,0.872,576.5,10.1,1.752,29.0,motociclismo_es,55.0,4.142857142857143,2025-05,0.081750349296947,124.80382881629473,0.0008181723517248773
2025-05-03,67311,268,1423,0.834,550.9,10.4,1.888,20.0,motociclismo_es,33.0,2.857142857142857,2025-05,0.04902616214288898,124.86504535589069,0.0004905020957817197
2025-05-04,67340,268,1423,0.993,656.4,12.3,1.874,7.0,motociclismo_es,29.0,1.0,2025-05,0.043065043065043065,124.91884170886898,0.00043083597034665466
2025-05-05,67342,268,1424,1.0,660.8,12.4,1.877,4.0,motociclismo_es,2.0,0.5714285714285714,2025-05,0.002969914763446289,124.92255180217782,2.9700029700041597e-05
2025-05-06,67347,269,1426,1.004,663.5,12.5,1.884,3.0,motociclismo_es,5.0,0.42857142857142855,2025-05,0.007424235674937265,124.93182703544994,7.424786908605263e-05
2025-05-07,67341,269,1429,1.041,685.8,15.0,2.187,3.0,motociclismo_es,-6.0,0.42857142857142855,2025-05,-0.008909876598209115,124.9206967555234,-8.909082809926971e-05
2025-05-08,67351,269,1435,1.052,693.1,15.3,2.207,8.0,motociclismo_es,10.0,1.1428571428571428,2025-05,0.014847589493845674,124.93924722206764,0.00014849794330351607
2025-05-09,67361,274,1445,0.412,273.2,4.4,1.611,18.0,motociclismo_es,10.0,2.5714285714285716,2025-05,0.014845385311975772,124.95779768861186,0.00014847589493838242
2025-05-10,67381,274,1455,0.334,222.6,2.6,1.168,76.0,motociclismo_es,20.0,10.857142857142858,2025-05,0.029681957821937936,124.99489862170034,0.00029690770623957974
2025-05-11,67478,274,1470,1.445,970.0,5.0,0.515,88.0,motociclismo_es,97.0,12.571428571428571,2025-05,0.14375055573668455,125.1748381471794,0.0014395749543640868
2025-05-12,67677,274,1477,2.959,1957.3,45.6,2.33,82.0,motociclismo_es,199.0,11.714285714285714,2025-05,0.2940437667154277,125.54399243140966,0.002949109339340339
2025-05-13,67922,275,1480,2.003,1339.9,20.5,1.53,59.0,motociclismo_es,245.0,8.428571428571429,2025-05,0.3607078707929684,125.99847886174338,0.0036201368263959477
2025-05-14,68115,275,1484,3.007,2010.9,37.4,1.86,45.0,motociclismo_es,193.0,6.428571428571429,2025-05,0.2833443441239081,126.35650286604707,0.0028414946556343246
2025-05-15,68256,275,1487,2.09,1396.7,29.9,2.141,42.0,motociclismo_es,141.0,6.0,2025-05,0.20657524613220818,126.61806444432078,0.002070028628055498
2025-05-16,68317,275,1488,2.34,1562.4,36.0,2.304,34.0,motociclismo_es,61.0,4.857142857142857,2025-05,0.08928963508350776,126.73122229024061,0.0008936943272386255
2025-05-17,68353,275,1489,2.303,1537.8,36.6,2.38,29.0,motociclismo_es,36.0,4.142857142857143,2025-05,0.05266776878849502,126.79800396979984,0.0005269552234437036
2025-05-18,68386,279,1492,2.77,1847.1,47.1,2.55,21.0,motociclismo_es,33.0,3.0,2025-05,0.04825549088994824,126.85922050939583,0.00048278788056110855
2025-05-19,68411,279,1493,3.063,2041.3,54.1,2.65,15.0,motociclismo_es,25.0,2.142857142857143,2025-05,0.036543830670506205,126.9055966757564,0.0003655719006814273
2025-05-20,68428,279,1495,1.322,870.9,33.7,3.87,14.0,motociclismo_es,17.0,2.0,2025-05,0.024843631262056468,126.93713246888159,0.00024849804855953117
2025-05-21,68453,279,1495,1.16,774.8,19.2,2.478,10.0,motociclismo_es,25.0,1.4285714285714286,2025-05,0.03652140884986779,126.98350863524217,0.0003653475185596555
2025-05-22,68470,279,1499,1.18,788.3,19.8,2.512,11.0,motociclismo_es,17.0,1.5714285714285714,2025-05,0.024828391996494815,127.01504442836737,0.00024834558017916564
2025-05-23,68494,279,1510,1.199,801.4,19.9,2.483,20.0,motociclismo_es,24.0,2.857142857142857,2025-05,0.035039565509387686,127.05956554807354,0.0003505184752445878
2025-05-24,68517,279,1523,0.439,289.7,11.3,3.901,76.0,motociclismo_es,23.0,10.857142857142858,2025-05,0.033568311513930846,127.10223162112526,0.000335795836131636
2025-05-25,68580,279,1536,0.322,217.5,3.0,1.379,90.0,motociclismo_es,63.0,12.857142857142858,2025-05,0.09186351706036745,127.21909956035392,0.0009194798371208179
2025-05-26,68732,279,1541,1.23,822.3,23.1,2.809,79.0,motociclismo_es,152.0,11.285714285714286,2025-05,0.2211488098702206,127.5010666518263,0.0022163896179643316
2025-05-27,68783,279,1543,1.128,753.4,22.2,2.947,57.0,motociclismo_es,51.0,8.142857142857142,2025-05,0.07414622799238184,127.5956740312019,0.000742012454169716
2025-05-28,68844,279,1546,1.258,838.0,28.4,3.389,44.0,motociclismo_es,61.0,6.285714285714286,2025-05,0.08860612399047121,127.70883187712172,0.000886847040693084
2025-05-29,68899,279,1550,0.77,511.6,19.1,3.733,36.0,motociclismo_es,55.0,5.142857142857143,2025-05,0.07982699313487858,127.81085944311499,0.0007989076753238677
2025-05-30,68964,279,1551,0.753,500.1,19.5,3.899,30.0,motociclismo_es,65.0,4.285714285714286,2025-05,0.09425207354561801,127.93143747565252,0.0009434099188667666
2025-05-31,69007,281,1551,0.854,560.5,29.1,5.192,26.0,motociclismo_es,43.0,3.7142857142857144,2025-05,0.06231251901980959,128.0112044817927,0.000623513717301849
2025-06-01,69042,282,1552,0.82,527.5,38.6,7.318,14.0,motociclismo_es,35.0,2.0,2025-06,0.05069378059731757,128.07613111469755,0.0005071949222543726
2025-06-02,69059,282,1554,0.958,619.3,42.5,6.863,11.0,motociclismo_es,17.0,1.5714285714285714,2025-06,0.02461663215511374,128.10766690782273,0.00024622693432974074
2025-06-03,69069,282,1556,0.975,629.9,43.2,6.858,11.0,motociclismo_es,10.0,1.5714285714285714,2025-06,0.014478275347840566,128.12621737436695,0.00014480371855940533
2025-06-04,69052,282,1556,0.932,601.0,42.7,7.105,9.0,motociclismo_es,-17.0,1.2857142857142858,2025-06,-0.02461912761397208,128.0946815812418,-0.0002461306809132813
2025-06-05,69052,282,1560,0.837,543.3,34.5,6.35,9.0,motociclismo_es,0.0,1.2857142857142858,2025-06,0.0,128.0946815812418,0.0
2025-06-06,69064,282,1564,0.857,557.3,34.7,6.226,12.0,motociclismo_es,12.0,1.7142857142857142,2025-06,0.01737518823120584,128.11694214109485,0.00017378207727514194
2025-06-07,69074,282,1574,0.819,540.9,24.5,4.529,22.0,motociclismo_es,10.0,3.142857142857143,2025-06,0.014477227321423402,128.13549260763907,0.0001447932352600656
2025-06-08,69113,282,1583,0.45,304.6,6.6,2.167,57.0,motociclismo_es,39.0,8.142857142857142,2025-06,0.056429325886591525,128.2078394271616,0.0005646118655355803
2025-06-09,69188,282,1589,0.885,594.6,17.6,2.96,59.0,motociclismo_es,75.0,8.428571428571429,2025-06,0.10840030063016708,128.34696792624334,0.0010851793439730084
2025-06-10,69269,282,1593,1.259,851.5,20.4,2.396,55.0,motociclismo_es,81.0,7.857142857142857,2025-06,0.11693542565938586,128.49722670525162,0.0011707232468058937
2025-06-11,69286,282,1594,1.241,839.3,20.3,2.419,42.0,motociclismo_es,17.0,6.0,2025-06,0.02453598129492249,128.52876249837684,0.0002454200291617248
2025-06-12,69302,282,1594,1.116,755.3,17.9,2.37,38.0,motociclismo_es,16.0,5.428571428571429,2025-06,0.023087356786239938,128.5584432448476,0.00023092688277581708
2025-06-13,69308,282,1594,1.177,797.2,18.3,2.296,29.0,motociclismo_es,6.0,4.142857142857143,2025-06,0.00865700929185664,128.56957352477414,8.657758794838877e-05
2025-06-14,69313,282,1595,1.215,822.8,19.3,2.346,27.0,motociclismo_es,5.0,3.857142857142857,2025-06,0.007213654004299337,128.57884875804626,7.214174409875262e-05
2025-06-15,69315,282,1595,1.306,889.3,15.8,1.777,11.0,motociclismo_es,2.0,1.5714285714285714,2025-06,0.002885378345235519,128.58255885135512,2.8854616017204293e-05
2025-06-16,69318,282,1595,1.333,907.8,16.1,1.774,6.0,motociclismo_es,3.0,0.8571428571428571,2025-06,0.004327880204275946,128.58812399131838,4.328067517844758e-05
2025-06-17,69324,282,1595,1.337,910.7,15.9,1.746,5.0,motociclismo_es,6.0,0.7142857142857143,2025-06,0.008655011251514626,128.59925427124492,8.655760408560198e-05
2025-06-18,69329,282,1595,1.355,923.2,16.1,1.744,1.0,motociclismo_es,5.0,0.14285714285714285,2025-06,0.00721198921086414,128.60852950451704,7.212509376253173e-05
2025-06-19,69339,282,1602,1.36,926.8,16.1,1.737,2.0,motociclismo_es,10.0,0.2857142857142857,2025-06,0.01442189821024243,128.62707997106128,0.00014423978421729267
2025-06-20,69351,282,1610,1.37,933.8,16.0,1.713,9.0,motociclismo_es,12.0,1.2857142857142858,2025-06,0.017303283298005796,128.64934053091434,0.00017306277852280338
2025-06-21,69380,282,1620,0.548,374.1,6.3,1.684,59.0,motociclismo_es,29.0,8.428571428571429,2025-06,0.04179878927644854,128.70313688389263,0.00041816267970173904
2025-06-22,69430,282,1632,0.463,291.5,30.2,10.36,86.0,motociclismo_es,50.0,12.285714285714286,2025-06,0.07201497911565605,128.7958892166138,0.0007206687806284862
2025-06-23,69693,282,1639,1.239,841.0,22.8,2.711,75.0,motociclismo_es,263.0,10.714285714285714,2025-06,0.37736931973081944,129.28376648672716,0.0037879879014834916
2025-06-24,69844,282,1640,1.461,962.4,58.3,6.058,54.0,motociclismo_es,151.0,7.714285714285714,2025-06,0.21619609415268315,129.56387853154507,0.0021666451437016843
2025-06-25,69913,282,1641,1.504,990.8,61.0,6.157,42.0,motociclismo_es,69.0,6.0,2025-06,0.09869409122766866,129.6918767507003,0.0009879159269228222
2025-06-26,69954,282,1642,1.465,966.1,59.0,6.107,38.0,motociclismo_es,41.0,5.428571428571429,2025-06,0.05860994367727363,129.76793366353164,0.0005864431507731638
2025-06-27,69974,282,1655,1.298,845.7,62.8,7.426,32.0,motociclismo_es,20.0,4.571428571428571,2025-06,0.028582044759482096,129.8050345966201,0.00028590216427937243
2025-06-28,69984,282,1661,0.577,395.8,7.7,1.945,30.0,motociclismo_es,10.0,4.285714285714286,2025-06,0.014288980338363056,129.82358506316433,0.0001429102237973101
2025-06-29,70006,282,1671,0.787,543.0,8.1,1.492,77.0,motociclismo_es,22.0,11.0,2025-06,0.03142587778190441,129.86439608956167,0.00031435756744402354
2025-06-30,70085,282,1677,1.043,720.2,10.8,1.5,57.0,motociclismo_es,79.0,8.142857142857142,2025-06,0.11272026824570165,130.0109447752611,0.0011284747021684804
2025-07-01,70101,282,1678,1.01,695.3,12.6,1.812,44.0,motociclismo_es,16.0,6.285714285714286,2025-07,0.02282421078158657,130.04062552173187,0.0002282942141684785
2025-07-02,70108,282,1682,1.08,744.3,12.7,1.706,41.0,motociclismo_es,7.0,5.857142857142857,2025-07,0.00998459519598334,130.05361084831284,9.985592216943395e-05
2025-07-03,70130,282,1684,1.036,714.4,12.2,1.708,37.0,motociclismo_es,22.0,5.285714285714286,2025-07,0.03137031227719948,130.09442187471015,0.00031380156330240716
2025-07-04,70158,282,1684,1.134,778.9,16.6,2.131,29.0,motociclismo_es,28.0,4.142857142857143,2025-07,0.03990991761452721,130.14636318103402,0.00039925851989153216
2025-07-05,70174,282,1684,1.163,797.1,19.3,2.421,27.0,motociclismo_es,16.0,3.857142857142857,2025-07,0.022800467409581894,130.17604392750476,0.00022805667208292135
2025-07-06,70182,282,1684,0.992,671.3,24.7,3.679,12.0,motociclismo_es,8.0,1.7142857142857142,2025-07,0.011398934199652332,130.19088430074018,0.00011400233704783602
2025-07-07,70191,282,1684,0.997,674.9,25.1,3.719,7.0,motociclismo_es,9.0,1.0,2025-07,0.012822156686754713,130.20757972062998,0.00012823800974604005
2025-07-08,70203,282,1686,1.005,680.3,25.2,3.704,7.0,motociclismo_es,12.0,1.0,2025-07,0.01709328661168326,130.22984028048305,0.0001709620891567898
2025-07-09,70207,282,1689,1.014,686.9,25.3,3.683,5.0,motociclismo_es,4.0,0.7142857142857143,2025-07,0.005697437577449543,130.23726046710075,5.697762203893397e-05
2025-07-10,70221,282,1694,0.937,632.4,25.8,4.08,10.0,motociclismo_es,14.0,1.4285714285714286,2025-07,0.01993705586647869,130.26323112026267,0.00019941031521075736
2025-07-11,70280,282,1703,0.804,543.7,21.3,3.918,13.0,motociclismo_es,59.0,1.8571428571428572,2025-07,0.08394991462720547,130.37267887287365,0.0008402044972302125
2025-07-12,70309,282,1712,0.815,561.9,11.0,1.958,58.0,motociclismo_es,29.0,8.285714285714286,2025-07,0.04124649760343626,130.42647522585193,0.00041263517359135804
2025-07-13,70373,282,1722,1.597,1072.4,51.3,4.784,76.0,motociclismo_es,64.0,10.857142857142858,2025-07,0.0909439699884899,130.54519821173503,0.0009102675333172439
2025-07-14,70405,282,1723,1.12,758.3,30.3,3.996,63.0,motociclismo_es,32.0,9.0,2025-07,0.04545131737802713,130.60455970467657,0.0004547198499424976
2025-07-15,70441,282,1725,0.918,631.0,15.9,2.52,48.0,motociclismo_es,36.0,6.857142857142857,2025-07,0.05110659984951945,130.67134138423583,0.0005113273205028523
2025-07-16,70477,282,1728,1.074,738.8,17.9,2.423,38.0,motociclismo_es,36.0,5.428571428571429,2025-07,0.051080494345673064,130.73812306379506,0.0005110659984952637
2025-07-17,70483,282,1734,0.974,666.8,19.8,2.969,32.0,motociclismo_es,6.0,4.571428571428571,2025-07,0.008512691003504392,130.7492533437216,8.513415724276108e-05
2025-07-18,70504,282,1743,0.986,677.4,17.8,2.628,34.0,motociclismo_es,21.0,4.857142857142857,2025-07,0.029785544082605246,130.78820932346449,0.0002979441851227449
2025-07-19,70538,282,1756,0.302,203.0,9.7,4.778,83.0,motociclismo_es,34.0,11.857142857142858,2025-07,0.048200969690096115,130.8512809097149,0.00048224214228986817
2025-07-20,70605,282,1766,0.509,352.6,6.7,1.9,68.0,motociclismo_es,67.0,9.714285714285714,2025-07,0.09489412931095531,130.97556903556125,0.0009498426380107894
2025-07-21,70695,284,1772,1.411,978.3,19.2,1.963,81.0,motociclismo_es,90.0,11.571428571428571,2025-07,0.1273074474856779,131.14252323445933,0.001274697259400881
2025-07-22,70782,284,1774,1.331,917.7,24.5,2.67,66.0,motociclismo_es,87.0,9.428571428571429,2025-07,0.12291260489955073,131.30391229339418,0.0012306386590281715
2025-07-23,70847,284,1776,1.287,882.5,29.2,3.309,43.0,motociclismo_es,65.0,6.142857142857143,2025-07,0.0917470041074428,131.42449032593169,0.0009183125653413615
2025-07-24,70896,284,1777,1.218,836.2,27.2,3.253,39.0,motociclismo_es,49.0,5.571428571428571,2025-07,0.06911532385466035,131.51538761199845,0.0006916312617331055
2025-07-25,70919,284,1778,1.538,1053.7,36.7,3.483,29.0,motociclismo_es,23.0,4.142857142857143,2025-07,0.032431365360481676,131.55805368505017,0.00032441886707279544
2025-07-26,70924,284,1778,1.356,926.4,35.6,3.843,21.0,motociclismo_es,5.0,3.0,2025-07,0.007049799785686086,131.5673289183223,7.050296817490143e-05
2025-07-27,70934,284,1778,1.412,964.0,37.4,3.88,20.0,motociclismo_es,10.0,2.857142857142857,2025-07,0.014097611864550144,131.58587938486653,0.0001409959957137108
2025-07-28,70935,284,1778,1.615,1104.9,40.4,3.656,8.0,motociclismo_es,1.0,1.1428571428571428,2025-07,0.0014097413124691618,131.58773443152094,1.409761186454972e-05
2025-07-29,70935,284,1778,1.627,1113.3,40.7,3.656,5.0,motociclismo_es,0.0,0.7142857142857143,2025-07,0.0,131.58773443152094,0.0
2025-07-30,70942,284,1778,1.637,1120.8,40.5,3.613,3.0,motociclismo_es,7.0,0.42857142857142855,2025-07,0.00986721547179386,131.60071975810192,9.868189187289822e-05
2025-07-31,70943,284,1778,1.645,1126.4,40.7,3.613,2.0,motociclismo_es,1.0,0.2857142857142857,2025-07,0.001409582340752435,131.60257480475636,1.4096022102672023e-05
2025-08-01,70952,284,1778,1.655,1133.6,41.0,3.617,0.0,motociclismo_es,9.0,0.0,2025-08,0.01268463186379524,131.61927022464616,0.0001268624106676164
2025-08-02,70953,284,1779,1.66,1136.7,41.0,3.607,1.0,motociclismo_es,1.0,0.14285714285714285,2025-08,0.0014093836765182585,131.62112527130057,1.4094035404310645e-05
2025-08-03,70949,284,1779,1.665,1139.8,41.3,3.623,1.0,motociclismo_es,-4.0,0.14285714285714285,2025-08,-0.0056378525419667645,131.6137050846829,-5.63753470607109e-05
2025-08-04,70945,284,1780,1.421,967.1,40.8,4.219,2.0,motociclismo_es,-4.0,0.2857142857142857,2025-08,-0.005638170413700754,131.60628489806518,-5.6378525419620296e-05
2025-08-05,70946,284,1782,1.421,967.2,40.8,4.218,2.0,motociclismo_es,1.0,0.2857142857142857,2025-08,0.0014095227356017252,131.6081399447196,1.4095426034144154e-05
2025-08-06,70939,284,1782,1.377,936.0,41.1,4.391,4.0,motociclismo_es,-7.0,0.5714285714285714,2025-08,-0.009867632754902099,131.59515461813865,-9.866659149215806e-05
2025-08-07,70933,284,1782,1.454,987.7,43.4,4.394,4.0,motociclismo_es,-6.0,0.5714285714285714,2025-08,-0.008458686366007358,131.5840243382121,-8.457970932773673e-05
2025-08-08,70931,284,1782,1.458,990.6,43.4,4.381,4.0,motociclismo_es,-2.0,0.5714285714285714,2025-08,-0.0028196416235496467,131.58031424490326,-2.81956212200285e-05
2025-08-09,70929,284,1782,1.464,994.9,43.5,4.372,4.0,motociclismo_es,-2.0,0.5714285714285714,2025-08,-0.0028197211295802847,131.5766041515944,-2.8196416235526378e-05
2025-08-10,70929,284,1782,1.474,1001.8,43.6,4.352,3.0,motociclismo_es,0.0,0.42857142857142855,2025-08,0.0,131.5766041515944,0.0
2025-08-11,70923,284,1783,1.477,1004.2,43.6,4.342,3.0,motociclismo_es,-6.0,0.42857142857142855,2025-08,-0.00845987902372996,131.56547387166788,-8.459163388740976e-05
2025-08-12,70925,283,1784,1.484,1008.6,43.6,4.323,2.0,motociclismo_es,2.0,0.2857142857142857,2025-08,0.0028198801550934085,131.56918396497673,2.8199596745714928e-05
2025-08-13,70933,283,1784,1.533,1043.0,44.4,4.257,2.0,motociclismo_es,8.0,0.2857142857142857,2025-08,0.01127824848800981,131.5840243382121,0.00011279520620366412
2025-08-14,70947,283,1789,1.549,1065.5,33.8,3.172,2.0,motociclismo_es,14.0,0.2857142857142857,2025-08,0.019733040156736718,131.60999499137404,0.0001973693485401995
2025-08-15,70983,284,1793,1.719,1185.6,34.3,2.893,11.0,motociclismo_es,36.0,1.5714285714285714,2025-08,0.05071636870800051,131.67677667093326,0.000507421032601707
2025-08-16,70992,284,1804,1.379,964.8,14.3,1.482,22.0,motociclismo_es,9.0,3.142857142857143,2025-08,0.012677484787018255,131.6934720908231,0.0001267909217699259
2025-08-17,71070,284,1819,0.106,68.0,7.0,10.294,130.0,motociclismo_es,78.0,18.571428571428573,2025-08,0.10975094976783453,131.8381657298681,0.0010987153482082679
2025-08-18,71288,285,1822,0.572,379.5,28.2,7.431,75.0,motociclismo_es,218.0,10.714285714285714,2025-08,0.3058018179777803,132.2425659005324,0.003067398339665184
2025-08-19,71386,285,1823,1.004,677.2,39.2,5.789,63.0,motociclismo_es,98.0,9.0,2025-08,0.13728181996469896,132.42436047266588,0.001374705420267075
2025-08-20,71441,285,1825,1.191,804.4,46.6,5.793,48.0,motociclismo_es,55.0,6.857142857142857,2025-08,0.07698660433084643,132.52638803865918,0.0007704591936794625
2025-08-21,71475,285,1829,1.259,852.2,48.0,5.632,39.0,motociclismo_es,34.0,5.571428571428571,2025-08,0.04756908009793634,132.58945962490955,0.00047591719040895875
2025-08-22,71526,285,1839,1.827,1237.8,69.3,5.599,34.0,motociclismo_es,51.0,4.857142857142857,2025-08,0.07130274305846825,132.68406700428517,0.0007135362014689672
2025-08-23,71555,285,1848,0.917,637.7,18.7,2.932,44.0,motociclismo_es,29.0,6.285714285714286,2025-08,0.04052826497100133,132.73786335726342,0.00040544697033251254
2025-08-24,71622,285,1861,0.486,341.8,6.3,1.843,65.0,motociclismo_es,67.0,9.285714285714286,2025-08,0.09354667560246852,132.8621514831098,0.0009363426734678715
2025-08-25,71749,285,1865,0.429,300.8,7.2,2.394,70.0,motociclismo_es,127.0,10.0,2025-08,0.1770059513024572,133.09774240822156,0.0017731981793303042
2025-08-26,71821,285,1867,0.815,576.4,8.9,1.544,62.0,motociclismo_es,72.0,8.857142857142858,2025-08,0.10024923072638921,133.23130576734005,0.0010034983065965175
2025-08-27,71878,285,1869,0.969,687.0,9.3,1.354,43.0,motociclismo_es,57.0,6.142857142857143,2025-08,0.0793010378697237,133.3370434266422,0.0007936397432506404
2025-08-28,71942,285,1869,1.03,727.4,13.3,1.828,38.0,motociclismo_es,64.0,5.428571428571429,2025-08,0.08896055155541965,133.4557664125253,0.0008903976181864337
2025-08-29,71973,285,1869,1.079,760.8,15.9,2.09,32.0,motociclismo_es,31.0,4.571428571428571,2025-08,0.04307170744584775,133.5132728588124,0.0004309026715965114
2025-08-30,71993,285,1870,1.194,843.1,16.6,1.969,22.0,motociclismo_es,20.0,3.142857142857143,2025-08,0.02778047865764727,133.55037379190088,0.00027788198352163285
2025-08-31,71998,285,1870,1.465,1032.8,21.8,2.111,9.0,motociclismo_es,5.0,1.2857142857142858,2025-08,0.006944637351037528,133.559649025173,6.945119664414356e-05
2025-09-01,71998,285,1870,1.524,1074.8,22.8,2.121,5.0,motociclismo_es,0.0,0.7142857142857143,2025-09,0.0,133.559649025173,0.0
2025-09-02,72009,285,1872,1.535,1082.4,22.8,2.106,5.0,motociclismo_es,11.0,0.7142857142857143,2025-09,0.015275868294240998,133.58005453837166,0.0001527820217228637
2025-09-03,72024,285,1872,1.566,1104.1,23.5,2.128,2.0,motociclismo_es,15.0,0.2857142857142857,2025-09,0.020826391202932358,133.607880238188,0.0002083072949214948
2025-09-04,72037,285,1879,1.441,1014.8,23.2,2.286,9.0,motociclismo_es,13.0,1.2857142857142858,2025-09,0.018046281771867234,133.6319958446955,0.00018049539042541696
2025-09-05,72054,284,1885,1.445,1018.3,23.2,2.278,11.0,motociclismo_es,17.0,1.5714285714285714,2025-09,0.023593416049074306,133.6635316378207,0.00023598983855510625
2025-09-06,72079,285,1901,1.016,709.8,22.3,3.142,20.0,motociclismo_es,25.0,2.857142857142857,2025-09,0.03468416598454473,133.70990780418128,0.0003469620007217067
2025-09-07,72114,285,1907,1.317,938.8,11.0,1.172,76.0,motociclismo_es,35.0,10.857142857142858,2025-09,0.048534265191225,133.7748344370861,0.00048557832378359755
2025-09-08,72158,285,1911,1.28,915.9,7.8,0.852,71.0,motociclismo_es,44.0,10.142857142857142,2025-09,0.06097729981429641,133.8564564898807,0.0006101450481181825
2025-09-09,72181,285,1913,1.078,770.6,7.3,0.947,51.0,motociclismo_es,23.0,7.285714285714286,2025-09,0.0318643410315734,133.89912256293246,0.00031874497630202114
2025-09-10,72189,285,1913,1.037,741.7,7.1,0.957,40.0,motociclismo_es,8.0,5.714285714285714,2025-09,0.011082020806494064,133.91396293616785,0.00011083249054455457
2025-09-11,72202,285,1917,1.019,729.0,6.9,0.947,32.0,motociclismo_es,13.0,4.571428571428571,2025-09,0.018005041411595247,133.93807854267536,0.00018008283810555525
2025-09-12,72220,285,1923,0.692,496.0,3.8,0.766,29.0,motociclismo_es,18.0,4.142857142857143,2025-09,0.024923843810578786,133.97146938245496,0.00024930057339123124
2025-09-13,72231,285,1934,0.498,350.5,9.5,2.71,34.0,motociclismo_es,11.0,4.857142857142857,2025-09,0.015228918331464331,133.99187489565364,0.0001523123788425007
2025-09-14,72311,285,1947,0.552,388.3,10.9,2.807,39.0,motociclismo_es,80.0,5.571428571428571,2025-09,0.11063323699022277,134.1402786280075,0.0011075576968337941
2025-09-15,72568,284,1950,2.107,1497.8,31.2,2.083,95.0,motociclismo_es,257.0,13.571428571428571,2025-09,0.3541505897916437,134.6170256181943,0.0035540927383108656
2025-09-16,72597,285,1950,2.38,1695.8,31.9,1.881,53.0,motociclismo_es,29.0,7.571428571428571,2025-09,0.03994655426532777,134.6708219711726,0.00039962517914227114
2025-09-17,72615,285,1951,2.421,1725.1,32.8,1.901,42.0,motociclismo_es,18.0,6.0,2025-09,0.024788266887006815,134.70421281095219,0.0002479441299227947
2025-09-18,72639,285,1951,2.439,1738.6,32.9,1.892,34.0,motociclismo_es,24.0,4.857142857142857,2025-09,0.03304010242431751,134.74873393065835,0.00033051022516006334
2025-09-19,72665,285,1952,2.352,1677.4,31.8,1.896,31.0,motociclismo_es,26.0,4.428571428571429,2025-09,0.035780637170577306,134.79696514367336,0.0003579344429300857
2025-09-20,72684,285,1952,2.086,1487.7,28.2,1.896,19.0,motociclismo_es,19.0,2.7142857142857144,2025-09,0.0261405536294095,134.8322110301074,0.0002614738870156952
2025-09-21,72689,285,1952,2.348,1675.7,31.0,1.85,16.0,motociclismo_es,5.0,2.2857142857142856,2025-09,0.006878619873708539,134.84148626337952,6.879093060363495e-05
2025-09-22,72688,285,1953,2.331,1665.3,28.8,1.729,3.0,motociclismo_es,-1.0,0.42857142857142855,2025-09,-0.00137574290116663,134.8396312167251,-1.3757239747391736e-05
2025-09-23,72693,285,1955,2.338,1670.9,28.9,1.73,5.0,motociclismo_es,5.0,0.7142857142857143,2025-09,0.0068782413712462,134.8489064499972,6.878714505842431e-05
2025-09-24,72705,285,1957,2.305,1625.1,51.0,3.138,6.0,motociclismo_es,12.0,0.8571428571428571,2025-09,0.016505054672993603,134.8711670098503,0.00016507779290986235
2025-09-25,72713,285,1964,2.033,1428.1,49.8,3.487,13.0,motociclismo_es,8.0,1.8571428571428572,2025-09,0.011002159173737846,134.88600738308568,0.00011003369781992234
2025-09-26,72707,285,1971,1.914,1342.0,49.3,3.674,13.0,motociclismo_es,-6.0,1.8571428571428572,2025-09,-0.00825230032871663,134.87487710315915,-8.251619380306163e-05
2025-09-27,72743,285,1983,0.613,435.8,10.3,2.363,75.0,motociclismo_es,36.0,10.714285714285714,2025-09,0.04948929793932062,134.94165878271838,0.0004951380197228961
2025-09-28,73005,285,2002,0.507,360.2,9.6,2.665,92.0,motociclismo_es,262.0,13.142857142857142,2025-09,0.3588795287993973,135.4276810061773,0.003601721127806101
2025-09-29,73240,285,2003,2.921,2062.0,77.0,3.734,91.0,motociclismo_es,235.0,13.0,2025-09,0.3208629164391043,135.8636169699668,0.003218957605643391
2025-09-30,73411,285,2006,3.072,2229.5,25.9,1.162,64.0,motociclismo_es,171.0,9.142857142857142,2025-09,0.2329351187151789,136.1808299478732,0.002334789732386655
2025-10-01,73607,285,2007,3.25,2363.9,28.2,1.193,47.0,motociclismo_es,196.0,6.714285714285714,2025-10,0.26627902237558926,136.54441909214017,0.0026698996063261315
2025-10-02,73747,285,2011,2.971,2165.9,24.8,1.145,39.0,motociclismo_es,140.0,5.571428571428571,2025-10,0.18983823070768982,136.80412562375943,0.001901993016968584
2025-10-03,73805,285,2020,3.487,2550.2,23.7,0.929,35.0,motociclismo_es,58.0,5.0,2025-10,0.07858546168958742,136.911718329716,0.0007864726700748115
2025-10-04,73886,285,2035,0.753,553.8,2.8,0.506,84.0,motociclismo_es,81.0,12.0,2025-10,0.10962834637143706,137.06197710872428,0.0010974866201476363
2025-10-05,73991,285,2047,0.291,211.0,4.3,2.038,73.0,motociclismo_es,105.0,10.428571428571429,2025-10,0.1419091511129732,137.25675700743872,0.0014211081937038905
2025-10-06,74152,285,2051,0.302,222.1,1.9,0.855,73.0,motociclismo_es,161.0,10.428571428571429,2025-10,0.21712158808933005,137.5554195188009,0.0021759403170655833
2025-10-07,74214,285,2053,0.6,430.3,15.3,3.556,52.0,motociclismo_es,62.0,7.428571428571429,2025-10,0.0835421888053467,137.67043241137515,0.0008361204013378476
2025-10-08,74252,285,2055,0.623,447.7,15.2,3.395,46.0,motociclismo_es,38.0,6.571428571428571,2025-10,0.0511770726714432,137.74092418424323,0.0005120327700973704
2025-10-09,74279,285,2056,0.63,452.1,16.1,3.561,38.0,motociclismo_es,27.0,5.428571428571429,2025-10,0.036349439276242276,137.79101044391265,0.0003636265689812568
2025-10-10,74295,285,2059,0.639,459.0,15.6,3.399,31.0,motociclismo_es,16.0,4.428571428571429,2025-10,0.02153576956726563,137.82069119038346,0.00021540408459985727
2025-10-11,74318,285,2060,0.678,485.4,18.2,3.749,24.0,motociclismo_es,23.0,3.4285714285714284,2025-10,0.03094808794639253,137.86335726343518,0.0003095766875294004
2025-10-12,74346,285,2060,0.67,477.9,20.4,4.269,22.0,motociclismo_es,28.0,3.142857142857143,2025-10,0.037661743738735105,137.91529856975905,0.0003767593315213702
2025-10-13,74356,285,2062,0.676,489.6,13.2,2.696,12.0,motociclismo_es,10.0,1.7142857142857142,2025-10,0.013448813814621551,137.93384903630326,0.0001345062276383313
2025-10-14,74368,285,2063,0.696,504.4,13.3,2.637,10.0,motociclismo_es,12.0,1.4285714285714286,2025-10,0.016135972461273667,137.95610959615635,0.00016138576577540142
2025-10-15,74375,292,2064,0.684,495.7,13.3,2.683,9.0,motociclismo_es,7.0,1.2857142857142858,2025-10,0.009411764705882354,137.9690949227373,9.412650602413919e-05
2025-10-16,74387,292,2069,0.637,461.3,12.8,2.775,9.0,motociclismo_es,12.0,1.2857142857142858,2025-10,0.01613185099546964,137.9913554825904,0.00016134453781502245
2025-10-17,74387,292,2072,0.635,460.7,11.3,2.453,13.0,motociclismo_es,0.0,1.8571428571428572,2025-10,0.0,137.9913554825904,0.0
2025-10-18,74390,293,2078,0.582,420.1,13.1,3.118,15.0,motociclismo_es,3.0,2.142857142857143,2025-10,0.0040328001075413365,137.99692062255366,4.0329627488677744e-05
2025-10-19,74410,294,2085,0.305,219.7,7.3,3.323,28.0,motociclismo_es,20.0,4.0,2025-10,0.026878107781212204,138.03402155564214,0.00026885334050286147
2025-10-20,74443,293,2086,0.255,184.1,5.9,3.205,24.0,motociclismo_es,33.0,3.4285714285714284,2025-10,0.044329218328116815,138.0952380952381,0.0004434887783899555
2025-10-21,74460,294,2087,0.316,224.5,10.7,4.766,24.0,motociclismo_es,17.0,3.4285714285714284,2025-10,0.0228310502283105,138.1267738883633,0.0002283626398720262
2025-10-22,74468,296,2089,0.357,253.3,12.3,4.856,26.0,motociclismo_es,8.0,3.7142857142857144,2025-10,0.010742869420422194,138.14161426159868,0.00010744023636855005
2025-10-23,74476,296,2093,0.372,264.3,12.7,4.805,23.0,motociclismo_es,8.0,3.2857142857142856,2025-10,0.010741715451957677,138.15645463483406,0.00010742869420421464
2025-10-24,74481,298,2097,0.374,265.5,12.7,4.783,23.0,motociclismo_es,5.0,3.2857142857142856,2025-10,0.006713121467219828,138.16572986810618,6.713572157468484e-05
2025-10-25,74475,298,2108,0.318,228.6,8.1,3.543,29.0,motociclismo_es,-6.0,4.142857142857143,2025-10,-0.008056394763343404,138.15459958817965,-8.055745760660038e-05
2025-10-26,74569,298,2113,0.253,181.2,7.4,4.084,27.0,motociclismo_es,94.0,3.857142857142857,2025-10,0.12605774517560916,138.32897397369544,0.0012621685129237115
2025-10-27,75386,297,2119,0.236,173.1,5.0,2.889,56.0,motociclismo_es,817.0,8.0,2025-10,1.0837556044888972,139.84454709035933,0.010956295511539649
2025-10-28,75528,298,2120,1.083,793.9,23.7,2.985,43.0,motociclismo_es,142.0,6.142857142857143,2025-10,0.1880097447304311,140.10796371528744,0.0018836388719389863
2025-10-29,75542,298,2121,1.085,795.6,24.2,3.042,39.0,motociclismo_es,14.0,5.571428571428571,2025-10,0.018532736755712053,140.13393436844936,0.00018536172015681807
2025-10-30,75543,300,2125,1.376,1008.9,30.7,3.043,33.0,motociclismo_es,1.0,4.714285714285714,2025-10,0.001323749387765908,140.13578941510377,1.3237669111321182e-05
2025-10-31,75560,300,2127,1.468,1075.8,33.6,3.123,28.0,motociclismo_es,17.0,4.0,2025-10,0.022498676548438328,140.167325208229,0.00022503739592028005
2025-11-01,75565,300,2128,1.354,993.4,30.0,3.02,27.0,motociclismo_es,5.0,3.857142857142857,2025-11,0.006616819956328988,140.1766004415011,6.617257808372301e-05
2025-11-02,75563,300,2128,0.827,608.9,15.9,2.611,15.0,motociclismo_es,-2.0,2.142857142857143,2025-11,-0.0026467980360758573,140.17289034819225,-2.646727982535957e-05
2025-11-03,75563,300,2128,0.865,636.6,16.8,2.639,11.0,motociclismo_es,0.0,1.5714285714285714,2025-11,0.0,140.17289034819225,0.0
2025-11-04,75561,300,2133,0.875,644.7,16.8,2.606,8.0,motociclismo_es,-2.0,1.1428571428571428,2025-11,-0.002646868093328569,140.1691802548834,-2.646798036076703e-05
2025-11-05,75690,300,2145,0.88,649.3,16.8,2.587,18.0,motociclismo_es,129.0,2.5714285714285716,2025-11,0.17043202536662702,140.40848127330403,0.0017072299201970065
2025-11-06,75809,300,2152,0.788,584.5,12.8,2.19,29.0,motociclismo_es,119.0,4.142857142857143,2025-11,0.156973446424567,140.6292318251804,0.001572202404544809
2025-11-07,75884,300,2158,0.567,422.1,8.1,1.919,66.0,motociclismo_es,75.0,9.428571428571429,2025-11,0.0988350640451215,140.76836032426218,0.0009893284438522443
2025-11-08,75992,300,2167,0.295,221.0,3.1,1.403,55.0,motociclismo_es,108.0,7.857142857142857,2025-11,0.1421202231813875,140.9687053629399,0.0014232249222496662
2025-11-09,76049,299,2174,0.445,332.4,6.2,1.865,56.0,motociclismo_es,57.0,8.0,2025-11,0.07495167589317413,141.074443022242,0.0007500789556795784
2025-11-10,76080,299,2176,0.474,354.5,5.8,1.636,44.0,motociclismo_es,31.0,6.285714285714286,2025-11,0.0407465825446898,141.13194946852914,0.0004076319215242652
2025-11-11,76116,299,2179,0.505,377.6,6.6,1.748,36.0,motociclismo_es,36.0,5.142857142857143,2025-11,0.04729623206684534,141.19873114808837,0.0004731861198739029
2025-11-12,76160,299,2183,0.42,314.5,5.3,1.685,36.0,motociclismo_es,44.0,5.142857142857143,2025-11,0.05777310924369748,141.280353200883,0.0005780650585947011
2025-11-13,76203,299,2186,0.676,505.4,10.1,1.998,34.0,motociclismo_es,43.0,4.857142857142857,2025-11,0.056428224610579635,141.3601202070232,0.0005646008403361602
2025-11-14,76318,299,2192,0.725,542.6,10.8,1.99,32.0,motociclismo_es,115.0,4.571428571428571,2025-11,0.15068529049503393,141.5734505722819,0.001509126937259797
2025-11-15,76430,299,2199,0.96,721.6,12.0,1.663,30.0,motociclismo_es,112.0,4.285714285714286,2025-11,0.14653931702211173,141.7812157975773,0.0014675436987341417
2025-11-16,76530,299,2206,1.067,720.1,96.5,13.401,36.0,motociclismo_es,100.0,5.142857142857143,2025-11,0.13066771200836272,141.96672046301964,0.0013083867591259235
2025-11-17,76670,299,2211,1.057,712.4,98.0,13.756,49.0,motociclismo_es,140.0,7.0,2025-11,0.18260075648884833,142.22642699463893,0.0018293479681170677
2025-11-18,76796,299,2213,0.622,401.2,76.8,19.143,36.0,motociclismo_es,126.0,5.142857142857143,2025-11,0.1640710453669462,142.46016287309627,0.0016434068083996944
2025-11-19,76875,299,2217,0.592,443.1,11.8,2.663,39.0,motociclismo_es,79.0,5.571428571428571,2025-11,0.10276422764227643,142.6067115587957,0.0010286994114276915
2025-11-20,76967,299,2217,0.6,450.4,11.3,2.509,30.0,motociclismo_es,92.0,4.285714285714286,2025-11,0.11953174737225043,142.77737585100266,0.0011967479674797055
2025-11-21,77007,299,2218,0.52,393.7,7.1,1.803,26.0,motociclismo_es,40.0,3.7142857142857144,2025-11,0.051943329827158574,142.85157771717957,0.0005197032494446141
2025-11-22,77033,299,2218,0.539,408.3,6.8,1.665,24.0,motociclismo_es,26.0,3.4285714285714284,2025-11,0.03375176872249556,142.8998089301946,0.0003376316438765681
2025-11-23,77055,299,2218,0.589,445.5,8.1,1.818,16.0,motociclismo_es,22.0,2.2857142857142856,2025-11,0.028551034975017847,142.94061995659192,0.00028559188919041745
2025-11-24,77071,299,2218,0.715,543.3,7.8,1.436,8.0,motociclismo_es,16.0,1.1428571428571428,2025-11,0.02076007836929584,142.9703007030627,0.00020764389072747136
2025-11-25,77100,299,2218,0.722,548.6,7.9,1.44,7.0,motociclismo_es,29.0,1.0,2025-11,0.03761348897535668,143.02409705604094,0.00037627642044357756
2025-11-26,77112,299,2220,0.733,557.0,8.0,1.436,3.0,motociclismo_es,12.0,0.42857142857142855,2025-11,0.015561780267662622,143.04635761589404,0.00015564202334639177
2025-11-27,77131,299,2221,0.734,558.0,8.0,1.434,3.0,motociclismo_es,19.0,0.42857142857142855,2025-11,0.02463341587688478,143.08160350232808,0.0002463948542379413
2025-11-28,77139,299,2222,0.699,531.3,7.7,1.449,4.0,motociclismo_es,8.0,0.5714285714285714,2025-11,0.01037088891481611,143.09644387556347,0.00010371964579736215
2025-11-29,77157,299,2222,0.676,514.8,6.9,1.34,3.0,motociclismo_es,18.0,0.42857142857142855,2025-11,0.023329056339671063,143.1298347153431,0.0002333450005833626
2025-11-30,77165,299,2223,0.682,519.3,6.9,1.329,4.0,motociclismo_es,8.0,0.5714285714285714,2025-11,0.010367394544158621,143.14467508857848,0.00010368469484300924
2025-12-01,77166,299,2223,0.684,521.2,6.9,1.324,4.0,motociclismo_es,1.0,0.5714285714285714,2025-12,0.0012959075240390847,143.14653013523292,1.295924318012176e-05
2025-12-02,77182,299,2223,0.691,525.8,7.6,1.445,4.0,motociclismo_es,16.0,0.5714285714285714,2025-12,0.02073022207250395,143.17621088170367,0.0002073452038462431
2025-12-03,77184,299,2224,0.692,526.5,7.6,1.443,5.0,motociclismo_es,2.0,0.7142857142857143,2025-12,0.002591210613598673,143.17992097501252,2.5912777590564318e-05
2025-12-04,77187,299,2227,0.527,400.6,6.5,1.623,4.0,motociclismo_es,3.0,0.5714285714285714,2025-12,0.003886664852889735,143.1854861149758,3.886815920406406e-05
2025-12-05,77198,299,2228,0.528,401.1,6.5,1.621,4.0,motociclismo_es,11.0,0.5714285714285714,2025-12,0.014249073810202337,143.20589162817444,0.0001425110446060529
2025-12-06,77203,299,2228,0.549,416.5,7.0,1.681,5.0,motociclismo_es,5.0,0.7142857142857143,2025-12,0.006476432262994962,143.21516686144656,6.476851731918032e-05
2025-12-07,77204,299,2228,0.532,403.7,6.7,1.66,4.0,motociclismo_es,1.0,0.5714285714285714,2025-12,0.0012952696751463654,143.217021908101,1.295286452607236e-05
2025-12-08,77239,299,2229,0.534,405.9,6.7,1.651,4.0,motociclismo_es,35.0,0.5714285714285714,2025-12,0.0453138958298269,143.2819485410058,0.0004533443863012909
2025-12-09,77249,299,2229,0.535,406.8,6.7,1.647,4.0,motociclismo_es,10.0,0.5714285714285714,2025-12,0.012945151393545547,143.30049900755003,0.00012946827379956005
2025-12-10,77255,299,2230,0.537,408.5,6.7,1.64,4.0,motociclismo_es,6.0,0.5714285714285714,2025-12,0.007766487605980196,143.3116292874766,7.767090836119372e-05
2025-12-11,77259,299,2232,0.566,429.3,8.1,1.887,4.0,motociclismo_es,4.0,0.5714285714285714,2025-12,0.005177390336400937,143.31904947409427,5.177658403976437e-05
2025-12-12,77268,299,2234,0.57,432.2,8.3,1.92,5.0,motociclismo_es,9.0,0.7142857142857143,2025-12,0.011647771393073459,143.3357448939841,0.0001164912825690756
2025-12-13,77273,299,2234,0.571,432.9,8.3,1.917,5.0,motociclismo_es,5.0,0.7142857142857143,2025-12,0.006470565398004477,143.34502012725622,6.47098410726521e-05
2025-12-14,77282,298,2234,0.332,250.3,6.3,2.517,5.0,motociclismo_es,9.0,0.7142857142857143,2025-12,0.011645661344168112,143.36171554714602,0.00011647017716409636
2025-12-15,77285,298,2234,0.335,252.4,6.3,2.496,5.0,motociclismo_es,3.0,0.7142857142857143,2025-12,0.0038817364300963966,143.3672806871093,3.881887114731697e-05
2025-12-16,77295,298,2234,0.336,253.5,6.4,2.525,5.0,motociclismo_es,10.0,0.7142857142857143,2025-12,0.012937447441619768,143.3858311536535,0.00012939121433652723
2025-12-17,77293,298,2235,0.339,254.9,6.8,2.668,4.0,motociclismo_es,-2.0,0.5714285714285714,2025-12,-0.002587556441074871,143.38212106034467,-2.587489488325989e-05
2025-12-18,77289,299,2236,0.34,255.8,6.8,2.658,5.0,motociclismo_es,-4.0,0.7142857142857143,2025-12,-0.00517538071394377,143.37470087372697,-5.1751128821497794e-05
2025-12-19,77296,300,2236,0.345,257.9,8.6,3.335,3.0,motociclismo_es,7.0,0.42857142857142855,2025-12,0.009056096046367212,143.38768620030794,9.056916249394753e-05
2025-12-20,77294,300,2237,0.332,248.5,8.3,3.34,3.0,motociclismo_es,-2.0,0.42857142857142855,2025-12,-0.002587522964266308,143.38397610699909,-2.5874560132477242e-05
2025-12-21,77299,300,2237,0.335,250.7,8.4,3.351,3.0,motociclismo_es,5.0,0.42857142857142855,2025-12,0.006468388983039883,143.3932513402712,6.468807410664468e-05
2025-12-22,77308,300,2240,0.477,356.8,11.8,3.307,6.0,motociclismo_es,9.0,0.8571428571428571,2025-12,0.011641744709473793,143.409946760161,0.00011643100169478338
2025-12-23,77314,301,2241,0.482,360.9,11.9,3.297,6.0,motociclismo_es,6.0,0.8571428571428571,2025-12,0.007760560829862638,143.42107704008754,7.76116313965236e-05
2025-12-24,77319,301,2242,0.538,387.0,29.2,7.545,8.0,motociclismo_es,5.0,1.1428571428571428,2025-12,0.0064667158137068515,143.4303522733597,6.467134024878973e-05
2025-12-25,77325,301,2243,0.669,485.2,31.8,6.554,7.0,motociclismo_es,6.0,1.0,2025-12,0.007759456838021338,143.44148255328622,7.760058976447048e-05
2025-12-26,77334,301,2243,0.697,506.8,32.3,6.373,7.0,motociclismo_es,9.0,1.0,2025-12,0.011637830708355962,143.45817797317602,0.00011639185257039664
2025-12-27,77341,301,2243,0.712,518.2,32.6,6.291,6.0,motociclismo_es,7.0,0.8571428571428571,2025-12,0.009050826857682213,143.471163299757,9.051646106494893e-05
2025-12-28,77347,301,2244,0.727,529.5,32.8,6.195,7.0,motociclismo_es,6.0,1.0,2025-12,0.007757249796372193,143.48229357968353,7.75785159230491e-05
2025-12-29,77348,300,2244,0.775,556.3,43.2,7.766,6.0,motociclismo_es,1.0,0.8571428571428571,2025-12,0.001292858251021358,143.48414862633797,1.2928749660634509e-05
2025-12-30,77361,301,2244,0.786,564.6,43.8,7.758,4.0,motociclismo_es,13.0,0.5714285714285714,2025-12,0.016804332932614626,143.50826423284545,0.00016807157263287742
2025-12-31,77420,302,2245,0.796,572.3,44.0,7.688,3.0,motociclismo_es,59.0,0.42857142857142855,2025-12,0.0762076982691811,143.61771198545642,0.000762658186941767
2026-01-01,77466,302,2247,0.81,582.5,44.7,7.674,3.0,motociclismo_es,46.0,0.42857142857142855,2026-01,0.05938088968063408,143.7030441315599,0.0005941617153191192
2026-01-02,77495,302,2247,1.494,1102.3,55.3,5.017,4.0,motociclismo_es,29.0,0.5714285714285714,2026-01,0.03742176914639654,143.75684048453817,0.00037435778276928566
2026-01-03,77519,302,2248,1.53,1131.2,54.5,4.818,4.0,motociclismo_es,24.0,0.5714285714285714,2026-01,0.030960151704743352,143.80136160424433,0.00030969739983222055
2026-01-04,77533,302,2248,1.548,1145.2,55.1,4.811,4.0,motociclismo_es,14.0,0.5714285714285714,2026-01,0.01805682741542311,143.82733225740628,0.00018060088494431525
2026-01-05,77541,302,2249,1.642,1217.3,55.6,4.567,4.0,motociclismo_es,8.0,0.5714285714285714,2026-01,0.010317122554519545,143.84217263064164,0.00010318187094537912
2026-01-06,77550,302,2250,1.654,1226.9,55.8,4.548,4.0,motociclismo_es,9.0,0.5714285714285714,2026-01,0.01160541586073501,143.85886805053147,0.00011606762873839216
2026-01-07,77555,302,2251,1.678,1244.7,56.3,4.523,5.0,motociclismo_es,5.0,0.7142857142857143,2026-01,0.006447037586229128,143.8681432838036,6.447453255953306e-05
2026-01-08,77555,302,2252,1.693,1258.8,54.2,4.306,4.0,motociclismo_es,0.0,0.5714285714285714,2026-01,0.0,143.8681432838036,0.0
2026-01-09,77567,302,2253,1.705,1268.0,54.4,4.29,5.0,motociclismo_es,12.0,0.7142857142857143,2026-01,0.015470496474016012,143.89040384365669,0.00015472890206957857
2026-01-10,77573,302,2256,1.546,1148.4,50.8,4.424,7.0,motociclismo_es,6.0,1.0,2026-01,0.00773464994263468,143.90153412358322,7.735248237006331e-05
2026-01-11,77573,302,2258,1.475,1110.7,33.4,3.007,8.0,motociclismo_es,0.0,1.1428571428571428,2026-01,0.0,143.90153412358322,0.0
2026-01-12,77613,302,2258,1.464,1105.6,30.8,2.786,9.0,motociclismo_es,40.0,1.2857142857142858,2026-01,0.05153775784984474,143.97573598976015,0.0005156433295090412
2026-01-13,77625,302,2258,1.703,1279.1,42.6,3.33,9.0,motociclismo_es,12.0,1.2857142857142858,2026-01,0.015458937198067632,143.99799654961322,0.0001546132735494865
2026-01-14,77634,302,2260,1.836,1377.8,47.3,3.433,9.0,motociclismo_es,9.0,1.2857142857142858,2026-01,0.011592858798979828,144.01469196950302,0.00011594202898557171
2026-01-15,77625,302,2261,0.929,687.3,34.1,4.961,9.0,motociclismo_es,-9.0,1.2857142857142858,2026-01,-0.011594202898550725,143.99799654961322,-0.00011592858798981087
2026-01-16,77639,302,2262,0.932,689.3,34.3,4.976,9.0,motociclismo_es,14.0,1.2857142857142858,2026-01,0.01803217455144966,144.02396720277514,0.00018035426731088933
2026-01-17,77652,302,2264,0.968,717.3,34.7,4.838,8.0,motociclismo_es,13.0,1.1428571428571428,2026-01,0.016741358883222583,144.04808280928265,0.0001674416208348184
2026-01-18,77663,302,2264,0.808,594.3,33.3,5.603,7.0,motociclismo_es,11.0,1.0,2026-01,0.014163758804063712,144.0684883224813,0.0001416576520887336
2026-01-19,77683,302,2270,0.816,600.5,33.4,5.562,12.0,motociclismo_es,20.0,1.7142857142857142,2026-01,0.025745658638312113,144.10558925556978,0.00025752288734670614
2026-01-20,77689,302,2275,0.818,601.7,33.5,5.568,13.0,motociclismo_es,6.0,1.8571428571428572,2026-01,0.007723101082521335,144.11671953549632,7.723697591499601e-05
2026-01-21,77688,302,2278,0.457,350.2,5.0,1.428,15.0,motociclismo_es,-1.0,2.142857142857143,2026-01,-0.0012872000823808051,144.1148644888419,-1.2871835137540089e-05
2026-01-22,77700,302,2281,0.597,456.6,6.9,1.511,18.0,motociclismo_es,12.0,2.5714285714285716,2026-01,0.015444015444015444,144.13712504869497,0.00015446400988561315
2026-01-23,77707,302,2283,0.538,411.8,6.1,1.481,18.0,motociclismo_es,7.0,2.5714285714285716,2026-01,0.009008197459688316,144.15011037527594,9.009009009020019e-05
2026-01-24,77717,302,2283,0.576,440.4,7.4,1.68,19.0,motociclismo_es,10.0,2.7142857142857144,2026-01,0.012867197653023148,144.16866084182016,0.00012868853513836598
2026-01-25,77728,302,2284,0.588,449.4,7.6,1.691,18.0,motociclismo_es,11.0,2.5714285714285716,2026-01,0.014151914368052698,144.18906635501884,0.00014153917418324724
2026-01-26,77734,302,2284,0.502,383.0,7.6,1.984,12.0,motociclismo_es,6.0,1.7142857142857142,2026-01,0.007718630200427097,144.20019663494537,7.719226018942926e-05
2026-01-27,77728,302,2286,0.519,395.4,7.9,1.998,10.0,motociclismo_es,-6.0,1.4285714285714286,2026-01,-0.007719226018937835,144.18906635501884,-7.71863020042618e-05
2026-01-28,77742,302,2288,0.522,398.2,7.9,1.984,10.0,motociclismo_es,14.0,1.4285714285714286,2026-01,0.018008283810552854,144.21503700818076,0.00018011527377526093
2026-01-29,77752,302,2290,0.417,317.9,6.4,2.013,8.0,motociclismo_es,10.0,1.1428571428571428,2026-01,0.012861405494392426,144.233587474725,0.00012863059864676174
2026-01-30,77765,302,2291,0.291,220.4,6.0,2.722,9.0,motociclismo_es,13.0,1.2857142857142858,2026-01,0.016717032083842343,144.25770308123248,0.00016719827142708255
2026-01-31,77765,302,2291,0.275,207.1,6.6,3.187,8.0,motociclismo_es,0.0,1.1428571428571428,2026-01,0.0,144.25770308123248,0.0
2026-02-01,77778,302,2292,0.282,212.7,6.5,3.056,8.0,motociclismo_es,13.0,1.1428571428571428,2026-02,0.016714237959320116,144.28181868773999,0.00016717032083835015
2026-02-02,77787,302,2295,0.288,217.5,6.7,3.08,11.0,motociclismo_es,9.0,1.5714285714285714,2026-02,0.011570056693277797,144.2985141076298,0.00011571395510290294
2026-02-03,77796,302,2300,0.278,209.8,6.4,3.051,11.0,motociclismo_es,9.0,1.5714285714285714,2026-02,0.01156871818602499,144.3152095275196,0.00011570056693277486
2026-02-04,77794,302,2304,0.199,150.2,4.4,2.929,16.0,motociclismo_es,-2.0,2.2857142857142856,2026-02,-0.0025708923567370236,144.3114994342108,-2.5708262635593115e-05
2026-02-05,77804,302,2307,0.298,227.9,3.6,1.58,16.0,motociclismo_es,10.0,2.2857142857142856,2026-02,0.012852809624183847,144.330049900755,0.00012854461783695648
2026-02-06,77818,302,2310,0.354,271.5,4.2,1.547,18.0,motociclismo_es,14.0,2.5714285714285716,2026-02,0.017990696239944485,144.35602055391695,0.00017993933473858803
2026-02-07,77831,302,2310,0.39,297.9,5.8,1.947,18.0,motociclismo_es,13.0,2.5714285714285716,2026-02,0.016702856188408218,144.38013616042446,0.00016705646508530236
2026-02-08,77848,302,2312,0.381,290.9,5.4,1.856,19.0,motociclismo_es,17.0,2.7142857142857144,2026-02,0.02183742678039256,144.41167195354961,0.00021842196554078264
2026-02-09,77857,302,2312,0.389,297.5,5.4,1.815,19.0,motociclismo_es,9.0,2.7142857142857144,2026-02,0.011559654237897683,144.42836737343944,0.00011560990648451508
2026-02-10,77865,302,2313,0.463,351.9,8.6,2.444,17.0,motociclismo_es,8.0,2.4285714285714284,2026-02,0.010274192512682207,144.44320774667483,0.00010275248211466526
2026-02-11,77878,302,2313,0.466,351.1,12.1,3.446,8.0,motociclismo_es,13.0,1.1428571428571428,2026-02,0.016692775880222912,144.46732335318234,0.0001669556283310225
2026-02-12,77884,302,2313,0.47,353.9,12.3,3.476,8.0,motociclismo_es,6.0,1.1428571428571428,2026-02,0.007703764572954651,144.47845363310887,7.704358098559183e-05
2026-02-13,77876,302,2315,0.482,362.3,12.8,3.533,5.0,motociclismo_es,-8.0,0.7142857142857143,2026-02,-0.010272741281010838,144.46361325987348,-0.00010271686097274024
2026-02-14,77886,302,2315,0.484,364.3,12.8,3.514,5.0,motociclismo_es,10.0,0.7142857142857143,2026-02,0.012839277919009837,144.48216372641772,0.00012840926601254132
2026-02-15,77889,302,2315,0.381,285.9,10.9,3.813,3.0,motociclismo_es,3.0,0.42857142857142855,2026-02,0.0038516350190655937,144.487728866381,3.8517833756968045e-05
2026-02-16,77883,302,2315,0.387,290.5,11.0,3.787,3.0,motociclismo_es,-6.0,0.42857142857142855,2026-02,-0.0077038634875390005,144.47659858645446,-7.70327003812854e-05
2026-02-17,77888,302,2316,0.393,294.6,11.2,3.802,2.0,motociclismo_es,5.0,0.2857142857142857,2026-02,0.006419474116680362,144.48587381972658,6.419886239616979e-05
2026-02-18,77872,302,2316,0.4,300.0,11.4,3.8,3.0,motociclismo_es,-16.0,0.42857142857142855,2026-02,-0.02054653790836244,144.4561930732558,-0.00020542317173377622
2026-02-19,77876,302,2318,0.419,314.6,12.0,3.814,3.0,motociclismo_es,4.0,0.42857142857142855,2026-02,0.005136370640505419,144.46361325987348,5.136634477098667e-05
2026-02-20,77870,302,2319,0.428,320.9,12.2,3.802,4.0,motociclismo_es,-6.0,0.5714285714285714,2026-02,-0.007705149608321562,144.45248297994695,-7.704555960763582e-05
2026-02-21,77877,302,2321,0.413,306.3,15.5,5.06,4.0,motociclismo_es,7.0,0.5714285714285714,2026-02,0.00898853319978941,144.46546830652792,8.989341209697521e-05
2026-02-22,77887,302,2321,0.259,189.3,12.7,6.709,6.0,motociclismo_es,10.0,0.8571428571428571,2026-02,0.012839113074068842,144.48401877307217,0.0001284076171399473
2026-02-23,77889,302,2322,0.334,247.2,12.6,5.097,7.0,motociclismo_es,2.0,1.0,2026-02,0.002567756679377062,144.487728866381,2.567822614807369e-05
2026-02-24,77884,302,2324,0.335,248.4,12.6,5.072,8.0,motociclismo_es,-5.0,1.1428571428571428,2026-02,-0.006419803810795542,144.47845363310887,-6.4193916984423e-05
2026-02-25,77897,302,2325,0.406,302.9,13.3,4.391,8.0,motociclismo_es,13.0,1.1428571428571428,2026-02,0.01668870431467194,144.50256923961638,0.00016691489908060575
2026-02-26,77895,302,2331,0.36,271.6,9.0,3.314,10.0,motociclismo_es,-2.0,1.4285714285714286,2026-02,-0.0025675588933821167,144.49885914630752,-2.5674929714836203e-05
2026-02-27,77902,302,2334,0.372,280.4,9.1,3.245,15.0,motociclismo_es,7.0,2.142857142857143,2026-02,0.008985648635465072,144.5118444728885,8.986456126836018e-05
2026-02-28,77918,302,2344,0.473,361.0,7.2,1.994,23.0,motociclismo_es,16.0,3.2857142857142856,2026-02,0.02053440796735029,144.54152521935924,0.00020538625452481973
2026-03-01,77985,302,2351,0.437,333.4,7.2,2.16,24.0,motociclismo_es,67.0,3.4285714285714284,2026-03,0.08591395781239981,144.66581334520563,0.0008598783336328797
2026-03-02,78002,302,2356,0.789,582.5,33.1,5.682,49.0,motociclismo_es,17.0,7.0,2026-03,0.021794312966334196,144.69734913833082,0.0002179906392254516
2026-03-03,78010,302,2360,0.795,585.6,34.9,5.96,45.0,motociclismo_es,8.0,6.428571428571429,2026-03,0.01025509550057685,144.7121895115662,0.0001025614727827584
2026-03-04,78020,302,2362,0.7,515.7,30.5,5.914,40.0,motociclismo_es,10.0,5.714285714285714,2026-03,0.01281722635221738,144.73073997811045,0.00012818869375719188
2026-03-05,78017,302,2366,0.631,474.3,17.9,3.774,33.0,motociclismo_es,-3.0,4.714285714285714,2026-03,-0.0038453157645128625,144.72517483814718,-3.8451679056694665e-05
2026-03-06,78023,302,2367,0.602,453.0,16.6,3.664,31.0,motociclismo_es,6.0,4.428571428571429,2026-03,0.0076900401163759406,144.73630511807372,7.690631529033709e-05
2026-03-07,78029,302,2367,0.445,334.9,12.5,3.732,27.0,motociclismo_es,6.0,3.857142857142857,2026-03,0.0076894487946789014,144.74743539800025,7.690040116381525e-05
2026-03-08,78030,302,2367,0.331,246.3,12.2,4.953,22.0,motociclismo_es,1.0,3.142857142857143,2026-03,0.0012815583749839806,144.7492904446547,1.2815747991057336e-05
2026-03-09,78026,302,2368,0.297,218.7,13.3,6.081,15.0,motociclismo_es,-4.0,2.142857142857143,2026-03,-0.005126496296106426,144.741870258037,-5.126233499941346e-05
2026-03-10,78021,302,2372,0.292,213.5,14.2,6.651,11.0,motociclismo_es,-5.0,1.5714285714285714,2026-03,-0.00640853103651581,144.73259502476486,-6.40812037013827e-05
2026-03-11,78023,302,2373,0.294,214.7,14.5,6.754,10.0,motociclismo_es,2.0,1.4285714285714286,2026-03,0.0025633467054586466,144.73630511807372,2.5634124146023396e-05
2026-03-12,78024,302,2376,0.317,232.6,14.4,6.191,10.0,motociclismo_es,1.0,1.4285714285714286,2026-03,0.0012816569260740286,144.73816016472813,1.2816733527376556e-05
2026-03-13,78034,302,2379,0.357,264.0,14.7,5.568,11.0,motociclismo_es,10.0,1.5714285714285714,2026-03,0.012814926826767818,144.75671063127237,0.00012816569260731825
2026-03-14,78033,302,2379,0.404,306.8,8.2,2.673,11.0,motociclismo_es,-1.0,1.5714285714285714,2026-03,-0.0012815091051221919,144.75485558461796,-1.2814926826809625e-05
2026-03-15,78044,302,2379,0.58,435.1,17.4,3.999,11.0,motociclismo_es,11.0,1.5714285714285714,2026-03,0.014094613295064323,144.7752610978166,0.0001409660015634362
2026-03-16,78041,302,2379,0.641,479.6,20.5,4.274,11.0,motociclismo_es,-3.0,1.5714285714285714,2026-03,-0.0038441332120295745,144.76969595785334,-3.843985444107467e-05
2026-03-17,78043,302,2380,0.669,501.3,20.9,4.169,8.0,motociclismo_es,2.0,1.1428571428571428,2026-03,0.002562689799213254,144.77340605116217,2.5627554746776582e-05
2026-03-18,78051,302,2383,0.694,520.4,21.2,4.074,9.0,motociclismo_es,8.0,1.2857142857142858,2026-03,0.010249708523913851,144.78824642439758,0.00010250759196850368
2026-03-19,78092,302,2386,0.615,463.8,16.3,3.514,8.0,motociclismo_es,41.0,1.1428571428571428,2026-03,0.05250217691953081,144.86430333722893,0.0005252975618506017
2026-03-20,78132,302,2387,0.645,486.2,17.7,3.64,9.0,motociclismo_es,40.0,1.2857142857142858,2026-03,0.05119541289100497,144.93850520340587,0.0005122163601904983
2026-03-21,78150,301,2391,0.973,740.3,20.3,2.742,7.0,motociclismo_es,18.0,1.0,2026-03,0.023032629558541268,144.97189604318547,0.00023037935800962472
2026-03-22,78190,301,2400,1.063,810.1,20.8,2.568,17.0,motociclismo_es,40.0,2.4285714285714284,2026-03,0.05115743701240568,145.04609790936243,0.0005118362124121312
2026-03-23,78220,301,2409,1.21,933.4,12.8,1.371,43.0,motociclismo_es,30.0,6.142857142857143,2026-03,0.0383533623114293,145.10174930899512,0.00038368077759298735
2026-03-24,78257,301,2412,0.624,480.2,8.0,1.666,39.0,motociclismo_es,37.0,5.571428571428571,2026-03,0.04728011551682278,145.17038603520876,0.00047302480184097107
2026-03-25,78275,301,2414,0.679,514.9,16.4,3.185,44.0,motociclismo_es,18.0,6.285714285714286,2026-03,0.022995847971893964,145.2037768749884,0.0002300113727844444
2026-03-26,78292,301,2415,0.641,486.4,15.8,3.248,35.0,motociclismo_es,17.0,5.0,2026-03,0.021713585040617177,145.2353126681136,0.00021718300862350048
2026-03-27,78294,301,2423,0.453,337.5,17.5,5.185,34.0,motociclismo_es,2.0,4.857142857142857,2026-03,0.0025544741614938566,145.23902276142243,2.5545394165327195e-05
2026-03-28,78324,301,2427,0.434,323.2,16.4,5.074,30.0,motociclismo_es,30.0,4.285714285714286,2026-03,0.038302436034931824,145.29467416105516,0.00038317112422414645
2026-03-29,78363,301,2440,0.369,277.3,12.0,4.327,59.0,motociclismo_es,39.0,8.428571428571429,2026-03,0.04976838559013821,145.36702098057765,0.0004979316684541324
2026-03-30,78417,302,2453,0.363,281.3,3.7,1.315,100.0,motociclismo_es,54.0,14.285714285714286,2026-03,0.0688626190749455,145.46719349991653,0.0006891007235556579
2026-03-31,78444,302,2455,0.756,571.1,22.3,3.905,73.0,motociclismo_es,27.0,10.428571428571429,2026-03,0.03441945846718678,145.51727975958596,0.0003443130953746376
2026-04-01,78465,302,2456,0.786,595.6,21.0,3.526,52.0,motociclismo_es,21.0,7.428571428571429,2026-04,0.026763525138596825,145.55623573932886,0.00026770689918920176
2026-04-02,78489,302,2460,0.763,578.9,20.3,3.507,41.0,motociclismo_es,24.0,5.857142857142857,2026-04,0.030577533157512514,145.600756859035,0.0003058688587267433
2026-04-03,78500,301,2460,0.59,444.9,18.5,4.158,33.0,motociclismo_es,11.0,4.714285714285714,2026-04,0.014012738853503185,145.62116237223367,0.00014014702697195958
2026-04-04,78522,301,2460,0.593,444.5,21.3,4.792,26.0,motociclismo_es,22.0,3.7142857142857144,2026-04,0.028017625633580397,145.66197339863098,0.00028025477707016577
2026-04-05,78529,301,2460,0.61,458.9,19.9,4.336,20.0,motociclismo_es,7.0,2.857142857142857,2026-04,0.008913904417476345,145.67495872521195,8.914699065232234e-05
2026-04-06,78541,301,2462,0.417,311.0,16.2,5.209,11.0,motociclismo_es,12.0,1.5714285714285714,2026-04,0.015278644274964668,145.69721928506502,0.00015280979001386363
2026-04-07,78539,301,2462,0.428,319.6,16.8,5.257,7.0,motociclismo_es,-2.0,1.0,2026-04,-0.0025465055577483797,145.69350919175616,-2.546440712491993e-05
2026-04-08,78553,301,2462,0.373,276.0,17.1,6.196,7.0,motociclismo_es,14.0,1.0,2026-04,0.017822361972171654,145.7194798449181,0.00017825538904236993
2026-04-09,78563,302,2464,0.38,281.3,17.3,6.15,5.0,motociclismo_es,10.0,0.7142857142857143,2026-04,0.01272863816300294,145.73803031146232,0.00012730258551552076
2026-04-10,78558,302,2465,0.386,285.3,17.8,6.239,4.0,motociclismo_es,-5.0,0.5714285714285714,2026-04,-0.006364724152855216,145.7287550781902,-6.364319081497705e-05
2026-04-11,78570,302,2466,0.401,296.9,18.0,6.063,6.0,motociclismo_es,12.0,0.8571428571428571,2026-04,0.015273004963726612,145.7510156380433,0.00015275337966857983
2026-04-12,78587,302,2466,0.36,265.3,17.5,6.596,6.0,motociclismo_es,17.0,0.8571428571428571,2026-04,0.021632076552101493,145.78255143116849,0.00021636757031950893
2026-04-13,78599,302,2468,0.373,275.7,17.8,6.456,6.0,motociclismo_es,12.0,0.8571428571428571,2026-04,0.015267369813865315,145.80481199102158,0.0001526970109559933
2026-04-14,78604,302,2470,0.378,279.6,17.9,6.402,8.0,motociclismo_es,5.0,1.1428571428571428,2026-04,0.006360999440232049,145.8140872242937,6.361404089116895e-05
2026-04-15,78638,302,2471,0.532,398.0,20.3,5.101,8.0,motociclismo_es,34.0,1.1428571428571428,2026-04,0.043236094509016,145.87715881054407,0.00043254796193581413
2026-04-16,78640,302,2473,0.636,479.5,20.9,4.359,7.0,motociclismo_es,2.0,1.0,2026-04,0.00254323499491353,145.88086890385293,2.5432996769936267e-05
2026-04-17,78652,302,2474,0.655,494.1,20.9,4.23,7.0,motociclismo_es,12.0,1.0,2026-04,0.015257081828815543,145.903129463706,0.00015259409969470283
2026-04-18,78665,302,2475,0.63,477.7,18.1,3.789,7.0,motociclismo_es,13.0,1.0,2026-04,0.016525773851140915,145.9272450702135,0.00016528505314550301
2026-04-19,78684,302,2476,0.474,366.2,6.7,1.83,7.0,motociclismo_es,19.0,1.0,2026-04,0.024147221798586752,145.96249095664754,0.00024153054090136905
2026-04-20,78696,302,2478,0.567,436.1,10.3,2.362,8.0,motociclismo_es,12.0,1.1428571428571428,2026-04,0.015248551387618176,145.98475151650064,0.00015250876925421153
2026-04-21,78703,302,2478,0.636,488.5,11.7,2.395,7.0,motociclismo_es,7.0,1.0,2026-04,0.008894197171645298,145.99773684308158,8.894988309449126e-05
2026-04-22,78738,302,2480,0.749,575.6,13.8,2.397,8.0,motociclismo_es,35.0,1.1428571428571428,2026-04,0.044451217963372196,146.06266347598643,0.00044470985858224843
2026-04-23,78752,302,2484,0.767,590.0,14.1,2.39,8.0,motociclismo_es,14.0,1.1428571428571428,2026-04,0.017777326290125964,146.08863412914835,0.00017780487185348193
2026-04-24,78781,302,2488,0.877,661.0,30.3,4.584,11.0,motociclismo_es,29.0,1.5714285714285714,2026-04,0.0368109061829629,146.14243048212663,0.0003682446160098163
2026-04-25,78824,302,2498,0.811,603.8,35.8,5.929,17.0,motociclismo_es,43.0,2.4285714285714284,2026-04,0.05455191312290673,146.22219748826683,0.0005458168847818357
2026-04-26,78932,302,2511,0.432,327.2,13.8,4.218,82.0,motociclismo_es,108.0,11.714285714285714,2026-04,0.13682663558506056,146.42254252694457,0.0013701410737845254
2026-04-27,78988,302,2515,0.909,683.0,35.2,5.154,71.0,motociclismo_es,56.0,10.142857142857142,2026-04,0.07089684509039348,146.52642513959228,0.0007094714437743121
2026-04-28,78992,302,2517,0.937,709.1,30.9,4.358,53.0,motociclismo_es,4.0,7.571428571428571,2026-04,0.00506380392951185,146.53384532620996,5.064060363602074e-05
2026-04-29,79014,302,2521,0.918,695.0,30.5,4.388,48.0,motociclismo_es,22.0,6.857142857142857,2026-04,0.02784316703369023,146.57465635260726,0.00027850921612304624
2026-04-30,79038,302,2523,0.93,704.6,30.6,4.343,38.0,motociclismo_es,24.0,5.428571428571429,2026-04,0.030365140818340547,146.61917747231342,0.0003037436403674487
2026-05-01,79045,302,2523,0.904,691.7,22.8,3.296,29.0,motociclismo_es,7.0,4.142857142857143,2026-05,0.008855715098994243,146.6321627988944,8.856499405340834e-05
2026-05-02,79054,302,2524,0.805,614.2,22.0,3.582,24.0,motociclismo_es,9.0,3.4285714285714284,2026-05,0.011384623168973108,146.6488582187842,0.00011385919412987278
2026-05-03,79060,302,2525,0.667,511.6,15.9,3.108,20.0,motociclismo_es,6.0,2.857142857142857,2026-05,0.007589172780166962,146.65998849871073,7.589748779324168e-05
2026-05-04,79054,302,2525,0.735,564.1,17.2,3.049,8.0,motociclismo_es,-6.0,1.1428571428571428,2026-05,-0.007589748779315405,146.6488582187842,-7.589172780164688e-05
2026-05-05,79064,302,2528,0.631,483.7,14.8,3.06,9.0,motociclismo_es,10.0,1.2857142857142858,2026-05,0.012647981382171405,146.66740868532844,0.0001264958129885141
2026-05-06,78840,302,2530,0.637,487.3,14.9,3.058,7.0,motociclismo_es,-224.0,1.0,2026-05,-0.2841197361745307,146.2518782347376,-0.0028331478296064194
2026-05-07,78835,302,2534,0.582,445.1,13.7,3.078,7.0,motociclismo_es,-5.0,1.0,2026-05,-0.006342360626625229,146.24260300146548,-6.341958396749448e-05
2026-05-08,78741,301,2539,0.581,444.2,13.5,3.039,14.0,motociclismo_es,-94.0,2.0,2026-05,-0.11937872264766768,146.0682286159497,-0.001192363797805518
2026-05-09,78752,301,2551,0.523,401.3,10.8,2.691,17.0,motociclismo_es,11.0,2.4285714285714284,2026-05,0.013967899227956116,146.08863412914835,0.00013969850522599359
2026-05-10,78890,301,2561,0.322,243.5,10.8,4.435,74.0,motociclismo_es,138.0,10.571428571428571,2026-05,0.1749271137026239,146.34463056745878,0.0017523364485980686
2026-05-11,78940,301,2564,0.498,376.3,17.0,4.518,56.0,motociclismo_es,50.0,8.0,2026-05,0.06333924499619964,146.43738290017993,0.0006337938902269968
2026-05-12,78945,301,2566,0.785,601.8,18.0,2.991,44.0,motociclismo_es,5.0,6.285714285714286,2026-05,0.006333523339033504,146.44665813345205,6.33392449962411e-05
2026-05-13,78963,306,2566,0.856,656.0,19.9,3.034,40.0,motociclismo_es,18.0,5.714285714285714,2026-05,0.022795486493674254,146.48004897323167,0.00022800684020518602
2026-05-14,78987,306,2574,0.974,750.8,18.5,2.464,35.0,motociclismo_es,24.0,5.0,2026-05,0.03038474685707775,146.52457009293784,0.0003039398199156107
2026-05-15,79004,306,2584,1.08,837.0,16.2,1.935,34.0,motociclismo_es,17.0,4.857142857142857,2026-05,0.021517897827958078,146.55610588606302,0.0002152252902376528
2026-05-16,79038,307,2591,0.563,436.5,8.5,1.947,32.0,motociclismo_es,34.0,4.571428571428571,2026-05,0.04301728282598244,146.61917747231342,0.00043035795655921305
2026-05-17,79306,307,2607,0.446,347.3,6.5,1.872,64.0,motociclismo_es,268.0,9.142857142857142,2026-05,0.33793155625047283,147.11632997569887,0.003390774058048107
2026-05-18,79452,307,2611,0.859,663.4,19.0,2.864,75.0,motociclismo_es,146.0,10.714285714285714,2026-05,0.1837587474198258,147.3871667872447,0.001840970418379495
2026-05-19,79485,307,2612,1.454,1121.2,34.4,3.068,66.0,motociclismo_es,33.0,9.428571428571429,2026-05,0.04151726740894508,147.44838332684068,0.0004153451140311848
2026-05-20,79492,307,2614,1.58,1215.5,40.1,3.299,43.0,motociclismo_es,7.0,6.142857142857143,2026-05,0.008805917576611482,147.46136865342163,8.806693086738093e-05
2026-05-21,79486,307,2615,1.53,1177.6,38.9,3.303,38.0,motociclismo_es,-6.0,5.428571428571429,2026-05,-0.007548499106760939,147.4502383734951,-7.547929351381377e-05
2026-05-22,79486,308,2616,1.494,1149.8,37.9,3.296,32.0,motociclismo_es,0.0,4.571428571428571,2026-05,0.0,147.4502383734951,0.0
2026-05-23,79503,308,2616,1.453,1116.6,38.2,3.421,27.0,motociclismo_es,17.0,3.857142857142857,2026-05,0.02138284089908557,147.48177416662028,0.0002138741413582057
2026-05-24,79508,308,2616,1.458,1121.0,38.6,3.443,24.0,motociclismo_es,5.0,3.4285714285714284,2026-05,0.006288675353423555,147.4910493998924,6.289070852671941e-05
2026-05-25,79504,308,2618,1.611,1236.8,44.1,3.566,6.0,motociclismo_es,-4.0,0.8571428571428571,2026-05,-0.00503119339907426,147.48362921327472,-5.030940282735319e-05
2026-05-26,79503,308,2621,1.617,1241.1,44.1,3.553,5.0,motociclismo_es,-1.0,0.7142857142857143,2026-05,-0.0012578141705344452,147.48177416662028,-1.2577983497630285e-05
2026-05-27,79507,308,2622,1.627,1249.2,44.1,3.53,6.0,motociclismo_es,4.0,0.8571428571428571,2026-05,0.005031003559435018,147.48919435323796,5.0312566821419935e-05
2026-05-28,79576,308,2631,0.78,595.4,25.3,4.249,6.0,motociclismo_es,69.0,0.8571428571428571,2026-05,0.08670956067155926,147.61719257239318,0.000867848114002534
2026-05-29,79696,308,2639,0.569,444.3,8.9,2.003,14.0,motociclismo_es,120.0,2.0,2026-05,0.15057217426219635,147.839798170924,0.0015079923595053835
2026-05-30,79759,308,2648,1.072,825.7,29.1,3.524,21.0,motociclismo_es,63.0,3.0,2026-05,0.07898795120299903,147.95666611015267,0.0007905039148765614
2026-05-31,79858,308,2657,1.001,773.0,26.2,3.389,67.0,motociclismo_es,99.0,9.571428571428571,2026-05,0.1239700468331288,148.14031572894058,0.0012412392331899724
2026-06-01,79891,308,2657,1.0,773.0,26.2,3.389,67.0,motociclismo_es,33.0,9.571428571428571,2026-06,0.041306279806235996,148.20153226853657,0.00041323348944377614
2024-11-12,27403,1917,1972,5.551,1504.8,16.3,1.083,1.0,motorspain_77,1.0,0.14285714285714285,2024-11,0.003649235485165858,100.0,
2024-11-13,27403,1919,1973,5.558,1506.7,16.3,1.082,2.0,motorspain_77,0.0,0.2857142857142857,2024-11,0.0,100.0,0.0
2024-11-14,27410,1920,1973,5.56,1507.6,16.3,1.081,2.0,motorspain_77,7.0,0.2857142857142857,2024-11,0.025538124771981027,100.02554464839616,0.00025544648396169656
2024-11-15,27404,1920,1974,5.565,1508.8,16.3,1.08,2.0,motorspain_77,-6.0,0.2857142857142857,2024-11,-0.02189461392497446,100.00364923548517,-0.00021889821233123108
2024-11-16,27394,1919,1976,5.575,1510.8,16.3,1.079,4.0,motorspain_77,-10.0,0.5714285714285714,2024-11,-0.036504344016938015,99.96715688063351,-0.00036491023208296003
2024-11-17,27401,1921,1977,5.576,1511.5,16.3,1.078,4.0,motorspain_77,7.0,0.5714285714285714,2024-11,0.025546512900989013,99.99270152902967,0.0002555304081186538
2024-11-18,27435,1922,1984,5.837,1583.2,18.3,1.156,11.0,motorspain_77,34.0,1.5714285714285714,2024-11,0.12392928740659741,100.11677553552532,0.0012408306266193936
2024-11-19,27670,1922,1997,6.244,1716.7,11.0,0.641,23.0,motorspain_77,235.0,3.2857142857142856,2024-11,0.849295265630647,100.97434587453928,0.008565700747220628
2024-11-20,27747,1922,1999,8.526,2351.9,13.9,0.591,24.0,motorspain_77,77.0,3.4285714285714284,2024-11,0.2775074782859408,101.25533700689707,0.0027827972533429612
2024-11-21,27751,1922,2001,6.939,1918.0,7.7,0.401,35.0,motorspain_77,4.0,5.0,2024-11,0.014413894994774962,101.26993394883772,0.0001441597289797425
2024-11-22,27775,1921,2002,7.005,1937.6,8.0,0.413,36.0,motorspain_77,24.0,5.142857142857143,2024-11,0.08640864086408641,101.35751560048169,0.0008648336996865957
2024-11-23,27792,1921,2004,7.112,1968.4,8.2,0.417,30.0,motorspain_77,17.0,4.285714285714286,2024-11,0.06116868163500288,101.41955260372953,0.0006120612061206732
2024-11-24,27802,1921,2005,7.49,2073.7,8.6,0.415,26.0,motorspain_77,10.0,3.7142857142857144,2024-11,0.03596863534997482,101.45604495858119,0.0003598157743236463
2024-11-25,27823,1921,2006,8.332,2309.8,8.5,0.368,22.0,motorspain_77,21.0,3.142857142857143,2024-11,0.07547712324335981,101.53267890376966,0.0007553413423495581
2024-11-26,27836,1921,2007,7.101,1971.3,5.3,0.269,10.0,motorspain_77,13.0,1.4285714285714286,2024-11,0.04670211237246731,101.58011896507682,0.00046723933436365606
2024-11-27,27845,1920,2009,7.262,2016.8,5.4,0.268,10.0,motorspain_77,9.0,1.4285714285714286,2024-11,0.03232178128927995,101.6129620844433,0.0003233223164247345
2024-11-28,27873,1920,2011,8.173,2270.8,7.2,0.317,10.0,motorspain_77,28.0,1.4285714285714286,2024-11,0.10045563807268681,101.71514067802796,0.0010055665289998572
2024-11-29,27914,1920,2013,8.175,2271.2,10.7,0.471,11.0,motorspain_77,41.0,1.5714285714285714,2024-11,0.14687970194167801,101.86475933291976,0.0014709575574929357
2024-11-30,27937,1920,2015,8.394,2328.5,16.6,0.713,11.0,motorspain_77,23.0,1.5714285714285714,2024-11,0.08232809535741131,101.94869174907856,0.0008239593035752613
2024-12-01,27953,1921,2015,9.682,2688.5,17.8,0.662,10.0,motorspain_77,16.0,1.4285714285714286,2024-12,0.057238936786749184,102.00707951684123,0.0005727171850951063
2024-12-02,27964,1920,2016,9.746,2705.0,20.3,0.75,10.0,motorspain_77,11.0,1.4285714285714286,2024-12,0.039336289515090835,102.04722110717806,0.0003935176904088511
2024-12-03,27980,1923,2017,9.784,2717.4,20.3,0.747,10.0,motorspain_77,16.0,1.4285714285714286,2024-12,0.057183702644746245,102.10560887494069,0.0005721642111284897
2024-12-05,28021,1924,2017,10.091,2803.3,24.4,0.87,6.0,motorspain_77,41.0,0.8571428571428571,2024-12,0.14631883230434317,102.2552275298325,0.0014653323802715779
2024-12-06,28037,1924,2018,10.277,2856.4,24.9,0.872,5.0,motorspain_77,16.0,0.7142857142857143,2024-12,0.05706744658843671,102.31361529759515,0.0005710003211876202
2024-12-07,28048,1923,2018,10.412,2895.0,25.4,0.877,3.0,motorspain_77,11.0,0.42857142857142855,2024-12,0.039218482601254996,102.35375688793198,0.00039233869529553544
2024-12-08,28052,1923,2018,10.993,3057.0,26.8,0.877,3.0,motorspain_77,4.0,0.42857142857142855,2024-12,0.014259232853272493,102.36835382987263,0.00014261266400450445
2024-12-09,28056,1923,2018,11.104,3088.2,27.1,0.878,2.0,motorspain_77,4.0,0.2857142857142857,2024-12,0.014257199885942403,102.3829507718133,0.0001425923285327535
2024-12-10,28060,1922,2018,11.227,3123.1,27.3,0.874,1.0,motorspain_77,4.0,0.14285714285714285,2024-12,0.014255167498218105,102.39754771375398,0.00014257199885947536
2024-12-11,28060,1922,2018,11.312,3146.8,27.4,0.871,1.0,motorspain_77,0.0,0.14285714285714285,2024-12,0.0,102.39754771375398,0.0
2024-12-12,28064,1922,2018,11.383,3166.9,27.6,0.872,1.0,motorspain_77,4.0,0.14285714285714285,2024-12,0.014253135689851768,102.41214465569463,0.00014255167498222754
2024-12-13,28053,1922,2019,11.457,3186.3,27.6,0.866,1.0,motorspain_77,-11.0,0.14285714285714285,2024-12,-0.03921149253199301,102.3720030653578,-0.00039196123147089423
2024-12-14,28057,1921,2019,11.513,3202.5,27.8,0.868,1.0,motorspain_77,4.0,0.14285714285714285,2024-12,0.014256691734682966,102.38660000729847,0.00014258724557092428
2024-12-15,28093,1920,2019,11.568,3222.0,27.8,0.863,1.0,motorspain_77,36.0,0.14285714285714285,2024-12,0.12814580144519988,102.51797248476444,0.0012831022561214933
2024-12-16,28216,1922,2020,11.581,3239.7,27.9,0.861,2.0,motorspain_77,123.0,0.2857142857142857,2024-12,0.43592288063510065,102.96682844943984,0.00437831488271101
2024-12-17,28229,1922,2021,11.453,3204.3,28.8,0.899,3.0,motorspain_77,13.0,0.42857142857142855,2024-12,0.04605193240993305,103.014268510747,0.0004607314998581469
2024-12-18,28251,1922,2021,11.911,3335.3,29.6,0.887,3.0,motorspain_77,22.0,0.42857142857142855,2024-12,0.0778733496159428,103.09455169142066,0.0007793403946296795
2024-12-19,28256,1921,2021,12.187,3413.8,29.7,0.87,3.0,motorspain_77,5.0,0.42857142857142855,2024-12,0.017695356738391847,103.11279786884649,0.00017698488549067193
2024-12-20,28252,1920,2021,12.419,3478.8,29.7,0.854,2.0,motorspain_77,-4.0,0.2857142857142857,2024-12,-0.014158289678606824,103.0982009269058,-0.00014156285390709566
2024-12-21,28254,1920,2021,12.627,3538.0,29.7,0.839,2.0,motorspain_77,2.0,0.2857142857142857,2024-12,0.007078643731860976,103.10549939787614,7.07914483930594e-05
2024-12-22,28264,1920,2021,12.83,3596.5,29.9,0.831,2.0,motorspain_77,10.0,0.2857142857142857,2024-12,0.035380696292103025,103.1419917527278,0.00035393218659307557
2024-12-23,28267,1921,2021,13.016,3649.2,30.0,0.822,1.0,motorspain_77,3.0,0.14285714285714285,2024-12,0.01061308239289631,103.15293945918329,0.00010614208887638199
2024-12-24,28262,1922,2021,13.181,3695.0,30.1,0.815,0.0,motorspain_77,-5.0,0.0,2024-12,-0.01769160002830656,103.13469328175746,-0.00017688470654830812
2024-12-25,28258,1922,2021,13.345,3741.0,30.1,0.805,0.0,motorspain_77,-4.0,0.0,2024-12,-0.014155283459551277,103.1200963398168,-0.00014153280022644044
2024-12-26,28257,1922,2021,13.481,3779.1,30.1,0.796,0.0,motorspain_77,-1.0,0.0,2024-12,-0.003538946101850869,103.11644710433163,-3.538820864890102e-05
2024-12-27,28259,1922,2021,13.622,3819.0,30.3,0.793,0.0,motorspain_77,2.0,0.0,2024-12,0.0070773912735765596,103.12374557530197,7.07789220371069e-05
2024-12-28,28261,1923,2021,13.719,3846.7,30.3,0.788,0.0,motorspain_77,2.0,0.0,2024-12,0.0070768904143519345,103.13104404627231,7.077391273568878e-05
2024-12-29,28258,1923,2021,13.805,3870.8,30.3,0.783,0.0,motorspain_77,-3.0,0.0,2024-12,-0.010616462594663457,103.1200963398168,-0.00010615335621533273
2024-12-30,28257,1923,2021,13.885,3893.1,30.3,0.778,0.0,motorspain_77,-1.0,0.0,2024-12,-0.003538946101850869,103.11644710433163,-3.538820864890102e-05
2024-12-31,28261,1923,2021,13.961,3915.3,30.3,0.774,0.0,motorspain_77,4.0,0.0,2024-12,0.014153780828703869,103.13104404627231,0.00014155784407399175
2025-01-01,28250,1923,2021,14.037,3935.2,30.3,0.77,0.0,motorspain_77,-11.0,0.0,2025-01,-0.03893805309734513,103.09090245593549,-0.0003892289727893683
2025-01-02,28256,1924,2021,14.105,3955.3,30.3,0.766,0.0,motorspain_77,6.0,0.0,2025-01,0.021234428086070217,103.11279786884649,0.00021238938053103062
2025-01-03,28273,1924,2021,14.17,3975.8,30.4,0.765,0.0,motorspain_77,17.0,0.0,2025-01,0.060128037350122024,103.1748348720943,0.0006016421291052954
2025-01-04,28270,1988,2022,14.227,3991.8,30.1,0.754,1.0,motorspain_77,-3.0,0.14285714285714285,2025-01,-0.010611956137247967,103.1638871656388,-0.00010610830120605375
2025-01-05,28269,1990,2022,14.284,4007.9,30.1,0.751,1.0,motorspain_77,-1.0,0.14285714285714285,2025-01,-0.0035374438430789915,103.16023793015363,-3.5373187124210226e-05
2025-01-06,28264,1993,2022,14.336,4021.8,30.1,0.748,1.0,motorspain_77,-5.0,0.14285714285714285,2025-01,-0.017690348146051513,103.1419917527278,-0.0001768721921538985
2025-01-07,28259,1994,2022,14.38,4033.4,30.3,0.751,1.0,motorspain_77,-5.0,0.14285714285714285,2025-01,-0.0176934781839414,103.12374557530197,-0.00017690348146048862
2025-01-08,28258,1993,2022,14.409,4041.4,30.3,0.75,1.0,motorspain_77,-1.0,0.14285714285714285,2025-01,-0.003538820864887819,103.1200963398168,-3.538695636784439e-05
2025-01-09,28263,1994,2023,14.44,4050.8,30.3,0.748,1.0,motorspain_77,5.0,0.14285714285714285,2025-01,0.01769097406503202,103.13834251724263,0.00017694104324439408
2025-01-10,28266,1996,2023,14.47,4059.7,30.3,0.746,1.0,motorspain_77,3.0,0.14285714285714285,2025-01,0.010613457864572278,103.14929022369815,0.00010614584439028185
2025-01-11,28270,1997,2023,14.493,4066.9,30.3,0.745,0.0,motorspain_77,4.0,0.0,2025-01,0.014149274849663954,103.1638871656388,0.00014151277152762987
2025-01-12,28262,1999,2023,14.519,4073.1,30.3,0.744,0.0,motorspain_77,-8.0,0.0,2025-01,-0.028306560045290495,103.13469328175746,-0.0002829854969932377
2025-01-13,28264,1999,2023,14.542,4079.8,30.3,0.743,0.0,motorspain_77,2.0,0.0,2025-01,0.007076139258420605,103.1419917527278,7.076640011316471e-05
2025-01-14,28265,1998,2024,14.564,4086.3,30.3,0.742,1.0,motorspain_77,1.0,0.14285714285714285,2025-01,0.0035379444542720678,103.14564098821297,3.5380696292053315e-05
2025-01-15,28256,1997,2025,14.59,4092.3,30.3,0.74,2.0,motorspain_77,-9.0,0.2857142857142857,2025-01,-0.03185164212910532,103.11279786884649,-0.0003184150008844755
2025-01-16,28251,1997,2026,14.617,4099.1,30.3,0.739,3.0,motorspain_77,-5.0,0.42857142857142855,2025-01,-0.017698488549077906,103.09455169142066,-0.00017695356738389734
2025-01-17,28260,1997,2027,14.629,4103.8,30.3,0.738,4.0,motorspain_77,9.0,0.5714285714285714,2025-01,0.03184713375796178,103.12739481078714,0.0003185727938834759
2025-01-18,28270,1997,2027,14.644,4109.7,30.3,0.737,4.0,motorspain_77,10.0,0.5714285714285714,2025-01,0.035373187124159884,103.1638871656388,0.00035385704175516786
2025-01-19,28276,1997,2029,14.659,4114.7,30.3,0.736,6.0,motorspain_77,6.0,0.8571428571428571,2025-01,0.021219408685811292,103.1857825785498,0.0002122391227450393
2025-01-20,28285,1998,2030,14.668,4118.5,30.3,0.736,7.0,motorspain_77,9.0,1.0,2025-01,0.03181898532791232,103.2186256979163,0.00031829113028725153
2025-01-21,28280,1998,2030,14.685,4122.6,30.3,0.735,6.0,motorspain_77,-5.0,0.8571428571428571,2025-01,-0.01768033946251768,103.20037952049046,-0.00017677214071065706
2025-01-22,28285,1997,2030,14.701,4127.9,30.4,0.736,5.0,motorspain_77,5.0,0.7142857142857143,2025-01,0.017677214071062403,103.2186256979163,0.00017680339462522454
2025-01-23,28286,1996,2031,14.717,4132.5,30.4,0.736,5.0,motorspain_77,1.0,0.7142857142857143,2025-01,0.003535317825072474,103.22227493340147,3.535442814217582e-05
2025-01-24,28289,1995,2031,14.723,4134.6,30.4,0.735,4.0,motorspain_77,3.0,0.5714285714285714,2025-01,0.010604828732015978,103.23322263985695,0.00010605953475217866
2025-01-25,28292,1995,2031,14.729,4136.7,30.4,0.735,4.0,motorspain_77,3.0,0.5714285714285714,2025-01,0.010603704227343419,103.24417034631246,0.00010604828732008187
2025-01-26,28295,1995,2031,14.737,4139.3,30.4,0.734,2.0,motorspain_77,3.0,0.2857142857142857,2025-01,0.010602579961123872,103.25511805276794,0.00010603704227341026
2025-01-27,28297,1995,2031,14.749,4143.1,30.3,0.731,1.0,motorspain_77,2.0,0.14285714285714285,2025-01,0.007067887055164858,103.26241652373828,7.068386640751712e-05
2025-01-28,28300,1994,2031,14.757,4146.0,30.3,0.731,1.0,motorspain_77,3.0,0.14285714285714285,2025-01,0.01060070671378092,103.27336423019378,0.00010601830582745997
2025-01-29,28297,1996,2031,14.767,4148.2,30.3,0.73,1.0,motorspain_77,-3.0,0.14285714285714285,2025-01,-0.010601830582747288,103.26241652373828,-0.00010600706713781438
2025-01-30,28297,1998,2032,14.776,4151.0,30.3,0.73,1.0,motorspain_77,0.0,0.14285714285714285,2025-01,0.0,103.26241652373828,0.0
2025-01-31,28293,1998,2038,15.599,4388.5,25.0,0.57,8.0,motorspain_77,-4.0,1.1428571428571428,2025-01,-0.014137772593927827,103.2478195817976,-0.00014135774110324295
2025-02-01,28305,1998,2042,22.672,6398.3,19.0,0.297,12.0,motorspain_77,12.0,1.7142857142857142,2025-02,0.04239533651298357,103.2916104076196,0.00042413317781786475
2025-02-02,28328,1997,2042,22.682,6406.3,19.0,0.297,12.0,motorspain_77,23.0,1.7142857142857142,2025-02,0.08119175374188083,103.3755428237784,0.0008125772831655276
2025-02-03,28329,1996,2043,13.191,3728.0,9.0,0.241,15.0,motorspain_77,1.0,2.142857142857143,2025-02,0.003529951639662537,103.37919205926357,3.530076249647074e-05
2025-02-04,28335,1996,2045,0.579,164.0,0.0,0.0,17.0,motorspain_77,6.0,2.4285714285714284,2025-02,0.021175224986765485,103.40108747217458,0.00021179709837970684
2025-02-05,28373,1997,2054,0.58,164.5,0.0,0.0,34.0,motorspain_77,38.0,4.857142857142857,2025-02,0.1339301448560251,103.53975842061087,0.001341097582495232
2025-02-06,28439,1997,2060,0.609,173.3,0.0,0.0,33.0,motorspain_77,66.0,4.714285714285714,2025-02,0.23207567073385138,103.78060796263182,0.0023261551474993425
2025-02-07,28464,1998,2061,0.879,248.0,2.3,0.927,29.0,motorspain_77,25.0,4.142857142857143,2025-02,0.08783024170882518,103.87183884976096,0.0008790745103555153
2025-02-08,28480,1999,2062,1.036,293.5,1.5,0.511,31.0,motorspain_77,16.0,4.428571428571429,2025-02,0.05617977528089888,103.93022661752363,0.0005621135469364713
2025-02-09,28513,1999,2063,1.281,363.0,2.3,0.634,29.0,motorspain_77,33.0,4.142857142857143,2025-02,0.11573668151369551,104.0506513885341,0.0011587078651684735
2025-02-10,28531,1999,2063,1.292,366.3,2.3,0.628,26.0,motorspain_77,18.0,3.7142857142857144,2025-02,0.06308927131891627,104.11633762726709,0.000631290990074751
2025-02-11,28543,1998,2063,1.309,371.3,2.3,0.619,24.0,motorspain_77,12.0,3.4285714285714284,2025-02,0.04204183162246435,104.16012845308909,0.00042059514212611226
2025-02-12,28564,1998,2068,1.416,404.5,0.0,0.0,19.0,motorspain_77,21.0,2.7142857142857144,2025-02,0.07351911496989218,104.23676239827758,0.0007357320533931677
2025-02-13,28598,1999,2072,1.181,337.3,0.3,0.089,17.0,motorspain_77,34.0,2.4285714285714284,2025-02,0.11888943282747046,104.36083640477321,0.001190309480464835
2025-02-14,28628,1999,2073,1.185,339.0,0.3,0.088,17.0,motorspain_77,30.0,2.4285714285714284,2025-02,0.10479251082855946,104.47031346932818,0.0010490244073011468
2025-02-15,28635,1997,2075,0.86,245.6,0.6,0.244,18.0,motorspain_77,7.0,2.5714285714285716,2025-02,0.024445608521040687,104.49585811772432,0.0002445158585999696
2025-02-16,28653,1999,2076,0.862,246.4,0.6,0.244,17.0,motorspain_77,18.0,2.4285714285714284,2025-02,0.06282064705266464,104.56154435645732,0.0006286013619696273
2025-02-17,28669,1999,2076,0.865,247.4,0.6,0.243,16.0,motorspain_77,16.0,2.2857142857142856,2025-02,0.055809410861906585,104.61993212421999,0.0005584057515792828
2025-02-18,28676,1998,2076,0.866,247.6,0.6,0.242,16.0,motorspain_77,7.0,2.2857142857142856,2025-02,0.024410656995396848,104.64547677261614,0.00024416617252076556
2025-02-19,28682,1998,2076,0.865,247.6,0.6,0.242,10.0,motorspain_77,6.0,1.4285714285714286,2025-02,0.020919043302419636,104.66737218552713,0.00020923420281770966
2025-02-20,28692,1999,2076,0.866,247.8,0.6,0.242,4.0,motorspain_77,10.0,0.5714285714285714,2025-02,0.03485292067475254,104.70386454037879,0.00034865072170697786
2025-02-21,28693,1999,2076,0.866,247.8,0.6,0.242,4.0,motorspain_77,1.0,0.5714285714285714,2025-02,0.003485170599100826,104.70751377586396,3.48529206748438e-05
2025-02-22,28703,1999,2077,0.865,247.8,0.6,0.242,3.0,motorspain_77,10.0,0.42857142857142855,2025-02,0.034839563808661114,104.74400613071562,0.000348517059910014
2025-02-23,28710,1998,2079,0.483,137.7,1.0,0.726,4.0,motorspain_77,7.0,0.5714285714285714,2025-02,0.024381748519679555,104.76955077911178,0.000243876946660615
2025-02-24,28704,1996,2081,0.483,137.7,1.0,0.726,6.0,motorspain_77,-6.0,0.8571428571428571,2025-02,-0.020903010033444816,104.74765536620079,-0.0002089864158829613
2025-02-25,28714,1993,2082,0.484,138.0,1.0,0.725,7.0,motorspain_77,10.0,1.0,2025-02,0.03482621717629031,104.78414772105245,0.0003483835005573255
2025-02-26,28735,1993,2082,0.484,138.0,1.0,0.725,7.0,motorspain_77,21.0,1.0,2025-02,0.0730816077953715,104.86078166624094,0.0007313505607020598
2025-02-27,28751,1992,2086,0.374,106.5,1.0,0.939,11.0,motorspain_77,16.0,1.5714285714285714,2025-02,0.05565023825258252,104.91916943400356,0.0005568122498695871
2025-02-28,28761,1993,2090,0.374,106.5,1.0,0.939,14.0,motorspain_77,10.0,2.0,2025-02,0.03476930565696603,104.95566178885522,0.00034781398907868244
2025-03-01,28776,1993,2096,0.007,2.0,0.0,0.0,20.0,motorspain_77,15.0,2.857142857142857,2025-03,0.05212677231025855,105.0104003211327,0.000521539584854569
2025-03-02,28820,1994,2101,0.007,2.0,0.0,0.0,24.0,motorspain_77,44.0,3.4285714285714284,2025-03,0.15267175572519084,105.17096668248003,0.001529051987767538
2025-03-03,28933,1997,2105,1.754,505.0,2.5,0.495,41.0,motorspain_77,113.0,5.857142857142857,2025-03,0.390557494902015,105.58333029230376,0.003920888272033407
2025-03-04,29129,1997,2107,13.825,3971.4,55.7,1.403,34.0,motorspain_77,196.0,4.857142857142857,2025-03,0.6728689622026159,106.29858044739626,0.0067742715929905994
2025-03-05,29262,1998,2109,15.65,4513.9,65.6,1.453,33.0,motorspain_77,133.0,4.714285714285714,2025-03,0.45451438725992754,106.78392876692332,0.004565896529232116
2025-03-06,29320,1998,2110,10.819,3127.3,44.7,1.429,28.0,motorspain_77,58.0,4.0,2025-03,0.19781718963165074,106.99558442506294,0.001982092816622316
2025-03-07,29357,1998,2111,10.786,3122.2,44.2,1.416,23.0,motorspain_77,37.0,3.2857142857142856,2025-03,0.12603467656776918,107.13060613801409,0.0012619372442019827
2025-03-08,29393,1996,2111,13.1,3794.5,55.9,1.473,16.0,motorspain_77,36.0,2.2857142857142856,2025-03,0.12247814105399243,107.26197861548006,0.0012262833395781936
2025-03-09,29414,1996,2111,15.104,4377.4,65.3,1.492,10.0,motorspain_77,21.0,1.4285714285714286,2025-03,0.07139457401237506,107.33861256066855,0.00071445582281493
2025-03-10,29549,1997,2112,15.211,4428.9,65.7,1.483,6.0,motorspain_77,135.0,0.8571428571428571,2025-03,0.456868252732749,107.83125935116593,0.00458965118650978
2025-03-11,29658,1995,2111,18.463,5394.3,81.4,1.509,5.0,motorspain_77,109.0,0.7142857142857143,2025-03,0.367523096634972,108.229026019049,0.0036887881146570045
2025-03-12,29714,1997,2111,18.921,5538.3,84.0,1.517,3.0,motorspain_77,56.0,0.42857142857142855,2025-03,0.1884633506091405,108.4333832062183,0.0018881920561062415
2025-03-13,29754,1995,2113,20.216,5928.5,86.5,1.459,4.0,motorspain_77,40.0,0.5714285714285714,2025-03,0.1344357061235464,108.57935262562492,0.001346166790065384
2025-03-14,29772,1995,2116,19.129,5611.4,83.8,1.493,7.0,motorspain_77,18.0,1.0,2025-03,0.06045949214026602,108.64503886435793,0.000604960677555999
2025-03-15,29783,1996,2124,19.438,5709.8,79.5,1.392,16.0,motorspain_77,11.0,2.2857142857142856,2025-03,0.036933821307457274,108.68518045469474,0.000369474674190462
2025-03-16,29828,1996,2127,10.008,2949.0,36.1,1.224,20.0,motorspain_77,45.0,2.857142857142857,2025-03,0.1508649590988333,108.84939605152721,0.0015109290534869313
2025-03-17,29988,1997,2134,5.462,1629.1,8.8,0.54,29.0,motorspain_77,160.0,4.142857142857143,2025-03,0.5335467520341469,109.43327372915374,0.005364087434625242
2025-03-18,30116,1997,2136,3.394,1016.7,5.3,0.521,34.0,motorspain_77,128.0,4.857142857142857,2025-03,0.4250232434586267,109.90037587125497,0.004268374016273224
2025-03-19,30200,1997,2137,4.648,1372.6,31.0,2.258,30.0,motorspain_77,84.0,4.285714285714286,2025-03,0.2781456953642384,110.20691165200891,0.0027892150351971345
2025-03-20,30283,1995,2138,4.928,1458.3,34.1,2.338,28.0,motorspain_77,83.0,4.0,2025-03,0.27408116765181784,110.50979819727766,0.002748344370860911
2025-03-21,30366,1995,2140,5.944,1753.1,52.0,2.966,26.0,motorspain_77,83.0,3.7142857142857144,2025-03,0.27333201607060525,110.81268474254644,0.0027408116765181845
2025-03-22,30531,1995,2141,6.554,1938.6,62.5,3.224,17.0,motorspain_77,165.0,2.4285714285714284,2025-03,0.5404343126658151,111.4148085975988,0.005433708753210809
2025-03-23,30606,1995,2141,10.012,2978.1,86.2,2.894,14.0,motorspain_77,75.0,2.0,2025-03,0.2450499901980004,111.68850125898624,0.002456519603026397
2025-03-24,30632,1993,2141,10.412,3100.3,89.1,2.874,7.0,motorspain_77,26.0,1.0,2025-03,0.08487855837033167,111.78338138160055,0.0008495066326863476
2025-03-25,30654,1995,2142,10.674,3181.0,90.9,2.858,6.0,motorspain_77,22.0,0.8571428571428571,2025-03,0.0717687740588504,111.86366456227421,0.0007182031862105198
2025-03-26,30669,1994,2142,10.914,3255.0,92.3,2.836,5.0,motorspain_77,15.0,0.7142857142857143,2025-03,0.04890932211679546,111.9184030945517,0.0004893325504011781
2025-03-27,30678,1995,2142,11.393,3401.8,93.4,2.746,4.0,motorspain_77,9.0,0.5714285714285714,2025-03,0.029336984158028552,111.95124621391818,0.0002934559327008035
2025-03-28,30681,1995,2143,11.55,3449.8,93.9,2.722,3.0,motorspain_77,3.0,0.42857142857142855,2025-03,0.00977803852547179,111.96219392037368,9.778994719344958e-05
2025-03-29,30695,1996,2145,11.701,3497.4,94.2,2.693,4.0,motorspain_77,14.0,0.5714285714285714,2025-03,0.04561003420752566,112.01328321716599,0.0004563084645219373
2025-03-30,30722,1998,2147,11.937,3573.2,94.0,2.631,6.0,motorspain_77,27.0,0.8571428571428571,2025-03,0.08788490332660634,112.11181257526547,0.0008796220882880679
2025-03-31,30759,1998,2151,12.152,3643.1,94.8,2.602,10.0,motorspain_77,37.0,1.4285714285714286,2025-03,0.12028999642381091,112.24683428821662,0.00120434867521646
2025-04-01,30766,1998,2153,12.277,3682.1,94.9,2.577,11.0,motorspain_77,7.0,1.5714285714285714,2025-04,0.02275238900084509,112.27237893661277,0.00022757566890985181
2025-04-02,30779,1997,2154,12.544,3763.3,97.6,2.593,12.0,motorspain_77,13.0,1.7142857142857142,2025-04,0.04223658988271224,112.31981899791994,0.000422544367158606
2025-04-03,30781,1998,2154,12.62,3786.6,98.1,2.591,12.0,motorspain_77,2.0,1.7142857142857142,2025-04,0.006497514700627011,112.32711746889026,6.497936905036639e-05
2025-04-04,30777,1857,2154,12.905,3872.9,98.8,2.551,11.0,motorspain_77,-4.0,1.5714285714285714,2025-04,-0.012996718328622023,112.3125205269496,-0.00012995029401252634
2025-04-05,30782,1857,2155,12.997,3901.8,98.9,2.535,11.0,motorspain_77,5.0,1.5714285714285714,2025-04,0.01624325904749529,112.33076670437543,0.0001624589791078268
2025-04-06,30785,1856,2155,13.06,3921.3,99.2,2.53,9.0,motorspain_77,3.0,1.2857142857142858,2025-04,0.00974500568458665,112.34171441083095,9.745955428486219e-05
2025-04-07,30778,1857,2155,13.117,3937.8,99.4,2.524,5.0,motorspain_77,-7.0,0.7142857142857143,2025-04,-0.022743518097342257,112.31616976243477,-0.0002273834659737295
2025-04-08,30778,1856,2155,13.17,3953.9,99.6,2.519,3.0,motorspain_77,0.0,0.42857142857142855,2025-04,0.0,112.31616976243477,0.0
2025-04-09,30779,1857,2156,13.223,3970.3,99.6,2.509,3.0,motorspain_77,1.0,0.42857142857142855,2025-04,0.0032489684525163257,112.31981899791994,3.249074013900177e-05
2025-04-10,30776,1858,2156,13.27,3984.3,99.7,2.502,3.0,motorspain_77,-3.0,0.42857142857142855,2025-04,-0.009747855471796206,112.30887129146443,-9.746905357543856e-05
2025-04-11,30777,1858,2158,13.193,3959.9,100.6,2.54,5.0,motorspain_77,1.0,0.7142857142857143,2025-04,0.0032491795821555057,112.3125205269496,3.2492851572696324e-05
2025-04-12,30784,1858,2163,13.017,3940.6,66.4,1.685,8.0,motorspain_77,7.0,1.1428571428571428,2025-04,0.02273908523908524,112.33806517534578,0.00022744257075091312
2025-04-13,30811,1859,2165,6.577,2002.0,24.3,1.214,10.0,motorspain_77,27.0,1.4285714285714286,2025-04,0.08763104086202979,112.43659453344523,0.0008770790020788954
2025-04-14,30855,1857,2168,5.963,1800.4,39.4,2.188,13.0,motorspain_77,44.0,1.8571428571428572,2025-04,0.14260249554367202,112.59716089479255,0.001428061406640424
2025-04-15,30874,1856,2170,6.091,1839.3,41.3,2.245,15.0,motorspain_77,19.0,2.142857142857143,2025-04,0.061540454751570904,112.66649636901069,0.0006157835034841241
2025-04-16,30890,1856,2171,5.522,1672.9,32.9,1.967,15.0,motorspain_77,16.0,2.142857142857143,2025-04,0.05179669796050502,112.72488413677335,0.0005182354084343199
2025-04-17,30905,1855,2171,5.763,1746.7,34.4,1.969,15.0,motorspain_77,15.0,2.142857142857143,2025-04,0.04853583562530335,112.77962266905084,0.00048559404337966683
2025-04-18,30914,1855,2172,5.884,1784.3,34.6,1.939,14.0,motorspain_77,9.0,2.0,2025-04,0.029113023225722973,112.81246578841733,0.0002912150137517333
2025-04-19,30928,1855,2172,6.011,1823.6,35.5,1.947,9.0,motorspain_77,14.0,1.2857142857142858,2025-04,0.045266425245732024,112.86355508520964,0.0004528692501779563
2025-04-20,30920,1854,2172,5.872,1781.6,34.1,1.914,7.0,motorspain_77,-8.0,1.0,2025-04,-0.0258732212160414,112.83436120132832,-0.0002586652871184869
2025-04-21,30929,1854,2172,5.957,1808.0,34.5,1.908,4.0,motorspain_77,9.0,0.5714285714285714,2025-04,0.029098903941284875,112.86720432069481,0.0002910737386805362
2025-04-22,30977,1854,2173,6.019,1829.8,34.8,1.902,3.0,motorspain_77,48.0,0.42857142857142855,2025-04,0.15495367530748622,113.04236762398277,0.001551941543535218
2025-04-23,31047,1855,2173,6.065,1847.9,35.1,1.899,2.0,motorspain_77,70.0,0.2857142857142857,2025-04,0.2254646181595645,113.29781410794439,0.002259741098234125
2025-04-24,31079,1854,2174,6.112,1864.3,35.3,1.893,3.0,motorspain_77,32.0,0.42857142857142855,2025-04,0.10296341581131954,113.41458964346968,0.0010306953973009403
2025-04-25,31101,1854,2179,6.29,1921.9,34.3,1.785,7.0,motorspain_77,22.0,1.0,2025-04,0.07073727532876757,113.49487282414334,0.0007078734837027145
2025-04-26,31148,1853,2185,6.676,2040.6,38.8,1.901,13.0,motorspain_77,47.0,1.8571428571428572,2025-04,0.15089251316296393,113.66638689194615,0.0015112054274781794
2025-04-27,31202,1854,2187,6.905,2126.3,28.3,1.331,15.0,motorspain_77,54.0,2.142857142857143,2025-04,0.17306582911351837,113.8634456081451,0.0017336586618723615
2025-04-28,31353,1855,2189,6.774,2097.2,26.6,1.268,17.0,motorspain_77,151.0,2.4285714285714284,2025-04,0.48161260485439994,114.41448016640514,0.0048394333696557545
2025-04-29,31399,1854,2190,8.575,2667.1,25.4,0.952,17.0,motorspain_77,46.0,2.4285714285714284,2025-04,0.1465014809388834,114.58234499872277,0.0014671642267087837
2025-04-30,31419,1854,2190,8.643,2693.5,22.0,0.817,17.0,motorspain_77,20.0,2.4285714285714284,2025-04,0.06365574970559215,114.6553297084261,0.0006369629606037819
2025-05-01,31434,1854,2191,8.871,2766.4,22.2,0.802,17.0,motorspain_77,15.0,2.4285714285714284,2025-05,0.047719030349303304,114.71006824070358,0.000477418122792006
2025-05-02,31459,1856,2192,9.028,2817.7,22.5,0.799,13.0,motorspain_77,25.0,1.8571428571428572,2025-05,0.07946851457452557,114.80129912783272,0.0007953171724883745
2025-05-03,31496,1857,2193,9.011,2816.5,21.7,0.77,8.0,motorspain_77,37.0,1.1428571428571428,2025-05,0.11747523495046991,114.93632084078385,0.0011761340157030453
2025-05-04,31511,1859,2193,9.116,2850.8,21.9,0.768,6.0,motorspain_77,15.0,0.8571428571428571,2025-05,0.047602424550157084,114.99105937306133,0.00047625095250181104
2025-05-05,31530,1858,2193,9.205,2880.3,21.9,0.76,4.0,motorspain_77,19.0,0.5714285714285714,2025-05,0.06026006977481763,115.0603948472795,0.0006029640443019346
2025-05-06,31533,1858,2193,9.258,2897.5,21.9,0.756,3.0,motorspain_77,3.0,0.42857142857142855,2025-05,0.009513842641042717,115.071342553735,9.514747859173944e-05
2025-05-07,31544,1858,2194,8.76,2741.3,22.1,0.806,4.0,motorspain_77,11.0,0.5714285714285714,2025-05,0.03487192493025615,115.11148414407182,0.0003488408968381762
2025-05-08,31549,1856,2196,8.84,2766.4,22.5,0.813,5.0,motorspain_77,5.0,0.7142857142857143,2025-05,0.015848362864116138,115.12973032149765,0.0001585087496829285
2025-05-09,31561,1856,2199,9.425,2950.9,23.8,0.807,7.0,motorspain_77,12.0,1.0,2025-05,0.03802160894775197,115.17352114731965,0.00038036070873870287
2025-05-10,31583,1857,2208,10.179,3184.6,30.3,0.951,15.0,motorspain_77,22.0,2.142857142857143,2025-05,0.06965772725833518,115.25380432799328,0.0006970628307088056
2025-05-11,31643,1858,2214,6.153,1926.6,20.4,1.059,21.0,motorspain_77,60.0,3.0,2025-05,0.18961539677021774,115.47275845710323,0.0018997561979545718
2025-05-12,31713,1860,2215,5.719,1757.6,56.1,3.192,22.0,motorspain_77,70.0,3.142857142857143,2025-05,0.22072966922082426,115.72820494106483,0.0022121796289857887
2025-05-13,31806,1862,2218,7.645,2385.5,46.0,1.928,26.0,motorspain_77,93.0,3.7142857142857144,2025-05,0.29239766081871343,116.06758384118527,0.0029325513196480912
2025-05-14,31894,1863,2218,10.136,3161.9,70.9,2.242,24.0,motorspain_77,88.0,3.4285714285714284,2025-05,0.2759139650090926,116.38871656387985,0.0027667735647363134
2025-05-15,31975,1864,2219,11.666,3656.1,74.1,2.027,23.0,motorspain_77,81.0,3.2857142857142856,2025-05,0.253322908522283,116.68430463817829,0.0025396626324700744
2025-05-16,32025,1864,2216,13.346,4189.4,84.5,2.017,23.0,motorspain_77,50.0,3.2857142857142856,2025-05,0.156128024980484,116.86676641243659,0.0015637216575450363
2025-05-17,32049,1862,2218,14.605,4588.9,92.0,2.005,15.0,motorspain_77,24.0,2.142857142857143,2025-05,0.07488533183562669,116.95434806408058,0.0007494145199062885
2025-05-18,32079,1862,2220,14.944,4696.1,97.8,2.083,10.0,motorspain_77,30.0,1.4285714285714286,2025-05,0.09351912466099317,117.06382512863556,0.0009360666479454327
2025-05-19,32261,1862,2220,15.134,4783.9,98.6,2.061,9.0,motorspain_77,182.0,1.2857142857142858,2025-05,0.564148662471715,117.72798598693575,0.005673493562766918
2025-05-20,32344,1861,2220,18.474,5876.3,99.0,1.685,7.0,motorspain_77,83.0,1.0,2025-05,0.25661637397971804,118.0308725322045,0.0025727658783050167
2025-05-21,32388,1862,2222,19.129,6094.1,101.4,1.664,8.0,motorspain_77,44.0,1.1428571428571428,2025-05,0.13585278498209213,118.19143889355179,0.0013603759584466246
2025-05-22,32410,1863,2225,19.61,6249.8,105.8,1.693,10.0,motorspain_77,22.0,1.4285714285714286,2025-05,0.06788028386300525,118.27172207422545,0.000679263924910467
2025-05-23,32426,1862,2227,19.124,6097.7,103.6,1.699,9.0,motorspain_77,16.0,1.2857142857142858,2025-05,0.049343119718744215,118.3301098419881,0.0004936747917310136
2025-05-24,32453,1861,2230,19.001,6060.7,105.6,1.742,11.0,motorspain_77,27.0,1.5714285714285714,2025-05,0.08319723908421409,118.42863920008757,0.0008326651452537082
2025-05-25,32492,1862,2233,18.83,6019.1,99.3,1.65,13.0,motorspain_77,39.0,1.8571428571428572,2025-05,0.12002954573433461,118.57095938400906,0.0012017378978830262
2025-05-26,32543,1862,2235,19.332,6189.8,101.3,1.637,15.0,motorspain_77,51.0,2.142857142857143,2025-05,0.15671572995728728,118.75707039375251,0.0015696171365258138
2025-05-27,32636,1862,2236,16.504,5310.3,76.1,1.433,16.0,motorspain_77,93.0,2.2857142857142856,2025-05,0.2849613923274911,119.09644929387294,0.0028577574286328122
2025-05-28,32720,1864,2237,19.667,6319.9,115.3,1.824,15.0,motorspain_77,84.0,2.142857142857143,2025-05,0.2567237163814181,119.40298507462686,0.0025738448339256426
2025-05-29,32760,1864,2238,19.952,6410.7,125.5,1.958,13.0,motorspain_77,40.0,1.8571428571428572,2025-05,0.1221001221001221,119.54895449403351,0.0012224938875304847
2025-05-30,32820,1864,2240,19.274,6200.3,125.5,2.024,13.0,motorspain_77,60.0,1.8571428571428572,2025-05,0.18281535648994515,119.76790862314346,0.001831501831501825
2025-05-31,32866,1864,2240,19.6,6316.4,125.4,1.985,10.0,motorspain_77,46.0,1.4285714285714286,2025-05,0.13996227103998052,119.93577345546107,0.0014015843997563504
2025-06-01,32897,1864,2241,20.196,6518.5,125.4,1.924,8.0,motorspain_77,31.0,1.1428571428571428,2025-06,0.0942335167340487,120.04889975550121,0.000943224000486742
2025-06-02,32920,1864,2241,20.461,6608.5,127.3,1.926,6.0,motorspain_77,23.0,0.8571428571428571,2025-06,0.06986634264884568,120.13283217166004,0.0006991518983494593
2025-06-03,32939,1864,2241,20.445,6605.3,129.2,1.956,5.0,motorspain_77,19.0,0.7142857142857143,2025-06,0.05768238258599229,120.20216764587819,0.0005771567436207992
2025-06-04,32925,1864,2243,13.687,4417.6,89.0,2.015,6.0,motorspain_77,-14.0,0.8571428571428571,2025-06,-0.042520880789673504,120.15107834908588,-0.00042502808221256405
2025-06-05,32942,1866,2243,13.874,4481.2,89.3,1.993,5.0,motorspain_77,17.0,0.7142857142857143,2025-06,0.05160585271082508,120.21311535233367,0.0005163249810173909
2025-06-06,32968,1865,2245,14.127,4566.3,91.0,1.993,5.0,motorspain_77,26.0,0.7142857142857143,2025-06,0.07886435331230283,120.30799547494799,0.0007892659826360671
2025-06-07,32990,1866,2247,15.597,5042.0,103.3,2.049,7.0,motorspain_77,22.0,1.0,2025-06,0.06668687481054866,120.38827865562165,0.0006673137587964728
2025-06-08,33008,1866,2248,14.704,4758.5,95.1,1.999,7.0,motorspain_77,18.0,1.0,2025-06,0.05453223460979156,120.45396489435463,0.0005456198848134974
2025-06-09,33025,1866,2253,18.487,5983.8,121.5,2.03,12.0,motorspain_77,17.0,1.7142857142857142,2025-06,0.05147615442846329,120.51600189760245,0.0005150266602036435
2025-06-10,33053,1866,2253,18.665,6047.6,121.9,2.016,12.0,motorspain_77,28.0,1.7142857142857142,2025-06,0.08471243154932986,120.61818049118709,0.0008478425435276549
2025-06-11,33113,1866,2254,16.09,5234.8,93.2,1.78,11.0,motorspain_77,60.0,1.5714285714285714,2025-06,0.18119771690876693,120.83713462029704,0.0018152663903427957
2025-06-12,33148,1865,2254,16.167,5265.3,93.8,1.781,11.0,motorspain_77,35.0,1.5714285714285714,2025-06,0.10558706407626402,120.96485786227787,0.001056986681967853
2025-06-13,33160,1863,2254,16.467,5366.5,93.8,1.748,11.0,motorspain_77,12.0,1.5714285714285714,2025-06,0.03618817852834741,121.00864868809984,0.0003620127911185822
2025-06-14,33172,1863,2255,16.545,5392.8,95.4,1.769,8.0,motorspain_77,12.0,1.1428571428571428,2025-06,0.03617508742312794,121.05243951392184,0.0003618817852835132
2025-06-15,33177,1863,2255,16.607,5414.0,95.6,1.766,8.0,motorspain_77,5.0,1.1428571428571428,2025-06,0.015070681496217257,121.07068569134766,0.0001507295309297607
2025-06-16,33178,1863,2255,16.772,5467.7,96.8,1.77,2.0,motorspain_77,1.0,0.2857142857142857,2025-06,0.0030140454518054133,121.07433492683283,3.0141362992397447e-05
2025-06-17,33183,1862,2255,16.803,5479.0,96.8,1.767,2.0,motorspain_77,5.0,0.2857142857142857,2025-06,0.015067956483741674,121.09258110425867,0.0001507022725901752
2025-06-18,33183,1862,2255,16.89,5507.6,97.1,1.763,1.0,motorspain_77,0.0,0.14285714285714285,2025-06,0.0,121.09258110425867,0.0
2025-06-19,33175,1863,2256,16.917,5515.0,97.1,1.761,1.0,motorspain_77,-8.0,0.14285714285714285,2025-06,-0.024114544084400905,121.06338722037732,-0.00024108730373983978
2025-06-20,33183,1864,2259,16.973,5534.5,97.8,1.767,5.0,motorspain_77,8.0,0.7142857142857143,2025-06,0.02410873037398668,121.09258110425867,0.0002411454408439706
2025-06-21,33199,1863,2261,16.979,5539.2,97.8,1.766,5.0,motorspain_77,16.0,0.7142857142857143,2025-06,0.048194222717551735,121.15096887202131,0.00048217460747967955
2025-06-22,33220,1864,2263,10.288,3375.5,42.3,1.253,8.0,motorspain_77,21.0,1.1428571428571428,2025-06,0.06321493076459964,121.22760281720979,0.0006325491731677957
2025-06-23,33229,1863,2265,10.377,3405.5,42.7,1.254,8.0,motorspain_77,9.0,1.1428571428571428,2025-06,0.027084775346835597,121.26044593657628,0.0002709211318483451
2025-06-24,33247,1864,2267,9.108,2990.5,37.5,1.254,11.0,motorspain_77,18.0,1.5714285714285714,2025-06,0.054140223178031105,121.32613217530928,0.0005416955069366125
2025-06-25,33283,1864,2268,9.412,3086.1,46.6,1.51,12.0,motorspain_77,36.0,1.7142857142857142,2025-06,0.10816332662320104,121.45750465277526,0.0010828044635606826
2025-06-26,33303,1864,2269,10.002,3274.3,56.8,1.735,13.0,motorspain_77,20.0,1.8571428571428572,2025-06,0.06005464973125544,121.53048936247856,0.0006009073701289669
2025-06-27,33347,1864,2274,10.898,3569.0,65.3,1.83,15.0,motorspain_77,44.0,2.142857142857143,2025-06,0.13194590218010616,121.69105572382585,0.001321202294087609
2025-06-28,33363,1864,2277,10.626,3478.5,66.5,1.912,16.0,motorspain_77,16.0,2.2857142857142856,2025-06,0.04795731798699158,121.74944349158852,0.0004798032806550001
2025-06-29,33400,1864,2278,9.539,3125.5,60.6,1.939,16.0,motorspain_77,37.0,2.2857142857142856,2025-06,0.11077844311377245,121.88446520453964,0.0011090129784492309
2025-06-30,33425,1864,2279,10.71,3509.3,70.4,2.006,14.0,motorspain_77,25.0,2.0,2025-06,0.07479431563201197,121.97569609166881,0.0007485029940119681
2025-07-01,33453,1864,2280,8.474,2784.4,50.5,1.814,13.0,motorspain_77,28.0,1.8571428571428572,2025-07,0.08369951872776732,122.07787468525343,0.0008376963350784639
2025-07-02,33470,1864,2283,8.53,2804.0,51.1,1.822,15.0,motorspain_77,17.0,2.142857142857143,2025-07,0.050791753809381536,122.13991168850127,0.0005081756494185186
2025-07-03,33514,1865,2285,8.668,2851.6,53.3,1.869,16.0,motorspain_77,44.0,2.2857142857142856,2025-07,0.13128841678104672,122.30047804984856,0.001314610098595681
2025-07-04,33565,1864,2286,9.221,3040.6,54.5,1.792,12.0,motorspain_77,51.0,1.7142857142857142,2025-07,0.15194398927454192,122.48658905959202,0.001521752103598395
2025-07-05,33593,1864,2286,9.129,3010.2,56.6,1.88,9.0,motorspain_77,28.0,1.2857142857142858,2025-07,0.08335069806209627,122.58876765317666,0.0008342022940563965
2025-07-06,33612,1863,2286,9.273,3058.4,58.3,1.906,9.0,motorspain_77,19.0,1.2857142857142858,2025-07,0.056527430679519215,122.6581031273948,0.0005655940225641753
2025-07-07,33629,1861,2286,9.558,3153.6,60.6,1.922,7.0,motorspain_77,17.0,1.0,2025-07,0.05055160724374795,122.72014013064263,0.0005057717481851132
2025-07-08,33642,1861,2288,9.682,3195.1,62.1,1.944,8.0,motorspain_77,13.0,1.1428571428571428,2025-07,0.03864217347363415,122.76758019194978,0.0003865711142168049
2025-07-09,33655,1862,2291,9.727,3211.3,62.2,1.937,8.0,motorspain_77,13.0,1.1428571428571428,2025-07,0.038627247065814885,122.81502025325695,0.000386421734736242
2025-07-10,33666,1863,2292,8.658,2858.7,56.0,1.959,8.0,motorspain_77,11.0,1.1428571428571428,2025-07,0.032673914334937326,122.85516184359378,0.00032684593671072903
2025-07-11,33674,1864,2295,8.78,2900.0,56.6,1.952,8.0,motorspain_77,8.0,1.1428571428571428,2025-07,0.023757201401674883,122.8843557274751,0.00023762846789043834
2025-07-12,33689,1864,2298,8.562,2825.8,58.5,2.07,12.0,motorspain_77,15.0,1.7142857142857142,2025-07,0.04452491911306361,122.93909425975258,0.00044544752628139506
2025-07-13,33719,1864,2300,8.62,2848.0,58.7,2.061,12.0,motorspain_77,30.0,1.7142857142857142,2025-07,0.08897061004181618,123.04857132430756,0.0008904983822612955
2025-07-14,33728,1864,2301,7.824,2593.8,45.2,1.743,15.0,motorspain_77,9.0,2.142857142857143,2025-07,0.02668406072106262,123.08141444367405,0.0002669118301255047
2025-07-15,33741,1863,2303,7.913,2623.9,46.1,1.757,15.0,motorspain_77,13.0,2.142857142857143,2025-07,0.03852879286328206,123.1288545049812,0.0003854364326376647
2025-07-16,33802,1863,2304,7.943,2638.6,46.3,1.755,14.0,motorspain_77,61.0,2.0,2025-07,0.18046269451511746,123.35145786957634,0.0018078895112769722
2025-07-17,33889,1863,2306,9.821,3124.1,204.3,6.539,13.0,motorspain_77,87.0,1.8571428571428572,2025-07,0.2567204697689516,123.66894135678575,0.0025738122004614894
2025-07-18,33929,1863,2309,10.159,3197.3,249.4,7.8,13.0,motorspain_77,40.0,1.8571428571428572,2025-07,0.11789324766424004,123.81491077619238,0.001180323998937638
2025-07-19,33994,1864,2314,9.96,3141.2,244.5,7.784,14.0,motorspain_77,65.0,2.0,2025-07,0.19121021356710008,124.05211108272817,0.0019157652745438458
2025-07-20,34049,1863,2315,9.095,2841.9,254.7,8.962,14.0,motorspain_77,55.0,2.0,2025-07,0.1615319098945637,124.2528190344123,0.0016179325763370223
2025-07-21,34101,1863,2316,9.089,2856.2,243.1,8.511,14.0,motorspain_77,52.0,2.0,2025-07,0.15248819682707251,124.44257927964091,0.001527210784457722
2025-07-22,34149,1862,2316,9.526,2988.3,264.8,8.861,12.0,motorspain_77,48.0,1.7142857142857142,2025-07,0.140560484933673,124.61774258292888,0.001407583355326869
2025-07-23,34174,1862,2317,9.899,3102.3,280.5,9.042,13.0,motorspain_77,25.0,1.8571428571428572,2025-07,0.07315503013987242,124.70897347005803,0.0007320858590296186
2025-07-24,34219,1863,2318,10.961,3430.0,320.9,9.356,12.0,motorspain_77,45.0,1.7142857142857142,2025-07,0.13150588854145356,124.87318906689049,0.001316790542517765
2025-07-25,34259,1864,2319,11.285,3538.0,328.1,9.274,10.0,motorspain_77,40.0,1.4285714285714286,2025-07,0.11675764032808897,125.01915848629712,0.0011689412314794811
2025-07-26,34280,1864,2319,11.434,3588.4,331.3,9.233,9.0,motorspain_77,21.0,1.2857142857142858,2025-07,0.06126021003500583,125.0957924314856,0.0006129776117225205
2025-07-27,34292,1864,2319,11.715,3680.1,337.2,9.163,5.0,motorspain_77,12.0,0.7142857142857143,2025-07,0.03499358450950659,125.13958325730758,0.0003500583430571247
2025-07-28,34306,1865,2319,11.877,3731.9,342.5,9.178,3.0,motorspain_77,14.0,0.42857142857142855,2025-07,0.04080918789716085,125.19067255409992,0.00040825848594416847
2025-07-29,34319,1865,2321,11.997,3771.8,345.6,9.163,3.0,motorspain_77,13.0,0.42857142857142855,2025-07,0.03787989160523325,125.23811261540708,0.00037894245904501744
2025-07-30,34325,1864,2322,11.223,3529.3,322.9,9.149,5.0,motorspain_77,6.0,0.7142857142857143,2025-07,0.01747997086671522,125.26000802831807,0.00017483026894726805
2025-07-31,34333,1863,2323,11.344,3567.0,327.8,9.19,6.0,motorspain_77,8.0,0.8571428571428571,2025-07,0.023301197099000963,125.28920191219939,0.00023306627822283765
2025-08-01,34337,1863,2323,11.352,3565.8,332.2,9.316,4.0,motorspain_77,4.0,0.5714285714285714,2025-08,0.011649241343157526,125.30379885414004,0.00011650598549506341
2025-08-02,34342,1864,2324,11.383,3576.3,332.8,9.306,4.0,motorspain_77,5.0,0.5714285714285714,2025-08,0.014559431599790344,125.32204503156588,0.0001456155167893769
2025-08-03,34356,1866,2325,11.458,3602.1,334.4,9.283,5.0,motorspain_77,14.0,0.7142857142857143,2025-08,0.040749796251018745,125.37313432835822,0.00040766408479409044
2025-08-04,34360,1866,2325,11.538,3627.8,336.5,9.276,6.0,motorspain_77,4.0,0.8571428571428571,2025-08,0.011641443538998836,125.38773127029887,0.00011642798928868103
2025-08-05,34369,1866,2326,5.041,1678.7,53.8,3.205,6.0,motorspain_77,9.0,0.8571428571428571,2025-08,0.02618638889697111,125.42057438966536,0.00026193247962758015
2025-08-06,34376,1867,2326,5.098,1698.2,54.4,3.203,5.0,motorspain_77,7.0,0.7142857142857143,2025-08,0.020363043984175006,125.44611903806154,0.00020367191364312198
2025-08-07,34386,1866,2327,4.769,1593.3,46.7,2.931,4.0,motorspain_77,10.0,0.5714285714285714,2025-08,0.029081602977956148,125.48261139291318,0.00029090062834535857
2025-08-08,34390,1866,2327,4.812,1608.2,46.8,2.91,4.0,motorspain_77,4.0,0.5714285714285714,2025-08,0.011631288165164292,125.49720833485385,0.00011632641191172688
2025-08-09,34394,1867,2327,4.849,1620.3,47.5,2.932,3.0,motorspain_77,4.0,0.42857142857142855,2025-08,0.011629935453858231,125.5118052767945,0.00011631288165170339
2025-08-10,34403,1867,2327,4.87,1627.5,47.9,2.943,2.0,motorspain_77,9.0,0.2857142857142857,2025-08,0.026160509257913554,125.544648396161,0.00026167354771189366
2025-08-11,34407,1867,2327,4.881,1631.5,47.9,2.936,2.0,motorspain_77,4.0,0.2857142857142857,2025-08,0.011625541314267445,125.55924533810168,0.00011626893003513494
2025-08-12,34408,1867,2327,4.889,1634.2,48.0,2.937,1.0,motorspain_77,1.0,0.14285714285714285,2025-08,0.0029063008602650546,125.56289457358683,2.906385328560468e-05
2025-08-13,34399,1867,2327,4.898,1636.8,48.0,2.933,1.0,motorspain_77,-9.0,0.14285714285714285,2025-08,-0.026163551266025174,125.53005145422034,-0.0002615670774238632
2025-08-14,34396,1867,2327,4.905,1639.0,48.0,2.929,0.0,motorspain_77,-3.0,0.0,2025-08,-0.008721944412140947,125.51910374776485,-8.721183755344697e-05
2025-08-15,34389,1865,2328,4.91,1640.3,48.1,2.932,1.0,motorspain_77,-7.0,0.14285714285714285,2025-08,-0.020355346186280494,125.49355909936868,-0.00020351203628332648
2025-08-16,34388,1866,2328,4.912,1641.2,48.0,2.925,1.0,motorspain_77,-1.0,0.14285714285714285,2025-08,-0.002907991159706875,125.48990986388351,-2.907906598037524e-05
2025-08-17,34398,1866,2328,4.912,1641.8,48.0,2.924,1.0,motorspain_77,10.0,0.14285714285714285,2025-08,0.02907145764288621,125.52640221873517,0.00029079911597063024
2025-08-18,34405,1865,2328,4.912,1642.1,48.0,2.923,1.0,motorspain_77,7.0,0.14285714285714285,2025-08,0.02034587995930824,125.55194686713133,0.00020350020350012876
2025-08-19,34417,1865,2328,4.913,1642.8,48.0,2.922,1.0,motorspain_77,12.0,0.14285714285714285,2025-08,0.034866490397187436,125.59573769295334,0.0003487865135880508
2025-08-20,34431,1864,2328,4.914,1644.0,48.0,2.92,1.0,motorspain_77,14.0,0.14285714285714285,2025-08,0.04066103220934623,125.64682698974565,0.00040677572130043416
2025-08-21,34435,1864,2328,4.916,1644.8,48.1,2.924,1.0,motorspain_77,4.0,0.14285714285714285,2025-08,0.011616088282270945,125.66142393168631,0.00011617437774091854
2025-08-22,34444,1865,2328,4.916,1645.3,48.1,2.923,1.0,motorspain_77,9.0,0.14285714285714285,2025-08,0.02612936941121821,125.6942670510528,0.0002613619863511829
2025-08-23,34454,1865,2328,4.918,1646.4,48.2,2.928,0.0,motorspain_77,10.0,0.0,2025-08,0.02902420618796076,125.73075940590445,0.00029032632679126813
2025-08-24,34467,1866,2328,4.918,1646.8,48.4,2.939,0.0,motorspain_77,13.0,0.0,2025-08,0.03771723677720719,125.77819946721162,0.0003773146804435523
2025-08-25,34483,1864,2328,4.918,1647.5,48.4,2.938,0.0,motorspain_77,16.0,0.0,2025-08,0.04639967520227359,125.83658723497426,0.0004642121449502934
2025-08-26,34496,1864,2328,4.917,1647.8,48.4,2.937,0.0,motorspain_77,13.0,0.0,2025-08,0.037685528756957326,125.88402729628143,0.0003769973610183719
2025-08-27,34506,1864,2328,4.916,1647.9,48.4,2.937,0.0,motorspain_77,10.0,0.0,2025-08,0.0289804671651307,125.92051965113309,0.00028988868274582025
2025-08-28,34517,1865,2328,4.915,1648.1,48.4,2.937,0.0,motorspain_77,11.0,0.0,2025-08,0.031868354723759304,125.96066124146992,0.00031878513881644643
2025-08-29,34529,1863,2328,4.914,1648.3,48.4,2.936,0.0,motorspain_77,12.0,0.0,2025-08,0.03475339569637116,126.0044520672919,0.00034765477880460693
2025-08-30,34531,1864,2328,4.914,1648.3,48.4,2.936,0.0,motorspain_77,2.0,0.0,2025-08,0.005791897135906866,126.01175053826223,5.792232616053106e-05
2025-08-31,34532,1864,2328,4.913,1648.3,48.4,2.936,0.0,motorspain_77,1.0,0.0,2025-08,0.002895864705200973,126.0153997737474,2.8959485679491692e-05
2025-09-01,34527,1863,2329,4.914,1648.3,48.4,2.936,0.0,motorspain_77,-5.0,0.0,2025-09,-0.014481420337706722,125.99715359632158,-0.0001447932352600656
2025-09-02,34529,1863,2330,4.914,1648.3,48.4,2.936,2.0,motorspain_77,2.0,0.2857142857142857,2025-09,0.005792232616061862,126.0044520672919,5.792568135087883e-05
2025-09-03,34540,1864,2331,4.913,1648.4,48.4,2.936,3.0,motorspain_77,11.0,0.42857142857142855,2025-09,0.03184713375796178,126.04459365762872,0.0003185727938834759
2025-09-04,34536,1863,2331,4.905,1645.1,48.8,2.966,3.0,motorspain_77,-4.0,0.42857142857142855,2025-09,-0.011582117211026175,126.02999671568807,-0.00011580775911990138
2025-09-05,34546,1864,2333,4.912,1648.1,48.8,2.961,3.0,motorspain_77,10.0,0.42857142857142855,2025-09,0.0289469113645574,126.06648907053972,0.0002895529302755495
2025-09-06,34562,1864,2333,4.736,1585.0,51.9,3.274,5.0,motorspain_77,16.0,0.7142857142857143,2025-09,0.04629361726751924,126.12487683830238,0.00046315058183288293
2025-09-07,34567,1862,2333,4.815,1612.1,52.4,3.25,5.0,motorspain_77,5.0,0.7142857142857143,2025-09,0.014464662828709462,126.14312301572821,0.0001446675539609199
2025-09-08,34570,1862,2333,4.855,1625.8,52.5,3.229,4.0,motorspain_77,3.0,0.5714285714285714,2025-09,0.008678044547295342,126.1540707221837,8.678797697214691e-05
2025-09-09,34583,1863,2333,4.868,1631.0,52.5,3.219,4.0,motorspain_77,13.0,0.5714285714285714,2025-09,0.037590723766012205,126.20151078349086,0.0003760485970494276
2025-09-10,34597,1864,2333,4.888,1638.5,52.5,3.204,2.0,motorspain_77,14.0,0.2857142857142857,2025-09,0.04046593635286296,126.25260008028319,0.00040482317901857634
2025-09-11,34609,1865,2333,4.892,1640.4,52.5,3.2,2.0,motorspain_77,12.0,0.2857142857142857,2025-09,0.03467306192030974,126.29639090610516,0.000346850883024441
2025-09-12,34617,1864,2333,4.908,1646.5,52.6,3.195,0.0,motorspain_77,8.0,0.0,2025-09,0.023110032642921108,126.3255847899865,0.00023115374613547068
2025-09-13,34618,1864,2336,4.91,1647.3,52.6,3.193,0.0,motorspain_77,1.0,0.0,2025-09,0.002888670633774337,126.32923402547166,2.8887540803657075e-05
2025-09-14,34638,1863,2336,4.916,1645.5,57.3,3.482,3.0,motorspain_77,20.0,0.42857142857142855,2025-09,0.057740054275651015,126.40221873517498,0.0005777341267547698
2025-09-15,34656,1863,2336,4.924,1649.3,57.3,3.474,3.0,motorspain_77,18.0,0.42857142857142855,2025-09,0.051939058171745156,126.46790497390796,0.0005196604884809553
2025-09-16,34664,1864,2336,4.945,1656.6,57.4,3.465,3.0,motorspain_77,8.0,0.42857142857142855,2025-09,0.02307869836141242,126.4970988577893,0.00023084025854114287
2025-09-17,34676,1863,2336,4.949,1658.7,57.4,3.461,3.0,motorspain_77,12.0,0.42857142857142855,2025-09,0.034606067597185375,126.54088968361128,0.00034618047542123165
2025-09-18,34672,1863,2336,4.965,1664.0,57.5,3.456,3.0,motorspain_77,-4.0,0.42857142857142855,2025-09,-0.011536686663590217,126.52629274167062,-0.00011535355865732733
2025-09-19,34673,1863,2338,4.865,1623.6,63.4,3.905,5.0,motorspain_77,1.0,0.7142857142857143,2025-09,0.002884088483834684,126.52994197715579,2.8841716658956074e-05
2025-09-20,34682,1863,2339,4.486,1508.9,47.1,3.121,3.0,motorspain_77,9.0,0.42857142857142855,2025-09,0.025950060550141287,126.56278509652228,0.00025956796354509315
2025-09-21,34689,1864,2339,4.196,1415.6,40.0,2.826,3.0,motorspain_77,7.0,0.42857142857142855,2025-09,0.02017930756147482,126.58832974491845,0.00020183380427885034
2025-09-22,34689,1863,2339,4.211,1420.6,40.0,2.816,3.0,motorspain_77,0.0,0.42857142857142855,2025-09,0.0,126.58832974491845,0.0
2025-09-23,34694,1863,2339,4.123,1393.5,37.0,2.655,3.0,motorspain_77,5.0,0.42857142857142855,2025-09,0.014411713841009973,126.60657592234428,0.0001441379111533081
2025-09-24,34693,1863,2339,4.129,1395.6,37.0,2.651,3.0,motorspain_77,-1.0,0.42857142857142855,2025-09,-0.002882425849595019,126.6029266868591,-2.882342768206758e-05
2025-09-25,34694,1862,2339,4.132,1396.4,37.0,2.65,3.0,motorspain_77,1.0,0.42857142857142855,2025-09,0.0028823427682019946,126.60657592234428,2.8824258496040756e-05
2025-09-26,34682,1861,2339,4.137,1397.8,37.0,2.647,1.0,motorspain_77,-12.0,0.14285714285714285,2025-09,-0.034600080733521714,126.56278509652228,-0.00034588113218425587
2025-09-27,34682,1862,2339,4.142,1399.5,37.0,2.644,0.0,motorspain_77,0.0,0.0,2025-09,0.0,126.56278509652228,0.0
2025-09-28,34701,1861,2342,4.092,1392.9,27.1,1.946,3.0,motorspain_77,19.0,0.42857142857142855,2025-09,0.05475346531800236,126.63212057074043,0.0005478346116141175
2025-09-29,34740,1861,2344,4.094,1394.1,28.0,2.008,5.0,motorspain_77,39.0,0.7142857142857143,2025-09,0.11226252158894647,126.77444075466188,0.0011238869196852352
2025-09-30,34757,1861,2346,4.716,1618.9,20.3,1.254,6.0,motorspain_77,17.0,0.8571428571428571,2025-09,0.048911010731651175,126.83647775790972,0.0004893494530799902
2025-10-01,34760,1862,2347,4.871,1672.9,20.4,1.219,7.0,motorspain_77,3.0,1.0,2025-10,0.00863060989643268,126.84742546436523,8.631354834998106e-05
2025-10-02,34758,1862,2348,5.143,1765.9,21.7,1.229,9.0,motorspain_77,-2.0,1.2857142857142858,2025-10,-0.005754071005236205,126.84012699339489,-5.7537399309581794e-05
2025-10-03,34769,1861,2351,5.172,1776.6,21.8,1.227,9.0,motorspain_77,11.0,1.2857142857142858,2025-10,0.03163737812419109,126.88026858373172,0.000316473905287884
2025-10-04,34779,1861,2354,5.573,1925.0,13.2,0.686,13.0,motorspain_77,10.0,1.8571428571428572,2025-10,0.028752983121998907,126.91676093858337,0.0002876125284017039
2025-10-05,34792,1861,2353,5.696,1965.8,16.0,0.814,15.0,motorspain_77,13.0,2.142857142857143,2025-10,0.03736491147390204,126.96420099989052,0.00037378878058591525
2025-10-06,34808,1862,2355,5.235,1789.3,33.0,1.844,10.0,motorspain_77,16.0,1.4285714285714286,2025-10,0.04596644449551827,127.02258876765318,0.00045987583352502526
2025-10-07,34815,1859,2357,5.847,1992.8,42.7,2.143,11.0,motorspain_77,7.0,1.5714285714285714,2025-10,0.020106276030446648,127.04813341604935,0.00020110319466781768
2025-10-08,34818,1859,2359,5.946,2026.8,43.5,2.146,12.0,motorspain_77,3.0,1.7142857142857142,2025-10,0.008616232982939858,127.05908112250484,8.616975441610997e-05
2025-10-09,34837,1859,2360,6.28,2143.3,44.6,2.081,12.0,motorspain_77,19.0,1.7142857142857142,2025-10,0.05453971352297844,127.12841659672299,0.0005456947555861902
2025-10-10,34853,1859,2362,6.659,2268.3,52.6,2.319,11.0,motorspain_77,16.0,1.5714285714285714,2025-10,0.04590709551545061,127.18680436448564,0.0004592817980881847
2025-10-11,34869,1859,2363,6.712,2287.1,53.3,2.33,11.0,motorspain_77,16.0,1.5714285714285714,2025-10,0.04588603057156787,127.24519213224829,0.0004590709551544059
2025-10-12,34879,1861,2365,5.685,1924.8,58.1,3.018,12.0,motorspain_77,10.0,1.7142857142857142,2025-10,0.02867054674732647,127.28168448709995,0.00028678769107237656
2025-10-13,34899,1862,2366,6.327,2152.9,55.0,2.555,12.0,motorspain_77,20.0,1.7142857142857142,2025-10,0.05730823232757386,127.35466919680327,0.00057341093494645
2025-10-14,34914,1862,2368,6.139,2086.9,56.6,2.712,11.0,motorspain_77,15.0,1.5714285714285714,2025-10,0.04296270836913559,127.40940772908075,0.0004298117424568204
2025-10-15,34940,1861,2370,6.34,2158.1,57.1,2.646,11.0,motorspain_77,26.0,1.5714285714285714,2025-10,0.07441327990841443,127.50428785169507,0.0007446869450649096
2025-10-16,34962,1862,2371,6.408,2183.0,57.4,2.629,11.0,motorspain_77,22.0,1.5714285714285714,2025-10,0.06292546193009553,127.58457103236871,0.0006296508299943326
2025-10-17,34972,1862,2373,6.586,2244.4,58.9,2.624,11.0,motorspain_77,10.0,1.5714285714285714,2025-10,0.028594304014640283,127.62106338722037,0.0002860248269549448
2025-10-18,34971,1860,2380,6.797,2315.5,61.4,2.652,14.0,motorspain_77,-1.0,2.0,2025-10,-0.0028595121672242716,127.61741415173522,-2.8594304014695204e-05
2025-10-19,34970,1861,2384,7.283,2495.9,50.9,2.039,19.0,motorspain_77,-1.0,2.7142857142857144,2025-10,-0.0028595939376608523,127.61376491625005,-2.859512167219247e-05
2025-10-20,34977,1861,2385,7.907,2707.4,58.3,2.153,18.0,motorspain_77,7.0,2.5714285714285716,2025-10,0.020013151499556854,127.6393095646462,0.00020017157563634314
2025-10-21,34985,1862,2385,7.941,2719.3,59.0,2.17,18.0,motorspain_77,8.0,2.5714285714285716,2025-10,0.022866942975560956,127.66850344852753,0.00022872173142340912
2025-10-22,34987,1862,2385,7.767,2662.6,55.0,2.066,15.0,motorspain_77,2.0,2.142857142857143,2025-10,0.0057164089518964185,127.67580191949786,5.716735743899193e-05
2025-10-23,35000,1861,2386,7.823,2682.6,55.6,2.073,15.0,motorspain_77,13.0,2.142857142857143,2025-10,0.037142857142857144,127.72324198080503,0.00037156658187331715
2025-10-24,35008,1861,2391,9.09,3137.2,45.0,1.434,15.0,motorspain_77,8.0,2.142857142857143,2025-10,0.022851919561243144,127.75243586468635,0.00022857142857146684
2025-10-25,35022,1863,2395,5.898,2006.7,59.0,2.94,17.0,motorspain_77,14.0,2.4285714285714284,2025-10,0.03997487293701102,127.80352516147866,0.0003999085923218626
2025-10-26,35054,1862,2398,5.169,1769.3,42.7,2.413,14.0,motorspain_77,32.0,2.0,2025-10,0.0912877275061334,127.92030069700398,0.0009137113814174924
2025-10-27,35058,1863,2399,5.233,1791.0,43.7,2.44,15.0,motorspain_77,4.0,2.142857142857143,2025-10,0.01140966398539563,127.93489763894463,0.00011410965938263296
2025-10-28,35064,1863,2400,5.482,1878.0,44.3,2.359,15.0,motorspain_77,6.0,2.142857142857143,2025-10,0.017111567419575632,127.95679305185563,0.00017114495978098887
2025-10-29,35065,1863,2400,5.55,1901.3,44.7,2.351,15.0,motorspain_77,1.0,2.142857142857143,2025-10,0.002851846570654499,127.9604422873408,2.8519279032579448e-05
2025-10-30,35066,1865,2403,5.82,1995.7,45.0,2.255,17.0,motorspain_77,1.0,2.4285714285714284,2025-10,0.0028517652426852218,127.96409152282597,2.851846570650629e-05
2025-10-31,35075,1865,2403,5.965,2047.3,45.0,2.198,12.0,motorspain_77,9.0,1.7142857142857142,2025-10,0.02565930149679259,127.99693464219246,0.0002566588718415641
2025-11-01,35073,1865,2403,6.003,2060.0,45.3,2.199,10.0,motorspain_77,-2.0,1.4285714285714286,2025-11,-0.005702392153508397,127.98963617122212,-5.702066999291322e-05
2025-11-02,35073,1865,2403,5.26,1808.0,36.8,2.035,8.0,motorspain_77,0.0,1.1428571428571428,2025-11,0.0,127.98963617122212,0.0
2025-11-03,35075,1865,2405,5.291,1819.0,36.8,2.023,5.0,motorspain_77,2.0,0.7142857142857143,2025-11,0.005702066999287241,127.99693464219246,5.7023921535170885e-05
2025-11-04,35078,1865,2406,5.333,1834.0,36.8,2.007,6.0,motorspain_77,3.0,0.8571428571428571,2025-11,0.00855236900621472,128.00788234864794,8.55310049892033e-05
2025-11-05,35071,1865,2407,5.343,1837.0,36.8,2.003,6.0,motorspain_77,-7.0,0.8571428571428571,2025-11,-0.019959510706851813,127.9823377002518,-0.0001995552768117026
2025-11-06,35067,1864,2409,5.361,1843.0,36.8,1.997,7.0,motorspain_77,-4.0,1.0,2025-11,-0.011406735677417516,127.96774075831114,-0.00011405434689626404
2025-11-07,35105,1863,2414,4.309,1478.5,34.0,2.3,7.0,motorspain_77,38.0,1.0,2025-11,0.10824668850591085,128.10641170674742,0.0010836398893545596
2025-11-08,35182,1864,2419,3.747,1300.3,18.0,1.384,12.0,motorspain_77,77.0,1.7142857142857142,2025-11,0.21886191802626345,128.38740283910522,0.00219341974077758
2025-11-09,35227,1863,2424,12.312,4268.8,68.5,1.605,21.0,motorspain_77,45.0,3.0,2025-11,0.12774292446135066,128.55161843593768,0.0012790631572963118
2025-11-10,35277,1863,2427,12.82,4451.3,71.2,1.6,21.0,motorspain_77,50.0,3.0,2025-11,0.14173540833971143,128.73408021019597,0.0014193658273482512
2025-11-11,35498,1862,2429,15.276,5331.2,91.5,1.716,23.0,motorspain_77,221.0,3.2857142857142856,2025-11,0.6225702856498957,129.54056125241763,0.0062647050486153155
2025-11-12,35609,1862,2432,23.011,8028.2,165.7,2.064,26.0,motorspain_77,111.0,3.7142857142857144,2025-11,0.31171894745710355,129.94562639127102,0.003126936728829799
2025-11-13,35666,1863,2433,20.591,7192.6,151.3,2.104,24.0,motorspain_77,57.0,3.4285714285714284,2025-11,0.15981607132843606,130.1536328139255,0.0016007189193742999
2025-11-14,35674,1863,2434,21.234,7423.3,151.7,2.044,24.0,motorspain_77,8.0,3.4285714285714284,2025-11,0.022425295733587487,130.1828266978068,0.000224303258004932
2025-11-15,35698,1863,2434,21.959,7683.7,155.1,2.019,16.0,motorspain_77,24.0,2.2857142857142856,2025-11,0.06723065717967393,130.27040834945078,0.0006727588720076838
2025-11-16,35710,1863,2437,22.129,7746.1,156.1,2.015,13.0,motorspain_77,12.0,1.8571428571428572,2025-11,0.033604032483898066,130.3141991752728,0.00033615328589831073
2025-11-17,35777,1863,2443,12.861,4483.0,118.2,2.637,13.0,motorspain_77,67.0,1.8571428571428572,2025-11,0.18727115185733853,130.5586979527789,0.001876225147017685
2025-11-18,35819,1861,2451,14.811,5166.4,138.8,2.687,16.0,motorspain_77,42.0,2.2857142857142856,2025-11,0.1172562048075044,130.71196584315587,0.0011739385638818156
2025-11-19,35950,1862,2452,14.939,5239.6,130.8,2.496,21.0,motorspain_77,131.0,3.0,2025-11,0.36439499304589706,131.19001569171257,0.0036572768642340048
2025-11-20,36008,1861,2455,6.784,2414.3,28.6,1.185,21.0,motorspain_77,58.0,3.0,2025-11,0.1610753165963119,131.40167134985222,0.0016133518776078049
2025-11-21,36057,1859,2457,6.581,2343.8,29.0,1.237,21.0,motorspain_77,49.0,3.0,2025-11,0.13589594253543,131.58048388862534,0.0013608087091756538
2025-11-22,36087,1859,2459,6.333,2258.4,26.9,1.191,23.0,motorspain_77,30.0,3.2857142857142856,2025-11,0.08313242996092775,131.6899609531803,0.0008320159747066125
2025-11-23,36111,1863,2461,6.442,2299.2,27.1,1.179,23.0,motorspain_77,24.0,3.2857142857142856,2025-11,0.0664617429592091,131.77754260482428,0.000665059439687532
2025-11-24,36129,1861,2463,6.16,2199.0,26.7,1.214,21.0,motorspain_77,18.0,3.0,2025-11,0.04982147305488666,131.84322884355728,0.0004984630721940331
2025-11-25,36387,1862,2465,6.125,2205.5,23.3,1.056,18.0,motorspain_77,258.0,2.5714285714285716,2025-11,0.709044438947976,132.78473159873008,0.007141077804533769
2025-11-26,36510,1863,2467,11.282,4062.3,56.6,1.393,12.0,motorspain_77,123.0,1.7142857142857142,2025-11,0.3368940016433854,133.23358756340548,0.003380328139170663
2025-11-27,36538,1863,2467,12.03,4331.8,63.8,1.473,10.0,motorspain_77,28.0,1.4285714285714286,2025-11,0.076632546937435,133.33576615699013,0.0007669131744727498
2025-11-28,36561,1864,2469,12.284,4425.8,65.2,1.473,11.0,motorspain_77,23.0,1.5714285714285714,2025-11,0.06290856377013758,133.41969857314893,0.0006294816355574273
2025-11-29,36573,1865,2471,12.369,4458.2,65.5,1.469,10.0,motorspain_77,12.0,1.4285714285714286,2025-11,0.03281109014847018,133.46348939897092,0.0003282185935833404
2025-11-30,36631,1864,2473,12.623,4557.6,66.4,1.457,10.0,motorspain_77,58.0,1.4285714285714286,2025-11,0.1583358357675193,133.67514505711054,0.001585869357175973
2025-12-01,36687,1865,2474,12.668,4580.7,66.8,1.458,11.0,motorspain_77,56.0,1.5714285714285714,2025-12,0.1526426254531578,133.87950224427982,0.0015287597936173292
2025-12-02,36730,1863,2476,12.76,4622.3,64.3,1.391,9.0,motorspain_77,43.0,1.2857142857142858,2025-12,0.11707051456575007,134.03641937014194,0.001172077302586727
2025-12-03,36780,1862,2478,13.899,5046.3,65.7,1.302,10.0,motorspain_77,50.0,1.4285714285714286,2025-12,0.13594344752582926,134.21888114440023,0.0013612850530901888
2025-12-04,36827,1862,2480,14.262,5186.8,65.5,1.263,11.0,motorspain_77,47.0,1.5714285714285714,2025-12,0.12762375431069595,134.39039521220303,0.0012778684067427104
2025-12-05,36859,1861,2481,15.502,5648.0,65.9,1.167,11.0,motorspain_77,32.0,1.5714285714285714,2025-12,0.08681733090968285,134.50717074772837,0.0008689276889239927
2025-12-06,36891,1864,2483,15.673,5715.3,66.6,1.165,12.0,motorspain_77,32.0,1.7142857142857142,2025-12,0.08674202379984278,134.62394628325364,0.0008681733090967203
2025-12-07,36911,1866,2486,16.839,6139.3,76.2,1.241,12.0,motorspain_77,20.0,1.7142857142857142,2025-12,0.05418438947739156,134.69693099295696,0.0005421376487491081
2025-12-08,36942,1866,2488,17.673,6448.4,80.4,1.247,13.0,motorspain_77,31.0,1.8571428571428572,2025-12,0.08391532672838503,134.8100572929971,0.0008398580368995656
2025-12-09,36967,1866,2491,12.715,4655.0,45.3,0.973,15.0,motorspain_77,25.0,2.142857142857143,2025-12,0.06762788432926665,134.90128818012624,0.0006767365058739649
2025-12-10,36987,1866,2492,12.085,4424.5,45.2,1.022,14.0,motorspain_77,20.0,2.0,2025-12,0.054073052694189855,134.97427288982956,0.000541023074634106
2025-12-11,37023,1867,2493,11.171,4098.3,37.4,0.913,14.0,motorspain_77,36.0,2.0,2025-12,0.09723685276719876,135.10564536729555,0.0009733149484953962
2025-12-12,37038,1868,2495,10.171,3732.4,34.9,0.935,14.0,motorspain_77,15.0,2.0,2025-12,0.04049894702737729,135.16038389957302,0.0004051535531965911
2025-12-13,37063,1867,2498,9.585,3516.8,35.8,1.018,15.0,motorspain_77,25.0,2.142857142857143,2025-12,0.06745271564633193,135.2516147867022,0.000674982450456385
2025-12-14,37103,1867,2499,9.191,3372.3,37.9,1.124,13.0,motorspain_77,40.0,1.8571428571428572,2025-12,0.10780799396275234,135.3975842061088,0.0010792434503412718
2025-12-15,37124,1867,2500,9.433,3463.4,38.5,1.112,12.0,motorspain_77,21.0,1.7142857142857142,2025-12,0.056567180260747765,135.4742181512973,0.0005659919683045356
2025-12-16,37130,1867,2502,9.513,3493.5,38.6,1.105,11.0,motorspain_77,6.0,1.5714285714285714,2025-12,0.016159439806086723,135.4961135642083,0.00016162051503076924
2025-12-17,37145,1866,2505,7.213,2640.9,38.4,1.454,12.0,motorspain_77,15.0,1.7142857142857142,2025-12,0.04038228563736707,135.55085209648578,0.00040398599515212297
2025-12-18,37152,1865,2507,5.623,2065.1,24.0,1.162,14.0,motorspain_77,7.0,2.0,2025-12,0.018841515934539192,135.57639674488195,0.00018845066630768237
2025-12-19,37181,1865,2509,6.385,2347.4,26.6,1.133,14.0,motorspain_77,29.0,2.0,2025-12,0.07799682633603185,135.68222457395177,0.0007805770887165941
2025-12-20,37205,1865,2510,6.002,2206.1,26.8,1.215,12.0,motorspain_77,24.0,1.7142857142857142,2025-12,0.06450745867490928,135.76980622559574,0.0006454909765740702
2025-12-21,37217,1866,2512,6.244,2284.6,39.2,1.716,13.0,motorspain_77,12.0,1.8571428571428572,2025-12,0.032243329661176344,135.81359705141773,0.000322537293374614
2025-12-22,37221,1867,2514,6.24,2285.3,37.3,1.632,14.0,motorspain_77,4.0,2.0,2025-12,0.010746621530856237,135.82819399335838,0.00010747776553721167
2025-12-23,37230,1866,2515,6.307,2309.5,38.6,1.671,14.0,motorspain_77,9.0,2.0,2025-12,0.024174053182917002,135.8610371127249,0.00024179898444431913
2025-12-24,37232,1866,2515,6.929,2534.1,45.7,1.803,10.0,motorspain_77,2.0,1.4285714285714286,2025-12,0.005371723248818221,135.86833558369523,5.372011818427502e-05
2025-12-25,37237,1867,2515,6.462,2364.0,42.4,1.794,8.0,motorspain_77,5.0,1.1428571428571428,2025-12,0.013427504901039288,135.88658176112105,0.00013429308122048234
2025-12-26,37238,1867,2517,6.734,2458.4,49.1,1.997,9.0,motorspain_77,1.0,1.2857142857142858,2025-12,0.002685428862989419,135.89023099660622,2.6855009802151386e-05
2025-12-27,37247,1867,2518,6.99,2548.2,55.2,2.166,9.0,motorspain_77,9.0,1.2857142857142858,2025-12,0.02416301984052407,135.9230741159727,0.00024168859766904305
2025-12-28,37261,1868,2520,6.425,2348.9,45.0,1.916,8.0,motorspain_77,14.0,1.1428571428571428,2025-12,0.0375727972947586,135.97416341276502,0.00037586919751930736
2025-12-29,37287,1868,2523,6.574,2405.4,45.7,1.9,8.0,motorspain_77,26.0,1.1428571428571428,2025-12,0.069729396304342,136.06904353537934,0.0006977805211882959
2025-12-30,37294,1866,2523,8.433,3093.0,52.1,1.684,8.0,motorspain_77,7.0,1.1428571428571428,2025-12,0.018769775298975708,136.0945881837755,0.00018773299005014898
2025-12-31,37313,1867,2524,7.928,2910.4,47.7,1.639,8.0,motorspain_77,19.0,1.1428571428571428,2025-12,0.05092059067885187,136.16392365799365,0.0005094653295436569
2026-01-01,37318,1867,2525,8.245,3027.9,48.8,1.612,10.0,motorspain_77,5.0,1.4285714285714286,2026-01,0.013398360040731014,136.18216983541947,0.0001340015544180062
2026-01-02,37324,1866,2525,8.455,3106.6,49.1,1.581,9.0,motorspain_77,6.0,1.2857142857142858,2026-01,0.016075447433286892,136.20406524833047,0.00016078032048882918
2026-01-03,37330,1865,2525,8.739,3212.4,49.8,1.55,7.0,motorspain_77,6.0,1.0,2026-01,0.016072863648540048,136.22596066124146,0.00016075447433294698
2026-01-04,37334,1865,2525,8.903,3273.7,50.3,1.536,5.0,motorspain_77,4.0,0.7142857142857143,2026-01,0.010714094391171585,136.24055760318214,0.00010715242432368655
2026-01-05,37355,1864,2526,9.09,3344.0,51.4,1.537,3.0,motorspain_77,21.0,0.42857142857142855,2026-01,0.056217373845536066,136.3171915483706,0.0005624899555365381
2026-01-06,37388,1866,2526,9.194,3385.1,52.3,1.545,3.0,motorspain_77,33.0,0.42857142857142855,2026-01,0.0882636139937948,136.4376163193811,0.0008834158747155207
2026-01-07,37405,1866,2527,10.079,3719.2,50.8,1.366,4.0,motorspain_77,17.0,0.5714285714285714,2026-01,0.04544846945595509,136.4996533226289,0.00045469134481646023
2026-01-08,37413,1868,2527,10.311,3806.3,51.4,1.35,2.0,motorspain_77,8.0,0.2857142857142857,2026-01,0.021382941758212388,136.52884720651025,0.00021387515038107097
2026-01-09,37417,1868,2528,9.785,3611.9,49.5,1.37,3.0,motorspain_77,4.0,0.42857142857142855,2026-01,0.010690327925809123,136.5434441484509,0.00010691470879109488
2026-01-10,37431,1869,2528,9.97,3681.2,50.5,1.372,3.0,motorspain_77,14.0,0.42857142857142855,2026-01,0.03740215329539687,136.59453344524323,0.00037416147740332306
2026-01-11,37444,1869,2529,10.026,3703.6,50.7,1.369,4.0,motorspain_77,13.0,0.5714285714285714,2026-01,0.03471851297938255,136.64197350655039,0.0003473057091716303
2026-01-12,37458,1870,2530,10.715,3958.9,54.6,1.379,4.0,motorspain_77,14.0,0.5714285714285714,2026-01,0.03737519355010946,136.6930628033427,0.00037389167823942415
2026-01-13,37452,1870,2530,9.466,3498.9,46.4,1.326,4.0,motorspain_77,-6.0,0.5714285714285714,2026-01,-0.016020506247997435,136.6711673904317,-0.00016017940092905025
2026-01-14,37455,1869,2532,8.629,3187.4,44.5,1.396,4.0,motorspain_77,3.0,0.5714285714285714,2026-01,0.008009611533840609,136.6821150968872,8.010253124002276e-05
2026-01-15,37462,1868,2533,8.283,3062.5,40.6,1.326,6.0,motorspain_77,7.0,0.8571428571428571,2026-01,0.01868560140942822,136.70765974528337,0.00018689093578960758
2026-01-16,37459,1867,2534,8.44,3133.2,28.3,0.903,6.0,motorspain_77,-3.0,0.8571428571428571,2026-01,-0.008008756240155903,136.69671203882788,-8.008114889757056e-05
2026-01-17,37467,1869,2538,8.482,3149.6,28.5,0.905,6.0,motorspain_77,8.0,0.8571428571428571,2026-01,0.021352123201750874,136.7259059227092,0.00021356683307072188
2026-01-18,37488,1868,2539,8.598,3194.6,28.6,0.895,6.0,motorspain_77,21.0,0.8571428571428571,2026-01,0.056017925736235596,136.80253986789768,0.0005604932340459445
2026-01-19,37505,1868,2545,8.657,3218.1,28.6,0.889,7.0,motorspain_77,17.0,1.0,2026-01,0.045327289694707375,136.86457687114552,0.000453478446436284
2026-01-20,37529,1868,2548,9.876,3677.7,28.7,0.78,12.0,motorspain_77,24.0,1.7142857142857142,2026-01,0.06395054491193476,136.9521585227895,0.0006399146780429188
2026-01-21,37541,1868,2551,9.188,3422.3,27.1,0.792,12.0,motorspain_77,12.0,1.7142857142857142,2026-01,0.031965051543645616,136.99594934861145,0.000319752724559752
2026-01-22,37555,1867,2554,7.091,2641.2,21.7,0.822,15.0,motorspain_77,14.0,2.142857142857143,2026-01,0.037278657968313145,137.0470386454038,0.00037292560134249975
2026-01-23,37553,1867,2557,5.649,2103.8,17.4,0.827,18.0,motorspain_77,-2.0,2.5714285714285716,2026-01,-0.005325806193912604,137.03974017443346,-5.3255225669013306e-05
2026-01-24,37563,1869,2557,5.825,2170.1,18.1,0.834,17.0,motorspain_77,10.0,2.4285714285714284,2026-01,0.026621941804435216,137.0762325292851,0.0002662903096957159
2026-01-25,37568,1870,2558,5.303,1975.8,16.3,0.825,17.0,motorspain_77,5.0,2.4285714285714284,2026-01,0.013309199318568995,137.09447870671093,0.00013310970902224994
2026-01-26,37574,1872,2561,5.323,1979.7,20.3,1.025,15.0,motorspain_77,6.0,2.142857142857143,2026-01,0.015968488848671955,137.11637411962195,0.0001597103918227205
2026-01-27,37571,1872,2562,5.448,2026.1,20.7,1.022,14.0,motorspain_77,-3.0,2.0,2026-01,-0.007984881956828404,137.10542641316644,-7.984244424330544e-05
2026-01-28,37596,1872,2565,5.311,1972.0,24.8,1.258,13.0,motorspain_77,25.0,1.8571428571428572,2026-01,0.0664964357910416,137.1966573002956,0.0006654068297355931
2026-01-29,37831,1873,2572,5.599,2093.0,25.3,1.209,13.0,motorspain_77,235.0,1.8571428571428572,2026-01,0.6211836853374217,138.05422763930957,0.006250664964357888
2026-01-30,37982,1873,2578,5.158,1930.4,28.9,1.497,18.0,motorspain_77,151.0,2.5714285714285716,2026-01,0.3975567374019272,138.6052621975696,0.003991435595146919
2026-01-31,38024,1873,2581,6.277,2353.9,32.8,1.393,21.0,motorspain_77,42.0,3.0,2026-01,0.11045655375552282,138.75853008794658,0.0011057869517139274
2026-02-01,38055,1873,2584,7.081,2665.8,28.9,1.084,22.0,motorspain_77,31.0,3.142857142857143,2026-02,0.08146104322690842,138.87165638798672,0.0008152745634335545
2026-02-02,38093,1873,2588,6.381,2406.6,24.2,1.006,23.0,motorspain_77,38.0,3.2857142857142856,2026-02,0.09975586065681359,139.01032733642302,0.0009985547234265812
2026-02-03,38236,1873,2595,6.714,2544.5,22.7,0.892,26.0,motorspain_77,143.0,3.7142857142857144,2026-02,0.3739930955120829,139.53216801080174,0.003753970545769647
2026-02-04,38383,1872,2605,9.007,3407.1,50.0,1.468,41.0,motorspain_77,147.0,5.857142857142857,2026-02,0.382982049344762,140.06860562712112,0.003844544408410977
2026-02-05,38494,1871,2614,5.388,2047.2,26.8,1.309,56.0,motorspain_77,111.0,8.0,2026-02,0.28835662700680625,140.47367076597453,0.0028919052705624892
2026-02-06,38596,1870,2616,6.479,2473.2,27.3,1.104,51.0,motorspain_77,102.0,7.285714285714286,2026-02,0.26427609078661,140.84589278546144,0.0026497635995219593
2026-02-07,38700,1870,2618,5.931,2271.6,23.8,1.048,45.0,motorspain_77,104.0,6.428571428571429,2026-02,0.268733850129199,141.2254132759187,0.002694579749196846
2026-02-08,38771,1870,2619,7.122,2732.9,28.5,1.043,36.0,motorspain_77,71.0,5.142857142857143,2026-02,0.1831265636687215,141.48450899536547,0.0018346253229974963
2026-02-09,38791,1869,2621,5.954,2284.2,25.3,1.108,29.0,motorspain_77,20.0,4.142857142857143,2026-02,0.051558351163929775,141.5574937050688,0.0005158494751231757
2026-02-10,38833,1869,2623,6.201,2380.8,27.3,1.147,26.0,motorspain_77,42.0,3.7142857142857144,2026-02,0.10815543481059924,141.71076159544575,0.0010827253744425391
2026-02-11,38903,1869,2624,5.657,2182.8,18.0,0.825,24.0,motorspain_77,70.0,3.4285714285714284,2026-02,0.17993470940544432,141.96620807940735,0.0018025905801766218
2026-02-12,38929,1872,2626,6.297,2430.7,20.6,0.847,17.0,motorspain_77,26.0,2.4285714285714284,2026-02,0.06678825554214081,142.06108820202166,0.0006683289206488308
2026-02-13,38974,1873,2628,7.329,2828.2,28.3,1.001,11.0,motorspain_77,45.0,1.5714285714285714,2026-02,0.11546158977780059,142.22530379885413,0.001155950576690934
2026-02-14,38977,1873,2629,7.481,2886.6,29.2,1.012,10.0,motorspain_77,3.0,1.4285714285714286,2026-02,0.007696846858403674,142.23625150530964,7.697439318521404e-05
2026-02-15,39002,1873,2629,7.091,2736.2,29.6,1.082,10.0,motorspain_77,25.0,1.4285714285714286,2026-02,0.06409927696015588,142.32748239243878,0.0006414039048669995
2026-02-16,39027,1873,2629,7.373,2846.9,30.4,1.068,7.0,motorspain_77,25.0,1.0,2026-02,0.06405821610679786,142.41871327956792,0.0006409927696016116
2026-02-17,39039,1873,2631,7.439,2873.5,30.7,1.068,6.0,motorspain_77,12.0,0.8571428571428571,2026-02,0.030738492276953813,142.4625041053899,0.00030747943731257443
2026-02-18,39054,1872,2632,6.707,2590.7,28.6,1.104,7.0,motorspain_77,15.0,1.0,2026-02,0.03840835765862652,142.5172426376674,0.000384231153461867
2026-02-19,39077,1872,2634,5.916,2283.1,28.8,1.261,8.0,motorspain_77,23.0,1.1428571428571428,2026-02,0.05885815185403178,142.6011750538262,0.0005889281507656108
2026-02-20,39101,1873,2634,6.138,2370.9,29.1,1.227,7.0,motorspain_77,24.0,1.0,2026-02,0.06137950436050229,142.6887567054702,0.0006141720193464373
2026-02-21,39143,1873,2637,6.955,2688.4,34.0,1.265,6.0,motorspain_77,42.0,0.8571428571428571,2026-02,0.10729887847124644,142.84202459584716,0.0010741413263088972
2026-02-22,39210,1872,2644,7.305,2829.0,35.4,1.251,10.0,motorspain_77,67.0,1.4285714285714286,2026-02,0.17087477684264218,143.0865233733533,0.0017116725851364922
2026-02-23,39251,1871,2647,8.071,3131.1,36.9,1.178,15.0,motorspain_77,41.0,2.142857142857143,2026-02,0.10445593742834577,143.23614202824507,0.0010456516194847776
2026-02-24,39282,1870,2648,6.919,2688.8,29.3,1.09,17.0,motorspain_77,31.0,2.4285714285714284,2026-02,0.07891655211038134,143.34926832828523,0.0007897887951899829
2026-02-25,39316,1870,2651,5.703,2215.5,26.7,1.205,18.0,motorspain_77,34.0,2.5714285714285716,2026-02,0.08647878726218333,143.47334233478085,0.0008655363779848102
2026-02-26,39336,1870,2653,6.184,2397.4,35.3,1.472,19.0,motorspain_77,20.0,2.7142857142857144,2026-02,0.0508440105755542,143.54632704448417,0.0005086987486011552
2026-02-27,39382,1870,2659,5.891,2296.2,23.6,1.028,28.0,motorspain_77,46.0,4.0,2026-02,0.11680463155756438,143.7141918768018,0.001169412243237744
2026-02-28,39465,1872,2668,6.734,2631.1,26.6,1.011,26.0,motorspain_77,83.0,3.7142857142857144,2026-02,0.21031293551247943,144.01707842207057,0.0021075618302777155
2026-03-01,39504,1870,2674,3.552,1378.6,24.6,1.784,27.0,motorspain_77,39.0,3.857142857142857,2026-03,0.09872417982989064,144.15939860599204,0.0009882174078297279
2026-03-02,39542,1871,2677,3.934,1550.7,5.0,0.322,37.0,motorspain_77,38.0,5.285714285714286,2026-03,0.09610034899600425,144.29806955442834,0.0009619279060348873
2026-03-03,39566,1869,2680,3.971,1536.6,34.4,2.239,36.0,motorspain_77,24.0,5.142857142857143,2026-03,0.06065814082798362,144.3856512060723,0.00060694957260643
2026-03-04,39588,1869,2681,3.756,1456.2,30.8,2.115,33.0,motorspain_77,22.0,4.714285714285714,2026-03,0.05557239567545721,144.46593438674597,0.0005560329575897693
2026-03-05,39607,1868,2682,3.695,1422.4,41.0,2.882,27.0,motorspain_77,19.0,3.857142857142857,2026-03,0.04797131820132805,144.53526986096412,0.0004799434171971484
2026-03-06,39624,1868,2683,3.709,1410.3,59.2,4.198,24.0,motorspain_77,17.0,3.4285714285714284,2026-03,0.042903290934787,144.59730686421196,0.00042921705759080275
2026-03-07,39648,1868,2683,3.577,1357.3,61.0,4.494,19.0,motorspain_77,24.0,2.7142857142857144,2026-03,0.06053268765133172,144.68488851585593,0.0006056935190792423
2026-03-08,39658,1868,2683,3.726,1416.0,61.7,4.357,8.0,motorspain_77,10.0,1.1428571428571428,2026-03,0.02521559332291089,144.72138087070758,0.0002522195318805931
2026-03-09,39652,1868,2684,3.52,1345.5,50.1,3.724,6.0,motorspain_77,-6.0,0.8571428571428571,2026-03,-0.015131645314233834,144.69948545779658,-0.00015129355993748206
2026-03-10,39658,1867,2685,3.589,1372.6,50.9,3.708,6.0,motorspain_77,6.0,0.8571428571428571,2026-03,0.015129355993746534,144.72138087070758,0.0001513164531423694
2026-03-11,39659,1867,2685,3.603,1377.9,50.9,3.694,6.0,motorspain_77,1.0,0.8571428571428571,2026-03,0.002521495751279659,144.72503010619275,2.5215593322913676e-05
2026-03-12,39652,1868,2685,3.658,1399.4,51.1,3.652,4.0,motorspain_77,-7.0,0.5714285714285714,2026-03,-0.017653586199939474,144.69948545779658,-0.00017650470258956386
2026-03-13,39662,1868,2685,3.683,1409.3,51.3,3.64,3.0,motorspain_77,10.0,0.42857142857142855,2026-03,0.02521305027482225,144.73597781264823,0.00025219408857046766
2026-03-14,39658,1868,2685,3.693,1413.1,51.3,3.63,3.0,motorspain_77,-4.0,0.42857142857142855,2026-03,-0.010086237329164355,144.72138087070758,-0.00010085220109934401
2026-03-15,39661,1870,2685,3.723,1425.3,51.4,3.606,3.0,motorspain_77,3.0,0.42857142857142855,2026-03,0.007564105796626409,144.7323285771631,7.564677996874103e-05
2026-03-16,39660,1870,2685,3.728,1427.0,51.4,3.602,3.0,motorspain_77,-1.0,0.42857142857142855,2026-03,-0.0025214321734745334,144.72867934167792,-2.521368598873419e-05
2026-03-17,39647,1870,2685,3.743,1432.4,51.5,3.595,1.0,motorspain_77,-13.0,0.14285714285714285,2026-03,-0.03278936615632961,144.68123928037076,-0.00032778618255169256
2026-03-18,39646,1871,2685,3.757,1438.1,51.5,3.581,0.0,motorspain_77,-1.0,0.0,2026-03,-0.0025223225546082834,144.67759004488562,-2.5222589351003855e-05
2026-03-19,39641,1871,2685,3.773,1444.1,51.5,3.566,0.0,motorspain_77,-5.0,0.0,2026-03,-0.01261320350142529,144.65934386745977,-0.00012611612773039127
2026-03-20,39639,1871,2686,3.789,1450.3,51.5,3.551,1.0,motorspain_77,-2.0,0.14285714285714285,2026-03,-0.005045535962057569,144.65204539648943,-5.045281400573032e-05
2026-03-21,39658,1871,2689,3.804,1456.8,51.8,3.556,1.0,motorspain_77,19.0,0.14285714285714285,2026-03,0.04790962731353069,144.72138087070758,0.00047932591639554545
2026-03-22,39738,1871,2691,2.948,1139.3,32.3,2.835,6.0,motorspain_77,80.0,0.8571428571428571,2026-03,0.20131863707282702,145.01331970952086,0.002017247465832872
2026-03-23,39770,1871,2695,3.502,1345.5,47.3,3.515,10.0,motorspain_77,32.0,1.4285714285714286,2026-03,0.08046266029670607,145.13009524504616,0.0008052745482913792
2026-03-24,39782,1871,2695,3.644,1395.8,54.0,3.869,10.0,motorspain_77,12.0,1.4285714285714286,2026-03,0.030164395957970942,145.17388607086815,0.00030173497611274414
2026-03-25,39782,1871,2696,3.565,1363.3,54.9,4.027,11.0,motorspain_77,0.0,1.5714285714285714,2026-03,0.0,145.17388607086815,0.0
2026-03-26,39794,1872,2697,3.578,1368.4,55.3,4.041,12.0,motorspain_77,12.0,1.7142857142857142,2026-03,0.030155299793938783,145.21767689669014,0.0003016439595797671
2026-03-27,39795,1872,2699,3.478,1336.0,48.1,3.6,13.0,motorspain_77,1.0,1.8571428571428572,2026-03,0.0025128785023244126,145.2213261321753,2.5129416495017765e-05
2026-03-28,39828,1871,2700,3.479,1337.5,48.1,3.596,14.0,motorspain_77,33.0,2.0,2026-03,0.08285628201265442,145.34175090318578,0.0008292499057671598
2026-03-29,39844,1872,2703,3.276,1258.7,46.5,3.694,13.0,motorspain_77,16.0,1.8571428571428572,2026-03,0.040156610782049997,145.40013867094842,0.00040172742794020166
2026-03-30,39855,1873,2705,3.275,1268.3,36.8,2.902,10.0,motorspain_77,11.0,1.4285714285714286,2026-03,0.027600050181909423,145.44028026128527,0.0002760766991265484
2026-03-31,39856,1873,2705,3.278,1269.8,36.7,2.89,10.0,motorspain_77,1.0,1.4285714285714286,2026-03,0.002509032517061421,145.44392949677044,2.5090954710815794e-05
2026-04-01,39859,1875,2705,3.213,1246.1,34.7,2.785,10.0,motorspain_77,3.0,1.4285714285714286,2026-04,0.007526531021852028,145.45487720322592,7.527097551185413e-05
2026-04-02,39864,1875,2706,3.228,1252.0,34.8,2.78,8.0,motorspain_77,5.0,1.1428571428571428,2026-04,0.012542644992976118,145.47312338065174,0.0001254421836975883
2026-04-03,39858,1875,2707,2.94,1136.2,35.8,3.151,8.0,motorspain_77,-6.0,1.1428571428571428,2026-04,-0.015053439710973959,145.45122796774075,-0.0001505117399157596
2026-04-04,39862,1875,2708,3.097,1200.3,34.2,2.849,8.0,motorspain_77,4.0,1.1428571428571428,2026-04,0.01003461943705785,145.46582490968143,0.00010035626473992032
2026-04-05,39858,1875,2709,3.12,1210.2,33.4,2.76,6.0,motorspain_77,-4.0,0.8571428571428571,2026-04,-0.010035626473982638,145.45122796774075,-0.0001003461943706041
2026-04-06,39858,1875,2709,3.156,1224.7,33.4,2.727,4.0,motorspain_77,0.0,0.5714285714285714,2026-04,0.0,145.45122796774075,0.0
2026-04-07,39863,1876,2709,3.17,1230.1,33.4,2.715,4.0,motorspain_77,5.0,0.5714285714285714,2026-04,0.012542959636755889,145.46947414516657,0.00012544533092473387
2026-04-08,39857,1875,2709,3.355,1306.3,30.8,2.358,4.0,motorspain_77,-6.0,0.5714285714285714,2026-04,-0.015053817397194972,145.4475787322556,-0.0001505155156410476
2026-04-09,39848,1873,2709,3.371,1312.3,30.9,2.355,4.0,motorspain_77,-9.0,0.5714285714285714,2026-04,-0.02258582613932945,145.4147356128891,-0.00022580726095788872
2026-04-10,39844,1873,2709,3.422,1332.3,31.2,2.342,2.0,motorspain_77,-4.0,0.2857142857142857,2026-04,-0.010039152695512499,145.40013867094842,-0.00010038144950808014
2026-04-11,39842,1873,2709,3.439,1339.0,31.2,2.33,2.0,motorspain_77,-2.0,0.2857142857142857,2026-04,-0.005019828321871392,145.3928401999781,-5.019576347753407e-05
2026-04-12,39842,1873,2709,3.492,1359.9,31.3,2.302,0.0,motorspain_77,0.0,0.0,2026-04,0.0,145.3928401999781,0.0
2026-04-13,39831,1873,2709,3.503,1363.9,31.3,2.295,0.0,motorspain_77,-11.0,0.0,2026-04,-0.027616680475006903,145.3526986096413,-0.000276090557702946
2026-04-14,39822,1872,2709,3.52,1370.5,31.3,2.284,0.0,motorspain_77,-9.0,0.0,2026-04,-0.02260057254783788,145.3198554902748,-0.00022595465843189277
2026-04-15,39828,1873,2709,3.539,1378.4,31.3,2.271,0.0,motorspain_77,6.0,0.0,2026-04,0.015064778547755347,145.34175090318578,0.00015067048365224878
2026-04-16,39820,1873,2709,3.554,1384.1,31.3,2.261,0.0,motorspain_77,-8.0,0.0,2026-04,-0.020090406830738324,145.31255701930445,-0.00020086371397010083
2026-04-17,39819,1873,2709,3.564,1387.8,31.4,2.263,0.0,motorspain_77,-1.0,0.0,2026-04,-0.0025113639217459,145.30890778381928,-2.5113008538468762e-05
2026-04-18,39817,1873,2709,3.567,1388.8,31.4,2.261,0.0,motorspain_77,-2.0,0.0,2026-04,-0.00502298013411357,145.30160931284897,-5.022727843495556e-05
2026-04-19,39823,1874,2709,3.578,1393.5,31.3,2.246,0.0,motorspain_77,6.0,0.0,2026-04,0.015066670014815558,145.32350472575993,0.00015068940402329645
2026-04-20,39815,1875,2709,3.585,1396.1,31.3,2.242,0.0,motorspain_77,-8.0,0.0,2026-04,-0.02009292980032651,145.29431084187863,-0.0002008889335308739
2026-04-21,39811,1874,2709,3.589,1397.4,31.3,2.24,0.0,motorspain_77,-4.0,0.0,2026-04,-0.01004747431614378,145.27971389993797,-0.00010046464900159702
2026-04-22,39805,1875,2709,3.602,1402.2,31.4,2.239,0.0,motorspain_77,-6.0,0.0,2026-04,-0.015073483230749907,145.25781848702698,-0.0001507121147421575
2026-04-23,39798,1874,2709,3.608,1404.6,31.4,2.236,0.0,motorspain_77,-7.0,0.0,2026-04,-0.017588823558972812,145.2322738386308,-0.0001758573043587619
2026-04-24,39790,1873,2709,3.612,1406.0,31.4,2.233,0.0,motorspain_77,-8.0,0.0,2026-04,-0.020105554159336517,145.20307995474948,-0.0002010151263882598
2026-04-25,39792,1873,2709,3.62,1409.2,31.4,2.228,0.0,motorspain_77,2.0,0.0,2026-04,0.005026135906714918,145.21037842571982,5.0263885398305064e-05
2026-04-26,39788,1874,2709,3.64,1417.0,31.4,2.216,0.0,motorspain_77,-4.0,0.0,2026-04,-0.010053282396702523,145.19578148377914,-0.00010052271813432156
2026-04-27,39784,1875,2709,3.643,1417.8,31.4,2.215,0.0,motorspain_77,-4.0,0.0,2026-04,-0.010054293183189221,145.1811845418385,-0.00010053282396704777
2026-04-28,39781,1875,2709,3.643,1417.9,31.4,2.215,0.0,motorspain_77,-3.0,0.0,2026-04,-0.007541288554837736,145.17023683538298,-7.540719887388914e-05
2026-04-29,39773,1875,2709,3.644,1418.1,31.4,2.214,0.0,motorspain_77,-8.0,0.0,2026-04,-0.020114147788700878,145.14104295150165,-0.00020110102812898045
2026-04-30,39764,1875,2709,3.646,1418.3,31.4,2.214,0.0,motorspain_77,-9.0,0.0,2026-04,-0.022633537873453374,145.10819983213517,-0.00022628416262293616
2026-05-01,39760,1875,2709,3.646,1418.4,31.4,2.214,0.0,motorspain_77,-4.0,0.0,2026-05,-0.01006036217303823,145.09360289019452,-0.00010059350165980696
2026-05-02,39757,1875,2709,3.647,1418.5,31.4,2.214,0.0,motorspain_77,-3.0,0.0,2026-05,-0.007545840983977664,145.082655183739,-7.545271629783024e-05
2026-05-03,39757,1875,2709,3.647,1418.5,31.4,2.214,0.0,motorspain_77,0.0,0.0,2026-05,0.0,145.082655183739,0.0
2026-05-04,39744,1874,2709,3.648,1418.6,31.4,2.213,0.0,motorspain_77,-13.0,0.0,2026-05,-0.032709339774557165,145.03521512243185,-0.0003269864426390656
2026-05-05,39740,1873,2709,3.649,1418.6,31.4,2.213,0.0,motorspain_77,-4.0,0.0,2026-05,-0.010065425264217413,145.0206181804912,-0.00010064412238319775
2026-05-06,39641,1874,2709,3.658,1418.5,31.4,2.214,0.0,motorspain_77,-99.0,0.0,2026-05,-0.2497414293282208,144.65934386745977,-0.0024911927528937783
2026-05-07,39636,1874,2709,3.658,1418.5,31.4,2.214,0.0,motorspain_77,-5.0,0.0,2026-05,-0.012614794631143407,144.64109769003394,-0.00012613203501421477
2026-05-08,39602,1874,2709,3.661,1418.5,31.4,2.214,0.0,motorspain_77,-34.0,0.0,2026-05,-0.08585424978536438,144.5170236835383,-0.0008578060349176964
2026-05-09,39590,1874,2710,3.662,1418.4,31.4,2.214,1.0,motorspain_77,-12.0,0.14285714285714285,2026-05,-0.030310684516291993,144.4732328577163,-0.0003030149992424569
2026-05-10,39602,1875,2713,3.661,1418.4,31.4,2.214,1.0,motorspain_77,12.0,0.14285714285714285,2026-05,0.030301499924246248,144.5170236835383,0.00030310684516288156
2026-05-11,39605,1876,2714,4.006,1549.7,36.8,2.375,4.0,motorspain_77,3.0,0.5714285714285714,2026-05,0.007574801161469512,144.5279713899938,7.575374981061422e-05
2026-05-12,39604,1876,2714,3.585,1396.1,23.8,1.705,5.0,motorspain_77,-1.0,0.7142857142857143,2026-05,-0.0025249974750025253,144.52432215450864,-2.5249337204935607e-05
2026-05-13,39593,1876,2714,3.587,1396.3,23.8,1.705,5.0,motorspain_77,-11.0,0.7142857142857143,2026-05,-0.027782688859141768,144.4841805641718,-0.0002777497222502534
2026-05-14,39596,1875,2714,3.589,1397.2,23.8,1.703,5.0,motorspain_77,3.0,0.7142857142857143,2026-05,0.0075765228810991,144.4951282706273,7.577096961575158e-05
2026-05-15,39555,1874,2715,3.592,1397.2,23.8,1.703,5.0,motorspain_77,-41.0,0.7142857142857143,2026-05,-0.10365314119580331,144.34550961573552,-0.0010354581270834995
2026-05-16,39555,1873,2716,3.767,1464.0,25.9,1.769,6.0,motorspain_77,0.0,0.8571428571428571,2026-05,0.0,144.34550961573552,0.0
2026-05-17,39572,1873,2719,3.765,1464.1,25.9,1.769,6.0,motorspain_77,17.0,0.8571428571428571,2026-05,0.04295966845244112,144.4075466189833,0.0004297813171534326
2026-05-18,39583,1873,2721,3.846,1495.0,27.4,1.833,7.0,motorspain_77,11.0,1.0,2026-05,0.02778970770280171,144.44768820932015,0.0002779743252805389
2026-05-19,39580,1873,2721,3.466,1341.1,30.6,2.282,7.0,motorspain_77,-3.0,1.0,2026-05,-0.007579585649317837,144.43674050286467,-7.579011191671814e-05
2026-05-20,39580,1873,2721,3.487,1349.3,30.7,2.275,7.0,motorspain_77,0.0,1.0,2026-05,0.0,144.43674050286467,0.0
2026-05-21,39583,1873,2721,3.488,1349.8,30.7,2.274,7.0,motorspain_77,3.0,1.0,2026-05,0.007579011191673194,144.44768820932015,7.579585649319931e-05
2026-05-22,39586,1872,2721,3.493,1352.0,30.7,2.271,7.0,motorspain_77,3.0,1.0,2026-05,0.007578436821098368,144.45863591577563,7.579011191682916e-05
2026-05-23,39581,1872,2721,3.501,1355.2,30.7,2.265,5.0,motorspain_77,-5.0,0.7142857142857143,2026-05,-0.012632323589601072,144.4403897383498,-0.00012630728035167849
2026-05-24,39570,1873,2721,3.507,1356.8,30.9,2.277,3.0,motorspain_77,-11.0,0.42857142857142855,2026-05,-0.027798837503158962,144.400248148013,-0.0002779111189712413
2026-05-25,39562,1871,2721,3.509,1357.2,30.9,2.277,2.0,motorspain_77,-8.0,0.2857142857142857,2026-05,-0.020221424599363026,144.37105426413166,-0.00020217336365935257
2026-05-26,39560,1871,2721,3.51,1357.7,31.0,2.283,0.0,motorspain_77,-2.0,0.0,2026-05,-0.005055611729019211,144.36375579316135,-5.055356149841206e-05
2026-05-27,39548,1871,2721,3.512,1358.1,31.0,2.283,0.0,motorspain_77,-12.0,0.0,2026-05,-0.03034287448164256,144.31996496733933,-0.00030333670374116384
2026-05-28,39548,1871,2721,3.514,1358.6,31.0,2.282,0.0,motorspain_77,0.0,0.0,2026-05,0.0,144.31996496733933,0.0
2026-05-29,39545,1870,2721,3.515,1358.9,31.0,2.281,0.0,motorspain_77,-3.0,0.0,2026-05,-0.007586294095334429,144.30901726088385,-7.585718620406467e-05
2026-05-30,39542,1870,2721,3.515,1359.0,31.0,2.281,0.0,motorspain_77,-3.0,0.0,2026-05,-0.007586869657579283,144.29806955442834,-7.586294095329738e-05
2026-05-31,39536,1870,2721,3.518,1359.8,31.0,2.28,0.0,motorspain_77,-6.0,0.0,2026-05,-0.01517604208822339,144.27617414151734,-0.000151737393151552
2026-06-01,39534,1870,2721,3.518,1359.9,31.0,2.28,0.0,motorspain_77,-2.0,0.0,2026-06,-0.0050589366115242574,144.26887567054703,-5.0586806960795094e-05
2024-11-12,904096,345,13495,1.983,17824.3,104.5,0.586,33.0,motorsportcom,296.0,4.714285714285714,2024-11,0.03273988602980215,100.0,
2024-11-13,904412,347,13507,2.629,23609.9,165.8,0.702,60.0,motorsportcom,316.0,8.571428571428571,2024-11,0.034939828308337355,100.03495204049126,0.000349520404912651
2024-11-14,905067,347,13514,3.025,27246.7,130.7,0.48,52.0,motorsportcom,655.0,7.428571428571429,2024-11,0.07237033280409075,100.10740009910452,0.0007242274538594717
2024-11-15,905510,346,13518,3.583,32313.8,131.6,0.407,49.0,motorsportcom,443.0,7.0,2024-11,0.04892270654106525,100.15639932042615,0.0004894665256827135
2024-11-16,905725,346,13521,3.881,35012.2,136.9,0.391,40.0,motorsportcom,215.0,5.714285714285714,2024-11,0.023737889536007067,100.18017998088699,0.00023743525747921268
2024-11-17,906042,346,13524,3.622,32683.4,136.7,0.418,34.0,motorsportcom,317.0,4.857142857142857,2024-11,0.034987340542712145,100.21524262910133,0.0003499958596704378
2024-11-18,906220,346,13531,3.301,29782.4,134.1,0.45,34.0,motorsportcom,178.0,4.857142857142857,2024-11,0.019642029529253383,100.23493080380845,0.00019645888380459553
2024-11-19,906454,347,13536,2.23,20115.8,95.5,0.475,32.0,motorsportcom,234.0,4.571428571428571,2024-11,0.02581487863697441,100.26081301100768,0.000258215444373322
2024-11-20,906602,348,13545,1.609,14535.6,52.5,0.361,33.0,motorsportcom,148.0,4.714285714285714,2024-11,0.016324693746539276,100.27718295402259,0.0001632735913792427
2024-11-21,906915,348,13561,1.484,13405.8,51.8,0.386,69.0,motorsportcom,313.0,9.857142857142858,2024-11,0.034512605922274966,100.31180317134462,0.0003452452123422489
2024-11-22,907525,349,13575,1.727,15501.7,167.6,1.081,79.0,motorsportcom,610.0,11.285714285714286,2024-11,0.06721577917963693,100.37927388241957,0.0006726098917759771
2024-11-23,908082,352,13586,2.64,23882.0,91.3,0.382,89.0,motorsportcom,557.0,12.714285714285714,2024-11,0.06133807299340808,100.44088238417159,0.0006137571967714806
2024-11-24,908685,348,13601,1.818,16433.3,85.7,0.522,110.0,motorsportcom,603.0,15.714285714285714,2024-11,0.06635962957460506,100.507578841185,0.00066403694820516
2024-11-25,909142,348,13611,3.684,33318.3,170.9,0.513,107.0,motorsportcom,457.0,15.285714285714286,2024-11,0.05026717498476586,100.55812657062965,0.0005029245558141326
2024-11-26,909592,348,13620,1.896,17177.3,69.5,0.405,72.0,motorsportcom,450.0,10.285714285714286,2024-11,0.04947273063087626,100.60790004601282,0.0004949721825633357
2024-11-27,910006,350,13629,2.816,25449.9,173.2,0.681,74.0,motorsportcom,414.0,10.571428571428571,2024-11,0.045494205532710774,100.6536916433653,0.0004551491218041104
2024-11-28,910442,350,13635,2.085,18842.7,139.1,0.738,56.0,motorsportcom,436.0,8.0,2024-11,0.047888827624384636,100.70191661062542,0.0004791177201028951
2024-11-29,910956,350,13647,2.704,24526.9,106.7,0.435,54.0,motorsportcom,514.0,7.714285714285714,2024-11,0.05642424002915618,100.75876898028528,0.0005645609495168458
2024-11-30,911400,350,13661,2.42,21971.5,87.3,0.397,108.0,motorsportcom,444.0,15.428571428571429,2024-11,0.048716260697827515,100.80787880932998,0.0004874000500572073
2024-12-01,912259,349,13677,1.356,12258.0,109.0,0.889,130.0,motorsportcom,859.0,18.571428571428573,2024-12,0.09416185535028977,100.90289084345025,0.0009425060346719416
2024-12-02,913337,350,13685,1.422,12964.0,25.0,0.193,114.0,motorsportcom,1078.0,16.285714285714285,2024-12,0.11802872324235193,101.02212596892366,0.0011816819565495518
2024-12-03,914071,350,13688,3.904,35463.2,224.1,0.632,74.0,motorsportcom,734.0,10.571428571428571,2024-12,0.08030010797848307,101.10331203765972,0.0008036464087188833
2024-12-04,914600,350,13697,3.787,34414.4,218.6,0.635,55.0,motorsportcom,529.0,7.857142857142857,2024-12,0.05783949267439318,101.16182352316568,0.0005787296610437753
2024-12-05,915359,350,13706,2.924,26667.2,96.9,0.363,50.0,motorsportcom,759.0,7.142857142857143,2024-12,0.0829182867049977,101.24577478497858,0.000829870981849945
2024-12-06,916684,350,13719,3.211,29359.2,79.3,0.27,55.0,motorsportcom,1325.0,7.857142857142857,2024-12,0.14454272137399585,101.3923300180512,0.00144751949781452
2024-12-07,918319,350,13729,3.836,35017.2,210.8,0.602,75.0,motorsportcom,1635.0,10.714285714285714,2024-12,0.1780427062926935,101.5731736452766,0.0017836026373319047
2024-12-08,919857,350,13752,2.327,21273.0,136.0,0.639,136.0,motorsportcom,1538.0,19.428571428571427,2024-12,0.1671999017238549,101.7432883233639,0.0016747992799888145
2024-12-09,921340,350,13762,11.348,104511.0,47.0,0.045,124.0,motorsportcom,1483.0,17.714285714285715,2024-12,0.16096120867432218,101.90731957668213,0.0016122071148014783
2024-12-10,922356,351,13775,5.156,47435.4,119.1,0.251,77.0,motorsportcom,1016.0,11.0,2024-12,0.1101526959221819,102.01969702332497,0.00110274165888824
2024-12-11,922921,351,13779,4.862,44773.4,99.0,0.221,56.0,motorsportcom,565.0,8.0,2024-12,0.06121867418771487,102.08219038686157,0.0006125617440555509
2024-12-12,923418,351,13787,3.856,35457.9,145.6,0.411,54.0,motorsportcom,497.0,7.714285714285714,2024-12,0.05382177951913435,102.13716242522919,0.0005385076295805202
2024-12-13,923977,351,13794,3.435,31562.1,180.3,0.571,50.0,motorsportcom,559.0,7.142857142857143,2024-12,0.060499341433823565,102.19899214242736,0.0006053596529416172
2024-12-14,924432,351,13797,3.346,30765.6,168.3,0.547,40.0,motorsportcom,455.0,5.714285714285714,2024-12,0.04921941256901535,102.24931865642586,0.0004924365000427144
2024-12-15,924672,351,13801,3.002,27600.4,162.3,0.588,35.0,motorsportcom,240.0,5.0,2024-12,0.025955149501661133,102.27586450996355,0.00025961887948500184
2024-12-16,925152,351,13805,2.955,27208.1,130.0,0.478,33.0,motorsportcom,480.0,4.714285714285714,2024-12,0.05188336619279858,102.32895621703891,0.0005191029900333266
2024-12-17,925684,351,13810,2.935,27086.3,86.1,0.318,28.0,motorsportcom,532.0,4.0,2024-12,0.05747101602706755,102.38779952571409,0.0005750406419702259
2024-12-18,926203,351,13816,3.159,29139.7,116.4,0.399,28.0,motorsportcom,519.0,4.0,2024-12,0.05603523201717118,102.44520493398932,0.0005606664909407755
2024-12-19,926554,351,13823,3.016,27800.1,147.8,0.532,28.0,motorsportcom,351.0,4.0,2024-12,0.03788230367577065,102.48402824478818,0.00037896659803515753
2024-12-20,927285,351,13828,3.419,31504.2,197.6,0.627,34.0,motorsportcom,731.0,4.857142857142857,2024-12,0.07883228996478968,102.564882490355,0.000788944842934125
2024-12-21,927826,351,13830,4.413,40727.3,214.8,0.527,32.0,motorsportcom,541.0,4.571428571428571,2024-12,0.05830834660809247,102.62472126853785,0.0005834236507653578
2024-12-22,928229,351,13833,4.157,38399.5,189.2,0.493,33.0,motorsportcom,403.0,4.714285714285714,2024-12,0.04341601048879102,102.66929618093654,0.00043434868175706853
2024-12-23,928461,351,13836,4.107,37976.4,157.8,0.416,33.0,motorsportcom,232.0,4.714285714285714,2024-12,0.024987586985344565,102.69495717268961,0.00024993832340935995
2024-12-24,928743,351,13838,3.973,36695.3,207.9,0.567,29.0,motorsportcom,282.0,4.142857142857143,2024-12,0.030363620506426426,102.7261485505964,0.0003037284280114072
2024-12-25,928953,351,13838,4.024,37173.4,208.9,0.562,22.0,motorsportcom,210.0,3.142857142857143,2024-12,0.022606095249167613,102.74937617244187,0.00022611206760103641
2024-12-26,929209,351,13838,2.812,25958.2,167.6,0.646,15.0,motorsportcom,256.0,2.142857142857143,2024-12,0.027550314299581685,102.77769174954872,0.00027557906589459336
2024-12-27,929412,351,13840,2.744,25329.8,169.2,0.668,12.0,motorsportcom,203.0,1.7142857142857142,2024-12,0.021841766622337565,102.80014511733266,0.00021846538292247253
2024-12-28,929598,351,13841,2.766,25545.3,170.0,0.665,11.0,motorsportcom,186.0,1.5714285714285714,2024-12,0.02000864889984703,102.82071815382436,0.00020012653161360916
2024-12-29,929734,351,13842,2.789,25598.6,330.8,1.292,9.0,motorsportcom,136.0,1.2857142857142858,2024-12,0.014627839790735845,102.83576080416239,0.00014629979840741214
2024-12-30,929875,351,13844,2.894,26571.9,339.4,1.277,9.0,motorsportcom,141.0,1.2857142857142858,2024-12,0.015163328404355424,102.85135649311576,0.000151656280183321
2024-12-31,929950,351,13845,2.919,26798.7,343.8,1.283,8.0,motorsportcom,75.0,1.1428571428571428,2024-12,0.008064949728480026,102.85965207234631,8.065600215090285e-05
2025-01-01,930101,350,13846,3.043,27960.1,340.2,1.217,8.0,motorsportcom,151.0,1.1428571428571428,2025-01,0.016234796006025152,102.87635383853042,0.0001623743212000317
2025-01-02,930215,350,13846,3.08,28306.9,341.3,1.206,8.0,motorsportcom,114.0,1.1428571428571428,2025-01,0.012255231317491117,102.8889631189608,0.0001225673340852218
2025-01-03,930217,350,13848,3.261,30089.1,244.9,0.814,8.0,motorsportcom,2.0,1.1428571428571428,2025-01,0.00021500359593514201,102.88918433440696,2.1500405820162882e-06
2025-01-04,930254,350,13850,3.284,30307.8,246.1,0.812,9.0,motorsportcom,37.0,1.2857142857142858,2025-01,0.003977408320738207,102.8932768201607,3.977566524793197e-05
2025-01-05,930350,350,13851,2.861,26364.0,251.3,0.953,9.0,motorsportcom,96.0,1.2857142857142858,2025-01,0.01031869726447036,102.90389516157576,0.00010319762129484822
2025-01-06,930367,351,13860,3.004,27681.5,263.8,0.953,11.0,motorsportcom,17.0,1.5714285714285714,2025-01,0.0018272359187288458,102.90577549286802,1.8272693072418633e-05
2025-01-07,930557,351,13863,3.044,28224.0,98.2,0.348,12.0,motorsportcom,190.0,1.7142857142857142,2025-01,0.020417878754337457,102.926790960252,0.00020422048503432322
2025-01-08,930633,351,13864,3.121,28959.1,86.8,0.3,12.0,motorsportcom,76.0,1.7142857142857142,2025-01,0.008166484532570841,102.9351971472056,8.167151501736747e-05
2025-01-09,930797,351,13868,3.001,27846.7,87.6,0.315,15.0,motorsportcom,164.0,2.142857142857143,2025-01,0.017619309043754975,102.95333681378969,0.0001762241399134723
2025-01-10,930951,351,13871,3.035,28167.0,88.8,0.315,16.0,motorsportcom,154.0,2.2857142857142856,2025-01,0.016542224026828478,102.97037040314304,0.0001654496093133062
2025-01-11,931134,351,13873,2.81,26087.3,78.8,0.302,14.0,motorsportcom,183.0,2.0,2025-01,0.01965345481960706,102.9906116164655,0.00019657318161758752
2025-01-12,932156,351,13874,2.639,24525.9,75.3,0.307,13.0,motorsportcom,1022.0,1.8571428571428572,2025-01,0.10963830088525955,103.10365270944679,0.0010975863839146616
2025-01-13,933093,351,13877,3.296,30632.8,124.4,0.406,14.0,motorsportcom,937.0,2.0,2025-01,0.10041871496195985,103.2072921459668,0.001005196555083021
2025-01-14,933298,351,13882,3.18,29555.4,127.5,0.431,16.0,motorsportcom,205.0,2.2857142857142856,2025-01,0.021965117250867354,103.2299667291969,0.0002196994297460897
2025-01-15,933544,351,13887,2.782,25852.2,118.2,0.457,18.0,motorsportcom,246.0,2.5714285714285716,2025-01,0.026351195015982105,103.25717622907302,0.0002635814070104381
2025-01-16,933803,351,13890,2.761,25663.9,121.9,0.475,18.0,motorsportcom,259.0,2.5714285714285716,2025-01,0.02773604282702026,103.28582362934911,0.0002774373784202311
2025-01-17,933980,350,13894,2.67,24743.0,194.0,0.784,19.0,motorsportcom,177.0,2.7142857142857144,2025-01,0.018951155270990814,103.30540119633314,0.00018954747414601236
2025-01-18,934176,350,13896,1.773,16430.2,130.0,0.791,18.0,motorsportcom,196.0,2.5714285714285716,2025-01,0.020981057102730107,103.32708031005558,0.0002098546007409663
2025-01-19,934329,350,13899,1.736,16103.9,119.9,0.745,18.0,motorsportcom,153.0,2.5714285714285716,2025-01,0.016375388112752576,103.34400329168585,0.00016378070085298901
2025-01-20,934470,348,13903,1.864,17275.7,143.8,0.832,19.0,motorsportcom,141.0,2.7142857142857144,2025-01,0.015088766894603357,103.35959898063922,0.00015091043947057514
2025-01-21,934771,349,13909,2.089,19366.9,163.2,0.843,20.0,motorsportcom,301.0,2.857142857142857,2025-01,0.03220039988403577,103.3928919052844,0.0003221077188138022
2025-01-22,935470,350,13918,2.026,18855.3,99.8,0.529,28.0,motorsportcom,699.0,4.0,2025-01,0.07472179759906784,103.47020670371288,0.0007477767282040304
2025-01-23,935789,350,13922,1.981,18447.1,88.9,0.482,24.0,motorsportcom,319.0,3.4285714285714284,2025-01,0.034088881147352666,103.50549056737337,0.00034100505628176236
2025-01-24,936198,351,13927,2.71,25263.1,103.5,0.41,28.0,motorsportcom,409.0,4.0,2025-01,0.0436873396439642,103.5507291261105,0.00043706433822143786
2025-01-25,936545,351,13928,2.854,26634.3,95.3,0.358,24.0,motorsportcom,347.0,3.4285714285714284,2025-01,0.03705107602944867,103.58911000601707,0.00037064808939990534
2025-01-26,937068,352,13932,3.003,28038.7,101.3,0.361,28.0,motorsportcom,523.0,4.0,2025-01,0.055812385013680965,103.64695784518459,0.0005584355263228424
2025-01-27,937446,352,13936,3.311,30924.6,113.6,0.367,27.0,motorsportcom,378.0,3.857142857142857,2025-01,0.040322322565779785,103.68876756450642,0.00040338588021349153
2025-01-28,937721,352,13940,3.616,33793.1,118.2,0.35,22.0,motorsportcom,275.0,3.142857142857143,2025-01,0.029326420118564053,103.71918468835169,0.00029335023030663265
2025-01-29,937975,352,13953,3.601,33655.9,122.5,0.364,20.0,motorsportcom,254.0,2.857142857142857,2025-01,0.027079612996081984,103.7472790500124,0.000270869480367919
2025-01-30,938418,352,13962,3.953,36950.6,145.7,0.394,27.0,motorsportcom,443.0,3.857142857142857,2025-01,0.04720710813304945,103.79627827133402,0.0004722940376875595
2025-01-31,938664,352,13966,2.08,19437.3,85.1,0.438,33.0,motorsportcom,246.0,4.714285714285714,2025-01,0.026207460816650045,103.82348777121013,0.0002621433092715453
2025-02-01,938865,352,13969,1.866,17452.2,70.0,0.401,33.0,motorsportcom,201.0,4.714285714285714,2025-02,0.021408828745346775,103.84571992354795,0.00021413413106285972
2025-02-02,938975,352,13971,1.633,15257.7,72.3,0.474,28.0,motorsportcom,110.0,4.0,2025-02,0.01171490188769669,103.85788677308605,0.00011716274437745255
2025-02-03,939117,352,13975,1.612,15067.2,70.0,0.465,33.0,motorsportcom,142.0,4.714285714285714,2025-02,0.015120586678763134,103.87359306976249,0.00015122873345929655
2025-02-04,939063,352,13982,1.465,13686.3,74.5,0.544,29.0,motorsportcom,-54.0,4.142857142857143,2025-02,-0.005750412911593791,103.86762025271652,-5.750082258115796e-05
2025-02-05,939150,352,13983,1.42,13256.8,82.3,0.621,24.0,motorsportcom,87.0,3.4285714285714284,2025-02,0.009263695895224406,103.87724312462394,9.264554135346437e-05
2025-02-06,939327,354,13987,1.379,12869.0,82.8,0.643,20.0,motorsportcom,177.0,2.857142857142857,2025-02,0.018843278219406023,103.89682069160797,0.00018846829579932667
2025-02-07,939854,356,13991,1.322,12354.5,68.7,0.556,18.0,motorsportcom,527.0,2.5714285714285716,2025-02,0.05607253892625876,103.95511096166778,0.0005610399786228903
2025-02-08,940602,356,13994,3.326,31123.7,160.9,0.517,19.0,motorsportcom,748.0,2.7142857142857144,2025-02,0.07952353918022713,104.03784553852688,0.0007958682944371187
2025-02-09,941254,356,13994,3.919,36724.7,166.1,0.452,18.0,motorsportcom,652.0,2.5714285714285716,2025-02,0.06926929394191153,104.10996177397092,0.0006931730955281878
2025-02-10,941642,356,13999,4.547,42649.7,169.4,0.397,20.0,motorsportcom,388.0,2.857142857142857,2025-02,0.04120461916524539,104.1528775705235,0.00041221604370345055
2025-02-11,941965,356,14003,5.743,53883.4,210.3,0.39,20.0,motorsportcom,323.0,2.857142857142857,2025-02,0.03429002139145297,104.18860386507627,0.0003430178348033941
2025-02-12,942187,356,14006,5.199,48802.3,186.7,0.383,20.0,motorsportcom,222.0,2.857142857142857,2025-02,0.023562201558713927,104.21315877959863,0.00023567754640563265
2025-02-13,942315,356,14012,2.552,23984.6,67.2,0.28,21.0,motorsportcom,128.0,3.0,2025-02,0.013583568127430848,104.22731656815205,0.00013585413511330025
2025-02-14,942454,356,14018,1.692,15910.1,38.9,0.244,23.0,motorsportcom,139.0,3.2857142857142856,2025-02,0.014748730442016269,104.24269104165928,0.00014750906013372145
2025-02-15,942704,356,14023,1.691,15894.7,51.0,0.321,30.0,motorsportcom,250.0,4.285714285714286,2025-02,0.026519458918175802,104.2703429724277,0.00026526493600753653
2025-02-16,942812,356,14023,1.748,16421.7,56.8,0.346,23.0,motorsportcom,108.0,3.2857142857142856,2025-02,0.01145509391055693,104.28228860651967,0.00011456406252641216
2025-02-17,942880,356,14026,1.385,13000.7,59.1,0.455,20.0,motorsportcom,68.0,2.857142857142857,2025-02,0.007211946377057525,104.28980993168867,7.212466536277162e-05
2025-02-18,942949,356,14037,1.22,11438.8,62.4,0.546,28.0,motorsportcom,69.0,4.0,2025-02,0.007317468919315891,104.29744186458075,7.318004412004697e-05
2025-02-19,943426,356,14045,0.856,8037.9,39.9,0.496,33.0,motorsportcom,477.0,4.714285714285714,2025-02,0.05056040431363986,104.35020174848688,0.0005058598079006327
2025-02-20,943592,356,14047,1.517,14272.1,45.4,0.318,30.0,motorsportcom,166.0,4.285714285714286,2025-02,0.01759234923568661,104.3685626305171,0.00017595444687756867
2025-02-21,943704,356,14050,1.887,17752.1,55.5,0.313,29.0,motorsportcom,112.0,4.142857142857143,2025-02,0.011868128141874995,104.38095069550137,0.00011869536833719607
2025-02-22,943883,356,14052,1.962,18458.4,58.4,0.316,33.0,motorsportcom,179.0,4.714285714285714,2025-02,0.018964214844424572,104.40074947793154,0.00018967811941039692
2025-02-23,944012,356,14053,2.07,19461.4,78.6,0.404,34.0,motorsportcom,129.0,4.857142857142857,2025-02,0.013665080528637349,104.41501787420803,0.0001366694812809932
2025-02-24,944067,356,14045,2.646,24868.4,109.9,0.442,24.0,motorsportcom,55.0,3.4285714285714284,2025-02,0.0058258576986591,104.4211012989771,5.826197124614296e-05
2025-02-25,944204,356,14046,2.558,24035.6,119.5,0.497,18.0,motorsportcom,137.0,2.5714285714285716,2025-02,0.014509576320371444,104.4362545570382,0.00014511681903939255
2025-02-26,944414,357,14043,2.73,25626.4,156.3,0.61,15.0,motorsportcom,210.0,2.142857142857143,2025-02,0.02223601090199849,104.45948217888366,0.00022240956403485335
2025-02-27,944624,356,14052,2.752,25837.3,157.1,0.608,21.0,motorsportcom,210.0,3.0,2025-02,0.02223106759938346,104.48270980072914,0.00022236010901988124
2025-02-28,944817,356,14061,2.95,27758.5,109.7,0.395,28.0,motorsportcom,193.0,4.0,2025-02,0.020427236173777567,104.50405709128235,0.00020431409746102247
2025-03-01,945128,356,14065,2.378,22380.2,95.9,0.429,34.0,motorsportcom,311.0,4.857142857142857,2025-03,0.03290559585579943,104.53845609315823,0.00032916427202311915
2025-03-02,945237,356,14068,2.452,23083.2,95.3,0.413,40.0,motorsportcom,109.0,5.714285714285714,2025-03,0.011531499507530915,104.55051233497328,0.0001153282941570577
2025-03-03,945303,357,14073,2.221,20910.5,88.4,0.423,34.0,motorsportcom,66.0,4.857142857142857,2025-03,0.006981888346910991,104.55781244469613,6.982375848596512e-05
2025-03-04,945409,358,14073,2.394,22543.8,88.9,0.394,32.0,motorsportcom,106.0,4.571428571428571,2025-03,0.011212078581862453,104.56953686334194,0.00011213335829896032
2025-03-05,945698,358,14075,2.29,21566.7,87.2,0.404,28.0,motorsportcom,289.0,4.0,2025-03,0.0305594386368587,104.60150249531024,0.00030568780284512265
2025-03-06,946030,359,14081,2.636,24821.9,114.3,0.46,28.0,motorsportcom,332.0,4.0,2025-03,0.03509402450239422,104.63822425937069,0.0003510634473160579
2025-03-07,946348,360,14090,2.85,26836.0,135.6,0.505,40.0,motorsportcom,318.0,5.714285714285714,2025-03,0.033602860681271586,104.67339751530811,0.0003361415599927309
2025-03-08,946582,360,14091,2.595,24470.2,97.1,0.397,33.0,motorsportcom,234.0,4.714285714285714,2025-03,0.024720520778971074,104.69927972250734,0.000247266333315066
2025-03-09,946797,360,14093,2.206,20800.3,85.5,0.411,28.0,motorsportcom,215.0,4.0,2025-03,0.02270814123830135,104.72306038296817,0.00022713299006316134
2025-03-10,946967,360,14097,1.892,17839.3,81.7,0.458,29.0,motorsportcom,170.0,4.142857142857143,2025-03,0.01795205112744161,104.74186369589069,0.00017955274467484905
2025-03-11,947237,360,14103,1.765,16648.5,65.5,0.393,29.0,motorsportcom,270.0,4.142857142857143,2025-03,0.028503954131859292,104.77172778112059,0.00028512081202403117
2025-03-12,947549,361,14112,1.926,18183.2,69.4,0.382,28.0,motorsportcom,312.0,4.0,2025-03,0.03292705707039952,104.80623739071957,0.0003293790255236573
2025-03-13,947936,361,14117,1.589,14987.6,73.6,0.491,23.0,motorsportcom,387.0,3.2857142857142856,2025-03,0.04082554096479087,104.84904257954908,0.000408422150200094
2025-03-14,948457,364,14121,2.51,23723.9,80.1,0.338,24.0,motorsportcom,521.0,3.4285714285714284,2025-03,0.054931325299934525,104.90666920327045,0.000549615163892847
2025-03-15,949320,364,14139,3.816,36137.3,88.3,0.244,51.0,motorsportcom,863.0,7.285714285714286,2025-03,0.09090717566257954,105.002123668283,0.0009098989200353458
2025-03-16,951118,363,14149,3.34,31594.3,172.8,0.547,108.0,motorsportcom,1798.0,15.428571428571429,2025-03,0.18904068685483819,105.20099635436947,0.0018939872751022602
2025-03-17,952147,362,14150,4.167,39564.2,111.7,0.282,68.0,motorsportcom,1029.0,9.714285714285714,2025-03,0.10807154777571111,105.31481170141224,0.0010818846872837629
2025-03-18,952989,362,14156,4.651,44097.4,222.9,0.505,65.0,motorsportcom,842.0,9.285714285714286,2025-03,0.08835359065004947,105.40794340424027,0.0008843172325281312
2025-03-19,953674,362,14163,4.176,39625.8,198.7,0.501,49.0,motorsportcom,685.0,7.0,2025-03,0.07182747983063395,105.4837096945457,0.0007187910878299064
2025-03-20,954618,363,14170,2.599,24571.7,235.2,0.957,50.0,motorsportcom,944.0,7.142857142857143,2025-03,0.09888772262831834,105.58812338512725,0.0009898560724104222
2025-03-21,956068,363,14181,1.954,18542.9,141.4,0.763,74.0,motorsportcom,1450.0,10.571428571428571,2025-03,0.15166285243309055,105.74850458358405,0.0015189321802018263
2025-03-22,957800,363,14192,4.994,47646.1,191.1,0.401,72.0,motorsportcom,1732.0,10.285714285714286,2025-03,0.18083107120484443,105.94007715994762,0.0018115866235455247
2025-03-23,960113,363,14204,3.07,29397.7,81.7,0.278,79.0,motorsportcom,2313.0,11.285714285714286,2025-03,0.24090914298629434,106.19591282341699,0.0024149091668406175
2025-03-24,961440,363,14210,3.077,29450.3,135.8,0.461,65.0,motorsportcom,1327.0,9.285714285714286,2025-03,0.13802213346646697,106.34268927193573,0.0013821289785680424
2025-03-25,962366,363,14215,3.303,31632.6,150.8,0.477,50.0,motorsportcom,926.0,7.142857142857143,2025-03,0.09622118819659048,106.44511202350193,0.0009631386253952101
2025-03-26,963139,363,14220,3.777,36201.1,175.2,0.484,49.0,motorsportcom,773.0,7.0,2025-03,0.08025840506925791,106.53061179343786,0.000803228709243653
2025-03-27,963808,363,14227,3.634,34844.1,178.8,0.513,40.0,motorsportcom,669.0,5.714285714285714,2025-03,0.06941216507852185,106.60460836017414,0.0006946037903148294
2025-03-28,964216,362,14233,2.745,26308.5,159.4,0.606,34.0,motorsportcom,408.0,4.857142857142857,2025-03,0.042314170268902405,106.64973631118819,0.0004233208273847211
2025-03-29,964728,362,14238,2.687,25796.5,126.6,0.491,32.0,motorsportcom,512.0,4.571428571428571,2025-03,0.05307195396007994,106.7063674654019,0.0005310013523940338
2025-03-30,965304,362,14241,2.569,24676.6,125.1,0.507,32.0,motorsportcom,576.0,4.571428571428571,2025-03,0.059670321473856945,106.77007751389233,0.0005970594820507991
2025-03-31,965689,362,14247,2.623,25198.8,133.5,0.53,30.0,motorsportcom,385.0,4.285714285714286,2025-03,0.039867907783976,106.81266148727569,0.0003988380862400831
2025-04-01,966020,362,14248,2.467,23710.0,121.5,0.512,28.0,motorsportcom,331.0,4.0,2025-04,0.034264300946150184,106.84927264361306,0.0003427604539349982
2025-04-02,966393,362,14254,2.727,26241.6,108.8,0.415,28.0,motorsportcom,373.0,4.0,2025-04,0.03859713387824622,106.89052932431954,0.0003861203701787108
2025-04-03,966722,362,14257,3.275,31539.1,119.7,0.38,28.0,motorsportcom,329.0,4.0,2025-04,0.03403253468939364,106.92691926521078,0.00034044120766596464
2025-04-04,966948,362,14265,3.397,32775.1,75.1,0.229,39.0,motorsportcom,226.0,5.571428571428571,2025-04,0.023372508139010578,106.95191661062542,0.0002337797215745674
2025-04-05,967340,362,14276,2.866,27655.8,65.8,0.238,52.0,motorsportcom,392.0,7.428571428571429,2025-04,0.04052349742593091,106.9952748380703,0.00040539925621652095
2025-04-06,967887,362,14289,2.392,23079.3,74.3,0.322,72.0,motorsportcom,547.0,10.285714285714286,2025-04,0.05651486175555617,107.05577726259159,0.0005654681911220205
2025-04-07,968560,362,14293,2.57,24778.3,114.2,0.461,54.0,motorsportcom,673.0,7.714285714285714,2025-04,0.0694845956884447,107.13021626022015,0.0006953291035007858
2025-04-08,969012,362,14293,3.123,30100.7,161.9,0.538,40.0,motorsportcom,452.0,5.714285714285714,2025-04,0.04664544917916393,107.18021095104943,0.00046667217312301723
2025-04-09,969355,363,14299,3.476,33490.1,200.9,0.6,37.0,motorsportcom,343.0,5.285714285714286,2025-04,0.03538435351341872,107.21814940006371,0.00035396878470028703
2025-04-10,969722,363,14304,3.187,30701.7,201.2,0.655,32.0,motorsportcom,367.0,4.571428571428571,2025-04,0.037845898102755224,107.25874243443174,0.0003786022664555855
2025-04-11,970062,362,14310,2.862,27608.4,157.3,0.57,32.0,motorsportcom,340.0,4.571428571428571,2025-04,0.035049306126824886,107.29634906027678,0.00035061594972574106
2025-04-12,970434,364,14318,2.11,20383.7,89.7,0.44,32.0,motorsportcom,372.0,4.571428571428571,2025-04,0.038333364247336764,107.33749513326019,0.0003834806435052407
2025-04-13,970826,364,14333,1.423,13770.5,40.5,0.294,41.0,motorsportcom,392.0,5.857142857142857,2025-04,0.04037798740454005,107.38085336070506,0.0004039429780902104
2025-04-14,971091,365,14337,1.352,13087.5,43.5,0.332,41.0,motorsportcom,265.0,5.857142857142857,2025-04,0.0272888946555987,107.41016440731958,0.0002729634352602872
2025-04-15,971284,366,14341,1.329,12860.3,51.4,0.4,40.0,motorsportcom,193.0,5.714285714285714,2025-04,0.019870604272282873,107.43151169787279,0.00019874553466148193
2025-04-16,971532,366,14349,1.245,12029.6,68.9,0.573,36.0,motorsportcom,248.0,5.142857142857143,2025-04,0.02552669392258824,107.45894241319508,0.00025533211707395864
2025-04-17,971752,366,14356,1.277,12330.7,75.3,0.611,35.0,motorsportcom,220.0,5.0,2025-04,0.022639521194708113,107.48327611227127,0.0002264464783454656
2025-04-18,972082,365,14363,1.125,10854.5,78.4,0.722,34.0,motorsportcom,330.0,4.857142857142857,2025-04,0.03394775337883018,107.51977666088557,0.0003395928179206198
2025-04-19,972411,365,14377,1.27,12278.3,75.0,0.611,34.0,motorsportcom,329.0,4.857142857142857,2025-04,0.03383343051446353,107.55616660177681,0.00033844881398903404
2025-04-20,972630,365,14389,1.152,11170.2,37.1,0.332,35.0,motorsportcom,219.0,5.0,2025-04,0.02251627031862065,107.58038969312993,0.00022521341284709173
2025-04-21,972912,365,14393,1.196,11588.8,43.4,0.374,30.0,motorsportcom,282.0,4.285714285714286,2025-04,0.028985149736050125,107.6115810710367,0.00028993553560963115
2025-04-22,973092,365,14401,1.432,13868.8,62.0,0.447,34.0,motorsportcom,180.0,4.857142857142857,2025-04,0.01849773711016019,107.63149046118995,0.00018501159405981404
2025-04-23,973296,365,14404,1.544,14960.5,62.4,0.417,33.0,motorsportcom,204.0,4.714285714285714,2025-04,0.020959708043596193,107.65405443669698,0.0002096410205818522
2025-04-24,973502,365,14410,1.489,14436.1,62.4,0.432,29.0,motorsportcom,206.0,4.142857142857143,2025-04,0.021160716670330416,107.67683962765015,0.00021165195377359503
2025-04-25,973681,370,14417,1.659,16092.2,62.8,0.39,29.0,motorsportcom,179.0,4.142857142857143,2025-04,0.01838384440078424,107.69663841008035,0.0001838722467955023
2025-04-26,973850,370,14419,1.644,15947.1,59.4,0.372,24.0,motorsportcom,169.0,3.4285714285714284,2025-04,0.017353801920213584,107.7153311152798,0.00017356813987334796
2025-04-27,974097,371,14424,1.607,15590.7,60.7,0.389,21.0,motorsportcom,247.0,3.0,2025-04,0.02535681764752381,107.74265122287898,0.00025363248960319495
2025-04-28,974224,371,14429,1.653,16033.0,67.9,0.424,22.0,motorsportcom,127.0,3.142857142857143,2025-04,0.013036016357634385,107.75669840370934,0.00013037715956421003
2025-04-29,974395,372,14434,2.074,20131.7,76.8,0.381,19.0,motorsportcom,171.0,2.7142857142857144,2025-04,0.017549351135833002,107.77561232435492,0.0001755243147365526
2025-04-30,974615,373,14437,1.876,18214.5,66.0,0.362,18.0,motorsportcom,220.0,2.5714285714285716,2025-04,0.022573016011450675,107.79994602343115,0.0002257811257242448
2025-05-01,974968,374,14456,1.916,18609.9,67.8,0.364,24.0,motorsportcom,353.0,3.4285714285714284,2025-05,0.03620631651500357,107.83899054967614,0.0003621943023655039
2025-05-02,975399,376,14467,1.65,16018.4,72.4,0.452,31.0,motorsportcom,431.0,4.428571428571429,2025-05,0.04418704550650554,107.88666247832089,0.00044206579087724407
2025-05-03,975723,376,14476,1.298,12598.4,64.7,0.514,41.0,motorsportcom,324.0,5.857142857142857,2025-05,0.03320614559664987,107.92249938059675,0.0003321717574038541
2025-05-04,976169,376,14495,0.958,9315.2,40.4,0.434,55.0,motorsportcom,446.0,7.857142857142857,2025-05,0.04568881003186948,107.9718304250876,0.0004570969424724236
2025-05-05,977095,377,14501,1.582,15356.6,101.6,0.662,44.0,motorsportcom,926.0,6.285714285714286,2025-05,0.09477072341993358,108.0742531766538,0.0009486062351908853
2025-05-06,977664,379,14507,1.616,15702.7,94.5,0.602,44.0,motorsportcom,569.0,6.285714285714286,2025-05,0.05819995417648599,108.13718897108271,0.000582338462483234
2025-05-07,978026,379,14510,2.058,20060.1,66.1,0.33,44.0,motorsportcom,362.0,6.285714285714286,2025-05,0.03701333093394245,108.17722896683537,0.0003702703587327161
2025-05-08,978299,382,14514,2.371,23122.6,71.3,0.308,43.0,motorsportcom,273.0,6.142857142857143,2025-05,0.027905578969210844,108.2074248752345,0.0002791336835625824
2025-05-09,978575,382,14519,2.823,27516.1,110.4,0.401,35.0,motorsportcom,276.0,5.0,2025-05,0.02820427662672764,108.23795260680282,0.00028212233683166943
2025-05-10,978882,382,14522,2.222,21662.8,83.6,0.386,30.0,motorsportcom,307.0,4.285714285714286,2025-05,0.0313623092466712,108.27190917778644,0.00031372148276820333
2025-05-11,979084,382,14528,2.25,21943.0,82.2,0.375,26.0,motorsportcom,202.0,3.7142857142857144,2025-05,0.02063152906185782,108.29425193784732,0.00020635786540146306
2025-05-12,979120,382,14532,1.917,18697.3,72.4,0.387,26.0,motorsportcom,36.0,3.7142857142857144,2025-05,0.0036767709780210806,108.29823381587795,3.6769061694474914e-05
2025-05-13,979285,382,14536,1.406,13712.5,60.1,0.438,23.0,motorsportcom,165.0,3.2857142857142856,2025-05,0.016849027606876444,108.3164840901851,0.00016851866982592334
2025-05-14,979488,382,14540,1.055,10309.4,24.7,0.24,21.0,motorsportcom,203.0,3.0,2025-05,0.020725113528700708,108.33893745796908,0.00020729409722397563
2025-05-15,979674,382,14547,1.204,11763.5,27.9,0.237,19.0,motorsportcom,186.0,2.7142857142857144,2025-05,0.018985907557003658,108.35951049446078,0.000189895128883677
2025-05-16,979779,382,14551,1.357,13245.1,52.2,0.394,18.0,motorsportcom,105.0,2.5714285714285716,2025-05,0.01071670244004005,108.37112430538349,0.00010717851040253912
2025-05-17,979883,382,14566,1.749,17064.8,73.2,0.429,30.0,motorsportcom,104.0,4.285714285714286,2025-05,0.01061351202133316,108.38262750858317,0.0001061463860727585
2025-05-18,980191,382,14579,1.627,15869.2,81.8,0.515,55.0,motorsportcom,308.0,7.857142857142857,2025-05,0.03142244725772834,108.41669468728985,0.000314323240631742
2025-05-19,980775,382,14583,1.549,15124.3,70.8,0.468,43.0,motorsportcom,584.0,6.142857142857143,2025-05,0.05954474777599347,108.48128959756487,0.0005958022467049684
2025-05-20,981297,382,14592,2.147,20980.9,90.4,0.431,53.0,motorsportcom,522.0,7.571428571428571,2025-05,0.053194904295029946,108.53902682900932,0.0005322321633403071
2025-05-21,981555,382,14599,2.193,21443.8,81.4,0.38,41.0,motorsportcom,258.0,5.857142857142857,2025-05,0.026284823570762717,108.5675636215623,0.0002629173430674925
2025-05-22,981921,382,14607,1.919,18767.0,77.1,0.411,41.0,motorsportcom,366.0,5.857142857142857,2025-05,0.037273874374822415,108.60804604820726,0.0003728777297247188
2025-05-23,982331,382,14617,1.426,13959.9,48.5,0.347,34.0,motorsportcom,410.0,4.857142857142857,2025-05,0.041737459166004125,108.65339521466746,0.0004175488659474702
2025-05-24,982848,383,14638,3.528,34599.0,77.8,0.225,59.0,motorsportcom,517.0,8.428571428571429,2025-05,0.052602233509148916,108.71057940749655,0.000526299180215295
2025-05-25,983418,385,14676,0.236,2313.0,12.0,0.519,142.0,motorsportcom,570.0,20.285714285714285,2025-05,0.057961111145006496,108.77362580964854,0.0005799472553233986
2025-05-26,984730,385,14683,0.302,2958.0,19.0,0.642,129.0,motorsportcom,1312.0,18.428571428571427,2025-05,0.13323449067257015,108.91874314232118,0.0013341224179341804
2025-05-27,985658,386,14686,1.746,17112.3,101.7,0.594,75.0,motorsportcom,928.0,10.714285714285714,2025-05,0.09415030365502029,109.02138710933352,0.0009423902998790812
2025-05-28,986079,387,14693,1.885,18453.8,130.2,0.706,53.0,motorsportcom,421.0,7.571428571428571,2025-05,0.042694348018769285,109.06795296074753,0.00042712583877979604
2025-05-29,986523,387,14701,2.3,22533.2,154.7,0.687,43.0,motorsportcom,444.0,6.142857142857143,2025-05,0.04500655331908125,109.11706278979223,0.00045026818338089747
2025-05-30,986782,388,14707,2.321,22752.4,148.2,0.651,36.0,motorsportcom,259.0,5.142857142857143,2025-05,0.02624693194646842,109.14571019006831,0.00026253822769461976
2025-05-31,986994,388,14718,1.168,11473.3,51.9,0.452,33.0,motorsportcom,212.0,4.714285714285714,2025-05,0.021479360563488734,109.16915902735992,0.00021483975183977932
2025-06-01,987231,388,14734,0.779,7622.5,66.0,0.866,56.0,motorsportcom,237.0,8.0,2025-06,0.02400653950291269,109.19537305772837,0.00024012304026155284
2025-06-02,987429,388,14737,1.182,11596.1,73.6,0.635,51.0,motorsportcom,198.0,7.285714285714286,2025-06,0.020052074630175942,109.21727338689698,0.0002005609629356364
2025-06-03,987475,389,14740,1.421,13937.6,90.5,0.649,42.0,motorsportcom,46.0,6.0,2025-06,0.0046583457809058456,109.22236134215835,4.658562792858589e-05
2025-06-04,987601,389,14744,1.605,15747.9,104.4,0.663,41.0,motorsportcom,126.0,5.857142857142857,2025-06,0.012758188782716909,109.23629791526564,0.0001275981670421089
2025-06-05,987788,389,14749,1.886,18525.0,107.2,0.579,33.0,motorsportcom,187.0,4.714285714285714,2025-06,0.01893118766374971,109.25698155948041,0.0001893477224101936
2025-06-06,987998,389,14759,2.025,19900.4,107.5,0.54,33.0,motorsportcom,210.0,4.714285714285714,2025-06,0.02125510375527076,109.28020918132589,0.00021259622510094722
2025-06-07,988348,389,14771,2.221,21833.8,118.2,0.541,28.0,motorsportcom,350.0,4.0,2025-06,0.03541262794076581,109.31892188440166,0.00035425172925451776
2025-06-08,988941,389,14775,2.177,21444.1,80.7,0.376,18.0,motorsportcom,593.0,2.5714285714285716,2025-06,0.05996313227988322,109.38451226418434,0.0005999910962535271
2025-06-09,989195,390,14780,1.908,18834.3,35.3,0.187,20.0,motorsportcom,254.0,2.857142857142857,2025-06,0.025677444790966394,109.41260662584504,0.0002568403979610334
2025-06-10,989331,391,14784,1.32,13032.0,30.7,0.236,21.0,motorsportcom,136.0,3.0,2025-06,0.013746663149138156,109.42764927618308,0.00013748553116421647
2025-06-11,989456,391,14790,1.301,12840.9,27.8,0.216,24.0,motorsportcom,125.0,3.4285714285714284,2025-06,0.012633204508335895,109.44147524156726,0.0001263480068853795
2025-06-12,989643,391,14797,1.225,12084.7,33.5,0.277,24.0,motorsportcom,187.0,3.4285714285714284,2025-06,0.018895702793835754,109.46215888578203,0.0001889927394447266
2025-06-13,989895,392,14801,1.47,14500.4,52.2,0.36,27.0,motorsportcom,252.0,3.857142857142857,2025-06,0.02545724546542815,109.4900320319966,0.0002546372782912254
2025-06-14,990260,392,14811,1.315,12969.1,57.1,0.44,27.0,motorsportcom,365.0,3.857142857142857,2025-06,0.03685900672550643,109.53040385091847,0.00036872597598724965
2025-06-15,990816,392,14825,0.864,8518.0,39.2,0.46,52.0,motorsportcom,556.0,7.428571428571429,2025-06,0.05611536349836902,109.59190174494744,0.0005614687051884726
2025-06-16,991324,392,14836,0.799,7874.8,43.8,0.556,55.0,motorsportcom,508.0,7.857142857142857,2025-06,0.05124459813340542,109.64809046826886,0.0005127087168554922
2025-06-17,991611,392,14840,0.799,7880.8,45.4,0.576,43.0,motorsportcom,287.0,6.142857142857143,2025-06,0.0289428011589222,109.679834884791,0.00028951180441505464
2025-06-18,991783,392,14845,1.037,10243.5,44.9,0.438,48.0,motorsportcom,172.0,6.857142857142857,2025-06,0.017342503350027173,109.69885941315967,0.0001734551149594754
2025-06-19,991967,394,14850,1.228,12139.8,46.2,0.381,35.0,motorsportcom,184.0,5.0,2025-06,0.01854900415033968,109.71921123420523,0.00018552445444219856
2025-06-20,992134,394,14855,1.303,12884.3,43.9,0.341,32.0,motorsportcom,167.0,4.571428571428571,2025-06,0.01683240368740513,109.73768272395851,0.00016835237462542452
2025-06-21,992345,394,14861,1.409,13942.5,42.5,0.305,29.0,motorsportcom,211.0,4.142857142857143,2025-06,0.021262766477384377,109.76102095352707,0.00021267288491277903
2025-06-22,992494,394,14867,1.589,15723.4,42.4,0.27,18.0,motorsportcom,149.0,2.5714285714285716,2025-06,0.015012685215225481,109.77750150426505,0.00015014939360802337
2025-06-23,992627,394,14872,1.546,15301.6,40.8,0.267,18.0,motorsportcom,133.0,2.5714285714285716,2025-06,0.013398789273312131,109.79221233143383,0.0001340058478942474
2025-06-24,992674,394,14876,1.506,14908.8,40.8,0.274,14.0,motorsportcom,47.0,2.0,2025-06,0.004734686311921134,109.7974108944183,4.734910495085565e-05
2025-06-25,992703,401,14884,1.327,13143.3,30.8,0.234,14.0,motorsportcom,29.0,2.0,2025-06,0.0029213168490474996,109.80061851838742,2.921402192468392e-05
2025-06-26,992713,401,14893,1.398,13837.0,43.0,0.311,15.0,motorsportcom,10.0,2.142857142857143,2025-06,0.0010073404901517358,109.80172459561817,1.007350637594051e-05
2025-06-27,992809,402,14898,1.353,13374.8,60.3,0.451,18.0,motorsportcom,96.0,2.5714285714285716,2025-06,0.00966953361623434,109.81234293703324,9.67046870545829e-05
2025-06-28,992917,402,14907,1.23,12160.1,55.7,0.458,34.0,motorsportcom,108.0,4.857142857142857,2025-06,0.010877042089117217,109.82428857112518,0.00010878225318267098
2025-06-29,993084,410,14925,1.226,12114.2,60.3,0.498,39.0,motorsportcom,167.0,5.571428571428571,2025-06,0.016816301541460743,109.8427600608785,0.00016819129897061025
2025-06-30,993265,411,14931,1.155,11439.9,35.6,0.311,48.0,motorsportcom,181.0,6.857142857142857,2025-06,0.018222730087136867,109.86278005875482,0.00018226051371272867
2025-07-01,993500,411,14941,1.184,11704.9,61.1,0.522,55.0,motorsportcom,235.0,7.857142857142857,2025-07,0.02365374937091092,109.88877287367713,0.00023659345693238798
2025-07-02,993900,413,14948,1.556,15401.3,60.3,0.392,47.0,motorsportcom,400.0,6.714285714285714,2025-07,0.04024549753496328,109.9330159629066,0.00040261701056865107
2025-07-03,994530,413,14957,1.314,12994.6,71.0,0.546,43.0,motorsportcom,630.0,6.142857142857143,2025-07,0.06334650538445295,110.002698828443,0.000633866586175591
2025-07-04,994931,413,14968,1.74,17231.6,78.0,0.453,54.0,motorsportcom,401.0,7.714285714285714,2025-07,0.04030430250942025,110.04705252539553,0.00040320553427242167
2025-07-05,995589,415,14982,0.686,6789.6,41.2,0.607,78.0,motorsportcom,658.0,11.142857142857142,2025-07,0.06609152973767288,110.119832407178,0.0006613523952916367
2025-07-06,997514,416,15013,0.845,8426.0,3.0,0.036,378.0,motorsportcom,1925.0,54.0,2025-07,0.1929797476526645,110.33275227409479,0.0019335287955171143
2025-07-07,998770,439,15023,0.453,4518.0,9.0,0.199,196.0,motorsportcom,1256.0,28.0,2025-07,0.12575467825425274,110.47167557427531,0.001259130197671432
2025-07-08,999403,441,15032,2.521,25079.7,118.8,0.474,98.0,motorsportcom,633.0,14.0,2025-07,0.06333781267416648,110.54169026298094,0.000633779548845137
2025-07-09,1001058,442,15046,2.717,27139.5,59.4,0.219,58.0,motorsportcom,1655.0,8.285714285714286,2025-07,0.16532508605894963,110.72474604466782,0.0016559886252092149
2025-07-10,1001774,442,15053,4.035,40316.9,104.7,0.26,50.0,motorsportcom,716.0,7.142857142857143,2025-07,0.07147320653161292,110.80394117438857,0.0007152432726176272
2025-07-11,1002277,444,15059,3.347,33444.7,99.3,0.297,46.0,motorsportcom,503.0,6.571428571428571,2025-07,0.05018572709939468,110.8595768590946,0.0005021092581760644
2025-07-12,1003728,445,15068,2.744,27373.6,173.5,0.634,39.0,motorsportcom,1451.0,5.571428571428571,2025-07,0.14456107630752554,111.02006866527448,0.001447703578950632
2025-07-13,1009037,446,15075,2.084,20822.9,203.6,0.978,39.0,motorsportcom,5309.0,5.571428571428571,2025-07,0.5261452255962864,111.60728506707251,0.0052892815583505115
2025-07-14,1011222,446,15083,1.787,17848.7,224.8,1.259,38.0,motorsportcom,2185.0,5.428571428571429,2025-07,0.21607520406003827,111.84896294198847,0.002165431000052509
2025-07-15,1011803,447,15089,2.15,21370.6,378.3,1.77,37.0,motorsportcom,581.0,5.285714285714286,2025-07,0.057422245239438896,111.91322602909426,0.0005745523732672009
2025-07-16,1012285,448,15095,1.88,18767.8,262.0,1.396,38.0,motorsportcom,482.0,5.428571428571429,2025-07,0.04761504912154186,111.96653895161577,0.0004763773185096909
2025-07-17,1012927,453,15099,1.554,15634.4,109.8,0.702,41.0,motorsportcom,642.0,5.857142857142857,2025-07,0.06338067797580675,112.03754910982904,0.0006342087455608603
2025-07-18,1013372,455,15107,1.472,14753.9,166.6,1.129,40.0,motorsportcom,445.0,5.714285714285714,2025-07,0.043912798064284386,112.08676954659683,0.0004393208987418795
2025-07-19,1013609,455,15113,1.424,14215.3,214.1,1.506,35.0,motorsportcom,237.0,5.0,2025-07,0.023381797122953723,112.11298357696529,0.00023387265485919073
2025-07-20,1014057,455,15122,1.301,12987.4,206.4,1.589,40.0,motorsportcom,448.0,5.714285714285714,2025-07,0.04417897613250537,112.16253583690228,0.0004419850257841862
2025-07-21,1014863,457,15130,1.453,14539.6,204.5,1.407,38.0,motorsportcom,806.0,5.428571428571429,2025-07,0.07941958668312865,112.25168566169965,0.0007948271152411479
2025-07-22,1015484,457,15136,1.89,18982.3,215.0,1.133,36.0,motorsportcom,621.0,5.142857142857143,2025-07,0.06115310531726743,112.32037305772837,0.000611905252235978
2025-07-23,1016003,458,15144,1.775,17877.7,158.2,0.885,37.0,motorsportcom,519.0,5.285714285714286,2025-07,0.051082526331123035,112.3777784660036,0.0005110863391248888
2025-07-24,1016564,458,15154,1.715,17288.6,143.9,0.832,47.0,motorsportcom,561.0,6.714285714285714,2025-07,0.05518590074014032,112.43982939864794,0.0005521637239260802
2025-07-25,1017045,463,15163,1.065,10721.1,108.4,1.011,56.0,motorsportcom,481.0,8.0,2025-07,0.04729387588553112,112.49303171344636,0.0004731625357576874
2025-07-26,1017604,467,15170,1.013,10226.8,78.6,0.769,48.0,motorsportcom,559.0,6.857142857142857,2025-07,0.05493296016918172,112.55486143064452,0.000549631530561534
2025-07-27,1018152,468,15186,1.895,19205.6,91.4,0.476,70.0,motorsportcom,548.0,10.0,2025-07,0.053823004816569625,112.61547446288888,0.0005385198957550408
2025-07-28,1018570,469,15199,0.761,7575.0,175.5,2.317,77.0,motorsportcom,418.0,11.0,2025-07,0.04103792571939091,112.66170849113368,0.0004105477374694022
2025-07-29,1019090,470,15206,0.95,9608.5,71.1,0.74,79.0,motorsportcom,520.0,11.285714285714286,2025-07,0.05102591527735529,112.71922450713198,0.0005105196500976295
2025-07-30,1019713,476,15211,1.579,16005.4,93.7,0.585,59.0,motorsportcom,623.0,8.428571428571429,2025-07,0.061095622003446065,112.78813311860686,0.0006113297157268605
2025-07-31,1020195,476,15216,1.608,16314.6,91.1,0.558,48.0,motorsportcom,482.0,6.857142857142857,2025-07,0.047245869662172424,112.84144604112838,0.00047268201935257714
2025-08-01,1020545,476,15221,1.435,14529.1,120.6,0.83,42.0,motorsportcom,350.0,6.0,2025-08,0.034295400986727675,112.88015874420417,0.00034307166767133523
2025-08-02,1021015,476,15232,1.127,11387.1,117.4,1.031,37.0,motorsportcom,470.0,5.285714285714286,2025-08,0.04603262439827035,112.93214437404878,0.0004605382418216841
2025-08-03,1021518,480,15248,0.516,5237.0,29.7,0.567,78.0,motorsportcom,503.0,11.142857142857142,2025-08,0.04924044412335368,112.98778005875482,0.0004926470228154844
2025-08-04,1022020,480,15254,1.703,17265.8,141.1,0.817,65.0,motorsportcom,502.0,9.285714285714286,2025-08,0.049118412555527284,113.0433051357378,0.000491425505962706
2025-08-05,1022379,480,15258,1.864,18933.2,123.2,0.651,62.0,motorsportcom,359.0,8.857142857142858,2025-08,0.035114179770906875,113.08301330832124,0.0003512651415824575
2025-08-06,1022772,479,15264,2.018,20517.7,118.7,0.579,53.0,motorsportcom,393.0,7.571428571428571,2025-08,0.038424986213936245,113.1264821434892,0.00038439756685137993
2025-08-07,1023195,480,15267,1.713,17329.6,202.6,1.169,41.0,motorsportcom,423.0,5.857142857142857,2025-08,0.04134109333997918,113.17326921034933,0.0004135819126842577
2025-08-08,1023494,480,15271,1.537,15524.5,203.2,1.309,34.0,motorsportcom,299.0,4.857142857142857,2025-08,0.02921365440344545,113.20634091954838,0.00029222191273414744
2025-08-09,1023824,480,15274,1.62,16330.7,257.9,1.579,29.0,motorsportcom,330.0,4.142857142857143,2025-08,0.03223210239259872,113.24284146816268,0.00032242494826539847
2025-08-10,1024183,481,15281,0.833,8276.6,254.5,3.075,34.0,motorsportcom,359.0,4.857142857142857,2025-08,0.03505232951533076,113.28254964074611,0.0003506462048163961
2025-08-11,1024377,482,15286,0.973,9669.1,300.3,3.106,31.0,motorsportcom,194.0,4.428571428571429,2025-08,0.01893834008377775,113.30400753902241,0.00018941927370397238
2025-08-12,1024651,483,15291,1.165,11634.8,305.8,2.628,34.0,motorsportcom,274.0,4.857142857142857,2025-08,0.026740812237532587,113.33431405514457,0.00026747964860596163
2025-08-13,1024896,485,15297,1.469,14727.3,332.3,2.256,41.0,motorsportcom,245.0,5.857142857142857,2025-08,0.02390486449356813,113.36141294729762,0.0002391058028539117
2025-08-14,1025163,485,15304,1.482,14995.6,200.9,1.34,43.0,motorsportcom,267.0,6.142857142857143,2025-08,0.02604463875500774,113.3909452093583,0.0002605142375422531
2025-08-15,1025450,485,15309,1.414,14328.8,170.5,1.19,39.0,motorsportcom,287.0,5.571428571428571,2025-08,0.027987712711492512,113.42268962588045,0.0002799554802503934
2025-08-16,1025684,487,15315,1.324,13410.2,169.6,1.265,36.0,motorsportcom,234.0,5.142857142857143,2025-08,0.022814044091552563,113.44857183307968,0.00022819250085337472
2025-08-17,1025923,487,15324,1.323,13485.8,88.5,0.656,42.0,motorsportcom,239.0,6.0,2025-08,0.023296095320993877,113.47500707889428,0.00023301523666163781
2025-08-18,1026105,489,15330,1.105,11291.6,44.9,0.398,42.0,motorsportcom,182.0,6.0,2025-08,0.017736976235375523,113.49513768449368,0.00017740122796738866
2025-08-19,1026349,490,15336,0.902,9153.8,105.6,1.154,50.0,motorsportcom,244.0,7.142857142857143,2025-08,0.023773589685379924,113.52212596892366,0.00023779242865007433
2025-08-20,1026564,491,15341,1.006,10218.1,104.5,1.023,44.0,motorsportcom,215.0,6.285714285714286,2025-08,0.020943652806839127,113.54590662938449,0.00020948040091628428
2025-08-21,1026701,495,15347,0.901,9120.3,132.2,1.45,40.0,motorsportcom,137.0,5.714285714285714,2025-08,0.013343709609711103,113.56105988744558,0.00013345490393201764
2025-08-22,1026851,495,15353,0.915,9263.2,128.7,1.389,38.0,motorsportcom,150.0,5.428571428571429,2025-08,0.01460776685225023,113.57765104590662,0.0001460990103252513
2025-08-23,1027103,496,15358,0.83,8370.4,151.4,1.809,37.0,motorsportcom,252.0,5.285714285714286,2025-08,0.02453502715891201,113.6055241921212,0.0002454104831177695
2025-08-24,1027429,497,15370,0.706,7047.8,202.8,2.877,50.0,motorsportcom,326.0,7.142857142857143,2025-08,0.031729686430887194,113.6415823098432,0.0003173975735637491
2025-08-25,1027935,497,15377,0.515,5218.9,71.5,1.37,54.0,motorsportcom,506.0,7.714285714285714,2025-08,0.04922490235277523,113.69754981771847,0.0004924914519641721
2025-08-26,1028795,498,15388,0.895,9130.8,72.9,0.798,48.0,motorsportcom,860.0,6.857142857142857,2025-08,0.08359294125651855,113.79267245956181,0.0008366287751657708
2025-08-27,1029469,498,15394,1.449,14798.2,122.5,0.828,53.0,motorsportcom,674.0,7.571428571428571,2025-08,0.06547064554639333,113.86722206491346,0.0006551353768242674
2025-08-28,1029841,498,15402,1.401,14345.3,87.9,0.613,47.0,motorsportcom,372.0,6.714285714285714,2025-08,0.036122080981433054,113.90836813789687,0.000361351337436977
2025-08-29,1030196,498,15410,0.823,8356.5,121.1,1.449,53.0,motorsportcom,355.0,7.571428571428571,2025-08,0.03445946208294344,113.94763387958801,0.0003447134072152025
2025-08-30,1030477,500,15419,0.709,7218.8,90.7,1.256,47.0,motorsportcom,281.0,6.714285714285714,2025-08,0.0272689249735802,113.97871464977169,0.0002727636294452829
2025-08-31,1030893,500,15440,0.614,6298.7,34.4,0.546,49.0,motorsportcom,416.0,7.0,2025-08,0.04035336354015402,114.02472746257035,0.0004036965405340709
2025-09-01,1031393,502,15451,0.399,4046.0,74.0,1.829,129.0,motorsportcom,500.0,18.428571428571427,2025-09,0.04847812618468421,114.08003132410718,0.00048501638870379615
2025-09-02,1031793,502,15456,1.523,15609.1,107.1,0.686,95.0,motorsportcom,400.0,13.571428571428571,2025-09,0.03876746595489599,114.12427441333664,0.0003878250094775382
2025-09-03,1032150,506,15465,1.208,12391.7,81.4,0.657,63.0,motorsportcom,357.0,9.0,2025-09,0.03458799593082401,114.16376137047392,0.00034599963364745356
2025-09-04,1032423,506,15471,1.839,18829.8,159.9,0.849,44.0,motorsportcom,273.0,6.285714285714286,2025-09,0.026442649960336025,114.19395727887304,0.00026449643947090706
2025-09-05,1032721,506,15478,1.589,16211.7,202.1,1.247,39.0,motorsportcom,298.0,5.571428571428571,2025-09,0.02885580907137552,114.22691838034899,0.00028864138051942767
2025-09-06,1033177,508,15490,1.307,13301.6,197.5,1.485,42.0,motorsportcom,456.0,6.0,2025-09,0.04413570956380175,114.27735550207056,0.00044155197773654287
2025-09-07,1033885,508,15513,1.341,13694.8,168.8,1.233,38.0,motorsportcom,708.0,5.428571428571429,2025-09,0.0684795697780701,114.35566577000674,0.000685264964280119
2025-09-08,1034283,510,15524,0.762,7860.0,22.0,0.28,85.0,motorsportcom,398.0,12.142857142857142,2025-09,0.03848076396885572,114.39968764379005,0.00038495577361108424
2025-09-09,1034501,510,15531,0.85,8636.7,159.1,1.842,76.0,motorsportcom,218.0,10.857142857142858,2025-09,0.021072961746774532,114.42380012742011,0.00021077403379932136
2025-09-10,1034728,514,15539,0.83,8452.2,132.0,1.562,63.0,motorsportcom,227.0,9.0,2025-09,0.021938132533380752,114.44890808055781,0.00021942946406050545
2025-09-11,1034857,514,15544,0.956,9791.7,97.8,0.999,49.0,motorsportcom,129.0,7.0,2025-09,0.012465490401089232,114.46317647683432,0.00012467044479325118
2025-09-12,1035145,514,15553,1.08,11111.6,63.1,0.568,40.0,motorsportcom,288.0,5.714285714285714,2025-09,0.027822189161904855,114.49503150107954,0.00027829932058254236
2025-09-13,1036058,515,15565,0.727,7498.3,38.9,0.519,52.0,motorsportcom,913.0,7.428571428571429,2025-09,0.08812247962951882,114.59601635224578,0.0008820020383617511
2025-09-14,1036836,515,15578,0.88,8828.6,294.9,3.34,73.0,motorsportcom,778.0,10.428571428571429,2025-09,0.07503597483112083,114.68206916079708,0.0007509232108626751
2025-09-15,1037146,526,15584,1.711,17575.7,167.6,0.954,58.0,motorsportcom,310.0,8.285714285714286,2025-09,0.029889716587635687,114.71635755494991,0.0002989865321034735
2025-09-16,1037417,527,15588,1.542,15812.9,183.8,1.162,50.0,motorsportcom,271.0,7.142857142857143,2025-09,0.02612257173344952,114.74633224790287,0.00026129397404028865
2025-09-17,1037619,527,15594,0.76,7797.4,93.1,1.194,43.0,motorsportcom,202.0,6.142857142857143,2025-09,0.01946764660246198,114.76867500796375,0.00019471437233042899
2025-09-18,1037934,528,15601,0.805,8268.0,82.2,0.994,38.0,motorsportcom,315.0,5.428571428571429,2025-09,0.030348750498586614,114.80351644073197,0.00030357963761273865
2025-09-19,1038310,528,15607,0.98,10141.8,36.3,0.358,40.0,motorsportcom,376.0,5.714285714285714,2025-09,0.036212691777985376,114.84510494460764,0.0003622581011895054
2025-09-20,1038845,529,15617,1.001,10352.4,44.8,0.433,36.0,motorsportcom,535.0,5.142857142857143,2025-09,0.051499501850612944,114.90428007645205,0.0005152603750324669
2025-09-21,1039408,529,15632,0.979,10113.8,60.3,0.596,44.0,motorsportcom,563.0,6.285714285714286,2025-09,0.05416544802425996,114.96655222454253,0.0005419480288204603
2025-09-22,1039778,529,15640,1.695,17559.3,65.9,0.375,74.0,motorsportcom,370.0,10.571428571428571,2025-09,0.035584519003094894,115.00747708207979,0.000355971860905413
2025-09-23,1040162,537,15647,2.036,21136.2,41.3,0.195,71.0,motorsportcom,384.0,10.142857142857142,2025-09,0.03691732633955096,115.04995044774007,0.00036930960262671064
2025-09-24,1040547,537,15654,1.931,20053.6,43.4,0.216,58.0,motorsportcom,385.0,8.285714285714286,2025-09,0.03699977031311416,115.09253442112342,0.00037013465210233853
2025-09-25,1040910,537,15662,2.11,21890.8,68.6,0.313,55.0,motorsportcom,363.0,7.857142857142857,2025-09,0.03487333198835634,115.13268502459917,0.00034885497723791126
2025-09-26,1041841,543,15671,1.075,11164.6,36.2,0.324,49.0,motorsportcom,931.0,7.0,2025-09,0.08936104453558652,115.23566081478074,0.0008944096992054007
2025-09-27,1044363,545,15687,1.143,11898.1,41.6,0.35,48.0,motorsportcom,2522.0,6.857142857142857,2025-09,0.2414869159478074,115.51461349237249,0.0024207148691595126
2025-09-28,1045786,545,15694,1.689,17599.0,65.9,0.374,58.0,motorsportcom,1423.0,8.285714285714286,2025-09,0.13606990340279942,115.67200828230631,0.001362553058658733
2025-09-29,1046542,546,15708,3.343,34804.7,186.4,0.536,76.0,motorsportcom,756.0,10.857142857142858,2025-09,0.07223790349551189,115.75562772094999,0.0007229012436578142
2025-09-30,1047558,548,15717,2.254,23445.1,162.6,0.694,63.0,motorsportcom,1016.0,9.0,2025-09,0.0969874699062009,115.86800516759281,0.0009708162691990374
2025-10-01,1048036,548,15722,2.593,27026.6,149.9,0.555,60.0,motorsportcom,478.0,8.571428571428571,2025-10,0.04560912029739436,115.92087565922202,0.00045629931707846794
2025-10-02,1048361,549,15733,2.925,30522.8,144.5,0.473,51.0,motorsportcom,325.0,7.285714285714286,2025-10,0.03100077168074738,115.95682316922095,0.00031010385139440544
2025-10-03,1048632,551,15744,0.642,6709.1,27.6,0.411,53.0,motorsportcom,271.0,7.571428571428571,2025-10,0.025843193799159288,115.98679786217392,0.0002584987423226437
2025-10-04,1049071,559,15757,0.861,8958.1,76.2,0.851,47.0,motorsportcom,439.0,6.714285714285714,2025-10,0.04184654804107634,116.03535465260326,0.0004186406670785292
2025-10-05,1049665,559,15779,0.125,1304.0,9.0,0.69,92.0,motorsportcom,594.0,13.142857142857142,2025-10,0.0565894833113422,116.10105564010902,0.0005662152513985497
2025-10-06,1050259,563,15793,0.576,5948.8,103.6,1.742,98.0,motorsportcom,594.0,14.0,2025-10,0.0565574777269226,116.16675662761477,0.0005658948331133118
2025-10-07,1050871,563,15798,1.592,16522.3,202.8,1.227,92.0,motorsportcom,612.0,13.142857142857142,2025-10,0.058237404971685384,116.23444855413585,0.0005827134068834283
2025-10-08,1051220,563,15804,1.065,11063.5,129.8,1.173,56.0,motorsportcom,349.0,8.0,2025-10,0.03319952055706703,116.27305064948854,0.0003321054629921161
2025-10-09,1051607,563,15808,0.908,9438.7,109.6,1.161,49.0,motorsportcom,387.0,7.0,2025-10,0.03680082007822314,116.31585583831804,0.00036814368067572545
2025-10-10,1051892,563,15814,0.966,10029.0,137.2,1.368,41.0,motorsportcom,285.0,5.857142857142857,2025-10,0.02709403626988322,116.34737903939406,0.00027101379127381087
2025-10-11,1052015,563,15818,0.962,9987.1,134.3,1.345,37.0,motorsportcom,123.0,5.285714285714286,2025-10,0.011691848500259026,116.36098378933211,0.00011693215653307831
2025-10-12,1052445,564,15827,0.867,9028.7,91.0,1.008,41.0,motorsportcom,430.0,5.857142857142857,2025-10,0.04085724194613495,116.40854511025378,0.0004087394191147897
2025-10-13,1052751,571,15840,0.491,5114.3,50.5,0.987,54.0,motorsportcom,306.0,7.714285714285714,2025-10,0.029066702382614693,116.4423910735143,0.00029075153570978785
2025-10-14,1053009,573,15846,0.522,5412.3,89.5,1.654,58.0,motorsportcom,258.0,8.285714285714286,2025-10,0.024501215089329724,116.47092786606731,0.0002450721965592262
2025-10-15,1053230,575,15854,0.517,5377.3,72.7,1.352,51.0,motorsportcom,221.0,7.285714285714286,2025-10,0.02098307112406597,116.49537217286661,0.00020987474940858952
2025-10-16,1053576,577,15867,0.78,8114.7,104.7,1.29,50.0,motorsportcom,346.0,7.142857142857143,2025-10,0.03284053547157491,116.53364244505009,0.00032851324022287187
2025-10-17,1054504,577,15877,1.117,11647.8,129.3,1.11,45.0,motorsportcom,928.0,6.428571428571429,2025-10,0.08800345944633685,116.63628641206243,0.0008808097375034851
2025-10-18,1055282,577,15890,0.833,8613.7,176.5,2.049,78.0,motorsportcom,778.0,11.142857142857142,2025-10,0.07372436941026189,116.72233922061375,0.0007377876233756187
2025-10-19,1056269,578,15923,0.375,3871.6,91.8,2.371,88.0,motorsportcom,987.0,12.571428571428571,2025-10,0.09344210613016192,116.83150904328743,0.0009352950206673594
2025-10-20,1057263,578,15935,0.375,3871.6,91.8,2.371,88.0,motorsportcom,994.0,12.571428571428571,2025-10,0.09401634219678547,116.94145312002264,0.000941048161027247
2025-10-21,1057925,578,15939,1.017,10706.1,54.8,0.512,103.0,motorsportcom,662.0,14.714285714285714,2025-10,0.0625753243377366,117.01467543269742,0.0006261450556768189
2025-10-22,1058673,578,15948,1.222,12840.5,94.3,0.734,67.0,motorsportcom,748.0,9.571428571428571,2025-10,0.07065448915765302,117.09741000955651,0.0007070444502208506
2025-10-23,1059320,579,15961,1.098,11470.0,166.1,1.448,53.0,motorsportcom,647.0,7.571428571428571,2025-10,0.061076917267681156,117.16897320638515,0.0006111424396391119
2025-10-24,1060430,580,15975,0.267,2814.5,12.3,0.437,80.0,motorsportcom,1110.0,11.428571428571429,2025-10,0.10467451882726819,117.2917477789969,0.0010478420118567033
2025-10-25,1061108,580,15989,1.487,15696.6,84.8,0.54,71.0,motorsportcom,678.0,10.142857142857142,2025-10,0.06389547529563437,117.36673981524086,0.0006393632771610758
2025-10-26,1061652,581,16012,0.292,3066.0,37.0,1.207,129.0,motorsportcom,544.0,18.428571428571427,2025-10,0.05124089626355906,117.42691041659292,0.0005126716601890902
2025-10-27,1062158,581,16021,0.082,858.0,11.0,1.282,126.0,motorsportcom,506.0,18.0,2025-10,0.04763886352124637,117.48287792446818,0.0004766156895104068
2025-10-28,1062599,581,16027,0.821,8602.8,124.3,1.445,82.0,motorsportcom,441.0,11.714285714285714,2025-10,0.041502015341629346,117.53165593034367,0.0004151924666575546
2025-10-29,1062873,581,16032,0.645,6743.9,110.2,1.634,67.0,motorsportcom,274.0,9.571428571428571,2025-10,0.025779185283660418,117.56196244646586,0.0002578583266124035
2025-10-30,1063271,581,16035,0.625,6515.7,131.2,2.014,44.0,motorsportcom,398.0,6.285714285714286,2025-10,0.037431661354443035,117.60598432024918,0.00037445677893788165
2025-10-31,1063603,581,16044,0.698,7297.5,122.2,1.675,39.0,motorsportcom,332.0,5.571428571428571,2025-10,0.031214654340012207,117.64270608430962,0.00031224400928842044
2025-11-01,1063800,582,16054,0.608,6401.6,65.8,1.028,45.0,motorsportcom,197.0,6.428571428571429,2025-11,0.018518518518518517,117.66449580575514,0.00018521948508976038
2025-11-02,1064010,584,16068,0.39,4021.8,124.2,3.088,87.0,motorsportcom,210.0,12.428571428571429,2025-11,0.019736656610370204,117.68772342760062,0.00019740552735481032
2025-11-03,1064359,584,16088,0.099,1044.0,7.0,0.67,130.0,motorsportcom,349.0,18.571428571428573,2025-11,0.03278968844158785,117.72632552295332,0.0003280044360485235
2025-11-04,1064683,584,16095,0.44,4597.8,84.0,1.827,89.0,motorsportcom,324.0,12.714285714285714,2025-11,0.03043159325357877,117.76216242522919,0.0003044085689132281
2025-11-05,1064934,584,16104,0.468,4833.0,153.9,3.184,73.0,motorsportcom,251.0,10.428571428571429,2025-11,0.023569535764657715,117.78992496372067,0.00023575092304461975
2025-11-06,1065245,584,16109,0.629,6534.4,165.7,2.536,47.0,motorsportcom,311.0,6.714285714285714,2025-11,0.029195161676421857,117.82432396559656,0.00029203687740264606
2025-11-07,1065268,584,16118,0.625,6523.3,135.0,2.07,44.0,motorsportcom,23.0,6.285714285714286,2025-11,0.0021590810950859315,117.82686794322727,2.1591277123977903e-05
2025-11-08,1065495,584,16130,0.664,6976.7,98.7,1.415,39.0,motorsportcom,227.0,5.571428571428571,2025-11,0.021304651828492862,117.85197589636498,0.000213091916775765
2025-11-09,1065997,584,16150,10.831,115330.0,132.0,0.114,130.0,motorsportcom,502.0,18.571428571428573,2025-11,0.04709206498704968,117.90750097334796,0.00047114252061253303
2025-11-10,1066463,584,16156,0.873,9230.2,77.6,0.841,82.0,motorsportcom,466.0,11.714285714285714,2025-11,0.04369584317505624,117.95904417230028,0.00043714944788764143
2025-11-11,1066900,586,16163,1.324,14018.2,107.1,0.764,67.0,motorsportcom,437.0,9.571428571428571,2025-11,0.04095979004592745,118.00737974728348,0.0004097657396460175
2025-11-12,1067213,586,16171,1.502,15863.8,170.2,1.073,64.0,motorsportcom,313.0,9.142857142857142,2025-11,0.029328728192029144,118.04199996460554,0.00029337332458534426
2025-11-13,1067673,587,16178,1.234,13022.0,150.7,1.157,48.0,motorsportcom,460.0,6.857142857142857,2025-11,0.04308435260608819,118.0928795172194,0.0004310292322151632
2025-11-14,1068109,587,16186,0.415,4377.9,53.3,1.217,43.0,motorsportcom,436.0,6.142857142857143,2025-11,0.040819803971317535,118.14110448447951,0.00040836473339678214
2025-11-15,1068591,587,16200,0.877,9298.5,69.1,0.743,55.0,motorsportcom,482.0,7.857142857142857,2025-11,0.045106125730050135,118.19441740700103,0.0004512648053709434
2025-11-16,1069038,592,16206,0.95,10082.4,73.4,0.728,52.0,motorsportcom,447.0,7.428571428571429,2025-11,0.041813293821173804,118.24385905921496,0.000418307846500765
2025-11-17,1069416,592,16214,0.537,5685.7,54.7,0.962,47.0,motorsportcom,378.0,6.714285714285714,2025-11,0.03534639466774389,118.28566877853679,0.0003535889276153892
2025-11-18,1069613,595,16218,0.43,4527.9,67.8,1.497,42.0,motorsportcom,197.0,6.0,2025-11,0.018417876372108417,118.3074584999823,0.00018421269178681143
2025-11-19,1069799,596,16226,0.528,5579.8,65.8,1.179,38.0,motorsportcom,186.0,5.428571428571429,2025-11,0.017386443621652294,118.328031536474,0.00017389467031536654
2025-11-20,1070052,601,16240,0.902,9571.2,76.4,0.798,38.0,motorsportcom,253.0,5.428571428571429,2025-11,0.0236437107729344,118.35601529041165,0.00023649302345574164
2025-11-21,1070350,601,16251,0.785,8376.8,28.8,0.344,50.0,motorsportcom,298.0,7.142857142857143,2025-11,0.02784136030270472,118.3889763918876,0.000278491138748338
2025-11-22,1070646,602,16263,0.591,6265.3,59.6,0.951,78.0,motorsportcom,296.0,11.142857142857142,2025-11,0.02764685993316185,118.4217162779174,0.0002765450553556814
2025-11-23,1071574,602,16283,1.164,12387.0,91.0,0.735,103.0,motorsportcom,928.0,14.714285714285714,2025-11,0.08660157861239635,118.52436024492974,0.0008667664195260993
2025-11-24,1072098,606,16288,0.977,10381.3,98.3,0.947,80.0,motorsportcom,524.0,11.428571428571429,2025-11,0.04887612886135409,118.58231869182035,0.0004890002930268977
2025-11-25,1072466,606,16292,1.717,18306.0,110.5,0.604,68.0,motorsportcom,368.0,9.714285714285714,2025-11,0.034313442104458323,118.62302233391145,0.0003432522026904916
2025-11-26,1072766,606,16296,1.861,19855.7,110.7,0.558,47.0,motorsportcom,300.0,6.714285714285714,2025-11,0.027965092107691703,118.65620465083353,0.00027972914759066825
2025-11-27,1073101,606,16303,1.711,18260.7,101.4,0.555,38.0,motorsportcom,335.0,5.428571428571429,2025-11,0.03121793754735109,118.69325823806321,0.00031227686186929837
2025-11-28,1073352,606,16314,0.59,6285.2,45.0,0.716,35.0,motorsportcom,251.0,5.0,2025-11,0.023384686477502255,118.72102077655471,0.00023390156192193423
2025-11-29,1073626,606,16324,0.24,2549.4,22.8,0.894,54.0,motorsportcom,274.0,7.714285714285714,2025-11,0.025520991481204815,118.75132729267688,0.0002552750635391732
2025-11-30,1074346,606,16339,0.659,7025.8,53.2,0.757,48.0,motorsportcom,720.0,6.857142857142857,2025-11,0.06701751577238618,118.83096485328993,0.0006706245936667354
2025-12-01,1075118,606,16347,1.399,14946.9,92.3,0.618,65.0,motorsportcom,772.0,9.285714285714286,2025-12,0.07180607151959134,118.91635401550278,0.000718576696892903
2025-12-02,1075798,608,16354,1.718,18362.7,115.7,0.63,62.0,motorsportcom,680.0,8.857142857142858,2025-12,0.06320889237570622,118.99156726719286,0.0006324887128668077
2025-12-03,1076152,608,16362,2.048,21903.1,132.6,0.605,49.0,motorsportcom,354.0,7.0,2025-12,0.03289498137809529,119.03072240116094,0.00032905805736760385
2025-12-04,1076588,608,16372,1.976,21111.1,157.6,0.747,48.0,motorsportcom,436.0,6.857142857142857,2025-12,0.04049831504716753,119.07894736842107,0.00040514722827267313
2025-12-05,1077118,608,16383,1.087,11601.1,102.1,0.88,49.0,motorsportcom,530.0,7.0,2025-12,0.04920537954058887,119.13756946165009,0.0004922960315367764
2025-12-06,1077668,608,16396,0.964,10320.5,72.5,0.702,63.0,motorsportcom,550.0,9.0,2025-12,0.051036126153880416,119.19840370934061,0.0005106218631569792
2025-12-07,1078653,609,16420,0.323,3418.0,61.0,1.785,133.0,motorsportcom,985.0,19.0,2025-12,0.09131759704001194,119.30735231656814,0.0009140106229377221
2025-12-08,1079711,609,16431,0.534,5725.3,41.3,0.721,98.0,motorsportcom,1058.0,14.0,2025-12,0.09798918414279376,119.42437528758008,0.0009808529712520553
2025-12-09,1080024,610,16440,4.425,47609.4,181.0,0.38,77.0,motorsportcom,313.0,11.0,2025-12,0.028980837462871195,119.45899550490213,0.0002898923878704718
2025-12-10,1080532,610,16445,3.075,33082.2,145.8,0.441,64.0,motorsportcom,508.0,9.142857142857142,2025-12,0.04701387834881336,119.51518422822356,0.0004703599179276541
2025-12-11,1081079,610,16450,1.594,17141.3,92.9,0.542,49.0,motorsportcom,547.0,7.0,2025-12,0.05059759740037499,119.57568665274485,0.0005062321152913274
2025-12-12,1081479,610,16456,1.381,14845.9,93.0,0.626,40.0,motorsportcom,400.0,5.714285714285714,2025-12,0.03698638623588623,119.6199297419743,0.00037000071225135045
2025-12-13,1081852,611,16460,0.883,9476.9,71.8,0.758,37.0,motorsportcom,373.0,5.285714285714286,2025-12,0.034477913799669455,119.66118642268077,0.0003448980516496114
2025-12-14,1082231,611,16463,0.73,7850.6,54.6,0.695,33.0,motorsportcom,379.0,4.714285714285714,2025-12,0.035020249835755954,119.70310674972569,0.0003503251831118437
2025-12-15,1082400,611,16466,0.974,10488.2,56.0,0.534,30.0,motorsportcom,169.0,4.285714285714286,2025-12,0.015613451589061345,119.72179945492513,0.00015615889768461066
2025-12-16,1082597,612,16471,0.961,10310.6,87.9,0.853,29.0,motorsportcom,197.0,4.142857142857143,2025-12,0.018196983734482915,119.74358917637065,0.0001820029563932568
2025-12-17,1082736,612,16478,1.031,11089.9,74.3,0.67,29.0,motorsportcom,139.0,4.142857142857143,2025-12,0.012837847822553235,119.75896364987788,0.00012839496137528883
2025-12-18,1083196,613,16484,1.354,14582.0,85.6,0.587,33.0,motorsportcom,460.0,4.714285714285714,2025-12,0.04246692196056854,119.80984320249178,0.0004248496401708657
2025-12-19,1083596,613,16490,0.983,10564.7,86.9,0.823,34.0,motorsportcom,400.0,4.857142857142857,2025-12,0.03691412666713425,119.85408629172123,0.00036927758226590335
2025-12-20,1083885,613,16494,1.152,12413.5,73.1,0.589,35.0,motorsportcom,289.0,5.0,2025-12,0.02666334528109532,119.88605192368954,0.0002667045651700839
2025-12-21,1084092,613,16496,1.094,11794.5,64.3,0.545,34.0,motorsportcom,207.0,4.857142857142857,2025-12,0.019094320408231037,119.90894772236578,0.00019097967035253127
2025-12-22,1084267,613,16499,1.127,12157.0,66.9,0.55,31.0,motorsportcom,175.0,4.428571428571429,2025-12,0.016139936012070828,119.92830407390365,0.00016142541407915267
2025-12-23,1084384,613,16503,0.959,10338.9,61.6,0.596,29.0,motorsportcom,117.0,4.142857142857143,2025-12,0.010789535810192699,119.94124517750326,0.00010790700076634963
2025-12-24,1084521,613,16508,0.91,9809.9,62.8,0.64,27.0,motorsportcom,137.0,3.857142857142857,2025-12,0.012632304953062227,119.95639843556435,0.00012633900905956175
2025-12-25,1084577,613,16512,0.768,8262.5,66.4,0.804,26.0,motorsportcom,56.0,3.7142857142857144,2025-12,0.0051633032970457605,119.9625924680565,5.1635699078289576e-05
2025-12-26,1084581,613,16515,0.501,5367.3,65.5,1.22,24.0,motorsportcom,4.0,3.4285714285714284,2025-12,0.0003688060181766046,119.96303489894879,3.688073783703061e-06
2025-12-27,1084621,613,16519,0.444,4740.0,77.4,1.633,24.0,motorsportcom,40.0,3.4285714285714284,2025-12,0.003687924168903239,119.96745920787173,3.688060181761266e-05
2025-12-28,1084637,613,16524,0.64,6865.9,77.5,1.129,26.0,motorsportcom,16.0,3.7142857142857144,2025-12,0.0014751479066268253,119.96922893144091,1.4751696675530113e-05
2025-12-29,1084660,615,16528,0.555,5946.3,70.1,1.179,27.0,motorsportcom,23.0,3.857142857142857,2025-12,0.002120480150461896,119.97177290907159,2.1205251157674354e-05
2025-12-30,1084649,616,16533,0.585,6271.5,69.0,1.1,27.0,motorsportcom,-11.0,3.857142857142857,2025-12,-0.0010141529656137608,119.97055622411779,-1.014142680655361e-05
2025-12-31,1084722,616,16536,0.697,7499.7,57.7,0.769,27.0,motorsportcom,73.0,3.857142857142857,2025-12,0.0067298349254463355,119.97863058790217,6.730287862710682e-05
2026-01-01,1084697,616,16540,0.768,8262.3,66.1,0.8,27.0,motorsportcom,-25.0,3.857142857142857,2026-01,-0.002304791107562757,119.97586539482532,-2.304737988167993e-05
2026-01-02,1084610,616,16543,0.626,6714.8,73.1,1.089,28.0,motorsportcom,-87.0,4.0,2026-01,-0.008021316417882927,119.96624252291792,-8.020673054320859e-05
2026-01-03,1084648,616,16549,0.689,7374.6,95.0,1.288,26.0,motorsportcom,38.0,3.7142857142857144,2026-01,0.003503440747597377,119.97044561639471,3.50356349287928e-05
2026-01-04,1084734,616,16552,0.781,8374.0,96.8,1.156,23.0,motorsportcom,86.0,3.2857142857142856,2026-01,0.007928210971537722,119.97995788057905,7.928839586668346e-05
2026-01-05,1084772,616,16556,0.783,8405.1,93.1,1.108,24.0,motorsportcom,38.0,3.4285714285714284,2026-01,0.0035030402702134643,119.98416097405584,3.5031629874282544e-05
2026-01-06,1084890,616,16562,0.818,8783.9,89.0,1.013,24.0,motorsportcom,118.0,3.4285714285714284,2026-01,0.010876678741623576,119.99721268537856,0.00010877861891711582
2026-01-07,1085241,616,16568,0.804,8639.4,83.8,0.97,26.0,motorsportcom,351.0,3.7142857142857144,2026-01,0.03234304638324575,120.0360359961774,0.00032353510494154136
2026-01-08,1085429,616,16573,0.803,8609.1,112.3,1.304,24.0,motorsportcom,188.0,3.4285714285714284,2026-01,0.017320340621081617,120.05683024811525,0.00017323341082753352
2026-01-09,1085602,616,16577,1.006,10813.6,104.5,0.966,26.0,motorsportcom,173.0,3.7142857142857144,2026-01,0.01593585862958985,120.075965384207,0.00015938398550252586
2026-01-10,1085767,616,16579,0.865,9292.2,104.9,1.129,22.0,motorsportcom,165.0,3.142857142857143,2026-01,0.015196630584646615,120.09421565851414,0.00015198940311456077
2026-01-11,1085790,616,16583,0.803,8614.2,103.4,1.2,24.0,motorsportcom,23.0,3.4285714285714284,2026-01,0.0021182733309387633,120.09675963614484,2.1183182027151304e-05
2026-01-12,1085821,617,16589,0.721,7722.8,101.2,1.31,24.0,motorsportcom,31.0,3.4285714285714284,2026-01,0.0028549825431631918,120.10018847556012,2.855064054751999e-05
2026-01-13,1085922,617,16595,0.683,7265.5,146.8,2.021,26.0,motorsportcom,101.0,3.7142857142857144,2026-01,0.009300852179069952,120.11135985559056,9.301717318055402e-05
2026-01-14,1086030,617,16596,0.394,4099.8,183.2,4.469,24.0,motorsportcom,108.0,3.4285714285714284,2026-01,0.00994447667191514,120.12330548968251,9.945465696437061e-05
2026-01-15,1086053,617,16599,0.443,4622.0,185.8,4.02,22.0,motorsportcom,23.0,3.142857142857143,2026-01,0.002117760367127571,120.1258494673132,2.1178052171721973e-05
2026-01-16,1086388,618,16609,0.556,5762.6,275.6,4.783,29.0,motorsportcom,335.0,4.142857142857143,2026-01,0.030836128528665633,120.1629030545429,0.000308456401298951
2026-01-17,1086825,618,16612,0.76,8013.3,246.8,3.08,27.0,motorsportcom,437.0,3.857142857142857,2026-01,0.040208865272698,120.21123862952608,0.00040225039304564447
2026-01-18,1086997,618,16615,0.886,9458.5,175.9,1.86,27.0,motorsportcom,172.0,3.857142857142857,2026-01,0.015823410736184186,120.23026315789474,0.00015825914935696517
2026-01-19,1087100,618,16620,0.984,10660.4,34.4,0.323,24.0,motorsportcom,103.0,3.4285714285714284,2026-01,0.009474749333088034,120.24165575337132,9.475647126899744e-05
2026-01-20,1087283,618,16625,0.951,10294.4,42.5,0.413,24.0,motorsportcom,183.0,3.4285714285714284,2026-01,0.016830944657462682,120.2618969666938,0.0001683377794130525
2026-01-21,1087449,618,16640,0.977,10565.4,57.1,0.54,26.0,motorsportcom,166.0,3.7142857142857144,2026-01,0.01526508369587907,120.28025784872402,0.00015267414279440672
2026-01-22,1088246,619,16653,0.621,6686.2,74.1,1.108,41.0,motorsportcom,797.0,5.857142857142857,2026-01,0.07323711734295371,120.36841220401374,0.0007329079340732125
2026-01-23,1088870,619,16664,0.816,8722.8,167.5,1.92,58.0,motorsportcom,624.0,8.285714285714286,2026-01,0.057307116552021815,120.4374314232117,0.0005733997643915245
2026-01-24,1089260,619,16670,1.194,12836.0,168.9,1.316,58.0,motorsportcom,390.0,8.285714285714286,2026-01,0.035804123900629786,120.48056843521042,0.00035816947845024316
2026-01-25,1089574,619,16678,1.223,13187.9,133.8,1.015,50.0,motorsportcom,314.0,7.142857142857143,2026-01,0.02881860249969254,120.51529926025555,0.0002882691001229176
2026-01-26,1089825,619,16681,0.936,10134.8,61.8,0.61,46.0,motorsportcom,251.0,6.571428571428571,2026-01,0.02303122060881334,120.54306179874703,0.00023036526201991592
2026-01-27,1089972,620,16683,0.999,10830.7,54.0,0.499,38.0,motorsportcom,147.0,5.428571428571429,2026-01,0.01348658497649481,120.55932113403887,0.00013488404101580365
2026-01-28,1090098,620,16690,0.971,10529.8,50.5,0.48,34.0,motorsportcom,126.0,4.857142857142857,2026-01,0.011558593814501082,120.57325770714615,0.00011559929979854111
2026-01-29,1090311,621,16696,0.786,8514.9,52.2,0.613,30.0,motorsportcom,213.0,4.285714285714286,2026-01,0.019535710453255997,120.59681715216084,0.00019539527638801069
2026-01-30,1090475,621,16701,0.764,8271.7,56.3,0.681,28.0,motorsportcom,164.0,4.0,2026-01,0.015039317728512804,120.61495681874493,0.00015041579879504496
2026-01-31,1090654,621,16705,0.718,7795.0,36.3,0.466,27.0,motorsportcom,179.0,3.857142857142857,2026-01,0.016412171045996255,120.63475560117509,0.00016414865081726404
2026-02-01,1090727,621,16708,0.453,4886.8,49.4,1.011,24.0,motorsportcom,73.0,3.4285714285714284,2026-02,0.006692783803829923,120.64282996495947,6.693231767362917e-05
2026-02-02,1090778,622,16713,0.513,5545.6,52.2,0.941,29.0,motorsportcom,51.0,4.142857142857143,2026-02,0.004675561846681909,120.64847095883624,4.675780465679402e-05
2026-02-03,1090925,622,16717,0.472,5098.1,50.9,0.998,27.0,motorsportcom,147.0,3.857142857142857,2026-02,0.013474803492449068,120.66473029412805,0.00013476619440444537
2026-02-04,1090979,622,16721,0.545,5899.9,45.6,0.773,27.0,motorsportcom,54.0,3.857142857142857,2026-02,0.004949682807826731,120.67070311117402,4.9499278135467506e-05
2026-02-05,1091026,625,16732,0.612,6631.1,41.5,0.626,36.0,motorsportcom,47.0,5.142857142857143,2026-02,0.0043078716730857005,120.6759016741585,4.3080572586617905e-05
2026-02-06,1091085,626,16736,0.619,6713.0,41.1,0.612,41.0,motorsportcom,59.0,5.857142857142857,2026-02,0.005407461380185778,120.68242752981983,5.4077538023777905e-05
2026-02-07,1091168,626,16739,0.502,5444.8,34.6,0.635,35.0,motorsportcom,83.0,5.0,2026-02,0.007606528050675973,120.69160797083495,7.607106687390619e-05
2026-02-08,1091161,626,16743,0.476,5164.5,31.9,0.618,32.0,motorsportcom,-7.0,4.571428571428571,2026-02,-0.0006415185293462651,120.69083371677345,-6.415144139126916e-06
2026-02-09,1091209,626,16755,0.325,3520.3,21.6,0.614,41.0,motorsportcom,48.0,5.857142857142857,2026-02,0.004398790699123633,120.69614288748099,4.398984201237077e-05
2026-02-10,1091311,626,16763,0.303,3290.7,20.1,0.611,37.0,motorsportcom,102.0,5.285714285714286,2026-02,0.009346556572782645,120.7074248752345,9.347430235639997e-05
2026-02-11,1091423,626,16771,1.124,12186.0,81.7,0.67,41.0,motorsportcom,112.0,5.857142857142857,2026-02,0.010261832488411917,120.71981294021874,0.00010262885648537612
2026-02-12,1091506,629,16779,1.292,13967.4,129.4,0.926,52.0,motorsportcom,83.0,7.428571428571429,2026-02,0.007604172583568024,120.72899338123386,7.604750861944787e-05
2026-02-13,1091679,629,16785,0.302,3263.5,33.0,1.011,54.0,motorsportcom,173.0,7.714285714285714,2026-02,0.01584714920777994,120.7481285173256,0.0001584966092720297
2026-02-14,1091902,633,16799,0.165,1784.3,18.0,1.009,63.0,motorsportcom,223.0,9.0,2026-02,0.020423078261602234,120.77279403957102,0.00020427250134891217
2026-02-15,1092352,633,16808,0.183,1983.8,12.4,0.625,66.0,motorsportcom,450.0,9.428571428571429,2026-02,0.04119551206936958,120.82256751495417,0.0004121248976556302
2026-02-16,1092795,634,16822,0.328,3567.0,21.2,0.594,77.0,motorsportcom,443.0,11.0,2026-02,0.040538252828755617,120.8715667362758,0.0004055469299273362
2026-02-17,1093031,634,16826,0.635,6910.4,28.6,0.414,72.0,motorsportcom,236.0,10.285714285714286,2026-02,0.021591336384786892,120.89767015892117,0.00021595999249623965
2026-02-18,1093014,635,16830,0.345,3739.1,34.4,0.92,62.0,motorsportcom,-17.0,8.857142857142858,2026-02,-0.0015553323196226215,120.89578982762892,-1.555308129408406e-05
2026-02-19,1093028,635,16834,0.336,3635.7,32.7,0.899,48.0,motorsportcom,14.0,6.857142857142857,2026-02,0.0012808455044152575,120.89733833575195,1.2808619102688823e-05
2026-02-20,1093055,635,16838,0.344,3728.9,32.9,0.882,40.0,motorsportcom,27.0,5.714285714285714,2026-02,0.0024701410267552867,120.90032474427494,2.4702020442246564e-05
2026-02-21,1093149,635,16843,0.321,3477.8,35.7,1.027,33.0,motorsportcom,94.0,4.714285714285714,2026-02,0.008599010747848647,120.91072187024388,8.599750241300441e-05
2026-02-22,1093203,635,16847,0.342,3705.3,31.2,0.842,32.0,motorsportcom,54.0,4.571428571428571,2026-02,0.0049396132282842255,120.91669468728985,4.939857238128731e-05
2026-02-23,1093276,635,16856,0.805,8751.1,45.3,0.518,36.0,motorsportcom,73.0,5.142857142857143,2026-02,0.006677179413066783,120.92476905107424,6.677625290096856e-05
2026-02-24,1093283,636,16863,0.688,7496.9,27.4,0.365,43.0,motorsportcom,7.0,6.142857142857143,2026-02,0.0006402733784390684,120.92554330513575,6.4027747797013035e-06
2026-02-25,1093350,639,16867,0.812,8855.9,26.8,0.303,42.0,motorsportcom,67.0,6.0,2026-02,0.006127955366534047,120.93295402258167,6.128330907917423e-05
2026-02-26,1093429,640,16875,0.077,839.3,7.4,0.882,18.0,motorsportcom,79.0,2.5714285714285716,2026-02,0.007224977570560138,120.94169203270448,7.225499611296371e-05
2026-02-27,1093421,642,16882,0.403,4365.2,41.3,0.946,40.0,motorsportcom,-8.0,5.714285714285714,2026-02,-0.0007316486513428953,120.94080717091991,-7.3164329827957175e-06
2026-02-28,1093504,642,16890,0.241,2583.5,50.0,1.935,39.0,motorsportcom,83.0,5.571428571428571,2026-02,0.007590278590659019,120.949987611935,7.590854757677512e-05
2026-03-01,1093549,643,16902,0.33,3576.8,36.2,1.012,48.0,motorsportcom,45.0,6.857142857142857,2026-03,0.00411504194142192,120.95496495947333,4.115211284094755e-05
2026-03-02,1093600,644,16915,0.163,1776.3,10.6,0.597,80.0,motorsportcom,51.0,11.428571428571429,2026-03,0.004663496708119971,120.9606059533501,4.663714200270341e-05
2026-03-03,1093796,646,16921,0.477,5190.3,28.3,0.545,69.0,motorsportcom,196.0,9.857142857142858,2026-03,0.01791924636769562,120.98228506707251,0.00017922457937080694
2026-03-04,1093645,647,16928,0.484,5226.6,61.9,1.184,61.0,motorsportcom,-151.0,8.714285714285714,2026-03,-0.013807039761531392,120.9655833008884,-0.00013805133681232817
2026-03-05,1093796,647,16944,0.17,1844.0,10.6,0.575,76.0,motorsportcom,151.0,10.857142857142858,2026-03,0.01380513368123489,120.98228506707251,0.00013807039761526418
2026-03-06,1094059,647,16959,0.045,477.0,16.0,3.354,116.0,motorsportcom,263.0,16.571428571428573,2026-03,0.024038922946568696,121.0113748982409,0.0002404470303420947
2026-03-07,1094501,647,16982,1.073,11685.0,62.0,0.531,127.0,motorsportcom,442.0,18.142857142857142,2026-03,0.040383699969209715,121.06026351183945,0.0004040001499006074
2026-03-08,1095017,647,17014,0.403,4364.0,51.0,1.169,204.0,motorsportcom,516.0,29.142857142857142,2026-03,0.04712255608817032,121.11733709694545,0.00047144771909746197
2026-03-09,1095272,648,17026,0.236,2569.0,18.0,0.701,142.0,motorsportcom,255.0,20.285714285714285,2026-03,0.02328188796938112,121.14554206632924,0.00023287309694741687
2026-03-10,1095497,648,17033,0.305,3314.4,23.0,0.694,79.0,motorsportcom,225.0,11.285714285714286,2026-03,0.02053862310896333,121.1704288040208,0.00020542842325932398
2026-03-11,1095683,648,17039,0.481,5223.7,48.8,0.934,67.0,motorsportcom,186.0,9.571428571428571,2026-03,0.016975712865856273,121.1910018405125,0.0001697859510341182
2026-03-12,1095888,648,17052,0.637,6932.4,49.4,0.713,51.0,motorsportcom,205.0,7.285714285714286,2026-03,0.018706291153840537,121.21367642374261,0.0001870979106182169
2026-03-13,1096125,648,17063,1.34,14585.2,102.2,0.701,80.0,motorsportcom,237.0,11.428571428571429,2026-03,0.021621621621621623,121.23989045411108,0.00021626297577848064
2026-03-14,1096428,650,17083,0.564,6155.7,28.0,0.455,105.0,motorsportcom,303.0,15.0,2026-03,0.027635193555801203,121.27340459420239,0.0002764283270613177
2026-03-15,1097276,653,17121,0.521,5680.0,37.0,0.651,312.0,motorsportcom,848.0,44.57142857142857,2026-03,0.07728228813899146,121.36719994336885,0.0007734205985254761
2026-03-16,1097676,653,17130,0.547,5938.0,69.0,1.162,117.0,motorsportcom,400.0,16.714285714285715,2026-03,0.03644062546689551,121.4114430325983,0.000364539094995342
2026-03-17,1097865,654,17136,0.904,9860.2,59.7,0.605,89.0,motorsportcom,189.0,12.714285714285714,2026-03,0.017215231380907487,121.43234789225923,0.0001721819553310855
2026-03-18,1098092,654,17139,0.825,9010.1,50.1,0.556,56.0,motorsportcom,227.0,8.0,2026-03,0.020672220542541062,121.45745584539695,0.00020676494833149484
2026-03-19,1098295,654,17148,0.745,8133.4,43.9,0.54,48.0,motorsportcom,203.0,6.857142857142857,2026-03,0.01848319440587456,121.4799092131809,0.00018486611322177104
2026-03-20,1098554,654,17158,0.388,4172.3,94.3,2.26,47.0,motorsportcom,259.0,6.714285714285714,2026-03,0.023576446856504094,121.50855661345699,0.000235820066557757
2026-03-21,1099203,654,17173,0.442,4733.7,124.4,2.628,49.0,motorsportcom,649.0,7.0,2026-03,0.05904277917727663,121.58034102573178,0.0005907766026977956
2026-03-22,1099490,654,17181,0.89,9746.7,39.8,0.408,77.0,motorsportcom,287.0,11.0,2026-03,0.026103011396192782,121.61208544225393,0.0002610982684727592
2026-03-23,1099490,654,17195,1.057,11436.6,186.0,1.626,78.0,motorsportcom,0.0,11.142857142857142,2026-03,0.0,121.61208544225393,0.0
2026-03-24,1099579,655,17202,0.323,3528.6,18.7,0.53,58.0,motorsportcom,89.0,8.285714285714286,2026-03,0.008094006888090805,121.62192952960747,8.094662070590175e-05
2026-03-25,1099728,655,17212,0.216,2353.1,19.3,0.82,51.0,motorsportcom,149.0,7.285714285714286,2026-03,0.013548804795367582,121.63841008034547,0.0001355064074524126
2026-03-26,1100026,655,17216,0.344,3706.4,81.1,2.188,45.0,motorsportcom,298.0,6.428571428571429,2026-03,0.02709026877546531,121.67137118182141,0.000270976095907427
2026-03-27,1100180,656,17223,0.582,6293.9,104.1,1.654,42.0,motorsportcom,154.0,6.0,2026-03,0.013997709465723792,121.68840477117475,0.00013999669098740952
2026-03-28,1100314,656,17243,0.633,6791.5,173.2,2.55,58.0,motorsportcom,134.0,8.285714285714286,2026-03,0.012178341818789908,121.70322620606662,0.00012179825119518206
2026-03-29,1100674,656,17268,0.341,3641.0,116.0,3.186,154.0,motorsportcom,360.0,22.0,2026-03,0.03270723211414097,121.74304498637314,0.00032717933244508224
2026-03-30,1100895,658,17281,0.531,5836.0,10.0,0.171,141.0,motorsportcom,221.0,20.142857142857142,2026-03,0.020074575686146272,121.7674892931724,0.00020078606381179753
2026-03-31,1101110,658,17286,0.495,5392.8,52.8,0.979,83.0,motorsportcom,215.0,11.857142857142858,2026-03,0.01952575128733732,121.79126995363325,0.00019529564581555192
2026-04-01,1101364,658,17295,0.893,9783.2,49.3,0.504,58.0,motorsportcom,254.0,8.285714285714286,2026-04,0.023062311824247023,121.81936431529394,0.00023067631753415085
2026-04-02,1101523,658,17299,0.893,9776.6,62.2,0.636,50.0,motorsportcom,159.0,7.142857142857143,2026-04,0.014434560149901545,121.83695094326265,0.00014436644015969335
2026-04-03,1101651,659,17304,0.907,9899.5,93.6,0.946,41.0,motorsportcom,128.0,5.857142857142857,2026-04,0.011618924686674817,121.85110873181608,0.0001162027483765371
2026-04-04,1101709,659,17307,0.841,9182.3,87.9,0.957,35.0,motorsportcom,58.0,5.0,2026-04,0.005264548079393016,121.85752397975436,5.2648252486520164e-05
2026-04-05,1101673,659,17313,0.528,5717.4,104.7,1.831,35.0,motorsportcom,-36.0,5.0,2026-04,-0.0032677573109262006,121.8535421017237,-3.267650532035038e-05
2026-04-06,1101713,659,17316,0.508,5478.7,114.4,2.088,32.0,motorsportcom,40.0,4.571428571428571,2026-04,0.0036307096312742067,121.85796641064665,3.630841456581102e-05
2026-04-07,1101684,660,17320,0.363,3914.3,79.7,2.036,31.0,motorsportcom,-29.0,4.428571428571429,2026-04,-0.0026323337726607632,121.85475878667754,-2.632264482671509e-05
2026-04-08,1101692,660,17324,0.423,4572.0,91.8,2.008,27.0,motorsportcom,8.0,3.857142857142857,2026-04,0.0007261557676737237,121.8556436484621,7.2616104074274546e-06
2026-04-09,1101652,660,17330,0.379,4104.3,69.0,1.681,33.0,motorsportcom,-40.0,4.714285714285714,2026-04,-0.003630910668704818,121.85121933953917,-3.630778838370485e-05
2026-04-10,1101663,660,17335,0.497,5430.8,46.1,0.849,30.0,motorsportcom,11.0,4.285714285714286,2026-04,0.00099849046396221,121.85243602449299,9.985004338908254e-06
2026-04-11,1101711,660,17339,0.613,6703.9,49.9,0.744,33.0,motorsportcom,48.0,4.714285714285714,2026-04,0.004356859466774862,121.85774519520052,4.357049297287752e-05
2026-04-12,1101763,660,17342,0.86,9421.8,58.6,0.622,30.0,motorsportcom,52.0,4.285714285714286,2026-04,0.004719708322025699,121.86349679680033,4.719931089014473e-05
2026-04-13,1101707,660,17353,0.839,9157.7,82.4,0.9,40.0,motorsportcom,-56.0,5.714285714285714,2026-04,-0.0050830211662447455,121.85730276430822,-5.082762808339414e-05
2026-04-14,1101650,659,17358,0.647,7055.0,74.3,1.053,40.0,motorsportcom,-57.0,5.714285714285714,2026-04,-0.0051740570961739205,121.85099812409301,-5.173789401358153e-05
2026-04-15,1101595,659,17366,0.409,4443.7,58.5,1.316,40.0,motorsportcom,-55.0,5.714285714285714,2026-04,-0.004992760497278945,121.84491469932397,-4.992511233148367e-05
2026-04-16,1101621,659,17374,0.511,5564.7,65.7,1.181,44.0,motorsportcom,26.0,6.285714285714286,2026-04,0.002360158348470118,121.84779050012389,2.3602140532652527e-05
2026-04-17,1101664,659,17380,0.498,5366.9,116.8,2.176,44.0,motorsportcom,43.0,6.285714285714286,2026-04,0.003903186452493682,121.85254663221605,3.9033388070874864e-05
2026-04-18,1102408,661,17390,0.328,3491.7,124.0,3.551,39.0,motorsportcom,744.0,5.571428571428571,2026-04,0.06748862490112553,121.93483877818285,0.0006753420280594113
2026-04-19,1103076,661,17405,0.55,5916.3,146.8,2.481,50.0,motorsportcom,668.0,7.142857142857143,2026-04,0.06055793073188066,122.00872473719603,0.0006059462558327677
2026-04-20,1103185,663,17414,1.598,17411.9,211.9,1.217,58.0,motorsportcom,109.0,8.285714285714286,2026-04,0.00988048242135272,122.02078097901108,9.88145875715496e-05
2026-04-21,1103225,663,17420,0.681,7470.2,46.2,0.618,58.0,motorsportcom,40.0,8.285714285714286,2026-04,0.003625733644542138,122.02520528793403,3.625865108758397e-05
2026-04-22,1103293,664,17427,0.574,6289.9,48.4,0.769,52.0,motorsportcom,68.0,7.428571428571429,2026-04,0.006163367301342435,122.03272661310302,6.163747195730984e-05
2026-04-23,1103291,664,17429,0.456,4935.3,91.1,1.846,43.0,motorsportcom,-2.0,6.142857142857143,2026-04,-0.00018127583747170963,122.03250539765689,-1.812755088592688e-06
2026-04-24,1103383,664,17437,0.362,3899.1,92.4,2.37,40.0,motorsportcom,92.0,5.714285714285714,2026-04,0.008337993244412865,122.04268130817965,8.338688523701343e-05
2026-04-25,1103465,665,17448,0.229,2412.6,115.3,4.779,42.0,motorsportcom,82.0,6.0,2026-04,0.007431137371824208,122.05175114147171,7.431689630887917e-05
2026-04-26,1103674,667,17464,0.262,2858.8,36.4,1.273,80.0,motorsportcom,209.0,11.428571428571429,2026-04,0.018936751250822254,122.07486815559409,0.00018940337935502427
2026-04-27,1103812,667,17476,0.259,2804.8,49.3,1.758,69.0,motorsportcom,138.0,9.857142857142858,2026-04,0.012502128985733078,122.09013202137827,0.0001250369221346137
2026-04-28,1103790,668,17484,0.392,4236.2,92.7,2.188,79.0,motorsportcom,-22.0,11.285714285714286,2026-04,-0.0019931327517009574,122.08769865147065,-1.993093026708692e-05
2026-04-29,1103836,669,17496,0.29,3174.2,29.0,0.914,66.0,motorsportcom,46.0,9.428571428571429,2026-04,0.004167285719980142,122.09278660673202,4.167459389914363e-05
2026-04-30,1103841,672,17515,0.594,6462.9,89.5,1.385,60.0,motorsportcom,5.0,8.571428571428571,2026-04,0.00045296378735705593,122.09333964534738,4.529658391261293e-06
2026-05-01,1104045,672,17537,0.139,1515.4,22.3,1.472,71.0,motorsportcom,204.0,10.142857142857142,2026-05,0.018477507710283548,122.11590362085443,0.00018480922524166665
2026-05-02,1104222,673,17559,0.263,2876.0,26.4,0.918,104.0,motorsportcom,177.0,14.857142857142858,2026-05,0.016029385395328114,122.13548118783845,0.00016031955219220073
2026-05-03,1104437,673,17594,0.081,896.0,4.0,0.446,382.0,motorsportcom,215.0,54.57142857142857,2026-05,0.019466932020567946,122.15926184829931,0.00019470722372849636
2026-05-04,1104690,673,17605,0.284,3129.0,11.0,0.352,207.0,motorsportcom,253.0,29.571428571428573,2026-05,0.02290235269623152,122.18724560223693,0.0002290759907537243
2026-05-05,1104830,673,17612,0.71,7790.6,52.3,0.671,104.0,motorsportcom,140.0,14.857142857142858,2026-05,0.012671632739878532,122.20273068346725,0.00012673238646132567
2026-05-06,1102041,674,17618,0.547,5986.4,44.4,0.742,59.0,motorsportcom,-2789.0,8.428571428571429,2026-05,-0.25307588374661194,121.89424574381482,-0.0025243702651086553
2026-05-07,1102138,675,17626,0.359,3911.0,41.3,1.056,53.0,motorsportcom,97.0,7.571428571428571,2026-05,0.008801075727359007,121.90497469295296,8.801850384876353e-05
2026-05-08,1100992,675,17632,0.382,4165.1,39.3,0.944,46.0,motorsportcom,-1146.0,6.571428571428571,2026-05,-0.10408794977620182,121.77821824231054,-0.0010397971941807915
2026-05-09,1101053,675,17637,0.372,4039.4,53.0,1.312,40.0,motorsportcom,61.0,5.714285714285714,2026-05,0.0055401511098920764,121.78496531341804,5.5404580596496444e-05
2026-05-10,1101110,677,17649,0.207,2243.2,35.2,1.569,53.0,motorsportcom,57.0,7.571428571428571,2026-05,0.005176594527340593,121.79126995363325,5.176862512512592e-05
2026-05-11,1101110,677,17656,0.185,2009.0,23.1,1.15,47.0,motorsportcom,0.0,6.714285714285714,2026-05,0.0,121.79126995363325,0.0
2026-05-12,1101075,677,17661,0.215,2353.9,16.1,0.684,54.0,motorsportcom,-35.0,7.714285714285714,2026-05,-0.0031787117135526647,121.78739868332566,-3.1786106746811704e-05
2026-05-13,1101064,677,17669,0.217,2372.5,15.6,0.658,53.0,motorsportcom,-11.0,7.571428571428571,2026-05,-0.0009990336619851343,121.78618199837186,-9.990236814028108e-06
2026-05-14,1101491,681,17680,0.316,3442.0,36.1,1.049,52.0,motorsportcom,427.0,7.428571428571429,2026-05,0.03876563675962854,121.8334114961243,0.00038780670333427025
2026-05-15,1101702,681,17686,0.292,3191.6,28.5,0.893,47.0,motorsportcom,211.0,6.714285714285714,2026-05,0.01915218452902872,121.85674972569285,0.0001915585329339553
2026-05-16,1101982,681,17699,0.947,10392.4,47.7,0.459,55.0,motorsportcom,280.0,7.857142857142857,2026-05,0.025408763482525125,121.88771988815348,0.00025415221175961733
2026-05-17,1102806,681,17718,1.561,17172.0,40.0,0.233,128.0,motorsportcom,824.0,18.285714285714285,2026-05,0.07471849083156966,121.97886065196617,0.0007477436110572278
2026-05-18,1103017,681,17732,2.525,27688.3,166.8,0.602,102.0,motorsportcom,211.0,14.571428571428571,2026-05,0.01912935158750953,122.0021988815347,0.00019133011608563066
2026-05-19,1103041,681,17740,0.984,10762.7,86.8,0.806,90.0,motorsportcom,24.0,12.857142857142858,2026-05,0.00217580307531633,122.00485346688848,2.1758504175295457e-05
2026-05-20,1103040,684,17748,0.372,4075.9,26.3,0.645,66.0,motorsportcom,-1.0,9.428571428571429,2026-05,-9.065854366115463e-05,122.0047428591654,-9.065846147127132e-07
2026-05-21,1103146,685,17757,0.149,1624.2,20.9,1.287,74.0,motorsportcom,106.0,10.571428571428571,2026-05,0.009608882233176751,122.01646727781122,9.609805628074675e-05
2026-05-22,1103434,685,17769,0.254,2781.3,23.5,0.845,63.0,motorsportcom,288.0,9.0,2026-05,0.026100337673118645,122.04832230205642,0.0002610715172788325
2026-05-23,1103477,685,17782,0.659,7182.4,84.6,1.178,60.0,motorsportcom,43.0,8.571428571428571,2026-05,0.003896773562113211,122.05307843414859,3.8969254164689104e-05
2026-05-24,1103761,686,17824,0.713,7817.3,52.6,0.673,63.0,motorsportcom,284.0,9.0,2026-05,0.02573020789826783,122.0844910275015,0.0002573683003814775
2026-05-25,1104031,686,17844,0.03,331.0,0.0,0.0,243.0,motorsportcom,270.0,34.714285714285715,2026-05,0.024455835026371543,122.11435511273139,0.0002446181736808217
2026-05-26,1104076,686,17848,0.369,4052.8,17.6,0.434,88.0,motorsportcom,45.0,12.571428571428571,2026-05,0.004075806375648054,122.11933246026972,4.075972504402614e-05
2026-05-27,1104116,686,17853,0.589,6476.1,21.8,0.337,61.0,motorsportcom,40.0,8.714285714285714,2026-05,0.0036228077484612123,122.12375676919265,3.622939000580416e-05
2026-05-28,1104138,686,17858,0.579,6369.4,18.6,0.292,51.0,motorsportcom,22.0,7.285714285714286,2026-05,0.001992504560118391,122.12619013910026,1.992544261653073e-05
2026-05-29,1104141,686,17863,0.678,7455.9,30.4,0.408,45.0,motorsportcom,3.0,6.428571428571429,2026-05,0.000271704429053898,122.12652196226949,2.7170516729846383e-06
2026-05-30,1104189,686,17870,0.595,6504.3,60.3,0.927,37.0,motorsportcom,48.0,5.285714285714286,2026-05,0.004347081885438091,122.13183113297703,4.347270864868413e-05
2026-05-31,1104272,687,17876,0.716,7827.5,74.2,0.948,30.0,motorsportcom,83.0,4.285714285714286,2026-05,0.007516264108842748,122.14101157399216,7.516829093567878e-05
2024-11-12,13309,175,634,9.784,1291.8,10.4,0.805,5.0,overtake,-2.0,0.7142857142857143,2024-11,-0.015027425050717559,100.0,
2024-11-13,13327,177,635,10.032,1326.1,10.9,0.822,4.0,overtake,18.0,0.5714285714285714,2024-11,0.1350641554738501,100.13524682545645,0.0013524682545644762
2024-11-14,13340,177,635,10.325,1366.3,11.0,0.805,4.0,overtake,13.0,0.5714285714285714,2024-11,0.09745127436281859,100.23292508828612,0.0009754633450889116
2024-11-15,13336,177,637,10.419,1378.5,11.0,0.798,6.0,overtake,-4.0,0.8571428571428571,2024-11,-0.029994001199760045,100.20287023818469,-0.00029985007496247107
2024-11-16,13348,177,641,10.177,1345.9,12.5,0.929,9.0,overtake,12.0,1.2857142857142858,2024-11,0.08990110878034162,100.293034788489,0.000899820035992871
2024-11-17,13355,177,645,10.052,1330.2,12.3,0.925,13.0,overtake,7.0,1.8571428571428572,2024-11,0.05241482590789966,100.3456307761665,0.0005244231345520323
2024-11-18,13358,175,646,8.401,1112.5,9.7,0.872,12.0,overtake,3.0,1.7142857142857142,2024-11,0.022458451864051505,100.36817191374259,0.0002246349681767068
2024-11-19,13617,177,653,9.336,1255.5,15.8,1.258,19.0,overtake,259.0,2.7142857142857144,2024-11,1.9020342219284718,102.3142234578105,0.01938913010929788
2024-11-20,13724,178,655,16.466,2239.8,20.0,0.893,20.0,overtake,107.0,2.857142857142857,2024-11,0.779656076945497,103.11819069802391,0.00785782477785113
2024-11-21,13751,178,657,16.773,2288.4,18.0,0.787,22.0,overtake,27.0,3.142857142857143,2024-11,0.19634935641044288,103.32106093620858,0.001967356455843783
2024-11-22,13791,178,657,18.585,2543.1,19.9,0.783,20.0,overtake,40.0,2.857142857142857,2024-11,0.29004423174534116,103.62160943722294,0.0029088793542286773
2024-11-23,13831,178,658,22.72,3118.2,24.2,0.776,17.0,overtake,40.0,2.4285714285714284,2024-11,0.2892054081411322,103.92215793823729,0.0029004423174534555
2024-11-24,13848,179,658,25.908,3561.3,26.4,0.741,13.0,overtake,17.0,1.8571428571428572,2024-11,0.12276140958983246,104.04989105116837,0.001229122984599762
2024-11-25,13862,179,659,15.996,2206.7,10.6,0.48,13.0,overtake,14.0,1.8571428571428572,2024-11,0.10099552734093205,104.15508302652341,0.001010976314269163
2024-11-26,13884,179,661,13.297,1835.2,10.9,0.594,8.0,overtake,22.0,1.1428571428571428,2024-11,0.15845577643330452,104.3203847020813,0.0015870725725004586
2024-11-27,13892,179,661,12.775,1766.3,8.4,0.476,6.0,overtake,8.0,0.8571428571428571,2024-11,0.05758710048949035,104.38049440228416,0.0005762028233937677
2024-11-28,13896,179,661,13.237,1831.2,8.2,0.448,4.0,overtake,4.0,0.5714285714285714,2024-11,0.02878526194588371,104.4105492523856,0.00028793550244743393
2024-11-29,13902,179,661,13.501,1866.7,10.2,0.546,4.0,overtake,6.0,0.5714285714285714,2024-11,0.04315925766076824,104.45563152753776,0.00043177892918833116
2024-11-30,13921,180,662,13.707,1897.9,10.3,0.543,4.0,overtake,19.0,0.5714285714285714,2024-11,0.13648444795632497,104.59839206551958,0.0013667098259242394
2024-12-01,13940,180,662,15.909,2206.5,11.2,0.508,4.0,overtake,19.0,0.5714285714285714,2024-12,0.13629842180774748,104.74115260350139,0.0013648444795633097
2024-12-02,13949,180,663,16.213,2250.4,11.2,0.498,4.0,overtake,9.0,0.5714285714285714,2024-12,0.06452075417592659,104.80877601622961,0.0006456241032999355
2024-12-03,13947,180,663,16.51,2291.4,11.2,0.489,2.0,overtake,-2.0,0.2857142857142857,2024-12,-0.014340001434000143,104.7937485911789,-0.00014337945372433492
2024-12-05,13954,180,664,13.75,1904.3,14.4,0.756,3.0,overtake,7.0,0.42857142857142855,2024-12,0.05016482728966605,104.84634457885642,0.0005019000501900184
2024-12-06,13966,180,664,13.922,1929.9,14.5,0.751,3.0,overtake,12.0,0.42857142857142855,2024-12,0.08592295574967779,104.93650912916073,0.0008599684678227693
2024-12-07,13962,180,664,13.943,1932.4,14.3,0.74,2.0,overtake,-4.0,0.2857142857142857,2024-12,-0.028649190660363845,104.90645427905929,-0.0002864098524989478
2024-12-08,13962,180,664,14.161,1962.9,14.3,0.729,2.0,overtake,0.0,0.2857142857142857,2024-12,0.0,104.90645427905929,0.0
2024-12-09,13960,180,664,14.339,1987.3,14.4,0.725,1.0,overtake,-2.0,0.14285714285714285,2024-12,-0.014326647564469913,104.89142685400856,-0.00014324595330184042
2024-12-10,13958,180,665,14.491,2008.2,14.4,0.717,2.0,overtake,-2.0,0.2857142857142857,2024-12,-0.01432870038687491,104.87639942895785,-0.00014326647564466555
2024-12-11,13973,180,665,14.577,2022.3,14.5,0.717,2.0,overtake,15.0,0.2857142857142857,2024-12,0.10734988907178128,104.98910511683823,0.0010746525290155073
2024-12-12,13978,181,665,18.028,2503.8,16.1,0.643,1.0,overtake,5.0,0.14285714285714285,2024-12,0.03577049649449134,105.02667367946503,0.00035783296357250194
2024-12-13,13980,181,666,19.363,2690.2,16.8,0.624,2.0,overtake,2.0,0.2857142857142857,2024-12,0.014306151645207441,105.04170110451574,0.0001430819859780108
2024-12-14,13989,181,666,20.369,2831.7,17.7,0.625,2.0,overtake,9.0,0.2857142857142857,2024-12,0.06433626420759168,105.10932451724398,0.0006437768240343811
2024-12-15,13989,181,666,21.174,2944.2,17.8,0.605,2.0,overtake,0.0,0.2857142857142857,2024-12,0.0,105.10932451724398,0.0
2024-12-16,13982,181,666,21.851,3037.3,17.9,0.589,2.0,overtake,-7.0,0.2857142857142857,2024-12,-0.050064368473751966,105.05672852956647,-0.0005003931660590988
2024-12-17,13977,181,666,22.366,3107.8,18.3,0.589,1.0,overtake,-5.0,0.14285714285714285,2024-12,-0.035773055734420835,105.01915996693967,-0.00035760263195538933
2024-12-18,13987,181,666,22.764,3165.5,18.5,0.584,1.0,overtake,10.0,0.14285714285714285,2024-12,0.07149495960534782,105.09429709219324,0.0007154611146884537
2024-12-19,13992,181,666,23.074,3209.8,18.7,0.583,1.0,overtake,5.0,0.14285714285714285,2024-12,0.0357347055460263,105.13186565482005,0.00035747479802683557
2024-12-20,13989,181,668,23.355,3248.3,18.8,0.579,2.0,overtake,-3.0,0.2857142857142857,2024-12,-0.02144542140253056,105.10932451724398,-0.0002144082332761199
2024-12-21,13992,181,668,22.684,3154.2,19.7,0.625,2.0,overtake,3.0,0.2857142857142857,2024-12,0.02144082332761578,105.13186565482005,0.00021445421402521703
2024-12-22,13987,181,668,22.591,3141.5,18.3,0.583,2.0,overtake,-5.0,0.2857142857142857,2024-12,-0.03574747980267391,105.09429709219324,-0.00035734705546031087
2024-12-23,13984,181,668,22.863,3178.8,18.3,0.576,2.0,overtake,-3.0,0.2857142857142857,2024-12,-0.02145308924485126,105.07175595461717,-0.00021448487881603473
2024-12-24,13978,181,668,23.101,3210.7,18.4,0.573,2.0,overtake,-6.0,0.2857142857142857,2024-12,-0.042924595793389614,105.02667367946503,-0.0004290617848969891
2024-12-25,13971,181,668,23.335,3241.7,18.5,0.571,2.0,overtake,-7.0,0.2857142857142857,2024-12,-0.0501037864147162,104.9740776917875,-0.0005007869509229268
2024-12-26,13970,181,668,23.515,3266.4,18.6,0.569,2.0,overtake,-1.0,0.2857142857142857,2024-12,-0.0071581961345740875,104.96656397926216,-7.157683773528767e-05
2024-12-27,13974,181,668,23.608,3280.2,18.8,0.573,0.0,overtake,4.0,0.0,2024-12,0.02862458852154,104.9966188293636,0.000286327845383072
2024-12-28,13969,181,669,23.72,3294.7,18.8,0.571,1.0,overtake,-5.0,0.14285714285714285,2024-12,-0.03579354284487079,104.9590502667368,-0.00035780735651924633
2024-12-29,13970,181,669,23.815,3308.1,18.8,0.568,1.0,overtake,1.0,0.14285714285714285,2024-12,0.0071581961345740875,104.96656397926216,7.158708568977268e-05
2024-12-30,13972,181,669,23.728,3295.8,19.5,0.592,1.0,overtake,2.0,0.14285714285714285,2024-12,0.014314342971657599,104.98159140431287,0.00014316392269142497
2024-12-31,13968,181,671,23.844,3311.0,19.5,0.589,3.0,overtake,-4.0,0.42857142857142855,2024-12,-0.028636884306987402,104.95153655421143,-0.0002862868594331047
2025-01-01,13967,181,672,23.539,3265.6,22.1,0.677,4.0,overtake,-1.0,0.5714285714285714,2025-01,-0.007159733657907927,104.94402284168606,-7.159221076746825e-05
2025-01-02,13972,181,673,21.658,3008.3,17.8,0.592,5.0,overtake,5.0,0.7142857142857143,2025-01,0.035785857429144,104.98159140431287,0.0003579866828953282
2025-01-03,13975,181,673,22.016,3058.2,18.6,0.608,5.0,overtake,3.0,0.7142857142857143,2025-01,0.02146690518783542,105.00413254188894,0.00021471514457482854
2025-01-04,13971,181,673,22.171,3076.9,20.6,0.67,4.0,overtake,-4.0,0.5714285714285714,2025-01,-0.02863073509412354,104.9740776917875,-0.0002862254025044475
2025-01-05,13976,181,673,22.511,3125.3,20.8,0.666,4.0,overtake,5.0,0.5714285714285714,2025-01,0.035775615340583856,105.0116462544143,0.00035788418867643834
2025-01-06,13976,182,674,22.852,3172.8,21.0,0.662,5.0,overtake,0.0,0.7142857142857143,2025-01,0.0,105.0116462544143,0.0
2025-01-07,13981,182,674,23.195,3221.8,21.1,0.655,3.0,overtake,5.0,0.42857142857142855,2025-01,0.03576282097131822,105.0492148170411,0.00035775615340583045
2025-01-08,13988,182,674,20.451,2832.6,28.1,0.992,2.0,overtake,7.0,0.2857142857142857,2025-01,0.05004289390906491,105.10181080471861,0.0005006794935984438
2025-01-09,14003,183,675,20.7,2869.3,29.3,1.021,2.0,overtake,15.0,0.2857142857142857,2025-01,0.10711990287795473,105.21451649259899,0.001072347726622791
2025-01-10,14008,183,676,21.996,3050.0,31.2,1.023,3.0,overtake,5.0,0.42857142857142855,2025-01,0.0356938892061679,105.25208505522579,0.00035706634292642647
2025-01-11,14011,183,676,22.243,3084.6,31.9,1.034,3.0,overtake,3.0,0.42857142857142855,2025-01,0.02141174791235458,105.27462619280186,0.00021416333523704978
2025-01-12,14013,183,676,22.568,3130.2,32.3,1.032,3.0,overtake,2.0,0.42857142857142855,2025-01,0.014272461285948763,105.28965361785258,0.00014274498608246589
2025-01-13,14019,181,677,22.815,3165.8,32.6,1.03,3.0,overtake,6.0,0.42857142857142855,2025-01,0.04279905842071474,105.33473589300473,0.0004281738385785161
2025-01-14,14023,183,678,23.061,3201.0,32.9,1.028,4.0,overtake,4.0,0.5714285714285714,2025-01,0.028524566783141983,105.36479074310617,0.00028532705613804055
2025-01-15,14032,183,678,14.219,1964.0,31.2,1.589,4.0,overtake,9.0,0.5714285714285714,2025-01,0.06413911060433296,105.4324141558344,0.0006418027526207126
2025-01-16,14036,183,679,14.042,1937.1,33.8,1.745,4.0,overtake,4.0,0.5714285714285714,2025-01,0.028498147620404674,105.46246900593583,0.0002850627137971351
2025-01-17,14056,187,680,14.491,2002.0,34.9,1.743,4.0,overtake,20.0,0.5714285714285714,2025-01,0.14228799089356858,105.61274325644301,0.0014249073810201907
2025-01-18,14061,187,680,15.8,2186.5,35.1,1.605,4.0,overtake,5.0,0.5714285714285714,2025-01,0.035559348552734515,105.65031181906981,0.000355719977233937
2025-01-19,14073,187,682,16.274,2254.0,36.2,1.606,6.0,overtake,12.0,0.8571428571428571,2025-01,0.08526966531656363,105.74047636937411,0.0008534243652655871
2025-01-20,14110,187,684,17.269,2400.9,35.8,1.491,7.0,overtake,37.0,1.0,2025-01,0.26222537207654145,106.01848373281237,0.0026291480139273293
2025-01-21,14131,187,686,19.156,2669.1,37.9,1.42,8.0,overtake,21.0,1.1428571428571428,2025-01,0.1486094402377751,106.17627169584492,0.0014883061658397256
2025-01-22,14162,187,687,19.42,2706.5,43.7,1.615,9.0,overtake,31.0,1.2857142857142858,2025-01,0.21889563620957495,106.40919678413103,0.0021937584035101043
2025-01-23,14182,189,687,19.492,2738.5,25.9,0.946,8.0,overtake,20.0,1.1428571428571428,2025-01,0.14102383302778168,106.55947103463821,0.0014122299110295167
2025-01-24,14192,189,688,20.181,2837.3,26.8,0.945,8.0,overtake,10.0,1.1428571428571428,2025-01,0.07046223224351747,106.63460815989181,0.0007051191651388233
2025-01-25,14218,189,689,20.85,2935.3,29.1,0.991,9.0,overtake,26.0,1.2857142857142858,2025-01,0.18286678857785904,106.82996468555113,0.001832018038331551
2025-01-26,14234,189,689,21.874,3083.5,30.0,0.973,7.0,overtake,16.0,1.0,2025-01,0.11240691302515105,106.95018408595686,0.0011253340835559733
2025-01-27,14234,189,689,22.477,3168.9,30.5,0.962,5.0,overtake,0.0,0.7142857142857143,2025-01,0.0,106.95018408595686,0.0
2025-01-28,14244,189,690,22.886,3229.3,30.6,0.948,4.0,overtake,10.0,0.5714285714285714,2025-01,0.07020499859590003,107.02532121121047,0.000702543206407169
2025-01-29,14247,189,690,23.225,3278.0,30.9,0.943,3.0,overtake,3.0,0.42857142857142855,2025-01,0.02105706464518846,107.04786234878654,0.0002106149957876724
2025-01-30,14249,189,692,23.206,3278.3,28.3,0.863,5.0,overtake,2.0,0.7142857142857143,2025-01,0.01403607270685662,107.06288977383724,0.000140380430967868
2025-01-31,14261,189,693,21.473,3034.8,27.5,0.906,5.0,overtake,12.0,0.7142857142857143,2025-01,0.08414557183928195,107.15305432414155,0.0008421643624114683
2025-02-01,14281,189,695,21.994,3113.2,27.8,0.893,6.0,overtake,20.0,0.8571428571428571,2025-02,0.14004621525103284,107.30332857464873,0.001402426197321338
2025-02-02,14341,192,696,21.981,3123.9,28.4,0.909,7.0,overtake,60.0,1.0,2025-02,0.4183808660483927,107.75415132617026,0.004201386457530987
2025-02-03,14372,192,697,21.797,3106.8,25.8,0.83,8.0,overtake,31.0,1.1428571428571428,2025-02,0.21569718897856946,107.98707641445637,0.002161634474583396
2025-02-04,14387,192,697,21.327,3042.3,26.0,0.855,7.0,overtake,15.0,1.0,2025-02,0.10426079099186765,108.09978210233677,0.0010436960757027602
2025-02-05,14405,195,699,19.824,2828.8,26.8,0.947,9.0,overtake,18.0,1.2857142857142858,2025-02,0.12495661228740021,108.23502892779322,0.0012511294919024252
2025-02-06,14431,195,699,20.473,2927.1,27.4,0.936,7.0,overtake,26.0,1.0,2025-02,0.18016769454646248,108.43038545345256,0.0018049288441512878
2025-02-07,14439,195,701,18.438,2642.5,19.8,0.749,8.0,overtake,8.0,1.1428571428571428,2025-02,0.05540549899577533,108.49049515365543,0.0005543621370660556
2025-02-08,14464,195,702,18.809,2700.2,20.3,0.752,7.0,overtake,25.0,1.0,2025-02,0.1728429203539823,108.67833796678939,0.001731421843617964
2025-02-09,14507,195,703,14.831,2135.4,16.2,0.759,7.0,overtake,43.0,1.0,2025-02,0.29640863031639897,109.0014276053798,0.0029728982300885054
2025-02-10,14583,195,703,19.216,2785.7,16.6,0.596,6.0,overtake,76.0,0.8571428571428571,2025-02,0.5211547692518687,109.57246975730708,0.005238850210243395
2025-02-11,14619,195,704,20.664,3004.0,16.8,0.559,7.0,overtake,36.0,1.0,2025-02,0.2462548737943772,109.84296340822,0.002468627854350869
2025-02-12,14707,195,706,21.352,3123.3,17.0,0.544,7.0,overtake,88.0,1.0,2025-02,0.5983545250560958,110.50417011045157,0.0060195635816402415
2025-02-13,14781,196,708,25.681,3774.7,21.2,0.562,9.0,overtake,74.0,1.2857142857142858,2025-02,0.500642717001556,111.06018483732811,0.00503161759706261
2025-02-14,14813,197,709,26.322,3878.9,20.2,0.521,8.0,overtake,32.0,1.1428571428571428,2025-02,0.21602646324174712,111.3006236381396,0.0021649414789255417
2025-02-15,14832,197,710,23.811,3517.7,13.9,0.395,8.0,overtake,19.0,1.1428571428571428,2025-02,0.12810140237324705,111.44338417612143,0.0012826571254977992
2025-02-16,14848,197,711,23.972,3546.7,12.6,0.355,8.0,overtake,16.0,1.1428571428571428,2025-02,0.10775862068965517,111.56360357652717,0.0010787486515642097
2025-02-17,14879,197,712,23.821,3532.6,11.8,0.334,9.0,overtake,31.0,1.2857142857142858,2025-02,0.20834733517037435,111.7965286648133,0.0020878232758620996
2025-02-18,14904,198,712,26.602,3949.4,15.3,0.387,8.0,overtake,25.0,1.1428571428571428,2025-02,0.16774020397208803,111.98437147794726,0.0016802204449224423
2025-02-19,14909,198,714,27.819,4131.4,16.2,0.392,8.0,overtake,5.0,1.1428571428571428,2025-02,0.03353678985847475,112.02194004057404,0.00033548040794406653
2025-02-20,14948,200,715,28.325,4209.5,24.5,0.582,7.0,overtake,39.0,1.0,2025-02,0.2609044688252609,112.31497482906303,0.0026158696089610967
2025-02-21,15024,200,716,30.387,4532.3,33.1,0.73,7.0,overtake,76.0,1.0,2025-02,0.5058572949946752,112.8860169809903,0.005084292213004993
2025-02-22,15082,200,716,28.106,4203.9,35.1,0.835,6.0,overtake,58.0,0.8571428571428571,2025-02,0.38456438138177956,113.32181230746113,0.0038604898828540346
2025-02-23,15141,200,716,25.31,3799.9,32.3,0.85,5.0,overtake,59.0,0.7142857142857143,2025-02,0.38967043127930784,113.76512134645729,0.003911948017504274
2025-02-24,15171,200,717,26.611,4002.5,34.6,0.864,5.0,overtake,30.0,0.7142857142857143,2025-02,0.19774569903104605,113.99053272221803,0.001981375074301628
2025-02-25,15210,200,718,27.751,4185.3,35.6,0.851,6.0,overtake,39.0,0.8571428571428571,2025-02,0.2564102564102564,114.28356751070706,0.0025706940874035134
2025-02-26,15232,200,719,28.053,4235.6,37.4,0.883,5.0,overtake,22.0,0.7142857142857143,2025-02,0.1444327731092437,114.44886918626493,0.0014464168310321934
2025-02-27,15272,201,720,27.63,4176.3,43.3,1.037,5.0,overtake,40.0,0.7142857142857143,2025-02,0.26191723415400736,114.74941768727929,0.002626050420168058
2025-02-28,15370,201,725,27.64,4204.4,43.9,1.044,9.0,overtake,98.0,1.2857142857142858,2025-02,0.6376057254391672,115.48576151476443,0.006416972236773288
2025-03-01,15441,201,728,30.117,4601.6,48.7,1.058,12.0,overtake,71.0,1.7142857142857142,2025-03,0.45981477883556765,116.0192351040649,0.004619388418998005
2025-03-02,15488,202,732,28.683,4405.4,37.1,0.842,16.0,overtake,47.0,2.2857142857142856,2025-03,0.3034607438016529,116.37237959275679,0.0030438443106015622
2025-03-03,15537,203,732,16.005,2471.3,15.4,0.623,15.0,overtake,49.0,2.142857142857143,2025-03,0.3153761987513677,116.74055150649936,0.003163739669421517
2025-03-04,15562,205,734,14.121,2185.6,11.9,0.544,16.0,overtake,25.0,2.2857142857142856,2025-03,0.16064773165402904,116.92839431963333,0.0016090622385274145
2025-03-05,15620,205,735,14.923,2318.4,12.5,0.539,16.0,overtake,58.0,2.2857142857142856,2025-03,0.3713188220230474,117.36418964610414,0.0037270273743734705
2025-03-06,15662,205,736,16.92,2633.6,16.4,0.623,16.0,overtake,42.0,2.2857142857142856,2025-03,0.2681649853147746,117.67976557216922,0.0026888604353392243
2025-03-07,15697,205,737,18.609,2898.6,22.5,0.776,12.0,overtake,35.0,1.7142857142857142,2025-03,0.2229725425240492,117.94274551055676,0.002234708210956393
2025-03-08,15785,205,737,19.465,3047.4,25.2,0.827,9.0,overtake,88.0,1.2857142857142858,2025-03,0.5574912891986062,118.60395221278834,0.005606166783461708
2025-03-09,15844,205,737,21.634,3393.2,34.5,1.017,5.0,overtake,59.0,0.7142857142857143,2025-03,0.3723807119414289,119.0472612517845,0.0037377256889452593
2025-03-10,15858,205,738,22.237,3491.2,35.1,1.005,6.0,overtake,14.0,0.8571428571428571,2025-03,0.0882835162063312,119.15245322713952,0.0008836152486746407
2025-03-11,15877,205,738,22.643,3559.3,35.8,1.006,4.0,overtake,19.0,0.5714285714285714,2025-03,0.11966996283932732,119.29521376512136,0.0011981334342288097
2025-03-12,15892,205,739,22.896,3602.3,36.3,1.008,4.0,overtake,15.0,0.5714285714285714,2025-03,0.09438711301283666,119.40791945300174,0.0009447628645209427
2025-03-13,15932,205,740,23.104,3644.6,36.4,0.999,4.0,overtake,40.0,0.5714285714285714,2025-03,0.25106703489831783,119.70846795401609,0.0025169896803423075
2025-03-14,15935,205,742,24.593,3878.0,40.9,1.055,5.0,overtake,3.0,0.7142857142857143,2025-03,0.018826482585503606,119.73100909159216,0.00018830027617378065
2025-03-15,15960,206,744,24.51,3870.5,41.3,1.067,7.0,overtake,25.0,1.0,2025-03,0.15664160401002505,119.91885190472613,0.0015688735487919825
2025-03-16,15980,206,745,27.486,4349.6,42.6,0.979,8.0,overtake,20.0,1.1428571428571428,2025-03,0.1251564455569462,120.0691261552333,0.0012531328320801727
2025-03-17,16005,206,749,25.275,4004.0,41.2,1.029,11.0,overtake,25.0,1.5714285714285714,2025-03,0.1562011871290222,120.25696896836726,0.0015644555694618312
2025-03-18,16010,206,750,16.417,2605.7,22.6,0.867,12.0,overtake,5.0,1.7142857142857142,2025-03,0.03123048094940662,120.29453753099406,0.0003124023742580029
2025-03-19,16017,206,751,12.343,1964.2,12.8,0.652,12.0,overtake,7.0,1.7142857142857142,2025-03,0.04370356496222763,120.34713351867157,0.0004372267332917179
2025-03-20,16039,205,752,13.247,2112.5,12.2,0.578,12.0,overtake,22.0,1.7142857142857142,2025-03,0.13716565870690192,120.51243519422947,0.0013735406130985783
2025-03-21,16061,205,752,14.815,2369.6,9.9,0.418,10.0,overtake,22.0,1.4285714285714286,2025-03,0.13697777224332233,120.67773686978735,0.0013716565870689479
2025-03-22,16069,205,752,15.11,2418.3,9.8,0.405,8.0,overtake,8.0,1.1428571428571428,2025-03,0.04978530088991226,120.73784656999023,0.0004981009899758249
2025-03-23,16083,206,754,15.524,2487.0,9.8,0.394,9.0,overtake,14.0,1.2857142857142858,2025-03,0.08704843623702045,120.84303854534527,0.0008712427655734878
2025-03-24,16092,206,755,15.925,2553.3,9.3,0.364,6.0,overtake,9.0,0.8571428571428571,2025-03,0.05592841163310962,120.91066195807348,0.0005595970900951208
2025-03-25,16096,207,756,12.818,2054.9,8.3,0.404,6.0,overtake,4.0,0.8571428571428571,2025-03,0.024850894632206758,120.94071680817491,0.00024857071836947853
2025-03-26,16100,207,757,13.052,2091.4,9.9,0.473,6.0,overtake,4.0,0.8571428571428571,2025-03,0.02484472049689441,120.97077165827635,0.0002485089463220014
2025-03-27,16114,207,757,13.272,2128.0,10.6,0.498,5.0,overtake,14.0,0.7142857142857143,2025-03,0.08688097306689835,121.07596363363137,0.0008695652173913437
2025-03-28,16131,207,758,15.137,2427.6,14.1,0.581,6.0,overtake,17.0,0.8571428571428571,2025-03,0.10538714276858224,121.20369674656249,0.0010549832443838003
2025-03-29,16144,207,760,15.917,2555.9,13.8,0.54,8.0,overtake,13.0,1.1428571428571428,2025-03,0.08052527254707631,121.30137500939213,0.000805901679995058
2025-03-30,16171,208,763,16.799,2702.2,14.3,0.529,9.0,overtake,27.0,1.2857142857142858,2025-03,0.16696555562426565,121.50424524757683,0.0016724479682854732
2025-03-31,16239,208,767,11.044,1782.1,11.3,0.634,12.0,overtake,68.0,1.7142857142857142,2025-03,0.41874499661309195,122.01517769930122,0.004205058437944498
2025-04-01,16262,208,768,16.116,2601.2,19.6,0.753,13.0,overtake,23.0,1.8571428571428572,2025-04,0.141434017955971,122.18799308738448,0.001416343370897133
2025-04-02,16283,208,769,16.854,2725.2,19.2,0.705,13.0,overtake,21.0,1.8571428571428572,2025-04,0.12896886323159124,122.345781050417,0.0012913540769892151
2025-04-03,16295,209,770,19.313,3129.7,17.3,0.553,14.0,overtake,12.0,2.0,2025-04,0.0736422215403498,122.43594560072131,0.0007369649327519934
2025-04-04,16310,209,771,17.072,2771.1,13.4,0.484,14.0,overtake,15.0,2.0,2025-04,0.09196811771919068,122.5486512886017,0.0009205277692543312
2025-04-05,16336,209,771,18.279,2970.5,15.5,0.522,12.0,overtake,26.0,1.7142857142857142,2025-04,0.15915768854064644,122.74400781426102,0.0015941140404660548
2025-04-06,16351,208,771,18.921,3077.7,16.1,0.523,9.0,overtake,15.0,1.2857142857142858,2025-04,0.09173750840927161,122.8567135021414,0.0009182174338884241
2025-04-07,16354,233,771,19.313,3142.1,16.4,0.522,5.0,overtake,3.0,0.7142857142857143,2025-04,0.018344135991194815,122.87925463971749,0.00018347501681859057
2025-04-08,16360,233,772,19.617,3192.6,16.7,0.523,4.0,overtake,6.0,0.5714285714285714,2025-04,0.03667481662591687,122.92433691486964,0.000366882719823991
2025-04-09,16366,235,773,19.887,3237.9,16.8,0.519,4.0,overtake,6.0,0.5714285714285714,2025-04,0.03666137113528046,122.9694191900218,0.00036674816625925644
2025-04-10,16372,235,774,19.946,3248.8,16.8,0.517,4.0,overtake,6.0,0.5714285714285714,2025-04,0.03664793549963352,123.01450146517394,0.0003666137113527146
2025-04-11,16371,235,775,20.138,3278.7,18.1,0.552,4.0,overtake,-1.0,0.5714285714285714,2025-04,-0.006108362348054486,123.00698775264858,-6.107989249937162e-05
2025-04-12,16373,235,778,20.009,3256.7,19.4,0.596,7.0,overtake,2.0,1.0,2025-04,0.012215232394796311,123.0220151776993,0.00012216724696112458
2025-04-13,16377,235,780,20.092,3271.3,19.1,0.584,9.0,overtake,4.0,1.2857142857142858,2025-04,0.024424497771264576,123.05207002780074,0.0002443046478959321
2025-04-14,16403,235,784,10.942,1786.0,8.8,0.493,13.0,overtake,26.0,1.8571428571428572,2025-04,0.15850759007498627,123.24742655346006,0.0015875923551322835
2025-04-15,16423,235,785,6.637,1080.1,9.9,0.917,13.0,overtake,20.0,1.8571428571428572,2025-04,0.12178042988491748,123.39770080396724,0.0012192891544229312
2025-04-16,16467,234,786,8.47,1379.2,15.5,1.124,13.0,overtake,44.0,1.8571428571428572,2025-04,0.26720106880427524,123.72830415508302,0.0026791694574681557
2025-04-17,16491,233,787,9.446,1538.0,19.8,1.287,13.0,overtake,24.0,1.8571428571428572,2025-04,0.14553392759687103,123.90863325569164,0.001457460375296149
2025-04-18,16518,234,788,13.433,2198.8,20.1,0.914,13.0,overtake,27.0,1.8571428571428572,2025-04,0.16345804576825282,124.11150349387631,0.0016372566854647719
2025-04-19,16536,234,788,15.498,2540.8,22.0,0.866,10.0,overtake,18.0,1.4285714285714286,2025-04,0.10885341074020319,124.24675031933279,0.0010897203051216664
2025-04-20,16544,234,789,17.243,2829.0,23.7,0.838,9.0,overtake,8.0,1.2857142857142858,2025-04,0.04835589941972921,124.30686001953566,0.0004837929366230398
2025-04-21,16552,234,789,17.762,2915.9,24.0,0.823,5.0,overtake,8.0,0.7142857142857143,2025-04,0.04833252779120348,124.36696971973853,0.00048355899419738613
2025-04-22,16562,234,789,17.808,2924.5,24.9,0.851,4.0,overtake,10.0,0.5714285714285714,2025-04,0.06037918125830214,124.44210684499211,0.0006041565973899932
2025-04-23,16557,234,790,18.139,2977.9,25.3,0.85,4.0,overtake,-5.0,0.5714285714285714,2025-04,-0.0301987074953192,124.40453828236531,-0.0003018959062914828
2025-04-24,16564,234,791,18.419,3025.3,25.7,0.85,4.0,overtake,7.0,0.5714285714285714,2025-04,0.042260323593334946,124.45713427004283,0.0004227819049344994
2025-04-25,16569,259,794,18.917,3107.8,26.5,0.853,6.0,overtake,5.0,0.8571428571428571,2025-04,0.030176836260486447,124.49470283266962,0.000301859454238107
2025-04-26,16570,259,798,19.34,3177.0,27.6,0.869,10.0,overtake,1.0,1.4285714285714286,2025-04,0.006035003017501509,124.50221654519498,6.0353672520996327e-05
2025-04-27,16590,259,799,16.75,2767.8,11.0,0.397,10.0,overtake,20.0,1.4285714285714286,2025-04,0.12055455093429776,124.65249079570215,0.001207000603500319
2025-04-28,16600,259,800,11.606,1916.3,10.3,0.537,11.0,overtake,10.0,1.5714285714285714,2025-04,0.06024096385542169,124.72762792095575,0.0006027727546715766
2025-04-29,16617,259,801,10.382,1715.8,9.3,0.542,12.0,overtake,17.0,1.7142857142857142,2025-04,0.1023048685081543,124.85536103388684,0.0010240963855421281
2025-04-30,16621,259,802,11.032,1824.0,9.7,0.532,12.0,overtake,4.0,1.7142857142857142,2025-04,0.02406594067745623,124.88541588398827,0.0002407173376661742
2025-05-01,16643,259,802,12.811,2121.3,10.9,0.514,11.0,overtake,22.0,1.5714285714285714,2025-05,0.13218770654329146,125.05071755954617,0.001323626737260053
2025-05-02,16654,259,802,15.582,2583.2,11.9,0.461,8.0,overtake,11.0,1.1428571428571428,2025-05,0.06605019815059446,125.13336839732511,0.0006609385327165374
2025-05-03,16666,260,802,16.598,2754.1,12.1,0.439,4.0,overtake,12.0,0.5714285714285714,2025-05,0.07200288011520461,125.22353294762942,0.0007205476161882274
2025-05-04,16667,260,803,17.211,2856.2,12.3,0.431,4.0,overtake,1.0,0.5714285714285714,2025-05,0.005999880002399952,125.23104666015479,6.000240009607083e-05
2025-05-05,16673,260,804,17.607,2923.3,12.3,0.421,4.0,overtake,6.0,0.5714285714285714,2025-05,0.03598632519642536,125.27612893530693,0.0003599928001440933
2025-05-06,16676,260,804,18.297,3039.4,11.8,0.388,3.0,overtake,3.0,0.42857142857142855,2025-05,0.017989925641640682,125.298670072883,0.00017993162598206602
2025-05-07,16679,261,805,18.631,3095.8,11.7,0.378,3.0,overtake,3.0,0.42857142857142855,2025-05,0.01798668984951136,125.3212112104591,0.0001798992564163715
2025-05-08,16686,261,806,19.126,3179.5,11.8,0.371,4.0,overtake,7.0,0.5714285714285714,2025-05,0.041951336449718324,125.3738071981366,0.00041968942982184565
2025-05-09,16692,261,809,19.575,3255.5,12.0,0.369,7.0,overtake,6.0,1.0,2025-05,0.03594536304816679,125.41888947328874,0.0003595828838547366
2025-05-10,16718,262,812,20.331,3385.7,13.3,0.393,10.0,overtake,26.0,1.4285714285714286,2025-05,0.15552099533437014,125.61424599894808,0.0015576323987538387
2025-05-11,16782,262,814,19.72,3295.8,13.6,0.413,11.0,overtake,64.0,1.5714285714285714,2025-05,0.38136098200452867,126.09512360057104,0.0038282091159229648
2025-05-12,16791,262,816,21.917,3662.8,17.3,0.472,12.0,overtake,9.0,1.7142857142857142,2025-05,0.053600142933714484,126.16274701329928,0.0005362888809439248
2025-05-13,16812,262,818,12.047,2012.7,12.6,0.626,14.0,overtake,21.0,2.0,2025-05,0.12491077801570308,126.3205349763318,0.0012506700017866912
2025-05-14,16835,263,819,14.457,2420.1,13.8,0.57,14.0,overtake,23.0,2.0,2025-05,0.1366201366201366,126.49335036441505,0.0013680704258862697
2025-05-15,16886,264,820,15.746,2644.8,14.0,0.529,14.0,overtake,51.0,2.0,2025-05,0.30202534644083856,126.87654970320837,0.0030294030294031327
2025-05-16,16903,266,821,20.294,3388.2,42.1,1.243,12.0,overtake,17.0,1.7142857142857142,2025-05,0.10057386262793586,127.00428281613945,0.0010067511548028651
2025-05-17,16937,267,822,22.313,3731.4,47.8,1.281,10.0,overtake,34.0,1.4285714285714286,2025-05,0.200743933400248,127.25974904200166,0.002011477252558791
2025-05-18,16970,266,822,22.995,3853.5,48.8,1.266,8.0,overtake,33.0,1.1428571428571428,2025-05,0.1944608131997643,127.50770155533849,0.0019483970006495266
2025-05-19,17025,267,823,25.414,4270.7,56.0,1.311,7.0,overtake,55.0,1.0,2025-05,0.32305433186490456,127.92095574423324,0.003241013553329397
2025-05-20,17056,267,824,26.808,4512.8,59.5,1.318,6.0,overtake,31.0,0.8571428571428571,2025-05,0.18175422138836775,128.15388083251935,0.0018208516886930592
2025-05-21,17078,268,825,25.355,4273.7,56.5,1.322,6.0,overtake,22.0,0.8571428571428571,2025-05,0.12882070500058557,128.31918250807723,0.001289868667917471
2025-05-22,17094,268,826,26.087,4401.8,57.5,1.306,6.0,overtake,16.0,0.8571428571428571,2025-05,0.09360009360009361,128.43940190848298,0.0009368778545497669
2025-05-23,17111,268,828,26.313,4442.6,59.8,1.346,7.0,overtake,17.0,1.0,2025-05,0.09935129448892525,128.5671350214141,0.0009945009945009353
2025-05-24,17141,269,831,28.154,4763.6,62.3,1.308,9.0,overtake,30.0,1.2857142857142858,2025-05,0.1750189603873753,128.79254639717485,0.0017532581380399481
2025-05-25,17155,269,834,28.129,4764.2,61.3,1.287,12.0,overtake,14.0,1.7142857142857142,2025-05,0.08160886039055669,128.89773837252986,0.0008167551484743463
2025-05-26,17178,269,834,18.502,3153.6,24.6,0.78,11.0,overtake,23.0,1.5714285714285714,2025-05,0.13389218768191874,129.0705537606131,0.001340716992130675
2025-05-27,17182,269,836,12.45,2127.6,11.5,0.541,12.0,overtake,4.0,1.7142857142857142,2025-05,0.023280176929344663,129.10060861071454,0.00023285597857714002
2025-05-28,17279,270,837,13.119,2256.3,10.5,0.465,12.0,overtake,97.0,1.7142857142857142,2025-05,0.5613750795763645,129.82943872567435,0.00564544290536606
2025-05-29,17312,270,838,11.947,2055.3,12.9,0.628,12.0,overtake,33.0,1.7142857142857142,2025-05,0.1906192236598891,130.07739123901118,0.0019098327449504904
2025-05-30,17438,272,838,11.041,1915.5,9.8,0.512,10.0,overtake,126.0,1.4285714285714286,2025-05,0.7225599265970868,131.0241190172064,0.0072781885397412704
2025-05-31,17494,274,839,15.444,2676.1,25.6,0.957,8.0,overtake,56.0,1.1428571428571428,2025-05,0.3201097519149423,131.4448869186265,0.003211377451542541
2025-06-01,17525,273,839,16.041,2784.2,27.0,0.97,5.0,overtake,31.0,0.7142857142857143,2025-06,0.1768901569186876,131.67781200691263,0.001772036126671983
2025-06-02,17554,273,839,18.359,3180.6,42.2,1.327,5.0,overtake,29.0,0.7142857142857143,2025-06,0.16520451179218412,131.89570967014802,0.0016547788873038094
2025-06-03,17559,273,840,18.885,3271.3,44.8,1.369,4.0,overtake,5.0,0.5714285714285714,2025-06,0.028475425707614327,131.9332782327748,0.00028483536515899743
2025-06-04,17570,273,840,19.404,3361.7,47.6,1.416,3.0,overtake,11.0,0.42857142857142855,2025-06,0.06260671599317018,132.01592907055374,0.0006264593655675998
2025-06-05,17584,277,841,21.063,3650.0,53.7,1.471,3.0,overtake,14.0,0.42857142857142855,2025-06,0.07961783439490447,132.12112104590878,0.0007968127490038945
2025-06-06,17607,277,842,21.429,3718.1,54.9,1.477,4.0,overtake,23.0,0.5714285714285714,2025-06,0.1306298631226217,132.29393643399203,0.0013080072793447695
2025-06-07,17627,278,845,22.703,3944.5,57.3,1.453,6.0,overtake,20.0,0.8571428571428571,2025-06,0.11346230215011062,132.4442106844992,0.0011359118532401347
2025-06-08,17668,280,848,23.143,4031.1,57.8,1.434,9.0,overtake,41.0,1.2857142857142858,2025-06,0.23205795788997058,132.75227289803894,0.0023259771940773444
2025-06-09,17714,280,850,23.903,4175.3,58.9,1.411,11.0,overtake,46.0,1.5714285714285714,2025-06,0.2596816077678672,133.0979036742054,0.002603577088521547
2025-06-10,17730,281,852,24.045,4204.6,58.6,1.394,12.0,overtake,16.0,1.7142857142857142,2025-06,0.09024252679075014,133.21812307461116,0.0009032403748447937
2025-06-11,17758,281,853,18.621,3266.9,39.8,1.218,13.0,overtake,28.0,1.8571428571428572,2025-06,0.15767541389796147,133.4285070253212,0.0015792442188380384
2025-06-12,17863,278,854,15.736,2797.0,14.0,0.501,13.0,overtake,105.0,1.8571428571428572,2025-06,0.5878071992386497,134.2174468404839,0.005912828021173544
2025-06-13,17902,278,855,22.565,4006.3,33.3,0.831,13.0,overtake,39.0,1.8571428571428572,2025-06,0.21785275388224778,134.51048162897288,0.0021832838828863554
2025-06-14,17929,278,856,23.614,4198.0,35.8,0.853,11.0,overtake,27.0,1.5714285714285714,2025-06,0.1505940097049473,134.71335186715757,0.001508211373030921
2025-06-15,17942,278,856,24.897,4428.8,38.3,0.865,8.0,overtake,13.0,1.1428571428571428,2025-06,0.07245569055846618,134.81103012998722,0.0007250822689497394
2025-06-16,17954,278,856,25.623,4561.4,38.9,0.853,6.0,overtake,12.0,0.8571428571428571,2025-06,0.06683747354350006,134.90119468029152,0.0006688217590011813
2025-06-17,17964,278,857,26.014,4633.8,39.3,0.848,5.0,overtake,10.0,0.7142857142857143,2025-06,0.055666889334224,134.9763318055451,0.0005569789461958852
2025-06-18,17983,278,857,26.132,4659.9,39.5,0.848,5.0,overtake,19.0,0.7142857142857143,2025-06,0.10565534115553579,135.11909234352694,0.0010576708973502047
2025-06-19,17997,278,857,26.727,4769.8,40.3,0.845,3.0,overtake,14.0,0.42857142857142855,2025-06,0.07779074290159471,135.22428431888196,0.0007785130400934648
2025-06-20,18004,278,858,26.982,4817.3,40.5,0.841,3.0,overtake,7.0,0.42857142857142855,2025-06,0.038880248833592534,135.27688030655946,0.000388953714507867
2025-06-21,18012,278,859,27.258,4869.1,40.6,0.834,3.0,overtake,8.0,0.42857142857142855,2025-06,0.04441483455474128,135.33699000676233,0.00044434570095530646
2025-06-22,18018,279,861,26.727,4777.0,38.7,0.81,5.0,overtake,6.0,0.7142857142857143,2025-06,0.0333000333000333,135.3820722819145,0.0003331112591604679
2025-06-23,18052,279,862,27.255,4880.8,39.3,0.805,6.0,overtake,34.0,0.8571428571428571,2025-06,0.18834478174163527,135.6375385077767,0.0018870018870018601
2025-06-24,18080,279,863,23.137,4116.6,66.5,1.615,6.0,overtake,28.0,0.8571428571428571,2025-06,0.15486725663716813,135.84792245848675,0.0015510746731663971
2025-06-25,18105,279,864,24.052,4286.3,68.3,1.593,7.0,overtake,25.0,1.0,2025-06,0.13808340237503453,136.0357652716207,0.0013827433628319508
2025-06-26,18128,279,864,22.757,4058.2,67.1,1.653,7.0,overtake,23.0,1.0,2025-06,0.1268755516328332,136.20858065970396,0.0012703673018503725
2025-06-27,18135,279,865,23.527,4201.5,65.2,1.552,7.0,overtake,7.0,1.0,2025-06,0.03859939343810312,136.26117664738146,0.0003861429832303642
2025-06-28,18154,279,868,24.21,4328.7,66.4,1.534,9.0,overtake,19.0,1.2857142857142858,2025-06,0.10466012999889832,136.40393718536328,0.0010476978218914024
2025-06-29,18201,279,868,14.912,2671.8,42.3,1.583,7.0,overtake,47.0,1.0,2025-06,0.258227569913741,136.75708167405517,0.0025889611104989996
2025-06-30,18231,279,868,17.189,3090.0,43.8,1.417,6.0,overtake,30.0,0.8571428571428571,2025-06,0.1645548790521639,136.9824930498159,0.0016482610845558465
2025-07-01,18238,279,869,17.359,3122.0,44.0,1.409,6.0,overtake,7.0,0.8571428571428571,2025-07,0.03838140146945937,137.0350890374934,0.0003839613844549561
2025-07-02,18266,279,870,17.592,3169.0,44.3,1.398,6.0,overtake,28.0,0.8571428571428571,2025-07,0.15329026606810467,137.24547298820346,0.001535256058778467
2025-07-03,18291,279,870,20.169,3642.1,47.1,1.293,6.0,overtake,25.0,0.8571428571428571,2025-07,0.1366792411568531,137.43331580133744,0.0013686630898936958
2025-07-04,18302,279,871,22.345,4038.2,51.3,1.27,6.0,overtake,11.0,0.8571428571428571,2025-07,0.06010272101409682,137.51596663911639,0.0006013886610900521
2025-07-05,18309,279,871,23.142,4184.7,52.3,1.25,3.0,overtake,7.0,0.42857142857142855,2025-07,0.03823256322027418,137.5685626267939,0.00038247186099882313
2025-07-06,18312,279,871,21.323,3852.3,52.3,1.358,3.0,overtake,3.0,0.42857142857142855,2025-07,0.0163826998689384,137.59110376437,0.00016385384237249667
2025-07-07,18314,280,872,21.559,3895.7,52.6,1.35,4.0,overtake,2.0,0.5714285714285714,2025-07,0.010920607185759528,137.6061311894207,0.00010921799912622099
2025-07-08,18313,280,872,21.647,3911.3,52.9,1.352,4.0,overtake,-1.0,0.5714285714285714,2025-07,-0.005460601758313767,137.59861747689533,-5.460303592874638e-05
2025-07-09,18316,280,872,20.544,3710.5,52.3,1.41,2.0,overtake,3.0,0.2857142857142857,2025-07,0.016379122079056563,137.62115861447143,0.0001638180527494537
2025-07-10,18320,282,873,20.63,3727.1,52.3,1.403,2.0,overtake,4.0,0.2857142857142857,2025-07,0.021834061135371178,137.65121346457286,0.00021838829438736163
2025-07-11,18329,282,877,20.804,3760.8,52.4,1.393,4.0,overtake,9.0,0.5714285714285714,2025-07,0.049102515139942175,137.71883687730107,0.0004912663755458624
2025-07-12,18350,282,881,21.349,3898.3,19.3,0.495,6.0,overtake,21.0,0.8571428571428571,2025-07,0.11444141689373297,137.87662484033362,0.0011457253532654033
2025-07-13,18394,284,883,18.449,3369.3,24.2,0.718,12.0,overtake,44.0,1.7142857142857142,2025-07,0.2392084375339785,138.2072281914494,0.002397820163487774
2025-07-14,18432,284,884,18.197,3329.5,24.5,0.736,12.0,overtake,38.0,1.7142857142857142,2025-07,0.20616319444444445,138.49274926741302,0.0020658910514297357
2025-07-15,18457,285,885,19.261,3534.2,20.8,0.589,12.0,overtake,25.0,1.7142857142857142,2025-07,0.13544996478300916,138.680592080547,0.0013563368055555802
2025-07-16,18479,285,886,22.27,4092.3,22.9,0.56,13.0,overtake,22.0,1.8571428571428572,2025-07,0.11905406136695708,138.84589375610489,0.0011919596900904494
2025-07-17,18493,286,887,23.18,4251.9,34.8,0.818,14.0,overtake,14.0,2.0,2025-07,0.07570432055372303,138.9510857314599,0.0007576167541534229
2025-07-18,18574,286,889,24.75,4559.8,37.3,0.818,12.0,overtake,81.0,1.7142857142857142,2025-07,0.4360934639819102,139.559696446014,0.004380035689179662
2025-07-19,18656,286,892,31.51,5818.3,60.2,1.035,11.0,overtake,82.0,1.5714285714285714,2025-07,0.4395368782161235,140.1758208730934,0.004414773339076028
2025-07-20,18699,287,893,31.096,5761.4,53.2,0.923,10.0,overtake,43.0,1.4285714285714286,2025-07,0.22995882132734372,140.49891051168382,0.0023048885077185943
2025-07-21,18719,287,894,32.175,5953.0,69.8,1.173,10.0,overtake,20.0,1.4285714285714286,2025-07,0.10684331427960896,140.649184762191,0.001069575913150489
2025-07-22,18747,287,895,26.145,4835.8,65.6,1.357,10.0,overtake,28.0,1.4285714285714286,2025-07,0.14935723049021177,140.85956871290105,0.0014958063999144233
2025-07-23,18760,287,896,27.181,5030.8,68.4,1.36,10.0,overtake,13.0,1.4285714285714286,2025-07,0.06929637526652452,140.9572469757307,0.0006934442844188649
2025-07-24,18782,287,897,27.811,5154.4,69.1,1.341,10.0,overtake,22.0,1.4285714285714286,2025-07,0.11713342562027473,141.12254865128858,0.0011727078891257126
2025-07-25,18814,287,898,23.919,4430.7,69.4,1.566,10.0,overtake,32.0,1.4285714285714286,2025-07,0.17008610609120867,141.36298745210007,0.0017037589181130297
2025-07-26,18843,287,898,23.36,4346.2,55.5,1.277,9.0,overtake,29.0,1.2857142857142858,2025-07,0.15390330626757948,141.5808851153355,0.001541405336451529
2025-07-27,18846,287,899,24.129,4490.0,57.3,1.276,6.0,overtake,3.0,0.8571428571428571,2025-07,0.01591849729385546,141.60342625291156,0.00015921031682863962
2025-07-28,18868,287,899,24.642,4591.4,58.1,1.265,5.0,overtake,22.0,0.7142857142857143,2025-07,0.1165995336018656,141.76872792846947,0.0011673564682159743
2025-07-29,18878,287,900,16.91,3156.4,35.8,1.134,5.0,overtake,10.0,0.7142857142857143,2025-07,0.05297171310520183,141.84386505372305,0.0005299978800084038
2025-07-30,18895,287,900,17.178,3208.8,37.0,1.153,5.0,overtake,17.0,0.7142857142857143,2025-07,0.0899708917703096,141.97159816665413,0.0009005191227884346
2025-07-31,18911,287,900,17.284,3230.0,38.5,1.192,3.0,overtake,16.0,0.42857142857142855,2025-07,0.08460684257839353,142.09181756705988,0.0008467848637205844
2025-08-01,18911,287,901,17.379,3247.8,38.8,1.195,3.0,overtake,0.0,0.42857142857142855,2025-08,0.0,142.09181756705988,0.0
2025-08-02,18919,287,901,17.82,3331.3,40.0,1.201,3.0,overtake,8.0,0.42857142857142855,2025-08,0.04228553306200117,142.15192726726275,0.0004230342128919151
2025-08-03,18928,287,901,17.45,3261.8,41.1,1.26,3.0,overtake,9.0,0.42857142857142855,2025-08,0.047548605240912936,142.219550679991,0.000475712246947424
2025-08-04,18935,287,902,17.664,3303.3,41.3,1.25,2.0,overtake,7.0,0.2857142857142857,2025-08,0.03696857670979667,142.2721466676685,0.00036982248520711636
2025-08-05,18942,288,903,17.88,3344.8,42.1,1.259,3.0,overtake,7.0,0.42857142857142855,2025-08,0.03695491500369549,142.324742655346,0.0003696857670980602
2025-08-06,18949,289,904,18.183,3401.8,43.7,1.285,3.0,overtake,7.0,0.42857142857142855,2025-08,0.03694126339120798,142.3773386430235,0.0003695491500370629
2025-08-07,18958,289,904,18.575,3477.8,43.6,1.254,4.0,overtake,9.0,0.5714285714285714,2025-08,0.04747336216900517,142.44496205575174,0.00047495910074402126
2025-08-08,18962,289,905,16.783,3152.6,29.8,0.945,4.0,overtake,4.0,0.5714285714285714,2025-08,0.02109482122139015,142.47501690585318,0.0002109927207512019
2025-08-09,18962,288,906,16.925,3179.4,29.9,0.94,4.0,overtake,0.0,0.5714285714285714,2025-08,0.0,142.47501690585318,0.0
2025-08-10,18967,288,906,17.747,3331.3,34.7,1.042,5.0,overtake,5.0,0.7142857142857143,2025-08,0.026361575367743976,142.51258546847998,0.0002636852652673216
2025-08-11,18960,292,907,17.454,3273.5,35.8,1.094,5.0,overtake,-7.0,0.7142857142857143,2025-08,-0.03691983122362869,142.45998948080248,-0.00036906205514841695
2025-08-12,18971,292,908,17.798,3339.5,37.0,1.108,5.0,overtake,11.0,0.7142857142857143,2025-08,0.05798323757313795,142.54264031858142,0.0005801687763713481
2025-08-13,18977,293,909,17.185,3212.3,48.9,1.522,5.0,overtake,6.0,0.7142857142857143,2025-08,0.03161722084628761,142.58772259373356,0.0003162722049443456
2025-08-14,18988,292,911,15.802,2954.4,46.0,1.557,5.0,overtake,11.0,0.7142857142857143,2025-08,0.05793132504739836,142.67037343151253,0.0005796490488485517
2025-08-15,19000,290,913,17.006,3181.4,49.8,1.565,7.0,overtake,12.0,1.0,2025-08,0.06315789473684211,142.76053798181684,0.0006319780914261219
2025-08-16,19012,290,917,15.351,2882.4,36.2,1.256,11.0,overtake,12.0,1.5714285714285714,2025-08,0.06311803071744161,142.85070253212112,0.0006315789473683164
2025-08-17,19023,290,920,15.225,2860.0,36.2,1.266,14.0,overtake,11.0,2.0,2025-08,0.05782473847447826,142.93335336990006,0.0005785819482431176
2025-08-18,19045,290,922,13.199,2487.5,26.3,1.057,14.0,overtake,22.0,2.0,2025-08,0.11551588343397218,143.09865504545795,0.0011564947694895356
2025-08-19,19064,290,923,12.605,2387.6,15.5,0.649,15.0,overtake,19.0,2.142857142857143,2025-08,0.09966428871170793,143.24141558343976,0.0009976371751114765
2025-08-20,19100,291,924,13.253,2512.2,19.1,0.76,15.0,overtake,36.0,2.142857142857143,2025-08,0.18848167539267016,143.5119092343527,0.0018883759966428215
2025-08-21,19114,291,924,11.501,2179.6,18.7,0.858,13.0,overtake,14.0,1.8571428571428572,2025-08,0.07324474207387255,143.61710120970773,0.0007329842931937947
2025-08-22,19121,291,926,13.016,2442.0,46.7,1.912,13.0,overtake,7.0,1.8571428571428572,2025-08,0.036608963966319755,143.66969719738523,0.0003662237103694288
2025-08-23,19138,292,929,13.145,2467.3,48.3,1.958,13.0,overtake,17.0,1.8571428571428572,2025-08,0.08882850872609468,143.79743031031634,0.0008890748391821024
2025-08-24,19157,292,930,13.61,2555.8,51.5,2.015,12.0,overtake,19.0,1.7142857142857142,2025-08,0.09918045623009866,143.94019084829813,0.0009927892151739837
2025-08-25,19186,293,933,14.11,2653.3,53.8,2.028,11.0,overtake,29.0,1.5714285714285714,2025-08,0.15115188158031898,144.15808851153355,0.0015138069635121099
2025-08-26,19233,294,934,12.614,2370.7,55.3,2.333,11.0,overtake,47.0,1.5714285714285714,2025-08,0.24437165288826498,144.51123300022542,0.0024497029083707655
2025-08-27,19331,295,936,15.757,2990.0,56.0,1.873,11.0,overtake,98.0,1.5714285714285714,2025-08,0.5069577362785164,145.24757682771056,0.005095408932563883
2025-08-28,19442,295,937,17.618,3371.8,53.5,1.587,12.0,overtake,111.0,1.7142857142857142,2025-08,0.5709289167781092,146.08159891802538,0.005742072319073088
2025-08-29,19508,296,938,23.347,4477.5,77.1,1.722,12.0,overtake,66.0,1.7142857142857142,2025-08,0.3383227393889686,146.5775039446991,0.0033947124781401605
2025-08-30,19541,296,952,24.085,4656.1,50.3,1.08,12.0,overtake,33.0,1.7142857142857142,2025-08,0.16887569725193183,146.82545645803592,0.001691613696944927
2025-08-31,19545,296,953,26.032,5031.6,56.3,1.119,10.0,overtake,4.0,1.4285714285714286,2025-08,0.020465592223074956,146.85551130813735,0.0002046978148508849
2025-09-01,19558,296,954,26.783,5180.7,57.6,1.112,8.0,overtake,13.0,1.1428571428571428,2025-09,0.06646896410675938,146.95318957096703,0.0006651317472499141
2025-09-02,19571,296,955,27.639,5349.8,59.4,1.11,8.0,overtake,13.0,1.1428571428571428,2025-09,0.06642481222216544,147.05086783379667,0.000664689641067584
2025-09-03,19583,296,955,27.628,5351.3,59.0,1.103,8.0,overtake,12.0,1.1428571428571428,2025-09,0.06127763876831946,147.14103238410098,0.0006131521128200923
2025-09-04,19605,296,955,28.716,5566.6,63.2,1.135,5.0,overtake,22.0,0.7142857142857143,2025-09,0.11221627135934711,147.30633405965887,0.0011234233774191082
2025-09-05,19619,296,955,28.876,5601.5,63.7,1.137,5.0,overtake,14.0,0.7142857142857143,2025-09,0.07135939650338957,147.4115260350139,0.0007141035450139999
2025-09-06,19625,296,959,29.479,5721.0,64.3,1.124,7.0,overtake,6.0,1.0,2025-09,0.030573248407643316,147.45660831016605,0.0003058259850146072
2025-09-07,19643,297,961,29.965,5821.3,64.8,1.113,8.0,overtake,18.0,1.1428571428571428,2025-09,0.09163569719492949,147.59185513562252,0.0009171974522292903
2025-09-08,19670,297,963,22.118,4294.5,56.2,1.309,9.0,overtake,27.0,1.2857142857142858,2025-09,0.13726487036095578,147.7947253738072,0.0013745354579239866
2025-09-09,19683,297,964,12.164,2365.8,28.5,1.205,9.0,overtake,13.0,1.2857142857142858,2025-09,0.06604684245287812,147.89240363663686,0.0006609049313675008
2025-09-10,19685,298,966,9.045,1769.2,11.3,0.639,9.0,overtake,2.0,1.2857142857142858,2025-09,0.01016002032004064,147.9074310616876,0.0001016105268505374
2025-09-11,19693,298,968,9.854,1928.0,12.5,0.648,13.0,overtake,8.0,1.8571428571428572,2025-09,0.04062357182755294,147.96754076189046,0.00040640081280152174
2025-09-12,19721,298,971,9.92,1943.8,12.6,0.648,16.0,overtake,28.0,2.2857142857142856,2025-09,0.14198062978550782,148.1779247126005,0.0014218250139643729
2025-09-13,19751,298,975,11.051,2170.9,11.8,0.544,16.0,overtake,30.0,2.2857142857142856,2025-09,0.15189104349146879,148.40333608836124,0.0015212210334161202
2025-09-14,19786,299,979,9.306,1830.5,10.8,0.59,16.0,overtake,35.0,2.2857142857142856,2025-09,0.17689275245122815,148.66631602674883,0.0017720621740671127
2025-09-15,19811,299,980,10.14,1997.8,11.1,0.556,17.0,overtake,25.0,2.4285714285714284,2025-09,0.12619251930745545,148.85415883988279,0.0012635196603658638
2025-09-16,19829,299,981,11.423,2244.3,20.8,0.927,17.0,overtake,18.0,2.4285714285714284,2025-09,0.0907761359624792,148.98940566533923,0.0009085861390136785
2025-09-17,19874,299,982,11.636,2290.9,21.6,0.943,16.0,overtake,45.0,2.2857142857142856,2025-09,0.22642648686726374,149.3275227289804,0.002269403399062009
2025-09-18,19898,301,982,14.75,2903.1,31.9,1.099,16.0,overtake,24.0,2.2857142857142856,2025-09,0.12061513719971856,149.507851829589,0.001207607929958776
2025-09-19,19907,301,983,15.336,3020.3,32.7,1.083,14.0,overtake,9.0,2.0,2025-09,0.045210227558145376,149.57547524231722,0.00045230676449903306
2025-09-20,19922,303,984,18.182,3584.1,38.2,1.066,9.0,overtake,15.0,1.2857142857142858,2025-09,0.07529364521634374,149.6881809301976,0.0007535037926358346
2025-09-21,19935,303,985,17.635,3451.8,63.8,1.848,6.0,overtake,13.0,0.8571428571428571,2025-09,0.06521193880110358,149.78585919302728,0.000652544925208387
2025-09-22,19941,303,986,18.298,3582.7,66.1,1.845,6.0,overtake,6.0,0.8571428571428571,2025-09,0.030088761847449977,149.83094146817945,0.00030097817908192326
2025-09-23,19943,304,987,18.41,3605.0,66.5,1.845,6.0,overtake,2.0,0.8571428571428571,2025-09,0.010028581457152887,149.84596889323015,0.00010029587282489594
2025-09-24,19951,304,988,18.7,3662.5,68.4,1.868,6.0,overtake,8.0,0.8571428571428571,2025-09,0.040098240689689736,149.90607859343302,0.00040114325828621844
2025-09-25,19958,306,989,20.831,4081.7,75.8,1.857,6.0,overtake,7.0,0.8571428571428571,2025-09,0.035073654674817115,149.95867458111053,0.0003508596060348701
2025-09-26,19963,308,990,20.352,3984.7,78.2,1.963,7.0,overtake,5.0,1.0,2025-09,0.025046335721084004,149.99624314373733,0.0002505261048200147
2025-09-27,20050,309,990,21.125,4156.7,78.8,1.896,6.0,overtake,87.0,0.8571428571428571,2025-09,0.4339152119700748,150.64993613344353,0.004358062415468655
2025-09-28,20138,311,995,25.901,5131.8,84.1,1.639,6.0,overtake,88.0,0.8571428571428571,2025-09,0.4369848048465587,151.3111428356751,0.004389027431421555
2025-09-29,20202,311,995,29.655,5902.3,88.6,1.501,9.0,overtake,64.0,1.2857142857142858,2025-09,0.31680031680031684,151.79202043729808,0.0031780713079749834
2025-09-30,20231,312,996,28.567,5700.8,78.5,1.377,8.0,overtake,29.0,1.1428571428571428,2025-09,0.14334437249765214,152.00991810053347,0.0014355014355014184
2025-10-01,20288,313,998,29.651,5934.8,80.7,1.36,8.0,overtake,57.0,1.1428571428571428,2025-10,0.28095425867507884,152.4381997144789,0.002817458355988345
2025-10-02,20347,313,999,31.409,6326.4,64.3,1.016,9.0,overtake,59.0,1.2857142857142858,2025-10,0.2899690372045019,152.8815087534751,0.002908123028391163
2025-10-03,20448,313,1000,36.126,7304.9,82.2,1.125,9.0,overtake,101.0,1.2857142857142858,2025-10,0.4939358372456964,153.64039371853633,0.00496387673858556
2025-10-04,20485,314,1001,40.716,8247.2,93.5,1.134,10.0,overtake,37.0,1.4285714285714286,2025-10,0.1806199658286551,153.91840108197462,0.001809467918622909
2025-10-05,20524,314,1004,36.81,7475.1,79.8,1.068,9.0,overtake,39.0,1.2857142857142858,2025-10,0.19002143831611773,154.2114358704636,0.0019038320722479796
2025-10-06,20557,315,1005,37.257,7578.6,80.3,1.06,9.0,overtake,33.0,1.2857142857142858,2025-10,0.1605292601060466,154.45938838380044,0.0016078737088287554
2025-10-07,20584,315,1006,29.516,6011.5,64.1,1.066,10.0,overtake,27.0,1.4285714285714286,2025-10,0.13116984065293433,154.66225862198513,0.0013134212190495376
2025-10-08,20621,314,1007,28.568,5822.3,68.8,1.182,10.0,overtake,37.0,1.4285714285714286,2025-10,0.17942873769458317,154.94026598542342,0.0017975126311697842
2025-10-09,20666,315,1008,29.855,6098.8,71.1,1.166,9.0,overtake,45.0,1.2857142857142858,2025-10,0.21774895964385946,155.27838304906453,0.0021822414043934923
2025-10-10,20691,316,1009,30.825,6300.8,77.3,1.227,9.0,overtake,25.0,1.2857142857142858,2025-10,0.12082547967715432,155.4662258621985,0.0012097164424658136
2025-10-11,20701,315,1010,29.486,6032.8,71.2,1.18,9.0,overtake,10.0,1.2857142857142858,2025-10,0.04830684507994783,155.5413629874521,0.00048330191870871175
2025-10-12,20735,315,1011,22.242,4561.1,50.7,1.112,9.0,overtake,34.0,1.2857142857142858,2025-10,0.16397395707740536,155.7968292133143,0.0016424327327182464
2025-10-13,20763,315,1012,16.963,3485.8,36.3,1.041,7.0,overtake,28.0,1.0,2025-10,0.13485527139623368,156.00721316402434,0.0013503737641669122
2025-10-14,20806,315,1013,14.818,3053.3,29.8,0.976,7.0,overtake,43.0,1.0,2025-10,0.2066711525521484,156.33030280261477,0.002070991667870725
2025-10-15,20835,317,1014,17.09,3516.4,44.4,1.263,7.0,overtake,29.0,1.0,2025-10,0.13918886489080873,156.5482004658502,0.0013938287032586594
2025-10-16,20865,318,1015,19.059,3916.5,60.2,1.537,7.0,overtake,30.0,1.0,2025-10,0.14378145219266716,156.77361184161094,0.0014398848092151972
2025-10-17,20883,319,1016,20.81,4274.2,71.5,1.673,7.0,overtake,18.0,1.0,2025-10,0.086194512282718,156.90885866706742,0.0008626887131559791
2025-10-18,20908,319,1017,21.65,4450.8,75.7,1.701,7.0,overtake,25.0,1.0,2025-10,0.11957145590204706,157.09670148020138,0.001197146003926619
2025-10-19,20936,319,1018,20.761,4269.5,77.0,1.803,7.0,overtake,28.0,1.0,2025-10,0.13374092472296523,157.3070854309114,0.0013392003061030167
2025-10-20,20985,320,1019,19.59,4035.8,75.1,1.861,7.0,overtake,49.0,1.0,2025-10,0.23350011913271385,157.675257344654,0.0023404661826518236
2025-10-21,20999,321,1020,25.385,5251.4,79.1,1.506,7.0,overtake,14.0,1.0,2025-10,0.06666984142102005,157.780449320009,0.0006671431975220354
2025-10-22,21015,321,1021,22.634,4687.8,68.7,1.466,7.0,overtake,16.0,1.0,2025-10,0.07613609326671425,157.90066872041476,0.0007619410448116426
2025-10-23,21025,321,1022,23.034,4771.6,71.2,1.492,7.0,overtake,10.0,1.0,2025-10,0.04756242568370987,157.97580584566836,0.00047585058291699234
2025-10-24,21027,321,1023,23.353,4838.8,71.6,1.48,7.0,overtake,2.0,1.0,2025-10,0.009511580349075,157.99083327071907,9.512485136742299e-05
2025-10-25,21028,321,1025,23.26,4818.2,73.0,1.515,8.0,overtake,1.0,1.1428571428571428,2025-10,0.004755564009891573,157.99834698324443,4.755790174537644e-05
2025-10-26,21035,321,1027,22.626,4693.5,65.9,1.404,9.0,overtake,7.0,1.2857142857142858,2025-10,0.033277870216306155,158.05094297092194,0.0003328894806924332
2025-10-27,21048,322,1029,20.541,4272.9,50.5,1.182,10.0,overtake,13.0,1.4285714285714286,2025-10,0.06176358798935766,158.14862123375158,0.0006180175897314566
2025-10-28,21061,321,1030,16.578,3476.3,15.1,0.434,10.0,overtake,13.0,1.4285714285714286,2025-10,0.06172546412800911,158.24629949658126,0.0006176358798934967
2025-10-29,21072,321,1031,13.735,2882.0,12.2,0.423,10.0,overtake,11.0,1.4285714285714286,2025-10,0.05220197418375095,158.3289503343602,0.0005222923887755471
2025-10-30,21085,319,1032,14.319,3006.9,12.3,0.409,10.0,overtake,13.0,1.4285714285714286,2025-10,0.06165520512212473,158.42662859718988,0.0006169324221716455
2025-10-31,21095,289,1033,14.956,3141.2,13.8,0.439,10.0,overtake,10.0,1.4285714285714286,2025-10,0.04740459824602986,158.50176572244345,0.000474270808631827
2025-11-01,21126,289,1034,8.808,1847.4,13.3,0.72,10.0,overtake,31.0,1.4285714285714286,2025-11,0.1467386159235066,158.73469081072957,0.001469542545627034
2025-11-02,21150,290,1035,14.635,3077.9,17.4,0.565,8.0,overtake,24.0,1.1428571428571428,2025-11,0.11347517730496454,158.9150199113382,0.0011360408974723235
2025-11-03,21171,292,1036,15.907,3348.4,19.3,0.576,7.0,overtake,21.0,1.0,2025-11,0.09919229134193,159.07280787437074,0.0009929078014183634
2025-11-04,21194,291,1037,16.701,3519.6,20.0,0.568,7.0,overtake,23.0,1.0,2025-11,0.10852127960743606,159.24562326245396,0.0010863917623162855
2025-11-05,21216,292,1038,19.99,4214.5,26.5,0.629,7.0,overtake,22.0,1.0,2025-11,0.10369532428355958,159.41092493801187,0.001038029631027726
2025-11-06,21230,292,1039,21.111,4455.3,26.6,0.597,7.0,overtake,14.0,1.0,2025-11,0.06594441827602449,159.5161169133669,0.0006598793363499222
2025-11-07,21243,294,1040,20.916,4415.8,27.3,0.618,7.0,overtake,13.0,1.0,2025-11,0.06119662947794567,159.61379517619656,0.0006123410268488172
2025-11-08,21261,295,1041,23.468,4956.7,32.8,0.662,7.0,overtake,18.0,1.0,2025-11,0.0846620572879921,159.749042001653,0.0008473379466176212
2025-11-09,21273,294,1042,23.891,5049.2,33.2,0.658,7.0,overtake,12.0,1.0,2025-11,0.05640953321111268,159.83920655195732,0.0005644137152531759
2025-11-10,21282,294,1043,25.049,5296.2,34.8,0.657,7.0,overtake,9.0,1.0,2025-11,0.042289258528333803,159.90682996468556,0.0004230714990833828
2025-11-11,21352,294,1043,25.56,5421.9,35.7,0.658,6.0,overtake,70.0,0.8571428571428571,2025-11,0.32783814162607716,160.43278984146068,0.0032891645522037383
2025-11-12,21372,294,1045,28.05,5944.8,50.1,0.843,7.0,overtake,20.0,1.0,2025-11,0.09358038555118847,160.58306409196783,0.0009366804046460064
2025-11-13,21394,294,1046,28.338,6011.9,50.8,0.845,7.0,overtake,22.0,1.0,2025-11,0.10283256987940544,160.74836576752574,0.001029384241063136
2025-11-14,21420,296,1048,30.389,6454.5,54.8,0.849,7.0,overtake,26.0,1.0,2025-11,0.12138188608776844,160.94372229318506,0.0012152940076657348
2025-11-15,21437,296,1051,30.702,6527.8,53.7,0.823,8.0,overtake,17.0,1.1428571428571428,2025-11,0.07930214115781126,161.07145540611617,0.0007936507936507908
2025-11-16,21462,302,1054,22.097,4698.6,43.8,0.932,10.0,overtake,25.0,1.4285714285714286,2025-11,0.11648495014444135,161.25929821925013,0.0011662079582031026
2025-11-17,21517,301,1057,14.441,3072.0,35.3,1.149,12.0,overtake,55.0,1.7142857142857142,2025-11,0.25561184179950736,161.67255240814487,0.0025626689031776895
2025-11-18,21611,300,1061,10.517,2247.0,25.8,1.148,14.0,overtake,94.0,2.0,2025-11,0.4349636759057887,162.37884138552857,0.004368638750755327
2025-11-19,21721,301,1062,8.851,1907.0,15.6,0.818,16.0,overtake,110.0,2.2857142857142856,2025-11,0.5064223562451085,163.20534976331805,0.005090000462727229
2025-11-20,21777,301,1063,10.954,2360.8,24.6,1.042,16.0,overtake,56.0,2.2857142857142856,2025-11,0.25715204114432655,163.62611766473816,0.0025781501772477178
2025-11-21,21818,301,1064,11.182,2415.7,24.0,0.994,16.0,overtake,41.0,2.2857142857142856,2025-11,0.18791823265193874,163.93417987827786,0.0018827203012352633
2025-11-22,21842,301,1065,13.845,2990.8,33.2,1.11,15.0,overtake,24.0,2.142857142857143,2025-11,0.10988004761468731,164.11450897888648,0.0011000091667430212
2025-11-23,21853,300,1066,17.283,3736.1,40.7,1.089,13.0,overtake,11.0,1.8571428571428572,2025-11,0.05033633826019311,164.19715981666542,0.0005036168849006373
2025-11-24,21878,300,1067,17.873,3869.0,41.3,1.067,11.0,overtake,25.0,1.5714285714285714,2025-11,0.11427004296553617,164.38500262979937,0.0011440076877315963
2025-11-25,21928,300,1068,20.221,4386.6,47.4,1.081,9.0,overtake,50.0,1.2857142857142858,2025-11,0.22801897117840203,164.76068825606734,0.0022854008593107267
2025-11-26,21960,300,1069,22.673,4923.8,55.3,1.123,7.0,overtake,32.0,1.0,2025-11,0.14571948998178508,165.0011270568788,0.0014593214155418366
2025-11-27,21978,301,1070,23.003,5004.3,51.2,1.023,7.0,overtake,18.0,1.0,2025-11,0.08190008190008191,165.13637388233525,0.0008196721311475308
2025-11-28,21991,301,1071,22.725,4940.3,57.1,1.156,7.0,overtake,13.0,1.0,2025-11,0.05911509253785639,165.23405214516492,0.0005915005915004823
2025-11-29,22000,301,1072,22.926,4985.2,58.6,1.175,7.0,overtake,9.0,1.0,2025-11,0.04090909090909091,165.30167555789313,0.00040925833295446523
2025-11-30,22055,305,1073,23.053,5026.8,57.6,1.146,7.0,overtake,55.0,1.0,2025-11,0.24937655860349126,165.7149297467879,0.0024999999999999467
2025-12-01,22081,308,1074,19.88,4342.0,47.7,1.099,7.0,overtake,26.0,1.0,2025-12,0.11774829038539922,165.91028627244722,0.001178871004307469
2025-12-02,22086,308,1075,20.834,4551.1,50.4,1.107,7.0,overtake,5.0,1.0,2025-12,0.022638775695010414,165.94785483507403,0.00022643901997199123
2025-12-03,22096,309,1076,21.856,4775.3,54.0,1.131,7.0,overtake,10.0,1.0,2025-12,0.04525706010137581,166.0229919603276,0.0004527755139001055
2025-12-04,22107,309,1077,20.167,4412.0,46.3,1.049,7.0,overtake,11.0,1.0,2025-12,0.04975799520513865,166.10564279810654,0.0004978276611151689
2025-12-05,22106,309,1078,20.276,4435.8,46.5,1.048,7.0,overtake,-1.0,1.0,2025-12,-0.004523658735185018,166.0981290855812,-4.5234541095617864e-05
2025-12-06,22116,309,1078,19.346,4213.2,65.4,1.552,7.0,overtake,10.0,1.0,2025-12,0.045216133116295895,166.17326621083478,0.0004523658735184899
2025-12-07,22122,309,1079,19.916,4332.9,73.0,1.685,6.0,overtake,6.0,0.8571428571428571,2025-12,0.027122321670735017,166.21834848598692,0.00027129679869775103
2025-12-08,22120,309,1080,20.124,4376.8,74.6,1.704,6.0,overtake,-2.0,0.8571428571428571,2025-12,-0.009041591320072333,166.20332106093622,-9.04077389024538e-05
2025-12-09,22119,309,1081,17.605,3825.4,68.7,1.796,6.0,overtake,-1.0,0.8571428571428571,2025-12,-0.0045210000452100005,166.19580734841085,-4.5207956600346044e-05
2025-12-10,22115,309,1082,15.173,3297.5,58.0,1.759,6.0,overtake,-4.0,0.8571428571428571,2025-12,-0.018087271082975358,166.16575249830942,-0.0001808400018084022
2025-12-11,22127,309,1083,17.663,3840.5,67.7,1.763,6.0,overtake,12.0,0.8571428571428571,2025-12,0.05423238577303746,166.2559170486137,0.0005426181324892365
2025-12-12,22124,309,1084,18.33,3993.0,62.3,1.56,6.0,overtake,-3.0,0.8571428571428571,2025-12,-0.013559934912312421,166.23337591103763,-0.00013558096443255785
2025-12-13,22134,309,1085,18.684,4072.3,63.3,1.554,6.0,overtake,10.0,0.8571428571428571,2025-12,0.04517936206740761,166.30851303629123,0.0004519978304104999
2025-12-14,22184,310,1086,19.3,4216.8,64.8,1.537,7.0,overtake,50.0,1.0,2025-12,0.22538766678687344,166.68419866255917,0.002258968103370451
2025-12-15,22212,310,1087,19.656,4291.9,74.0,1.724,7.0,overtake,28.0,1.0,2025-12,0.12605798667387,166.89458261326922,0.0012621709340066012
2025-12-16,22236,311,1087,20.813,4552.0,75.9,1.667,6.0,overtake,24.0,0.8571428571428571,2025-12,0.10793308148947653,167.07491171387784,0.0010804970286331095
2025-12-17,22249,311,1089,20.572,4498.2,78.8,1.752,7.0,overtake,13.0,1.0,2025-12,0.058429592341228825,167.17258997670748,0.0005846375247346991
2025-12-18,22250,314,1090,21.226,4642.4,80.3,1.73,7.0,overtake,1.0,1.0,2025-12,0.0044943820224719105,167.18010368923285,4.4945840262489156e-05
2025-12-19,22254,317,1091,20.209,4443.0,54.4,1.224,7.0,overtake,4.0,1.0,2025-12,0.017974296755639437,167.2101585393343,0.00017977528089896389
2025-12-20,22266,318,1091,19.785,4348.2,57.1,1.313,7.0,overtake,12.0,1.0,2025-12,0.05389382915656157,167.30032308963857,0.0005392289026691088
2025-12-21,22267,318,1092,20.742,4558.3,60.3,1.323,6.0,overtake,1.0,0.8571428571428571,2025-12,0.004490950734270444,167.30783680216393,4.491152429708656e-05
2025-12-22,22268,319,1093,21.14,4644.4,63.0,1.356,6.0,overtake,1.0,0.8571428571428571,2025-12,0.004490749056942698,167.3153505146893,4.490950734270527e-05
2025-12-23,22274,319,1093,18.182,3974.2,75.6,1.902,6.0,overtake,6.0,0.8571428571428571,2025-12,0.02693723623956182,167.36043278984144,0.00026944494341663017
2025-12-24,22288,319,1094,16.478,3606.9,65.8,1.824,5.0,overtake,14.0,0.7142857142857143,2025-12,0.06281407035175879,167.46562476519648,0.0006285355122563896
2025-12-25,22309,319,1094,16.892,3701.9,66.6,1.799,5.0,overtake,21.0,0.7142857142857143,2025-12,0.09413241292751805,167.62341272822903,0.0009422110552763652
2025-12-26,22318,319,1094,16.752,3668.4,70.3,1.916,4.0,overtake,9.0,0.5714285714285714,2025-12,0.04032619410341429,167.69103614095724,0.00040342462683229385
2025-12-27,22320,320,1095,17.227,3773.3,71.8,1.903,3.0,overtake,2.0,0.42857142857142855,2025-12,0.008960573476702509,167.70606356600797,8.961376467420124e-05
2025-12-28,22326,322,1096,17.572,3849.6,73.5,1.909,4.0,overtake,6.0,0.5714285714285714,2025-12,0.026874496103198062,167.7511458411601,0.0002688172043010528
2025-12-29,22322,322,1097,16.899,3697.3,74.9,2.026,4.0,overtake,-4.0,0.5714285714285714,2025-12,-0.017919541259743748,167.72109099105867,-0.00017916330735467945
2025-12-30,22326,322,1098,16.967,3708.4,79.7,2.149,5.0,overtake,4.0,0.7142857142857143,2025-12,0.017916330735465377,167.7511458411601,0.00017919541259736604
2025-12-31,22321,322,1098,14.66,3206.1,66.2,2.065,4.0,overtake,-5.0,0.5714285714285714,2025-12,-0.022400430088257695,167.71357727853334,-0.0002239541341932938
2026-01-01,22321,324,1100,14.825,3242.0,67.0,2.067,5.0,overtake,0.0,0.7142857142857143,2026-01,0.0,167.71357727853334,0.0
2026-01-02,22375,324,1101,15.089,3308.6,67.6,2.043,6.0,overtake,54.0,0.8571428571428571,2026-01,0.24134078212290502,168.1193177549027,0.002419246449531842
2026-01-03,22390,325,1102,13.679,3002.8,60.0,1.998,7.0,overtake,15.0,1.0,2026-01,0.06699419383653417,168.2320234427831,0.0006703910614525022
2026-01-04,22388,325,1103,13.856,3040.3,61.8,2.033,7.0,overtake,-2.0,1.0,2026-01,-0.008933357155619081,168.21699601773236,-8.932559178209676e-05
2026-01-05,22401,326,1104,14.162,3110.2,62.3,2.003,7.0,overtake,13.0,1.0,2026-01,0.058033123521271365,168.314674280562,0.0005806682151152653
2026-01-06,22401,326,1105,13.715,3008.3,63.9,2.124,7.0,overtake,0.0,1.0,2026-01,0.0,168.314674280562,0.0
2026-01-07,22405,326,1105,13.568,2987.6,52.3,1.751,7.0,overtake,4.0,1.0,2026-01,0.01785315777728186,168.34472913066344,0.00017856345698863407
2026-01-08,22409,326,1106,13.269,2921.6,51.9,1.776,6.0,overtake,4.0,0.8571428571428571,2026-01,0.017849970993797135,168.37478398076487,0.0001785315777729224
2026-01-09,22410,326,1106,13.5,2972.7,52.7,1.773,6.0,overtake,1.0,0.8571428571428571,2026-01,0.004462293618920125,168.38229769329024,4.4624927484582244e-05
2026-01-10,22417,326,1107,13.156,2911.3,37.9,1.302,5.0,overtake,7.0,0.7142857142857143,2026-01,0.03122630146763617,168.43489368096775,0.00031236055332439783
2026-01-11,22411,326,1107,13.355,2954.4,38.6,1.307,5.0,overtake,-6.0,0.7142857142857143,2026-01,-0.026772567042969972,168.3898114058156,-0.0002676540125797766
2026-01-12,22416,326,1107,13.469,2980.4,38.8,1.302,4.0,overtake,5.0,0.5714285714285714,2026-01,0.02230549607423269,168.4273799684424,0.0002231047253580254
2026-01-13,22409,327,1108,13.651,3019.7,39.4,1.305,3.0,overtake,-7.0,0.42857142857142855,2026-01,-0.031237449239144986,168.37478398076487,-0.00031227694503921377
2026-01-14,22421,326,1108,13.712,3034.5,39.8,1.312,3.0,overtake,12.0,0.42857142857142855,2026-01,0.053521252397306096,168.46494853106918,0.0005354991298138767
2026-01-15,22434,326,1109,12.303,2716.7,43.4,1.598,3.0,overtake,13.0,0.42857142857142855,2026-01,0.057947757867522515,168.56262679389886,0.0005798135676375882
2026-01-16,22443,326,1110,12.422,2743.6,44.2,1.611,4.0,overtake,9.0,0.5714285714285714,2026-01,0.04010159069643096,168.6302502066271,0.0004011767852367676
2026-01-17,22455,326,1111,13.321,2943.5,47.8,1.624,4.0,overtake,12.0,0.5714285714285714,2026-01,0.053440213760855046,168.7204147569314,0.0005346878759524554
2026-01-18,22458,327,1111,13.549,2994.0,48.8,1.63,4.0,overtake,3.0,0.5714285714285714,2026-01,0.01335826876836762,168.74295589450747,0.00013360053440214514
2026-01-19,22461,327,1112,14.674,3249.3,46.7,1.437,5.0,overtake,3.0,0.7142857142857143,2026-01,0.013356484573260316,168.76549703208354,0.0001335826876835977
2026-01-20,22472,328,1113,13.678,3030.5,43.2,1.426,5.0,overtake,11.0,0.7142857142857143,2026-01,0.0489498042007832,168.84814786986252,0.000489737767686238
2026-01-21,22484,330,1114,14.888,3305.4,42.1,1.274,5.0,overtake,12.0,0.7142857142857143,2026-01,0.05337128624799858,168.93831242016682,0.0005339978640086507
2026-01-22,22489,339,1115,15.337,3403.8,45.4,1.334,6.0,overtake,5.0,0.8571428571428571,2026-01,0.022233091733736495,168.9758809827936,0.00022238035936661404
2026-01-23,22492,338,1116,13.103,2895.2,52.0,1.796,5.0,overtake,3.0,0.7142857142857143,2026-01,0.013338075760270317,168.9984221203697,0.00013339855040239712
2026-01-24,22510,293,1117,13.199,2918.4,52.6,1.802,6.0,overtake,18.0,0.8571428571428571,2026-01,0.07996446023989337,169.13366894582614,0.0008002845456163143
2026-01-25,22516,292,1118,15.578,3451.6,55.9,1.62,7.0,overtake,6.0,1.0,2026-01,0.026647717178895008,169.17875122097828,0.0002665482007997433
2026-01-26,22518,293,1119,15.698,3480.6,54.3,1.56,7.0,overtake,2.0,1.0,2026-01,0.008881783462119193,169.193778646029,8.882572392954202e-05
2026-01-27,22526,295,1120,16.237,3599.0,58.6,1.628,7.0,overtake,8.0,1.0,2026-01,0.03551451655864335,169.25388834623186,0.00035527133848467507
2026-01-28,22538,297,1121,17.366,3849.9,64.1,1.665,7.0,overtake,12.0,1.0,2026-01,0.05324341112787292,169.34405289653617,0.0005327177483795964
2026-01-29,22593,297,1123,17.429,3873.3,64.4,1.663,7.0,overtake,55.0,1.0,2026-01,0.24343823308104282,169.7573070854309,0.002440323010027612
2026-01-30,22704,299,1128,20.298,4550.6,57.9,1.272,10.0,overtake,111.0,1.4285714285714286,2026-01,0.48890063424947144,170.59132917574573,0.004913026158544609
2026-01-31,22737,300,1130,20.797,4670.9,57.8,1.237,11.0,overtake,33.0,1.5714285714285714,2026-01,0.14513788098693758,170.83928168908258,0.0014534883720929148
2026-02-01,22754,301,1131,17.945,4028.4,54.7,1.358,11.0,overtake,17.0,1.5714285714285714,2026-02,0.07471213852509449,170.9670148020137,0.0007476799929631017
2026-02-02,22772,301,1133,19.036,4285.0,49.8,1.162,11.0,overtake,18.0,1.5714285714285714,2026-02,0.07904444054101528,171.10226162747014,0.0007910697020303559
2026-02-03,22803,301,1134,16.217,3649.8,48.2,1.321,11.0,overtake,31.0,1.5714285714285714,2026-02,0.13594702451431828,171.33518671575624,0.0013613209204286214
2026-02-04,22826,301,1135,16.752,3776.0,47.7,1.263,11.0,overtake,23.0,1.5714285714285714,2026-02,0.10076228861824235,171.5080021038395,0.001008639214138407
2026-02-05,22856,301,1136,17.773,4015.4,46.8,1.166,12.0,overtake,30.0,1.7142857142857142,2026-02,0.1312565628281414,171.73341347960027,0.0013142907211074473
2026-02-06,22902,301,1137,19.9,4512.4,45.2,1.002,8.0,overtake,46.0,1.1428571428571428,2026-02,0.20085582045236225,172.07904425576677,0.0020126006300313914
2026-02-07,22933,301,1138,17.971,4068.5,52.8,1.298,7.0,overtake,31.0,1.0,2026-02,0.13517638337766538,172.3119693440529,0.001353593572613665
2026-02-08,22948,303,1138,18.695,4236.3,53.8,1.27,7.0,overtake,15.0,1.0,2026-02,0.0653651734355935,172.42467503193328,0.0006540792744080814
2026-02-09,22973,304,1139,17.424,3957.6,45.2,1.142,7.0,overtake,25.0,1.0,2026-02,0.10882340138423366,172.61251784506723,0.0010894195572599408
2026-02-10,22997,304,1140,16.455,3742.8,41.3,1.103,7.0,overtake,24.0,1.0,2026-02,0.10436143844849328,172.79284694567585,0.0010447046532886528
2026-02-11,23019,306,1141,15.023,3418.7,39.5,1.155,7.0,overtake,22.0,1.0,2026-02,0.09557322212085669,172.95814862123376,0.0009566465191110929
2026-02-12,23038,306,1142,15.515,3532.5,41.8,1.183,6.0,overtake,19.0,0.8571428571428571,2026-02,0.08247243684347601,173.10090915921558,0.0008254051001346241
2026-02-13,23033,308,1144,15.715,3577.6,42.1,1.177,7.0,overtake,-5.0,1.0,2026-02,-0.021707984196587503,173.06334059658877,-0.00021703272853546007
2026-02-14,23030,308,1145,13.883,3164.2,33.0,1.043,7.0,overtake,-3.0,1.0,2026-02,-0.013026487190620929,173.0407994590127,-0.0001302479051795702
2026-02-15,23036,308,1145,13.958,3182.4,32.9,1.034,7.0,overtake,6.0,1.0,2026-02,0.026046188574405278,173.08588173416487,0.0002605297438125209
2026-02-16,23042,308,1147,13.073,2977.9,34.4,1.155,7.0,overtake,6.0,1.0,2026-02,0.026039406301536328,173.130964009317,0.0002604618857440233
2026-02-17,23043,316,1148,12.406,2826.9,31.9,1.128,7.0,overtake,1.0,1.0,2026-02,0.00433971271101853,173.13847772184238,4.339901050265382e-05
2026-02-18,23046,317,1149,8.825,2004.6,29.2,1.457,8.0,overtake,3.0,1.1428571428571428,2026-02,0.013017443374121324,173.16101885941845,0.00013019138133052444
2026-02-19,23057,317,1150,6.169,1406.2,16.1,1.145,8.0,overtake,11.0,1.1428571428571428,2026-02,0.047707854447673156,173.2436696971974,0.0004773062570511133
2026-02-20,23061,323,1151,7.38,1667.7,34.3,2.057,7.0,overtake,4.0,1.0,2026-02,0.017345301591431418,173.27372454729883,0.00017348310708253933
2026-02-21,23100,327,1154,7.22,1631.7,36.2,2.219,9.0,overtake,39.0,1.2857142857142858,2026-02,0.16883116883116883,173.56675933578782,0.001691166905164465
2026-02-22,23123,328,1156,7.083,1606.3,31.5,1.961,11.0,overtake,23.0,1.5714285714285714,2026-02,0.09946806210266834,173.73957472387107,0.0009956709956711052
2026-02-23,23143,327,1158,9.366,2130.8,36.7,1.722,10.0,overtake,20.0,1.4285714285714286,2026-02,0.0864192196344467,173.88984897437825,0.000864939670458087
2026-02-24,23156,327,1159,9.887,2250.9,38.6,1.715,11.0,overtake,13.0,1.5714285714285714,2026-02,0.05614095698738988,173.9875272372079,0.0005617249276239633
2026-02-25,23202,327,1160,10.135,2311.6,40.0,1.73,11.0,overtake,46.0,1.5714285714285714,2026-02,0.19825877079562107,174.3331580133744,0.001986526170323133
2026-02-26,23220,327,1161,10.487,2394.4,40.6,1.696,11.0,overtake,18.0,1.5714285714285714,2026-02,0.07751937984496124,174.46840483883085,0.0007757951900697613
2026-02-27,23251,328,1162,11.064,2529.8,42.7,1.688,12.0,overtake,31.0,1.7142857142857142,2026-02,0.13332759881295428,174.701329927117,0.0013350559862188582
2026-02-28,23327,334,1167,12.548,2878.3,48.7,1.692,11.0,overtake,76.0,1.5714285714285714,2026-02,0.3258027178805676,175.27237207904426,0.0032686766160594516
2026-03-01,23383,334,1171,13.098,3011.9,50.8,1.687,15.0,overtake,56.0,2.142857142857143,2026-03,0.23949022794337768,175.69313998046434,0.0024006516054357885
2026-03-02,23417,335,1173,13.563,3138.1,38.0,1.211,15.0,overtake,34.0,2.142857142857143,2026-03,0.1451936627236623,175.94860620632656,0.0014540478125133482
2026-03-03,23477,336,1174,17.17,3984.8,46.3,1.162,15.0,overtake,60.0,2.142857142857143,2026-03,0.2555692805724752,176.39942895784807,0.0025622411068881856
2026-03-04,23517,337,1175,16.746,3890.8,47.4,1.218,15.0,overtake,40.0,2.142857142857143,2026-03,0.1700897223285283,176.69997745886243,0.0017037952038165827
2026-03-05,23543,339,1176,17.553,4086.1,46.3,1.133,15.0,overtake,26.0,2.142857142857143,2026-03,0.11043622308117064,176.89533398452176,0.001105583195135429
2026-03-06,23561,341,1177,16.593,3867.6,41.8,1.081,15.0,overtake,18.0,2.142857142857143,2026-03,0.07639743644157718,177.0305808099782,0.0007645584674851325
2026-03-07,23587,342,1178,16.831,3928.0,41.9,1.067,15.0,overtake,26.0,2.142857142857143,2026-03,0.11023021155721373,177.22593733563755,0.0011035185263783553
2026-03-08,23605,342,1179,16.194,3781.5,41.0,1.084,11.0,overtake,18.0,1.5714285714285714,2026-03,0.07625503071383181,177.361184161094,0.0007631322338577107
2026-03-09,23630,342,1179,15.099,3537.8,30.1,0.851,8.0,overtake,25.0,1.1428571428571428,2026-03,0.10579771476936098,177.54902697422796,0.0010590976488031867
2026-03-10,23628,342,1181,13.631,3174.7,46.1,1.452,7.0,overtake,-2.0,1.0,2026-03,-0.008464533604198408,177.53399954917725,-8.46381718154765e-05
2026-03-11,23637,343,1182,13.945,3246.9,49.3,1.518,7.0,overtake,9.0,1.0,2026-03,0.038075897956593475,177.60162296190546,0.0003809040121889318
2026-03-12,23644,342,1183,10.892,2535.0,40.2,1.586,7.0,overtake,7.0,1.0,2026-03,0.029605819658264254,177.654218949583,0.0002961458729957567
2026-03-13,23660,342,1184,11.031,2569.0,41.0,1.596,7.0,overtake,16.0,1.0,2026-03,0.0676246830092984,177.77443834998874,0.0006767044493316554
2026-03-14,23670,342,1184,13.067,3043.4,49.6,1.63,7.0,overtake,10.0,1.0,2026-03,0.04224757076468103,177.84957547524232,0.0004226542688081647
2026-03-15,23698,342,1186,14.296,3335.4,52.5,1.574,7.0,overtake,28.0,1.0,2026-03,0.11815343066925478,178.05995942595237,0.0011829319814111727
2026-03-16,23711,342,1187,14.483,3381.3,52.7,1.559,7.0,overtake,13.0,1.0,2026-03,0.05482687360296908,178.15763768878205,0.0005485694995357449
2026-03-17,23718,346,1188,12.23,2856.4,44.2,1.547,7.0,overtake,7.0,1.0,2026-03,0.029513449700649293,178.21023367645955,0.0002952216270928343
2026-03-18,23710,345,1189,12.129,2833.4,42.3,1.493,7.0,overtake,-8.0,1.0,2026-03,-0.03374103753690426,178.15012397625668,-0.0003372965680074058
2026-03-19,23736,345,1190,13.817,3223.0,56.5,1.753,7.0,overtake,26.0,1.0,2026-03,0.10953825412874957,178.345480501916,0.0010965837199494732
2026-03-20,23754,346,1191,14.633,3411.8,64.2,1.882,7.0,overtake,18.0,1.0,2026-03,0.07577671129072998,178.48072732737245,0.0007583417593528541
2026-03-21,23833,347,1196,14.857,3479.7,61.2,1.759,11.0,overtake,79.0,1.5714285714285714,2026-03,0.33147316745688754,179.0743106168758,0.003325755662204166
2026-03-22,23915,351,1198,10.187,2400.0,36.3,1.513,12.0,overtake,82.0,1.7142857142857142,2026-03,0.34288103700606315,179.6904350439552,0.003440607560944997
2026-03-23,23961,353,1202,10.01,2361.3,37.2,1.575,15.0,overtake,46.0,2.142857142857143,2026-03,0.19197863194357498,180.03606582012173,0.0019234789880828718
2026-03-24,23995,353,1203,7.174,1703.7,17.6,1.033,15.0,overtake,34.0,2.142857142857143,2026-03,0.14169618670556364,180.29153204598393,0.0014189724969742024
2026-03-25,24014,354,1203,7.267,1727.4,17.7,1.025,15.0,overtake,19.0,2.142857142857143,2026-03,0.07912051303406346,180.4342925839657,0.0007918316315900231
2026-03-26,24022,354,1203,8.076,1922.2,17.8,0.926,13.0,overtake,8.0,1.8571428571428572,2026-03,0.0333028057613854,180.4944022841686,0.00033313900224873905
2026-03-27,24033,355,1206,8.119,1933.5,17.8,0.921,15.0,overtake,11.0,2.142857142857143,2026-03,0.04577039903466067,180.57705312194756,0.0004579135792190936
2026-03-28,24074,356,1209,7.426,1772.7,15.1,0.852,13.0,overtake,41.0,1.8571428571428572,2026-03,0.17030821633297333,180.88511533548726,0.0017059876003828744
2026-03-29,24154,359,1217,8.279,1983.7,15.9,0.802,19.0,overtake,80.0,2.7142857142857144,2026-03,0.33120808147718805,181.48621233751595,0.0033230871479603685
2026-03-30,24547,359,1220,6.18,1502.4,14.5,0.965,18.0,overtake,393.0,2.5714285714285716,2026-03,1.6010103067584633,184.43910135998195,0.016270597002566944
2026-03-31,24734,359,1222,16.422,3995.9,66.0,1.652,18.0,overtake,187.0,2.5714285714285716,2026-03,0.7560443114740842,185.84416560222405,0.007618038864219745
2026-04-01,24889,359,1224,15.362,3760.5,62.9,1.673,20.0,overtake,155.0,2.857142857142857,2026-04,0.6227650769416209,187.00879104365467,0.00626667744804732
2026-04-02,24951,359,1225,16.766,4117.9,65.5,1.591,22.0,overtake,62.0,3.142857142857143,2026-04,0.24848703458779206,187.4746412202269,0.0024910603077665794
2026-04-03,25004,360,1226,17.306,4259.6,67.7,1.589,20.0,overtake,53.0,2.857142857142857,2026-04,0.21196608542633177,187.87286798407092,0.00212416336018606
2026-04-04,25035,363,1227,20.244,4986.9,81.3,1.63,18.0,overtake,31.0,2.5714285714285716,2026-04,0.12382664270021969,188.10579307235705,0.0012398016317389793
2026-04-05,25055,364,1228,25.617,6308.2,110.2,1.747,11.0,overtake,20.0,1.5714285714285714,2026-04,0.07982438635002993,188.25606732286423,0.000798881565807763
2026-04-06,25069,364,1230,26.483,6525.7,113.3,1.736,10.0,overtake,14.0,1.4285714285714286,2026-04,0.05584586541146436,188.36125929821924,0.0005587707044503176
2026-04-07,25090,364,1231,26.947,6646.0,115.0,1.73,8.0,overtake,21.0,1.1428571428571428,2026-04,0.08369868473495416,188.51904726125179,0.0008376879811720084
2026-04-08,25104,363,1232,12.087,2992.2,42.2,1.41,7.0,overtake,14.0,1.0,2026-04,0.05576800509878904,188.6242392366068,0.0005579912315663016
2026-04-09,25142,363,1233,12.843,3183.7,45.4,1.426,7.0,overtake,38.0,1.0,2026-04,0.15114151618805186,188.90976031257046,0.0015137029955385461
2026-04-10,25160,364,1234,14.692,3640.2,56.4,1.549,7.0,overtake,18.0,1.0,2026-04,0.07154213036565978,189.0450071380269,0.0007159334977329124
2026-04-11,25198,368,1235,14.082,3495.7,52.6,1.505,7.0,overtake,38.0,1.0,2026-04,0.1508056194936106,189.33052821399053,0.0015103338632751484
2026-04-12,25285,369,1236,13.107,3262.8,51.3,1.572,7.0,overtake,87.0,1.0,2026-04,0.34407751631402017,189.98422120369676,0.00345265497261682
2026-04-13,25307,369,1237,12.237,3043.7,53.0,1.741,7.0,overtake,22.0,1.0,2026-04,0.08693246927727506,190.14952287925465,0.0008700810757364952
2026-04-14,25338,368,1238,11.879,2955.8,54.0,1.827,7.0,overtake,31.0,1.0,2026-04,0.1223458836530113,190.38244796754077,0.0012249575216343178
2026-04-15,25377,368,1238,12.909,3219.8,56.1,1.742,6.0,overtake,39.0,0.8571428571428571,2026-04,0.1536824683768767,190.67548275602974,0.0015391901491830229
2026-04-16,25398,369,1240,14.084,3517.8,59.3,1.686,7.0,overtake,21.0,1.0,2026-04,0.08268367587999055,190.83327071906228,0.0008275209835677533
2026-04-17,25430,371,1241,13.807,3458.8,52.2,1.509,7.0,overtake,32.0,1.0,2026-04,0.12583562721195438,191.07370951987377,0.0012599417276950575
2026-04-18,25449,372,1242,15.356,3856.3,51.7,1.341,7.0,overtake,19.0,1.0,2026-04,0.07465912216590043,191.2164700578556,0.0007471490365709155
2026-04-19,25481,373,1243,16.065,4036.8,56.8,1.407,7.0,overtake,32.0,1.0,2026-04,0.12558376829794748,191.45690885866708,0.0012574167943730785
2026-04-20,25506,380,1245,17.247,4337.5,61.6,1.42,8.0,overtake,25.0,1.1428571428571428,2026-04,0.09801615306202463,191.64475167180103,0.0009811231898277928
2026-04-21,25539,384,1246,17.494,4408.0,59.8,1.357,8.0,overtake,33.0,1.1428571428571428,2026-04,0.1292141430752966,191.8927041851379,0.0012938132204187713
2026-04-22,25556,383,1247,16.34,4123.3,52.6,1.276,9.0,overtake,17.0,1.2857142857142858,2026-04,0.06652058225074346,192.02043729806897,0.0006656486158425068
2026-04-23,25571,383,1248,16.397,4138.9,54.1,1.307,8.0,overtake,15.0,1.1428571428571428,2026-04,0.05866020100895546,192.13314298594938,0.0005869463139771547
2026-04-24,25586,383,1250,16.754,4231.8,54.8,1.295,8.0,overtake,15.0,1.1428571428571428,2026-04,0.05862581099038537,192.24584867382976,0.0005866020100895319
2026-04-25,25640,384,1256,15.762,3996.3,45.1,1.129,14.0,overtake,54.0,2.0,2026-04,0.21060842433697347,192.6515891501991,0.0021105291956537986
2026-04-26,25715,389,1261,14.58,3708.6,40.6,1.095,14.0,overtake,75.0,2.0,2026-04,0.29165856503986004,193.21511758960102,0.0029251170046802333
2026-04-27,25793,391,1262,6.143,1549.8,34.7,2.239,18.0,overtake,78.0,2.5714285714285716,2026-04,0.30240762997712556,193.801187166579,0.003033249076414446
2026-04-28,25822,392,1263,6.289,1597.9,26.0,1.627,17.0,overtake,29.0,2.4285714285714284,2026-04,0.11230733483076447,194.0190848298144,0.0011243360601713714
2026-04-29,25851,393,1264,6.966,1775.5,25.4,1.431,17.0,overtake,29.0,2.4285714285714284,2026-04,0.11218134694982786,194.23698249304982,0.001123073348307635
2026-04-30,25884,392,1265,6.905,1760.9,26.5,1.505,17.0,overtake,33.0,2.4285714285714284,2026-04,0.12749188687992583,194.48493500638665,0.001276546361842934
2026-05-01,25894,392,1266,8.168,2085.6,29.3,1.405,16.0,overtake,10.0,2.2857142857142856,2026-05,0.03861898509307175,194.56007213164023,0.00038633905115137424
2026-05-02,25902,393,1267,9.536,2435.1,34.8,1.429,11.0,overtake,8.0,1.5714285714285714,2026-05,0.030885645896069798,194.6201818318431,0.00030895188074464563
2026-05-03,25936,396,1268,9.686,2478.6,33.6,1.356,7.0,overtake,34.0,1.0,2026-05,0.13109191856878472,194.87564805770532,0.00131263995058295
2026-05-04,25947,396,1270,9.665,2485.7,22.0,0.885,7.0,overtake,11.0,1.0,2026-05,0.04239411107257101,194.95829889548426,0.0004241209130166901
2026-05-05,25958,398,1271,9.506,2448.8,18.7,0.764,8.0,overtake,11.0,1.1428571428571428,2026-05,0.04237614608213268,195.0409497332632,0.0004239411107256341
2026-05-06,25954,398,1272,8.943,2303.4,17.7,0.768,8.0,overtake,-4.0,1.1428571428571428,2026-05,-0.01541188256145488,195.01089488316177,-0.00015409507666230837
2026-05-07,25987,398,1273,9.98,2573.8,19.8,0.769,8.0,overtake,33.0,1.1428571428571428,2026-05,0.12698657020818102,195.25884739649862,0.0012714803113200723
2026-05-08,25997,399,1274,11.815,3040.8,30.8,1.013,8.0,overtake,10.0,1.1428571428571428,2026-05,0.038465976843481936,195.3339845217522,0.000384807788509578
2026-05-09,26046,400,1279,11.231,2893.7,31.4,1.085,12.0,overtake,49.0,1.7142857142857142,2026-05,0.18812869538508792,195.70215643549477,0.001884832865330699
2026-05-10,26231,400,1287,10.974,2847.3,31.4,1.103,12.0,overtake,185.0,1.7142857142857142,2026-05,0.7052723876329534,197.09219325268614,0.007102818091069718
2026-05-11,26366,400,1289,9.158,2378.3,36.4,1.531,19.0,overtake,135.0,2.7142857142857144,2026-05,0.5120230600015171,198.10654444360958,0.005146582288132473
2026-05-12,26425,400,1290,11.455,2992.5,34.4,1.15,19.0,overtake,59.0,2.7142857142857144,2026-05,0.22327341532639547,198.54985348260576,0.0022377304103768925
2026-05-13,26443,400,1291,12.353,3234.1,32.3,0.999,19.0,overtake,18.0,2.7142857142857144,2026-05,0.06807094505162047,198.6851003080622,0.0006811731315041758
2026-05-14,26468,400,1292,12.56,3291.7,32.7,0.993,19.0,overtake,25.0,2.7142857142857144,2026-05,0.0944536799153695,198.8729431211962,0.0009454297923836563
2026-05-15,26497,400,1295,12.128,3182.1,31.4,0.987,19.0,overtake,29.0,2.7142857142857144,2026-05,0.10944635241725478,199.09084078443158,0.0010956626870182173
2026-05-16,26551,400,1297,15.222,4009.0,32.7,0.816,18.0,overtake,54.0,2.5714285714285716,2026-05,0.20338217016308235,199.49658126080095,0.0020379665622523024
2026-05-17,26587,400,1298,10.402,2735.8,29.9,1.093,11.0,overtake,36.0,1.5714285714285714,2026-05,0.13540452100650693,199.76707491171388,0.0013558811344205335
2026-05-18,26638,400,1300,10.572,2786.3,29.8,1.07,11.0,overtake,51.0,1.5714285714285714,2026-05,0.1914558150011262,200.15027425050715,0.001918230714258895
2026-05-19,26669,400,1302,10.952,2889.0,31.8,1.101,11.0,overtake,31.0,1.5714285714285714,2026-05,0.11623982901496119,200.3831993387933,0.0011637510323598832
2026-05-20,26691,400,1305,11.051,2916.8,32.9,1.128,13.0,overtake,22.0,1.8571428571428572,2026-05,0.08242478738151438,200.5485010143512,0.0008249278188159348
2026-05-21,26757,400,1309,8.925,2363.0,25.1,1.062,16.0,overtake,66.0,2.2857142857142856,2026-05,0.24666442426280974,201.0444060410249,0.002472743621445339
2026-05-22,26829,411,1314,6.931,1838.8,20.8,1.131,16.0,overtake,72.0,2.2857142857142856,2026-05,0.26836632002683664,201.5853933428507,0.002690884628321566
2026-05-23,26896,414,1316,10.519,2785.0,44.1,1.583,17.0,overtake,67.0,2.4285714285714284,2026-05,0.24910767400356928,202.08881208204974,0.0024972977002497565
2026-05-24,26952,419,1322,7.898,2096.8,32.0,1.526,17.0,overtake,56.0,2.4285714285714284,2026-05,0.20777678836449986,202.50957998346985,0.0020820939916716963
2026-05-25,26979,427,1324,7.299,1939.9,29.3,1.51,21.0,overtake,27.0,3.0,2026-05,0.10007783831869231,202.71245022165454,0.0010017809439002434
2026-05-26,26992,428,1326,6.365,1692.9,25.1,1.483,20.0,overtake,13.0,2.857142857142857,2026-05,0.048162418494368704,202.81012848448418,0.0004818562585715558
2026-05-27,27003,427,1328,6.156,1637.3,25.1,1.533,20.0,overtake,11.0,2.857142857142857,2026-05,0.04073621449468578,202.89277932226315,0.00040752815649081064
2026-05-28,27042,428,1330,6.502,1737.2,21.1,1.215,19.0,overtake,39.0,2.7142857142857144,2026-05,0.14422010206345684,203.18581411075215,0.001444283968447868
2026-05-29,27065,432,1333,4.406,1169.1,23.5,2.01,17.0,overtake,23.0,2.4285714285714284,2026-05,0.08498060225383336,203.3586294988354,0.0008505288070408401
2026-05-30,27135,432,1338,4.632,1232.0,24.9,2.021,17.0,overtake,70.0,2.4285714285714284,2026-05,0.2579694121982679,203.8845893756105,0.0025863661555514117
2026-05-31,27192,432,1343,5.854,1559.3,32.5,2.084,20.0,overtake,57.0,2.857142857142857,2026-05,0.20962047661076785,204.31287098955596,0.0021006080707572927
2026-06-01,27198,432,1343,5.853,1559.3,32.5,2.084,20.0,overtake,6.0,2.857142857142857,2026-06,0.022060445621001543,204.3579532647081,0.00022065313327446212
