date,followers_count,following_count,media_count,engagement_rate,average_likes,average_comments,comments_to_likes_ratio,weekly_posts,account,daily_gain,posts_per_day,month,growth_rate,index_100,daily_growth_rel
2024-01-01,102769,1603,9996,1.827,1870.6,6.6,0.353,15.0,everithingmotoracing,27.0,2.142857142857143,2024-01,0.02627251408498672,100.0,
2024-01-02,102775,1603,9996,1.826,1866.4,10.5,0.563,17.0,everithingmotoracing,6.0,2.4285714285714284,2024-01,0.005837995621503284,100.00583833646333,5.838336463326321e-05
2024-01-03,102779,1604,9996,1.945,1988.6,10.7,0.538,15.0,everithingmotoracing,4.0,2.142857142857143,2024-01,0.0038918456104846317,100.00973056077223,3.891997080995857e-05
2024-01-04,102775,1604,9996,1.883,1923.1,12.3,0.64,16.0,everithingmotoracing,-4.0,2.2857142857142856,2024-01,-0.0038919970810021897,100.00583833646333,-3.8918456104819477e-05
2024-01-05,102780,1604,9996,1.92,1960.3,13.1,0.668,15.0,everithingmotoracing,5.0,2.142857142857143,2024-01,0.004864759680871765,100.01070361684945,4.864996351261475e-05
2024-01-06,102785,1604,9996,1.568,1601.3,10.7,0.668,14.0,everithingmotoracing,5.0,2.0,2024-01,0.004864523033516564,100.01556889723555,4.864759680867081e-05
2024-01-07,102791,1604,9996,1.655,1687.4,13.9,0.824,15.0,everithingmotoracing,6.0,2.142857142857143,2024-01,0.00583708690449553,100.02140723369888,5.8374276402206604e-05
2024-01-08,102783,1604,9996,1.57,1601.5,11.8,0.737,14.0,everithingmotoracing,-8.0,2.0,2024-01,-0.007783388303513226,100.0136227850811,-7.782782539322852e-05
2024-01-09,102781,1603,9996,1.621,1653.2,13.0,0.786,13.0,everithingmotoracing,-2.0,1.8571428571428572,2024-01,-0.0019458849398235082,100.01167667292665,-1.9458470758793034e-05
2024-01-10,102786,1603,9996,1.637,1668.3,13.9,0.833,15.0,everithingmotoracing,5.0,2.142857142857143,2024-01,0.00486447570680832,100.01654195331278,4.8647123495504374e-05
2024-01-11,102781,1605,9996,1.746,1778.3,15.9,0.894,16.0,everithingmotoracing,-5.0,2.2857142857142856,2024-01,-0.004864712349558771,100.01167667292665,-4.8644757068116995e-05
2024-01-12,102773,1605,9996,1.836,1870.6,16.1,0.861,15.0,everithingmotoracing,-8.0,2.142857142857143,2024-01,-0.00778414564136495,100.00389222430887,-7.783539759298463e-05
2024-01-13,102774,1605,9996,1.943,1982.8,14.6,0.736,16.0,everithingmotoracing,1.0,2.2857142857142856,2024-01,0.0009730087376184638,100.0048652803861,9.730182051637115e-06
2024-01-14,102769,1603,9996,2.063,2097.8,21.9,1.044,16.0,everithingmotoracing,-5.0,2.2857142857142856,2024-01,-0.004865280386108652,100.0,-4.865043688095927e-05
2024-01-15,102779,1603,9996,2.088,2124.7,21.5,1.012,17.0,everithingmotoracing,10.0,2.4285714285714284,2024-01,0.00972961402621158,100.00973056077223,9.730560772225338e-05
2024-01-16,102783,1603,9996,2.0,2034.8,20.4,1.003,17.0,everithingmotoracing,4.0,2.4285714285714284,2024-01,0.003891694151756613,100.0136227850811,3.89184561049305e-05
2024-01-17,102790,1604,9996,2.063,2097.3,23.1,1.101,16.0,everithingmotoracing,7.0,2.2857142857142856,2024-01,0.006810000972857282,100.02043417762165,6.810464765583113e-05
2024-01-18,102812,1604,9996,1.943,1978.3,18.9,0.955,13.0,everithingmotoracing,22.0,1.8571428571428572,2024-01,0.021398280356378634,100.04184141132053,0.00021402860200403495
2024-01-19,102828,1604,9996,1.978,2011.3,22.3,1.109,16.0,everithingmotoracing,16.0,2.2857142857142856,2024-01,0.015559964212082313,100.05741030855609,0.00015562385713718818
2024-01-20,102856,1604,9996,1.845,1882.3,15.6,0.829,20.0,everithingmotoracing,28.0,2.857142857142857,2024-01,0.02722252469471883,100.08465587871828,0.00027229937371142654
2024-01-21,102928,1604,9996,1.92,1962.3,13.7,0.698,18.0,everithingmotoracing,72.0,2.5714285714285716,2024-01,0.0699518109746619,100.15471591627825,0.0007000077778642755
2024-01-22,102995,1604,9996,2.482,2542.5,14.1,0.555,20.0,everithingmotoracing,67.0,2.857142857142857,2024-01,0.06505170153890966,100.2199106734521,0.000650940463236438
2024-01-23,103009,1604,9996,2.726,2791.9,15.7,0.562,19.0,everithingmotoracing,14.0,2.7142857142857144,2024-01,0.013591045442631226,100.2335334585332,0.0001359289285887133
2024-01-24,103059,1604,9996,2.847,2918.5,15.2,0.521,22.0,everithingmotoracing,50.0,3.142857142857143,2024-01,0.048515898659990876,100.28218626239432,0.00048539448009399244
2024-01-25,103115,1604,9996,3.627,3719.6,20.5,0.551,26.0,everithingmotoracing,56.0,3.7142857142857144,2024-01,0.05430829656209087,100.33667740271872,0.0005433780649919395
2024-01-26,103191,1604,9996,4.057,4158.7,27.7,0.666,23.0,everithingmotoracing,76.0,3.2857142857142856,2024-01,0.07364983380333556,100.41062966458757,0.000737041167628405
2024-01-27,103372,1604,9996,3.652,3746.0,29.3,0.782,20.0,everithingmotoracing,181.0,2.857142857142857,2024-01,0.1750957706148667,100.5867528145647,0.0017540289366320128
2024-01-28,103463,1604,9996,3.93,4035.2,30.9,0.766,21.0,everithingmotoracing,91.0,3.0,2024-01,0.08795414785962131,100.67530091759187,0.0008803157528149974
2024-01-29,103513,1604,9996,4.081,4193.1,31.1,0.742,22.0,everithingmotoracing,50.0,3.142857142857143,2024-01,0.04830311168645484,100.72395372145297,0.00048326454867919644
2024-01-30,103534,1604,9996,2.236,2295.6,19.0,0.828,24.0,everithingmotoracing,21.0,3.4285714285714284,2024-01,0.020283191994900224,100.74438789907462,0.0002028730690830649
2024-01-31,103629,1604,9996,2.32,2389.9,14.1,0.59,23.0,everithingmotoracing,95.0,3.2857142857142856,2024-01,0.0916731802873713,100.83682822641069,0.0009175729711978775
2024-02-01,103733,1604,9996,2.837,2925.5,17.2,0.588,22.0,everithingmotoracing,104.0,3.142857142857143,2024-02,0.10025739157259503,100.93802605844175,0.0010035800789354177
2024-02-02,103826,1604,9996,2.495,2576.8,13.3,0.516,23.0,everithingmotoracing,93.0,3.2857142857142856,2024-02,0.08957293934082022,101.02852027362337,0.0008965324438703348
2024-02-03,103880,1604,9996,2.432,2514.7,11.8,0.469,22.0,everithingmotoracing,54.0,3.142857142857143,2024-02,0.05198305737389295,101.08106530179334,0.000520100938107948
2024-02-04,103897,1604,9996,2.552,2633.6,17.4,0.661,22.0,everithingmotoracing,17.0,3.142857142857143,2024-02,0.016362358874654707,101.0976072551061,0.0001636503658066779
2024-02-05,103907,1604,9996,2.08,2141.9,19.4,0.906,19.0,everithingmotoracing,10.0,2.7142857142857144,2024-02,0.009623990683977018,101.10733781587832,9.62491698508483e-05
2024-02-06,103944,1604,9996,1.852,1905.2,19.6,1.029,21.0,everithingmotoracing,37.0,3.0,2024-02,0.035596090202416684,101.14334089073553,0.00035608765530725783
2024-02-07,104004,1604,9996,2.026,2084.8,22.1,1.06,20.0,everithingmotoracing,60.0,2.857142857142857,2024-02,0.057690088842736825,101.20172425536884,0.0005772338951743894
2024-02-08,104056,1603,9996,2.282,2352.4,22.4,0.952,21.0,everithingmotoracing,52.0,3.0,2024-02,0.04997309141231644,101.25232317138438,0.0004999807699703762
2024-02-09,104095,1603,9996,2.16,2232.5,15.8,0.708,20.0,everithingmotoracing,39.0,2.857142857142857,2024-02,0.03746577645420049,101.29027235839601,0.0003747981855923843
2024-02-10,104124,1603,9996,2.09,2163.9,12.8,0.592,20.0,everithingmotoracing,29.0,2.857142857142857,2024-02,0.027851407936690872,101.31849098463543,0.0002785916710696945
2024-02-11,104159,1603,9996,2.183,2261.3,12.9,0.57,21.0,everithingmotoracing,35.0,3.0,2024-02,0.033602473142023255,101.35254794733821,0.00033613768199458605
2024-02-12,104179,1603,9996,1.936,2008.1,8.4,0.418,21.0,everithingmotoracing,20.0,3.0,2024-02,0.01919772698912449,101.37200906888265,0.0001920141322402369
2024-02-13,104194,1603,9996,1.686,1748.8,8.1,0.463,18.0,everithingmotoracing,15.0,2.5714285714285716,2024-02,0.014396222431234043,101.38660491004097,0.00014398295241835335
2024-02-14,104225,1604,9996,1.579,1638.6,7.0,0.427,17.0,everithingmotoracing,31.0,2.4285714285714284,2024-02,0.029743343727512594,101.41676964843485,0.00029752193024545903
2024-02-15,104240,1604,9996,2.22,2299.3,14.5,0.631,16.0,everithingmotoracing,15.0,2.2857142857142856,2024-02,0.014389869531849578,101.43136548959318,0.0001439194051331416
2024-02-16,104261,1604,9996,2.206,2285.7,14.2,0.621,16.0,everithingmotoracing,21.0,2.2857142857142856,2024-02,0.020141759622485877,101.45179966721483,0.0002014581734459675
2024-02-17,104272,1604,9996,2.274,2354.6,16.1,0.684,16.0,everithingmotoracing,11.0,2.2857142857142856,2024-02,0.01054933251496087,101.46250328406425,0.00010550445516543938
2024-02-18,104296,1604,9996,2.495,2586.1,16.6,0.642,16.0,everithingmotoracing,24.0,2.2857142857142856,2024-02,0.023011429009741503,101.48585662991758,0.0002301672548719047
2024-02-19,104311,1604,9996,2.621,2716.7,17.1,0.629,17.0,everithingmotoracing,15.0,2.4285714285714284,2024-02,0.014380074968124167,101.5004524710759,0.00014382143131097536
2024-02-20,104332,1604,9996,1.717,1783.3,8.5,0.477,17.0,everithingmotoracing,21.0,2.4285714285714284,2024-02,0.02012805275466779,101.52088664869756,0.00020132104955372654
2024-02-21,104338,1604,9996,1.833,1904.2,8.5,0.446,17.0,everithingmotoracing,6.0,2.4285714285714284,2024-02,0.005750541509325462,101.52672498516088,5.75087221561521e-05
2024-02-22,104340,1604,9996,1.845,1915.8,9.3,0.485,16.0,everithingmotoracing,2.0,2.2857142857142856,2024-02,0.0019168104274487252,101.52867109731534,1.9168471697694756e-05
2024-02-23,104361,1604,9996,1.727,1793.2,9.2,0.513,16.0,everithingmotoracing,21.0,2.2857142857142856,2024-02,0.02012245953948314,101.54910527493699,0.0002012650948821637
2024-02-24,104362,1604,9996,1.669,1733.3,8.8,0.508,16.0,everithingmotoracing,1.0,2.2857142857142856,2024-02,0.0009582031774017362,101.55007833101422,9.582123590146097e-06
2024-02-25,104388,1606,9996,1.65,1713.8,8.3,0.484,16.0,everithingmotoracing,26.0,2.2857142857142856,2024-02,0.024907077441851555,101.57537778902199,0.0002491328261244874
2024-02-26,104399,1606,9996,1.812,1879.3,12.1,0.644,16.0,everithingmotoracing,11.0,2.2857142857142856,2024-02,0.010536499391756625,101.58608140587143,0.00010537609686944727
2024-02-27,104413,1606,9996,1.888,1961.2,10.0,0.51,16.0,everithingmotoracing,14.0,2.2857142857142856,2024-02,0.01340829207091071,101.59970419095252,0.00013410090134957642
2024-02-28,104414,1606,9996,1.933,2003.2,14.9,0.744,18.0,everithingmotoracing,1.0,2.5714285714285716,2024-02,0.000957725975443906,101.60067724702975,9.577351479217455e-06
2024-02-29,104441,1605,9996,1.997,2070.8,14.6,0.705,18.0,everithingmotoracing,27.0,2.5714285714285716,2024-02,0.02585191639298743,101.62694976111473,0.0002585860133699214
2024-03-01,104459,1605,9996,2.631,2726.1,22.7,0.833,19.0,everithingmotoracing,18.0,2.7142857142857144,2024-03,0.017231641122354223,101.64446477050473,0.0001723461092866252
2024-03-02,104456,1604,9996,2.343,2422.8,24.2,0.999,18.0,everithingmotoracing,-3.0,2.5714285714285716,2024-03,-0.002872022669832274,101.64154560227306,-2.8719401870547223e-05
2024-03-03,104457,1605,9996,2.389,2468.6,26.4,1.069,17.0,everithingmotoracing,1.0,2.4285714285714284,2024-03,0.0009573317250160352,101.64251865835028,9.573408899399283e-06
2024-03-04,104464,1605,9996,2.371,2452.2,24.5,0.999,18.0,everithingmotoracing,7.0,2.5714285714285716,2024-03,0.006700873028028795,101.64933005089082,6.701322075119975e-05
2024-03-05,104472,1606,9996,2.508,2594.8,25.4,0.979,17.0,everithingmotoracing,8.0,2.4285714285714284,2024-03,0.0076575541771958045,101.65711449950861,7.658140603461483e-05
2024-03-06,104484,1606,9996,1.619,1672.8,18.4,1.1,15.0,everithingmotoracing,12.0,2.142857142857143,2024-03,0.011485012059262662,101.66879117243526,0.00011486331265797567
2024-03-07,104494,1606,9996,1.446,1502.2,9.3,0.619,15.0,everithingmotoracing,10.0,2.142857142857143,2024-03,0.009569927459949855,101.67852173320749,9.570843382711303e-05
2024-03-08,104543,1606,9996,1.516,1576.3,8.3,0.527,21.0,everithingmotoracing,49.0,3.0,2024-03,0.04687066565910678,101.72620148099134,0.00046892644553753193
2024-03-09,104610,1606,9996,1.578,1643.5,7.4,0.45,29.0,everithingmotoracing,67.0,4.142857142857143,2024-03,0.06404741420514291,101.7913962381652,0.0006408846120735667
2024-03-10,104635,1606,9996,1.793,1866.3,10.3,0.552,33.0,everithingmotoracing,25.0,4.714285714285714,2024-03,0.023892578964973477,101.81572264009576,0.00023898288882517882
2024-03-11,104641,1607,9996,1.549,1613.6,7.3,0.452,33.0,everithingmotoracing,6.0,4.714285714285714,2024-03,0.005733890157777544,101.82156097655908,5.734218951602976e-05
2024-03-12,104663,1608,9996,1.483,1543.1,8.6,0.557,35.0,everithingmotoracing,22.0,5.0,2024-03,0.02101984464423913,101.84296821025795,0.0002102426391186185
2024-03-13,104682,1608,9996,2.31,2404.1,14.5,0.603,33.0,everithingmotoracing,19.0,4.714285714285714,2024-03,0.018150207294472784,101.86145627572516,0.00018153502192741477
2024-03-14,104706,1607,9996,2.544,2647.9,15.3,0.578,28.0,everithingmotoracing,24.0,4.0,2024-03,0.02292132256031173,101.88480962157848,0.00022926577635118406
2024-03-15,104710,1607,9996,2.424,2521.9,16.1,0.638,21.0,everithingmotoracing,4.0,3.0,2024-03,0.0038200744914525836,101.88870184588738,3.820220426709042e-05
2024-03-16,104711,1607,9996,3.377,3508.9,27.1,0.772,18.0,everithingmotoracing,1.0,2.5714285714285716,2024-03,0.0009550095023445484,101.88967490196461,9.550186228723945e-06
2024-03-17,104724,1607,9996,3.865,4017.9,29.4,0.732,16.0,everithingmotoracing,13.0,2.2857142857142856,2024-03,0.012413582368893472,101.9023246309685,0.00012415123530473693
2024-03-18,104725,1607,9996,3.489,3627.6,26.7,0.736,15.0,everithingmotoracing,1.0,2.142857142857143,2024-03,0.0009548818333731202,101.90329768704571,9.5489095144341e-06
2024-03-19,104719,1607,9996,2.274,2363.7,17.1,0.723,15.0,everithingmotoracing,-6.0,2.142857142857143,2024-03,-0.005729619266799721,101.89745935058237,-5.729291000233783e-05
2024-03-20,104722,1607,9996,2.28,2370.6,16.9,0.713,15.0,everithingmotoracing,3.0,2.142857142857143,2024-03,0.0028647275644086245,101.90037851881404,2.8648096334071838e-05
2024-03-21,104722,1608,9996,2.208,2297.3,14.6,0.636,14.0,everithingmotoracing,0.0,2.0,2024-03,0.0,101.90037851881404,0.0
2024-03-22,104732,1607,9996,1.615,1684.5,7.1,0.421,20.0,everithingmotoracing,10.0,2.857142857142857,2024-03,0.009548180116869726,101.91010907958626,9.549091881355665e-05
2024-03-23,104764,1607,9996,1.393,1451.3,7.8,0.537,29.0,everithingmotoracing,32.0,4.142857142857143,2024-03,0.030544843648581576,101.94124687405734,0.0003055417637398694
2024-03-24,104796,1607,9996,1.337,1390.4,10.5,0.755,58.0,everithingmotoracing,32.0,8.285714285714286,2024-03,0.03053551662277186,101.97238466852845,0.0003054484364857224
2024-03-25,104820,1607,9996,1.428,1487.7,9.1,0.612,53.0,everithingmotoracing,24.0,7.571428571428571,2024-03,0.02289639381797367,101.99573801438177,0.0002290163746707652
2024-03-26,104838,1607,9996,1.463,1518.7,14.8,0.975,40.0,everithingmotoracing,18.0,5.714285714285714,2024-03,0.01716934699250272,102.01325302377175,0.00017172295363487855
2024-03-27,104842,1607,9996,1.667,1732.4,15.8,0.912,35.0,everithingmotoracing,4.0,5.0,2024-03,0.0038152648747639306,102.01714524808065,3.815410442786771e-05
2024-03-28,104851,1607,9996,1.77,1840.0,16.1,0.875,33.0,everithingmotoracing,9.0,4.714285714285714,2024-03,0.008583609121515293,102.02590275277564,8.584345968221108e-05
2024-03-29,104852,1608,9996,1.852,1924.6,17.0,0.883,28.0,everithingmotoracing,1.0,4.0,2024-03,0.0009537252508297411,102.02687580885285,9.537343468313253e-06
2024-03-30,104856,1608,9996,2.212,2296.0,23.1,1.006,20.0,everithingmotoracing,4.0,2.857142857142857,2024-03,0.0038147554741741053,102.03076803316176,3.814901003318383e-05
2024-03-31,104859,1608,9996,2.417,2512.8,22.1,0.879,14.0,everithingmotoracing,3.0,2.0,2024-03,0.0028609847509512773,102.0336872013934,2.861066605630569e-05
2024-04-01,104873,1608,9996,2.523,2624.3,22.1,0.842,13.0,everithingmotoracing,14.0,1.8571428571428572,2024-04,0.013349479847053102,102.04730998647452,0.0001335126217110183
2024-04-02,104881,1608,9996,2.251,2339.6,21.4,0.915,15.0,everithingmotoracing,8.0,2.142857142857143,2024-04,0.007627692337029586,102.05509443509229,7.628274198312468e-05
2024-04-03,104901,1608,9996,2.405,2486.8,36.3,1.46,14.0,everithingmotoracing,20.0,2.0,2024-04,0.019065595180217536,102.07455555663674,0.00019069230842583273
2024-04-04,104913,1608,9996,2.528,2615.5,36.8,1.407,14.0,everithingmotoracing,12.0,2.0,2024-04,0.011438048668897086,102.0862322295634,0.00011439357108122827
2024-04-05,104932,1608,9996,2.72,2815.1,39.1,1.389,14.0,everithingmotoracing,19.0,2.0,2024-04,0.018106964510349557,102.10472029503059,0.00018110243725755204
2024-04-06,104994,1608,9996,3.16,3283.3,34.5,1.051,13.0,everithingmotoracing,62.0,1.8571428571428572,2024-04,0.05905099339009848,102.16504977181835,0.0005908588419165639
2024-04-07,105251,1608,9996,3.74,3897.7,38.8,0.995,13.0,everithingmotoracing,257.0,1.8571428571428572,2024-04,0.24417820258239828,102.41512518366433,0.0024477589195572858
2024-04-08,105392,1608,9996,5.43,5640.5,81.9,1.452,13.0,everithingmotoracing,141.0,1.8571428571428572,2024-04,0.13378624563534233,102.5523260905526,0.0013396547301214312
2024-04-09,105433,1608,9996,5.409,5618.3,84.9,1.511,14.0,everithingmotoracing,41.0,2.0,2024-04,0.0388872554133905,102.59222138971869,0.0003890238348260855
2024-04-10,105475,1609,9996,5.267,5486.9,68.1,1.241,15.0,everithingmotoracing,42.0,2.142857142857143,2024-04,0.039819862526665084,102.63308974496199,0.00039835725057613125
2024-04-11,105511,1608,9996,5.574,5809.8,71.5,1.231,16.0,everithingmotoracing,36.0,2.2857142857142856,2024-04,0.03411966524817318,102.668119763742,0.0003413131073715103
2024-04-12,105539,1608,9996,5.02,5229.9,68.3,1.306,21.0,everithingmotoracing,28.0,3.0,2024-04,0.026530476885322014,102.69536533390419,0.00026537517415237133
2024-04-13,105571,1608,9996,2.104,2203.7,17.5,0.794,43.0,everithingmotoracing,32.0,6.142857142857143,2024-04,0.030311354443928733,102.72650312837528,0.0003032054501179715
2024-04-14,105603,1608,9996,1.512,1584.5,12.2,0.77,45.0,everithingmotoracing,32.0,6.428571428571429,2024-04,0.030302169445943772,102.75764092284638,0.00030311354443934846
2024-04-15,105656,1608,9996,1.143,1200.1,7.8,0.65,46.0,everithingmotoracing,53.0,6.571428571428571,2024-04,0.05016279245854471,102.80921289493914,0.0005018796814484361
2024-04-16,105726,1608,9996,1.648,1734.6,7.8,0.45,43.0,everithingmotoracing,70.0,6.142857142857143,2024-04,0.06620887955658968,102.87732682034465,0.0006625274475657861
2024-04-17,105792,1608,9996,2.256,2375.3,11.5,0.484,35.0,everithingmotoracing,66.0,5.0,2024-04,0.06238656987295826,102.94154852144129,0.000624255150105002
2024-04-18,105830,1607,9996,2.319,2443.2,11.2,0.458,30.0,everithingmotoracing,38.0,4.285714285714286,2024-04,0.03590664272890485,102.97852465237571,0.0003591954022987842
2024-04-19,105842,1607,9996,2.481,2612.8,12.8,0.49,28.0,everithingmotoracing,12.0,4.0,2024-04,0.01133765423933788,102.99020132530237,0.00011338939809135695
2024-04-20,105865,1607,9996,3.061,3224.4,16.4,0.509,21.0,everithingmotoracing,23.0,3.0,2024-04,0.021725782836631558,103.01258161507847,0.00021730503958727887
2024-04-21,105889,1608,9996,3.838,4043.6,20.8,0.514,16.0,everithingmotoracing,24.0,2.2857142857142856,2024-04,0.02266524379302855,103.0359349609318,0.00022670382090406171
2024-04-22,105894,1608,9996,2.361,2481.4,18.4,0.742,14.0,everithingmotoracing,5.0,2.0,2024-04,0.004721702834910382,103.0408002413179,4.721925790218684e-05
2024-04-23,105907,1609,9996,2.403,2526.1,18.9,0.748,12.0,everithingmotoracing,13.0,1.7142857142857142,2024-04,0.012274920449073244,103.0534499703218,0.00012276427370760956
2024-04-24,105929,1610,9996,1.571,1649.5,14.3,0.867,13.0,everithingmotoracing,22.0,1.8571428571428572,2024-04,0.020768628043312032,103.07485720402067,0.00020772942298430408
2024-04-25,105931,1610,9996,1.558,1636.3,14.3,0.874,14.0,everithingmotoracing,2.0,2.0,2024-04,0.0018880214479236484,103.0768033161751,1.888057094845408e-05
2024-04-26,105955,1610,9996,1.571,1652.7,12.0,0.726,20.0,everithingmotoracing,24.0,2.857142857142857,2024-04,0.022651125477797178,103.10015666202843,0.00022656257375075484
2024-04-27,105980,1610,9996,1.443,1519.3,9.5,0.625,33.0,everithingmotoracing,25.0,4.714285714285714,2024-04,0.02358935648235516,103.12448306395898,0.00023594922372716098
2024-04-28,106031,1610,9996,1.151,1215.4,5.5,0.453,44.0,everithingmotoracing,51.0,6.285714285714286,2024-04,0.04809914081730814,103.1741089238973,0.0004812228722399503
2024-04-29,106087,1610,9996,1.269,1340.9,5.4,0.403,52.0,everithingmotoracing,56.0,7.428571428571429,2024-04,0.05278686361194114,103.2286000642217,0.0005281474285823151
2024-04-30,106129,1610,9996,1.537,1617.9,13.6,0.841,42.0,everithingmotoracing,42.0,6.0,2024-04,0.039574480113823744,103.269468419465,0.00039590147708956636
2024-05-01,106177,1610,9996,1.836,1935.0,14.5,0.749,34.0,everithingmotoracing,48.0,4.857142857142857,2024-05,0.04520753082117596,103.31617511117166,0.00045227977272932485
2024-05-02,106199,1610,9996,2.127,2241.1,17.4,0.776,33.0,everithingmotoracing,22.0,4.714285714285714,2024-05,0.020715825949396884,103.33758234487054,0.00020720118293038325
2024-05-03,106221,1610,9996,2.164,2280.5,17.7,0.776,28.0,everithingmotoracing,22.0,4.0,2024-05,0.020711535383775334,103.35898957856942,0.00020715825949402245
2024-05-04,106231,1610,9996,2.318,2441.5,21.4,0.877,20.0,everithingmotoracing,10.0,2.857142857142857,2024-05,0.009413448051886927,103.36872013934165,9.414334265356317e-05
2024-05-05,106247,1610,9996,2.139,2258.1,14.4,0.638,16.0,everithingmotoracing,16.0,2.2857142857142856,2024-05,0.015059248731728897,103.38428903657717,0.00015061516883019266
2024-05-06,106268,1610,9996,1.591,1677.7,13.0,0.775,14.0,everithingmotoracing,21.0,2.0,2024-05,0.01976135807580833,103.40472321419882,0.000197652639603918
2024-05-07,106286,1610,9996,1.509,1592.3,11.7,0.735,14.0,everithingmotoracing,18.0,2.0,2024-05,0.016935438345595844,103.42223822358882,0.0001693830692213183
2024-05-08,106307,1612,9996,1.29,1354.6,16.6,1.225,15.0,everithingmotoracing,21.0,2.142857142857143,2024-05,0.019754108384208,103.44267240121047,0.00019758011403192555
2024-05-09,106331,1611,9996,1.522,1600.8,17.2,1.074,14.0,everithingmotoracing,24.0,2.0,2024-05,0.02257102820438066,103.46602574706381,0.00022576123867668052
2024-05-10,106356,1611,9996,1.681,1750.8,37.3,2.13,19.0,everithingmotoracing,25.0,2.7142857142857144,2024-05,0.023505961111737937,103.49035214899433,0.00023511487712890577
2024-05-11,106370,1611,9996,2.184,2278.4,44.5,1.953,29.0,everithingmotoracing,14.0,4.142857142857143,2024-05,0.01316160571589734,103.50397493407546,0.0001316333822256599
2024-05-12,106450,1611,9996,1.583,1657.5,27.3,1.647,35.0,everithingmotoracing,80.0,5.0,2024-05,0.0751526538280883,103.5818194202532,0.0007520917551941952
2024-05-13,106493,1611,9996,1.476,1568.1,3.5,0.223,35.0,everithingmotoracing,43.0,5.0,2024-05,0.0403782408233405,103.62366083157373,0.00040394551432587633
2024-05-14,106521,1611,9996,1.364,1448.2,4.3,0.297,35.0,everithingmotoracing,28.0,5.0,2024-05,0.026285896677650415,103.65090640173594,0.0002629280797799005
2024-05-15,106548,1611,9996,1.509,1603.5,4.8,0.299,33.0,everithingmotoracing,27.0,4.714285714285714,2024-05,0.02534069151931524,103.67717891582092,0.00025347114653451186
2024-05-16,106562,1611,9996,1.717,1821.6,8.2,0.45,29.0,everithingmotoracing,14.0,4.142857142857143,2024-05,0.013137891556089413,103.69080170090201,0.00013139617824831085
2024-05-17,106592,1611,9996,1.948,2062.0,14.4,0.698,26.0,everithingmotoracing,30.0,3.7142857142857144,2024-05,0.028144701290903636,103.71999338321866,0.0002815262476305591
2024-05-18,106636,1611,9996,2.787,2949.6,22.7,0.77,18.0,everithingmotoracing,44.0,2.5714285714285716,2024-05,0.04126186278555085,103.76280785061643,0.00041278895226648515
2024-05-19,106669,1612,9996,2.927,3095.8,26.2,0.846,14.0,everithingmotoracing,33.0,2.0,2024-05,0.03093682325699125,103.79491870116475,0.00030946397089159916
2024-05-20,106683,1612,9996,2.977,3148.5,27.0,0.858,15.0,everithingmotoracing,14.0,2.142857142857143,2024-05,0.013122990542073247,103.80854148624586,0.00013124712896894764
2024-05-21,106698,1612,9996,2.823,2985.8,26.0,0.871,14.0,everithingmotoracing,15.0,2.0,2024-05,0.0140583703537086,103.82313732740418,0.0001406034700937031
2024-05-22,106719,1613,9996,2.656,2810.9,23.3,0.829,15.0,everithingmotoracing,21.0,2.142857142857143,2024-05,0.019677845557023586,103.84357150502584,0.00019681718495201395
2024-05-23,106726,1613,9996,2.542,2699.6,13.3,0.493,17.0,everithingmotoracing,7.0,2.4285714285714284,2024-05,0.006558851638775931,103.85038289756639,6.55928185233634e-05
2024-05-24,106748,1613,9996,1.739,1843.5,12.4,0.673,23.0,everithingmotoracing,22.0,3.2857142857142856,2024-05,0.02060928541986735,103.87179013126526,0.0002061353372186936
2024-05-25,106792,1613,9996,2.275,2407.1,22.1,0.918,53.0,everithingmotoracing,44.0,7.571428571428571,2024-05,0.04120158813394262,103.91460459866302,0.00041218570839740565
2024-05-26,106822,1613,9996,1.614,1711.8,12.4,0.724,56.0,everithingmotoracing,30.0,8.0,2024-05,0.02808410252569695,103.94379628097967,0.0002809199190949574
2024-05-27,106856,1613,9996,1.252,1329.8,8.5,0.639,45.0,everithingmotoracing,34.0,6.428571428571429,2024-05,0.03181852212323127,103.9768801876052,0.0003182864952913089
2024-05-28,106871,1613,9996,1.177,1249.9,8.2,0.656,40.0,everithingmotoracing,15.0,5.714285714285714,2024-05,0.014035613028791721,103.99147602876353,0.00014037583289661093
2024-05-29,106880,1614,9996,1.317,1397.2,10.4,0.744,34.0,everithingmotoracing,9.0,4.857142857142857,2024-05,0.008420658682634731,104.00023353345853,8.421367817268433e-05
2024-05-30,106892,1614,9996,1.038,1103.4,6.6,0.598,33.0,everithingmotoracing,12.0,4.714285714285714,2024-05,0.011226284474048573,104.01191020638518,0.00011227544910186182
2024-05-31,106895,1614,9996,1.18,1251.9,9.1,0.727,29.0,everithingmotoracing,3.0,4.142857142857143,2024-05,0.00280649235230834,104.01482937461685,2.8065711185076836e-05
2024-06-01,106921,1613,9996,1.102,1172.3,6.4,0.546,41.0,everithingmotoracing,26.0,5.857142857142857,2024-06,0.0243170191075654,104.04012883262463,0.00024322933720011264
2024-06-02,106930,1614,9996,1.051,1114.3,9.1,0.817,52.0,everithingmotoracing,9.0,7.428571428571429,2024-06,0.008416721219489385,104.04888633731962,8.417429691087719e-05
2024-06-03,106945,1614,9996,0.792,839.4,7.1,0.846,52.0,everithingmotoracing,15.0,7.428571428571429,2024-06,0.014025901164149797,104.06348217847794,0.0001402786869915129
2024-06-04,106994,1614,9996,0.896,952.2,7.0,0.735,42.0,everithingmotoracing,49.0,6.0,2024-06,0.04579696057722863,104.11116192626181,0.00045817943802894945
2024-06-05,107125,1614,9996,1.119,1186.1,12.5,1.054,35.0,everithingmotoracing,131.0,5.0,2024-06,0.12228704784130687,104.23863227237786,0.0012243677215544313
2024-06-06,107198,1614,9996,2.36,2491.6,37.8,1.517,33.0,everithingmotoracing,73.0,4.714285714285714,2024-06,0.06809828541577269,104.30966536601505,0.0006814469078180174
2024-06-07,107233,1614,9996,2.656,2807.6,40.3,1.435,28.0,everithingmotoracing,35.0,4.0,2024-06,0.03263920621450486,104.3437223287178,0.000326498628705707
2024-06-08,107242,1614,9996,3.001,3172.1,45.7,1.441,22.0,everithingmotoracing,9.0,3.142857142857143,2024-06,0.00839223438578169,104.3524798334128,8.392938740864331e-05
2024-06-09,107259,1614,9996,3.475,3663.5,64.0,1.747,19.0,everithingmotoracing,17.0,2.7142857142857144,2024-06,0.015849485824033414,104.36902178672558,0.00015851998284244218
2024-06-10,107272,1614,12371,3.478,3667.9,62.5,1.704,18.0,everithingmotoracing,13.0,2.5714285714285716,2024-06,0.012118726228652397,104.38167151572945,0.00012120195041909199
2024-06-11,107300,1614,12373,1.814,1912.1,34.6,1.81,18.0,everithingmotoracing,28.0,2.5714285714285716,2024-06,0.026095060577819195,104.40891708589166,0.00026101871877104443
2024-06-12,107329,1614,12374,2.343,2475.6,39.0,1.575,15.0,everithingmotoracing,29.0,2.142857142857143,2024-06,0.027019724398811132,104.4371357121311,0.00027027027027037853
2024-06-13,107380,1614,12377,2.603,2751.3,43.8,1.592,15.0,everithingmotoracing,51.0,2.142857142857143,2024-06,0.04749487800335258,104.4867615720694,0.0004751744635653754
2024-06-14,107411,1615,12380,2.8,2953.2,54.2,1.835,15.0,everithingmotoracing,31.0,2.142857142857143,2024-06,0.028861103611361967,104.51692631046328,0.00028869435649103714
2024-06-15,107421,1615,12385,3.06,3218.8,67.8,2.106,19.0,everithingmotoracing,10.0,2.7142857142857144,2024-06,0.009309166736485417,104.52665687123547,9.310033423015618e-05
2024-06-16,107431,1615,12387,3.093,3255.9,67.3,2.067,19.0,everithingmotoracing,10.0,2.7142857142857144,2024-06,0.009308300211298415,104.5363874320077,9.309166736493069e-05
2024-06-17,107443,1615,12389,1.947,2039.1,52.9,2.594,18.0,everithingmotoracing,12.0,2.5714285714285716,2024-06,0.011168712712787245,104.54806410493435,0.00011169960253565314
2024-06-18,107443,1615,12392,1.663,1743.9,42.9,2.46,19.0,everithingmotoracing,0.0,2.7142857142857144,2024-06,0.0,104.54806410493435,0.0
2024-06-19,107459,1615,12394,1.921,2020.7,43.5,2.153,20.0,everithingmotoracing,16.0,2.857142857142857,2024-06,0.014889399678016732,104.56363300216991,0.00014891616950385433
2024-06-20,107476,1615,12397,1.87,1994.0,16.1,0.807,20.0,everithingmotoracing,17.0,2.857142857142857,2024-06,0.015817484833823364,104.58017495548269,0.00015819987157894566
2024-06-21,107479,1615,12399,2.163,2300.1,24.7,1.074,19.0,everithingmotoracing,3.0,2.7142857142857144,2024-06,0.002791242940481396,104.58309412371436,2.7913208530350175e-05
2024-06-22,107451,1611,12400,2.383,2531.0,29.3,1.158,15.0,everithingmotoracing,-28.0,2.142857142857143,2024-06,-0.026058389405403393,104.55584855355214,-0.00026051600777821093
2024-06-23,107449,1613,12402,2.592,2754.2,30.9,1.122,15.0,everithingmotoracing,-2.0,2.142857142857143,2024-06,-0.001861348174482778,104.55390244139771,-1.8613135289613503e-05
2024-06-24,107439,1613,12405,2.191,2326.5,27.8,1.195,16.0,everithingmotoracing,-10.0,2.2857142857142856,2024-06,-0.009307607107288786,104.54417188062548,-9.306740872416785e-05
2024-06-25,107456,1614,12406,2.219,2357.1,27.3,1.158,14.0,everithingmotoracing,17.0,2.0,2024-06,0.01582042882668255,104.56071383393825,0.00015822932082398822
2024-06-26,107445,1614,12408,2.428,2585.5,23.7,0.917,14.0,everithingmotoracing,-11.0,2.0,2024-06,-0.010237796081716226,104.55001021708881,-0.00010236748064329504
2024-06-27,107469,1614,12410,2.511,2681.0,17.3,0.645,13.0,everithingmotoracing,24.0,1.8571428571428572,2024-06,0.022332021327080367,104.57336356294213,0.0002233700963283347
2024-06-28,107482,1614,12418,2.52,2688.3,19.9,0.74,19.0,everithingmotoracing,13.0,2.7142857142857144,2024-06,0.012095048473232728,104.58601329194602,0.0001209651155216207
2024-06-29,107495,1614,12425,2.641,2816.1,22.4,0.795,26.0,everithingmotoracing,13.0,3.7142857142857144,2024-06,0.012093585748174334,104.59866302094989,0.00012095048473237391
2024-06-30,107516,1614,12431,1.201,1277.1,14.5,1.135,36.0,everithingmotoracing,21.0,5.142857142857143,2024-06,0.019531976636035567,104.61909719857157,0.0001953579236244618
2024-07-01,107515,1614,12434,0.892,952.3,6.3,0.662,41.0,everithingmotoracing,-1.0,5.857142857142857,2024-07,-0.0009301027763567874,104.61812414249434,-9.3009412552858e-06
2024-07-02,107519,1614,12435,0.834,890.1,6.1,0.685,36.0,everithingmotoracing,4.0,5.142857142857143,2024-07,0.0037202726959886163,104.62201636680322,3.720411105434529e-05
2024-07-03,107532,1613,12438,1.187,1264.5,12.1,0.957,33.0,everithingmotoracing,13.0,4.714285714285714,2024-07,0.012089424543391734,104.63466609580709,0.00012090886261972855
2024-07-04,107522,1613,12439,1.213,1291.5,12.3,0.952,28.0,everithingmotoracing,-10.0,4.0,2024-07,-0.009300422239169657,104.6249355350349,-9.299557341069242e-05
2024-07-05,107522,1613,12448,1.616,1721.1,16.8,0.976,29.0,everithingmotoracing,0.0,4.142857142857143,2024-07,0.0,104.6249355350349,0.0
2024-07-06,107519,1613,12457,2.877,3065.8,27.7,0.904,33.0,everithingmotoracing,-3.0,4.714285714285714,2024-07,-0.002790204521991462,104.62201636680322,-2.790126671747828e-05
2024-07-07,107526,1613,12462,1.645,1759.3,9.0,0.512,44.0,everithingmotoracing,7.0,6.285714285714286,2024-07,0.006510053382437736,104.62882775934376,6.51047721798026e-05
2024-07-08,107554,1613,12464,1.218,1301.8,7.9,0.607,45.0,everithingmotoracing,28.0,6.428571428571429,2024-07,0.026033434367852427,104.65607332950597,0.00026040213529743284
2024-07-09,107602,1613,12466,1.169,1251.5,6.9,0.551,40.0,everithingmotoracing,48.0,5.714285714285714,2024-07,0.044608836266983885,104.70278002121263,0.00044628744630603734
2024-07-10,107598,1613,12468,1.31,1403.1,6.9,0.492,33.0,everithingmotoracing,-4.0,4.714285714285714,2024-07,-0.0037175412182382573,104.69888779690373,-3.717403022251986e-05
2024-07-11,107615,1613,12471,1.468,1569.8,9.7,0.618,29.0,everithingmotoracing,17.0,4.142857142857143,2024-07,0.015797054313989686,104.7154297502165,0.00015799550177519883
2024-07-12,107651,1613,12473,1.682,1798.3,12.7,0.706,26.0,everithingmotoracing,36.0,3.7142857142857144,2024-07,0.0334413985936034,104.75045976899648,0.0003345258560609743
2024-07-13,107694,1613,12475,2.15,2298.1,17.8,0.775,17.0,everithingmotoracing,43.0,2.4285714285714284,2024-07,0.03992794398945159,104.79230118031701,0.00039943892764582323
2024-07-14,107705,1613,12477,2.39,2555.4,18.4,0.72,15.0,everithingmotoracing,11.0,2.142857142857143,2024-07,0.010213082029617938,104.80300479716647,0.00010214125206609026
2024-07-15,107713,1614,12480,2.275,2434.6,16.4,0.674,16.0,everithingmotoracing,8.0,2.2857142857142856,2024-07,0.007427144355834486,104.81078924578424,7.427696021533592e-05
2024-07-16,107717,1614,12481,2.337,2502.4,14.8,0.591,15.0,everithingmotoracing,4.0,2.142857142857143,2024-07,0.003713434276855092,104.81468147009312,3.7135721779213426e-05
2024-07-17,107711,1614,12484,1.957,2095.2,12.6,0.601,17.0,everithingmotoracing,-6.0,2.4285714285714284,2024-07,-0.005570461698433772,104.8088431336298,-5.5701514152795006e-05
2024-07-18,107714,1614,12485,1.873,2007.1,10.5,0.523,14.0,everithingmotoracing,3.0,2.0,2024-07,0.002785153276268637,104.81176230186146,2.785230849222664e-05
2024-07-19,107702,1614,12488,1.67,1788.6,10.5,0.587,15.0,everithingmotoracing,-12.0,2.142857142857143,2024-07,-0.011141854375963305,104.8000856289348,-0.00011140613105076191
2024-07-20,107701,1615,12492,1.636,1750.8,11.3,0.645,17.0,everithingmotoracing,-1.0,2.4285714285714284,2024-07,-0.0009284964856408018,104.79911257285757,-9.284878646598216e-06
2024-07-21,107704,1615,12495,1.385,1480.1,11.4,0.77,18.0,everithingmotoracing,3.0,2.5714285714285716,2024-07,0.0027854118695684466,104.80203174108924,2.7854894569134814e-05
2024-07-22,107690,1615,12496,1.358,1452.4,10.5,0.723,16.0,everithingmotoracing,-14.0,2.2857142857142856,2024-07,-0.013000278577398086,104.78840895600814,-0.00012998588724655313
2024-07-23,107696,1614,12499,1.361,1455.2,10.2,0.701,18.0,everithingmotoracing,6.0,2.5714285714285716,2024-07,0.005571237557569455,104.79424729247147,5.571547961746859e-05
2024-07-24,107703,1614,12501,1.344,1435.9,11.8,0.822,17.0,everithingmotoracing,7.0,2.4285714285714284,2024-07,0.006499354706925527,104.80105868501201,6.49977715050376e-05
2024-07-25,107706,1614,12502,1.318,1405.1,14.0,0.996,17.0,everithingmotoracing,3.0,2.4285714285714284,2024-07,0.002785360147067016,104.8039778532437,2.7854377315339462e-05
2024-07-26,107713,1614,12505,1.349,1437.9,15.5,1.078,17.0,everithingmotoracing,7.0,2.4285714285714284,2024-07,0.006498751311355175,104.81078924578424,6.499173676499659e-05
2024-07-27,107724,1614,12507,1.722,1839.2,15.6,0.848,15.0,everithingmotoracing,11.0,2.142857142857143,2024-07,0.010211280680256953,104.82149286263368,0.00010212323489278141
2024-07-28,107837,1614,12509,1.736,1851.1,20.9,1.129,14.0,everithingmotoracing,113.0,2.0,2024-07,0.1047877815592051,104.93144819935974,0.0010489770153354616
2024-07-29,107842,1614,12511,2.179,2292.7,57.7,2.517,15.0,everithingmotoracing,5.0,2.142857142857143,2024-07,0.0046364125294412195,104.93631347974583,4.636627502629942e-05
2024-07-30,107852,1614,12513,2.188,2304.4,55.3,2.4,14.0,everithingmotoracing,10.0,2.0,2024-07,0.00927196528576197,104.94604404051806,9.272825058892487e-05
2024-07-31,107844,1614,12515,2.393,2525.8,55.3,2.189,14.0,everithingmotoracing,-8.0,2.0,2024-07,-0.007418122473202032,104.93825959190029,-7.417572228607394e-05
2024-08-01,107859,1614,12529,2.105,2208.4,61.8,2.798,29.0,everithingmotoracing,15.0,4.142857142857143,2024-08,0.013907045309153617,104.95285543305862,0.00013908979637244911
2024-08-02,107866,1614,12538,1.728,1846.3,17.7,0.959,61.0,everithingmotoracing,7.0,8.714285714285714,2024-08,0.006489533309847403,104.95966682559916,6.489954477606474e-05
2024-08-03,107888,1615,12547,1.84,1968.1,16.5,0.838,80.0,everithingmotoracing,22.0,11.428571428571429,2024-08,0.020391517128874388,104.98107405929804,0.00020395676116669037
2024-08-04,107897,1615,12550,1.202,1287.2,9.2,0.715,55.0,everithingmotoracing,9.0,7.857142857142857,2024-08,0.008341288451022734,104.98983156399304,8.341984279991443e-05
2024-08-05,107898,1615,12551,0.954,1023.2,6.3,0.616,42.0,everithingmotoracing,1.0,6.0,2024-08,0.0009268012382064542,104.99080462007025,9.268098278836234e-06
2024-08-06,107900,1615,12553,0.751,807.2,3.3,0.409,34.0,everithingmotoracing,2.0,4.857142857142857,2024-08,0.0018535681186283596,104.99275073222469,1.853602476420413e-05
2024-08-07,107899,1615,12555,0.759,813.8,5.6,0.688,33.0,everithingmotoracing,-1.0,4.714285714285714,2024-08,-0.0009267926486807107,104.99177767614746,-9.267840593185639e-06
2024-08-08,107903,1615,12558,0.799,855.4,6.3,0.736,28.0,everithingmotoracing,4.0,4.0,2024-08,0.0037070331686792765,104.99566990045636,3.707170594724474e-05
2024-08-09,107916,1615,12560,0.835,893.6,7.4,0.828,22.0,everithingmotoracing,13.0,3.142857142857143,2024-08,0.012046406464287038,105.00831962946025,0.00012047857798203054
2024-08-10,107946,1615,12563,1.557,1668.5,12.0,0.719,16.0,everithingmotoracing,30.0,2.2857142857142856,2024-08,0.027791673614585073,105.0375113117769,0.00027799399532968394
2024-08-11,107963,1615,12566,1.677,1798.4,11.8,0.656,16.0,everithingmotoracing,17.0,2.2857142857142856,2024-08,0.015746135250039366,105.05405326508968,0.00015748615048272185
2024-08-12,107967,1615,12568,1.787,1921.9,7.0,0.364,17.0,everithingmotoracing,4.0,2.4285714285714284,2024-08,0.003704835736845518,105.05794548939855,3.7049730000182635e-05
2024-08-13,107965,1615,12569,1.794,1931.5,5.8,0.3,16.0,everithingmotoracing,-2.0,2.2857142857142856,2024-08,-0.0018524521835780114,105.0559993772441,-1.852417868419831e-05
2024-08-14,107970,1615,12571,1.938,2086.2,5.9,0.283,16.0,everithingmotoracing,5.0,2.2857142857142856,2024-08,0.004630915995183848,105.06086465763022,4.6311304589430335e-05
2024-08-15,107981,1615,12574,1.175,1262.4,6.9,0.547,16.0,everithingmotoracing,11.0,2.2857142857142856,2024-08,0.010186977338605865,105.07156827447966,0.00010188015189394051
2024-08-16,107987,1615,12581,1.363,1462.3,9.8,0.67,21.0,everithingmotoracing,6.0,3.0,2024-08,0.005556224360339671,105.07740661094299,5.556533093775684e-05
2024-08-17,107994,1615,12588,1.188,1272.7,10.6,0.833,28.0,everithingmotoracing,7.0,4.0,2024-08,0.0064818415837916915,105.08421800348353,6.482261753726348e-05
2024-08-18,108010,1615,12592,0.927,994.2,6.9,0.694,30.0,everithingmotoracing,16.0,4.285714285714286,2024-08,0.01481344319970373,105.09978690071908,0.00014815637905818413
2024-08-19,108017,1614,12594,0.738,792.8,4.8,0.605,30.0,everithingmotoracing,7.0,4.285714285714286,2024-08,0.0064804614088523095,105.10659829325964,6.480881399872906e-05
2024-08-20,108022,1614,12597,0.65,698.8,3.7,0.529,33.0,everithingmotoracing,5.0,4.714285714285714,2024-08,0.004628686748995575,105.11146357364576,4.628901006320518e-05
2024-08-21,108023,1614,12599,0.703,754.9,4.9,0.649,33.0,everithingmotoracing,1.0,4.714285714285714,2024-08,0.0009257287799820408,105.11243662972296,9.257373497995047e-06
2024-08-22,108014,1614,12600,0.806,865.0,5.5,0.636,28.0,everithingmotoracing,-9.0,4.0,2024-08,-0.008332253226433611,105.10367912502798,-8.331559019836288e-05
2024-08-23,108041,1615,12603,0.824,884.0,6.3,0.713,22.0,everithingmotoracing,27.0,3.142857142857143,2024-08,0.024990512860858377,105.12995163911296,0.000249967596793077
2024-08-24,108031,1615,12604,1.352,1449.5,10.7,0.738,16.0,everithingmotoracing,-10.0,2.2857142857142856,2024-08,-0.009256602271570198,105.12022107834073,-9.255745504022084e-05
2024-08-25,108044,1614,12606,1.641,1757.6,15.3,0.871,14.0,everithingmotoracing,13.0,2.0,2024-08,0.01203213505608826,105.13287080734463,0.00012033582953030475
2024-08-26,108035,1614,12607,1.723,1847.1,14.6,0.79,13.0,everithingmotoracing,-9.0,1.8571428571428572,2024-08,-0.008330633590965891,105.12411330264963,-8.329939654216911e-05
2024-08-27,108040,1614,12609,1.701,1822.8,15.5,0.85,12.0,everithingmotoracing,5.0,1.7142857142857142,2024-08,0.004627915586819697,105.12897858303573,4.628129772754619e-05
2024-08-28,108034,1614,12613,1.692,1811.8,15.7,0.867,14.0,everithingmotoracing,-6.0,2.0,2024-08,-0.0055538071347909,105.1231402465724,-5.553498704180537e-05
2024-08-29,108095,1614,12617,1.915,2053.2,17.2,0.838,16.0,everithingmotoracing,61.0,2.2857142857142856,2024-08,0.056431842360886254,105.18249666728295,0.0005646370587037985
2024-08-30,108114,1614,12627,1.458,1561.4,15.3,0.98,23.0,everithingmotoracing,19.0,3.2857142857142856,2024-08,0.0175740422146993,105.20098473275014,0.00017577131227164422
2024-08-31,108123,1613,12635,1.195,1284.0,8.5,0.662,44.0,everithingmotoracing,9.0,6.285714285714286,2024-08,0.008323853389195638,105.20974223744514,8.324546312232783e-05
2024-09-01,108140,1613,12638,1.172,1258.2,9.6,0.763,43.0,everithingmotoracing,17.0,6.142857142857143,2024-09,0.015720362493064546,105.22628419075792,0.00015722834179587863
2024-09-02,108156,1613,12641,1.234,1326.1,8.6,0.649,44.0,everithingmotoracing,16.0,6.285714285714286,2024-09,0.014793446503199081,105.24185308799345,0.0001479563528758998
2024-09-03,108173,1612,12643,1.345,1444.0,11.0,0.762,40.0,everithingmotoracing,17.0,5.714285714285714,2024-09,0.015715566731069677,105.25839504130623,0.00015718036909651012
2024-09-04,108183,1612,12645,1.531,1646.7,10.1,0.613,33.0,everithingmotoracing,10.0,4.714285714285714,2024-09,0.009243596498525646,105.26812560207846,9.244451018286526e-05
2024-09-05,108168,1612,12646,1.549,1665.3,9.8,0.588,28.0,everithingmotoracing,-15.0,4.0,2024-09,-0.013867317506101618,105.25352976092013,-0.00013865394747791804
2024-09-06,108173,1613,12654,1.632,1754.6,10.7,0.61,28.0,everithingmotoracing,5.0,4.0,2024-09,0.00462222550913814,105.25839504130623,4.6224391686999766e-05
2024-09-07,108181,1613,12665,1.299,1397.7,7.4,0.529,35.0,everithingmotoracing,8.0,5.0,2024-09,0.007395013911869922,105.266179489924,7.395560814615898e-05
2024-09-08,108197,1613,12673,0.775,834.0,4.6,0.552,73.0,everithingmotoracing,16.0,10.428571428571429,2024-09,0.01478784069798608,105.28174838715955,0.0001479002782374117
2024-09-09,108236,1613,12675,0.595,640.3,3.4,0.531,54.0,everithingmotoracing,39.0,7.714285714285714,2024-09,0.03603237370191064,105.31969757417119,0.00036045361701342316
2024-09-10,108225,1612,12676,0.895,961.6,7.4,0.77,42.0,everithingmotoracing,-11.0,6.0,2024-09,-0.010164010164010164,105.30899395732176,-0.00010162977197969436
2024-09-11,108222,1612,12680,0.965,1036.8,7.9,0.762,36.0,everithingmotoracing,-3.0,5.142857142857143,2024-09,-0.0027720796141265176,105.30607478909009,-2.7720027720001816e-05
2024-09-12,108224,1612,12682,1.013,1085.8,10.0,0.921,33.0,everithingmotoracing,2.0,4.714285714285714,2024-09,0.001848018923713779,105.30802090124453,1.8480530760811575e-05
2024-09-13,108215,1613,12684,1.203,1289.5,12.4,0.962,28.0,everithingmotoracing,-9.0,4.0,2024-09,-0.008316776786951901,105.29926339654953,-8.316085156712116e-05
2024-09-14,108211,1613,12686,1.474,1578.2,17.0,1.077,20.0,everithingmotoracing,-4.0,2.857142857142857,2024-09,-0.0036964818733770132,105.29537117224066,-3.696345238646259e-05
2024-09-15,108239,1613,12689,1.536,1644.2,18.8,1.143,15.0,everithingmotoracing,28.0,2.142857142857143,2024-09,0.025868679496299854,105.32261674240286,0.00025875373113648514
2024-09-16,108239,1614,12690,1.483,1587.8,17.1,1.077,14.0,everithingmotoracing,0.0,2.0,2024-09,0.0,105.32261674240286,0.0
2024-09-17,108238,1614,12692,1.515,1623.0,16.3,1.004,15.0,everithingmotoracing,-1.0,2.142857142857143,2024-09,-0.0009238899462296052,105.32164368632564,-9.238814105860804e-06
2024-09-18,108235,1614,12695,1.485,1594.2,12.9,0.809,15.0,everithingmotoracing,-3.0,2.142857142857143,2024-09,-0.0027717466623550604,105.31872451809399,-2.7716698386859306e-05
2024-09-19,108230,1613,12697,1.399,1491.0,23.0,1.543,15.0,everithingmotoracing,-5.0,2.142857142857143,2024-09,-0.004619791185438418,105.31385923770786,-4.619577770592631e-05
2024-09-20,108234,1614,12703,1.401,1494.5,22.3,1.492,19.0,everithingmotoracing,4.0,2.7142857142857144,2024-09,0.003695696361586932,105.31775146201676,3.6958329483471886e-05
2024-09-21,108227,1614,12714,1.311,1390.0,28.5,2.05,34.0,everithingmotoracing,-7.0,4.857142857142857,2024-09,-0.006467886941336265,105.31094006947622,-6.467468632775919e-05
2024-09-22,108225,1614,12721,1.058,1141.6,3.8,0.333,54.0,everithingmotoracing,-2.0,7.714285714285714,2024-09,-0.001848001848001848,105.30899395732176,-1.84796769752138e-05
2024-09-23,108237,1614,12722,0.8,860.3,5.4,0.628,51.0,everithingmotoracing,12.0,7.285714285714286,2024-09,0.011086781784417528,105.32067063024842,0.00011088011088000727
2024-09-24,108238,1614,12724,0.947,1011.6,13.9,1.374,41.0,everithingmotoracing,1.0,5.857142857142857,2024-09,0.0009238899462296052,105.32164368632564,9.238984820303386e-06
2024-09-25,108239,1614,12726,1.347,1439.7,18.2,1.264,34.0,everithingmotoracing,1.0,4.857142857142857,2024-09,0.0009238814105821376,105.32261674240286,9.23889946236045e-06
2024-09-26,108237,1614,12729,1.398,1491.6,21.2,1.421,33.0,everithingmotoracing,-2.0,4.714285714285714,2024-09,-0.0018477969640695881,105.32067063024842,-1.8477628211610586e-05
2024-09-27,108230,1614,12736,1.767,1886.1,26.8,1.421,29.0,everithingmotoracing,-7.0,4.142857142857143,2024-09,-0.006467707659613786,105.31385923770786,-6.467289374245677e-05
2024-09-28,108244,1614,12744,1.675,1791.2,22.3,1.245,29.0,everithingmotoracing,14.0,4.142857142857143,2024-09,0.012933742285946567,105.32748202278897,0.00012935415319237364
2024-09-29,108254,1615,12750,0.754,813.3,3.3,0.406,41.0,everithingmotoracing,10.0,5.857142857142857,2024-09,0.009237533947937259,105.3372125835612,9.238387347099142e-05
2024-09-30,108248,1616,12752,0.711,764.7,4.7,0.615,40.0,everithingmotoracing,-6.0,5.714285714285714,2024-09,-0.005542827581110044,105.33137424709787,-5.542520368762016e-05
2024-10-01,108251,1616,12753,0.747,804.8,4.0,0.497,33.0,everithingmotoracing,3.0,4.714285714285714,2024-10,0.0027713369853396273,105.33429341532951,2.7714137905476832e-05
2024-10-02,108242,1616,12756,0.931,1002.1,5.4,0.539,32.0,everithingmotoracing,-9.0,4.571428571428571,2024-10,-0.008314702241274183,105.32553591063454,-8.314010956023132e-05
2024-10-03,108250,1616,12757,0.99,1066.1,6.1,0.572,27.0,everithingmotoracing,8.0,3.857142857142857,2024-10,0.007390300230946882,105.33332035925231,7.390846436683418e-05
2024-10-04,108243,1616,12764,1.123,1208.2,7.0,0.579,27.0,everithingmotoracing,-7.0,3.857142857142857,2024-10,-0.006466930886985763,105.32650896671176,-6.466512702074656e-05
2024-10-05,108248,1616,12773,1.107,1192.9,5.1,0.428,28.0,everithingmotoracing,5.0,4.0,2024-10,0.00461902298425837,105.33137424709787,4.619236347847e-05
2024-10-06,108254,1616,12778,0.859,927.7,2.4,0.259,36.0,everithingmotoracing,6.0,5.142857142857143,2024-10,0.005542520368762355,105.3372125835612,5.542827581117571e-05
2024-10-07,108261,1616,12781,1.043,1125.2,4.1,0.364,42.0,everithingmotoracing,7.0,6.0,2024-10,0.006465855663627714,105.34402397610174,6.466273763550134e-05
2024-10-08,108243,1616,12782,1.091,1176.1,4.4,0.374,38.0,everithingmotoracing,-18.0,5.428571428571429,2024-10,-0.016629250852249106,105.32650896671176,-0.000166264859921883
2024-10-09,108279,1616,12785,1.23,1326.4,5.8,0.437,32.0,everithingmotoracing,36.0,4.571428571428571,2024-10,0.0332474441027346,105.36153898549175,0.0003325850170450284
2024-10-10,108274,1617,12786,1.35,1455.3,6.2,0.426,27.0,everithingmotoracing,-5.0,3.857142857142857,2024-10,-0.0046179138112566265,105.35667370510562,-4.617700569820027e-05
2024-10-11,108279,1617,12788,1.296,1393.0,9.8,0.704,24.0,everithingmotoracing,5.0,3.4285714285714284,2024-10,0.004617700569824251,105.36153898549175,4.617913811255647e-05
2024-10-12,108428,1617,12790,1.325,1426.5,10.6,0.743,17.0,everithingmotoracing,149.0,2.4285714285714284,2024-10,0.1374183790164902,105.50652434099777,0.0013760747698077225
2024-10-13,108443,1618,12795,1.538,1648.8,19.3,1.171,17.0,everithingmotoracing,15.0,2.4285714285714284,2024-10,0.013832151452836974,105.5211201821561,0.00013834065001661067
2024-10-14,108435,1618,12796,1.591,1704.3,20.8,1.22,15.0,everithingmotoracing,-8.0,2.142857142857143,2024-10,-0.007377691704707889,105.51333573353831,-7.377147441511855e-05
2024-10-15,108426,1619,12797,1.574,1687.5,18.8,1.114,15.0,everithingmotoracing,-9.0,2.142857142857143,2024-10,-0.008300592108903769,105.50457822884334,-8.299903167796607e-05
2024-10-16,108423,1619,12800,1.586,1705.2,14.3,0.839,16.0,everithingmotoracing,-3.0,2.2857142857142856,2024-10,-0.002766940593785451,105.50165906061166,-2.766864036296557e-05
2024-10-17,108401,1618,12802,1.737,1867.2,15.8,0.846,16.0,everithingmotoracing,-22.0,2.2857142857142856,2024-10,-0.02029501572863719,105.48025182691279,-0.00020290897687758047
2024-10-18,108385,1620,12810,1.653,1776.5,15.1,0.85,21.0,everithingmotoracing,-16.0,3.0,2024-10,-0.014762190339991696,105.46468292967724,-0.00014760011439007847
2024-10-19,108386,1619,12820,1.258,1356.4,6.7,0.494,29.0,everithingmotoracing,1.0,4.142857142857143,2024-10,0.0009226283837395974,105.46565598575445,9.226368962389486e-06
2024-10-20,108391,1619,12828,0.767,827.1,4.6,0.556,61.0,everithingmotoracing,5.0,8.714285714285714,2024-10,0.004612929117731177,105.47052126614057,4.613141918707875e-05
2024-10-21,108393,1619,12831,0.851,917.4,4.8,0.523,49.0,everithingmotoracing,2.0,7.0,2024-10,0.0018451376011366049,105.47246737829501,1.845171647096855e-05
2024-10-22,108393,1620,12832,0.916,986.8,6.2,0.628,39.0,everithingmotoracing,0.0,5.571428571428571,2024-10,0.0,105.47246737829501,0.0
2024-10-23,108392,1620,12835,1.13,1217.6,7.5,0.616,32.0,everithingmotoracing,-1.0,4.571428571428571,2024-10,-0.0009225773119787439,105.47149432221778,-9.225688005654042e-06
2024-10-24,108419,1620,12836,1.174,1264.9,8.0,0.632,31.0,everithingmotoracing,27.0,4.428571428571429,2024-10,0.024903384093194,105.49776683630279,0.00024909587423427304
2024-10-25,108431,1623,12842,1.756,1893.2,10.8,0.57,29.0,everithingmotoracing,12.0,4.142857142857143,2024-10,0.011066945799632947,105.50944350922944,0.00011068170708083969
2024-10-26,108429,1624,12849,1.852,1996.5,11.4,0.571,28.0,everithingmotoracing,-2.0,4.0,2024-10,-0.0018445249887022845,105.50749739707499,-1.844490966607104e-05
2024-10-27,108436,1624,12854,1.698,1833.3,8.1,0.442,29.0,everithingmotoracing,7.0,4.142857142857143,2024-10,0.006455420708989634,105.51430878961554,6.455837460461744e-05
2024-10-28,108453,1624,12855,1.296,1398.4,6.7,0.479,24.0,everithingmotoracing,17.0,3.4285714285714284,2024-10,0.015674992854047377,105.53085074292832,0.00015677450293249962
2024-10-29,108454,1624,12857,1.567,1691.6,7.4,0.437,26.0,everithingmotoracing,1.0,3.7142857142857144,2024-10,0.0009220499013406605,105.53182379900554,9.220584031854884e-06
2024-10-30,108442,1622,12860,1.385,1494.2,7.3,0.489,28.0,everithingmotoracing,-12.0,4.0,2024-10,-0.011065823205031262,105.52014712607887,-0.00011064598816090676
2024-10-31,108449,1622,12863,1.517,1637.5,8.0,0.489,27.0,everithingmotoracing,7.0,3.857142857142857,2024-10,0.006454646884710785,105.52695851861942,6.455063536270345e-05
2024-11-01,108469,1624,12872,2.268,2446.4,14.2,0.58,28.0,everithingmotoracing,20.0,4.0,2024-11,0.018438447851459865,105.54641964016386,0.0001844184824202344
2024-11-02,108478,1625,12882,2.129,2297.5,12.1,0.527,45.0,everithingmotoracing,9.0,6.428571428571429,2024-11,0.008296613138147826,105.55517714485885,8.297301533155554e-05
2024-11-03,108487,1625,12887,1.095,1178.2,9.2,0.781,55.0,everithingmotoracing,9.0,7.857142857142857,2024-11,0.008295924857356182,105.56393464955384,8.29661313814789e-05
2024-11-04,108478,1625,12888,1.203,1293.1,12.0,0.928,48.0,everithingmotoracing,-9.0,6.857142857142857,2024-11,-0.008296613138147826,105.55517714485885,-8.295924857359971e-05
2024-11-05,108482,1626,12891,1.371,1474.8,12.8,0.868,39.0,everithingmotoracing,4.0,5.571428571428571,2024-11,0.0036872476539886803,105.55906936916774,3.687383616957085e-05
2024-11-06,108508,1627,12892,1.81,1950.0,14.4,0.738,32.0,everithingmotoracing,26.0,4.571428571428571,2024-11,0.02396136690382276,105.5843688271755,0.00023967109750921978
2024-11-07,108507,1628,12895,1.794,1931.4,14.7,0.761,28.0,everithingmotoracing,-1.0,4.0,2024-11,-0.0009215995281410416,105.5833957710983,-9.215910347637468e-06
2024-11-08,108497,1628,12897,1.822,1963.7,13.3,0.677,26.0,everithingmotoracing,-10.0,3.7142857142857144,2024-11,-0.009216844705383559,105.57366521032607,-9.215995281408595e-05
2024-11-09,108518,1628,12899,2.219,2393.2,15.2,0.635,16.0,everithingmotoracing,21.0,2.2857142857142856,2024-11,0.019351628301295637,105.59409938794772,0.00019355373881313476
2024-11-10,108528,1631,12900,2.68,2888.5,20.0,0.692,12.0,everithingmotoracing,10.0,1.7142857142857142,2024-11,0.00921421200058971,105.60382994871995,9.215061095857457e-05
2024-11-11,108524,1631,12904,2.759,2973.6,20.3,0.683,15.0,everithingmotoracing,-4.0,2.142857142857143,2024-11,-0.00368582064796727,105.59993772441105,-3.685684800236455e-05
2024-11-12,108534,1631,12907,2.081,2237.7,20.5,0.916,15.0,everithingmotoracing,10.0,2.142857142857143,2024-11,0.009213702618534284,105.60966828518328,9.214551619907141e-05
2024-11-13,108542,1631,12909,2.078,2235.3,20.6,0.922,16.0,everithingmotoracing,8.0,2.2857142857142856,2024-11,0.007370418824049677,105.61745273380106,7.370962094821465e-05
2024-11-14,108538,1631,12910,2.193,2362.5,17.8,0.753,14.0,everithingmotoracing,-4.0,2.0,2024-11,-0.0036853452247139246,105.61356050949216,-3.685209412029877e-05
2024-11-15,108550,1631,12919,2.061,2222.4,14.3,0.643,21.0,everithingmotoracing,12.0,3.0,2024-11,0.01105481345002303,105.62523718241883,0.00011056035674150699
2024-11-16,108622,1631,12928,1.642,1775.8,8.1,0.456,36.0,everithingmotoracing,72.0,5.142857142857143,2024-11,0.06628491465817238,105.69529721997878,0.0006632888070012832
2024-11-17,108681,1631,12935,1.848,1988.0,20.3,1.021,61.0,everithingmotoracing,59.0,8.714285714285714,2024-11,0.054287317930457026,105.75270752853487,0.0005431680506711167
2024-11-18,108819,1633,12944,1.28,1380.4,13.0,0.942,73.0,everithingmotoracing,138.0,10.428571428571429,2024-11,0.12681608910208694,105.88698926719147,0.001269771165153033
2024-11-19,109024,1633,12961,2.278,2388.0,96.0,4.02,92.0,everithingmotoracing,205.0,13.142857142857142,2024-11,0.1880319929556795,106.08646576302192,0.00188386219318315
2024-11-20,109137,1632,12964,2.862,3103.0,20.0,0.645,78.0,everithingmotoracing,113.0,11.142857142857142,2024-11,0.10353958785746355,106.19642109974798,0.0010364690343409588
2024-11-21,109210,1632,12967,3.165,3435.3,21.1,0.614,57.0,everithingmotoracing,73.0,8.142857142857142,2024-11,0.06684369563226811,106.26745419338516,0.0006688840631499104
2024-11-22,109262,1632,12969,3.867,4197.6,27.1,0.646,45.0,everithingmotoracing,52.0,6.428571428571429,2024-11,0.04759202650509784,106.3180531094007,0.00047614687299701863
2024-11-23,109305,1632,12971,3.909,4246.0,27.1,0.638,36.0,everithingmotoracing,43.0,5.142857142857143,2024-11,0.039339462970586894,106.35989452072123,0.00039354944994607344
2024-11-24,109339,1632,12973,3.87,4204.0,27.7,0.659,33.0,everithingmotoracing,34.0,4.714285714285714,2024-11,0.031095949295310912,106.39297842734676,0.00031105621883709134
2024-11-25,109343,1632,12975,3.81,4139.8,26.1,0.63,28.0,everithingmotoracing,4.0,4.0,2024-11,0.003658213145788939,106.39687065165566,3.658346975909943e-05
2024-11-26,109346,1632,12977,4.007,4355.5,25.8,0.592,16.0,everithingmotoracing,3.0,2.2857142857142856,2024-11,0.002743584584712747,106.39978981988732,2.7436598593499895e-05
2024-11-27,109348,1632,12980,2.803,3048.5,16.2,0.531,16.0,everithingmotoracing,2.0,2.2857142857142856,2024-11,0.0018290229359476167,106.40173593204176,1.8290563898126777e-05
2024-11-28,109353,1632,12982,2.854,3101.5,19.3,0.622,15.0,everithingmotoracing,5.0,2.142857142857143,2024-11,0.004572348266622772,106.40660121242786,4.572557339876937e-05
2024-11-29,109355,1632,12985,2.814,3063.1,14.3,0.467,16.0,everithingmotoracing,2.0,2.2857142857142856,2024-11,0.0018289058570710073,106.40854732458232,1.8289393066472925e-05
2024-11-30,109350,1632,12986,2.823,3070.7,16.2,0.528,15.0,everithingmotoracing,-5.0,2.142857142857143,2024-11,-0.004572473708276178,106.40368204419622,-4.572264642677126e-05
2024-12-01,109354,1632,12989,2.953,3209.4,19.3,0.601,16.0,everithingmotoracing,4.0,2.2857142857142856,2024-12,0.0036578451634142325,106.40757426850509,3.6579789666202345e-05
2024-12-02,109367,1632,12990,2.862,3111.9,17.8,0.572,15.0,everithingmotoracing,13.0,2.142857142857143,2024-12,0.011886583704408094,106.42022399750897,0.00011887996781090315
2024-12-03,109378,1633,12994,3.142,3419.3,17.2,0.503,17.0,everithingmotoracing,11.0,2.4285714285714284,2024-12,0.010056867011647682,106.43092761435841,0.00010057878519109664
2024-12-04,109387,1632,12997,3.295,3586.3,17.5,0.488,16.0,everithingmotoracing,9.0,2.2857142857142856,2024-12,0.00822766873577299,106.43968511905342,8.228345736793763e-05
2024-12-05,109397,1632,12999,3.497,3799.6,26.0,0.684,17.0,everithingmotoracing,10.0,2.4285714285714284,2024-12,0.00914101849228041,106.44941567982562,9.14185415086255e-05
2024-12-06,109457,1634,13002,3.621,3938.8,25.1,0.637,17.0,everithingmotoracing,60.0,2.4285714285714284,2024-12,0.054816046484007425,106.50779904445893,0.0005484611095367686
2024-12-07,109470,1634,13005,3.404,3704.3,22.1,0.597,19.0,everithingmotoracing,13.0,2.7142857142857144,2024-12,0.011875399652872933,106.5204487734628,0.0001187681007153163
2024-12-08,109478,1634,13008,2.885,3132.3,25.9,0.827,19.0,everithingmotoracing,8.0,2.7142857142857144,2024-12,0.007307404227333346,106.52823322208059,7.307938247924639e-05
2024-12-09,109484,1636,13010,2.592,2815.5,22.4,0.796,20.0,everithingmotoracing,6.0,2.857142857142857,2024-12,0.005480252822330204,106.53407155854391,5.480553170489344e-05
2024-12-10,109484,1636,13012,2.563,2788.9,17.3,0.62,18.0,everithingmotoracing,0.0,2.5714285714285716,2024-12,0.0,106.53407155854391,0.0
2024-12-11,109478,1636,13014,2.368,2577.2,14.7,0.57,17.0,everithingmotoracing,-6.0,2.4285714285714284,2024-12,-0.005480553170500009,106.52823322208059,-5.480252822331888e-05
2024-12-12,109476,1636,13017,2.439,2653.4,16.4,0.618,18.0,everithingmotoracing,-2.0,2.5714285714285716,2024-12,-0.0018268844312908765,106.52628710992616,-1.8268510568297813e-05
2024-12-13,109477,1636,13019,1.699,1849.8,10.6,0.573,17.0,everithingmotoracing,1.0,2.4285714285714284,2024-12,0.0009134338719548399,106.52726016600336,9.134422156442668e-06
2024-12-14,109488,1636,13021,1.941,2115.5,10.0,0.473,16.0,everithingmotoracing,11.0,2.2857142857142856,2024-12,0.010046763115592577,106.53796378285281,0.00010047772591503801
2024-12-15,109475,1636,13024,1.924,2094.8,12.0,0.573,16.0,everithingmotoracing,-13.0,2.2857142857142856,2024-12,-0.01187485727335008,106.52531405384893,-0.00011873447318422325
2024-12-16,109486,1636,13025,2.669,2910.3,12.3,0.423,15.0,everithingmotoracing,11.0,2.142857142857143,2024-12,0.010046946641579745,106.53601767069836,0.00010047956154379811
2024-12-17,109489,1636,13029,3.105,3385.2,14.0,0.414,17.0,everithingmotoracing,3.0,2.4285714285714284,2024-12,0.0027400012786672635,106.53893683893003,2.7400763567886344e-05
2024-12-18,109512,1636,13031,3.021,3294.4,14.3,0.434,17.0,everithingmotoracing,23.0,2.4285714285714284,2024-12,0.02100226459200818,106.56131712870614,0.00021006676469781382
2024-12-19,109518,1637,13033,2.825,3079.7,13.7,0.445,16.0,everithingmotoracing,6.0,2.2857142857142856,2024-12,0.00547855147099107,106.56715546516946,5.478851632689796e-05
2024-12-20,109488,1637,13034,2.948,3210.0,17.8,0.555,14.0,everithingmotoracing,-30.0,2.0,2024-12,-0.027400263042525207,106.53796378285281,-0.00027392757354960384
2024-12-21,109510,1637,13037,2.156,2341.8,18.7,0.799,15.0,everithingmotoracing,22.0,2.142857142857143,2024-12,0.02008948954433385,106.55937101655168,0.0002009352623117966
2024-12-22,109502,1637,13039,2.073,2249.8,20.1,0.893,14.0,everithingmotoracing,-8.0,2.0,2024-12,-0.00730580263374185,106.55158656793391,-7.305268925217323e-05
2024-12-23,109490,1637,13040,1.74,1885.8,18.8,0.997,14.0,everithingmotoracing,-12.0,2.0,2024-12,-0.010959905014156545,106.53990989500726,-0.00010958703950614268
2024-12-24,109488,1637,13042,1.764,1911.9,19.3,1.009,12.0,everithingmotoracing,-2.0,1.7142857142857142,2024-12,-0.0018266842028350138,106.53796378285281,-1.8266508356901134e-05
2024-12-25,109484,1637,13045,1.828,1983.3,17.6,0.887,12.0,everithingmotoracing,-4.0,1.7142857142857142,2024-12,-0.003653501881553469,106.53407155854391,-3.653368405664992e-05
2024-12-26,109514,1637,13046,2.286,2481.3,22.6,0.911,11.0,everithingmotoracing,30.0,1.5714285714285714,2024-12,0.027393757875705388,106.56326324086056,0.0002740126411164834
2024-12-27,109512,1637,13049,2.26,2452.0,23.3,0.95,14.0,everithingmotoracing,-2.0,2.0,2024-12,-0.001826283877565929,106.56131712870614,-1.8262505250499217e-05
2024-12-28,109505,1637,13050,2.276,2469.3,23.3,0.944,12.0,everithingmotoracing,-7.0,1.7142857142857142,2024-12,-0.006392402173416739,106.55450573616558,-6.391993571486232e-05
2024-12-29,109492,1637,13052,2.136,2315.6,23.0,0.993,12.0,everithingmotoracing,-13.0,1.7142857142857142,2024-12,-0.011873013553501626,106.54185600716168,-0.00011871604036350902
2024-12-30,109498,1637,13055,2.311,2506.3,23.7,0.946,14.0,everithingmotoracing,6.0,2.0,2024-12,0.005479552137938592,106.54769434362504,5.479852409306929e-05
2024-12-31,109491,1637,13056,2.598,2822.2,22.6,0.801,13.0,everithingmotoracing,-7.0,1.8571428571428572,2024-12,-0.006393219534025628,106.54088295108448,-6.392810827593465e-05
2025-01-01,109476,1637,13058,2.559,2777.9,23.4,0.842,13.0,everithingmotoracing,-15.0,1.8571428571428572,2025-01,-0.013701633234681574,106.52628710992616,-0.00013699756144336384
2025-01-02,109480,1638,13060,2.298,2506.3,9.5,0.379,14.0,everithingmotoracing,4.0,2.0,2025-01,0.003653635367190354,106.53017933423503,3.653768862577067e-05
2025-01-03,109486,1638,13062,2.458,2682.3,8.7,0.324,13.0,everithingmotoracing,6.0,1.8571428571428572,2025-01,0.005480152713588952,106.53601767069836,5.4804530507768234e-05
2025-01-04,109494,1638,13065,2.787,3040.3,11.3,0.372,14.0,everithingmotoracing,8.0,2.0,2025-01,0.007306336420260471,106.54380211931613,7.306870284784495e-05
2025-01-05,109498,1638,13067,2.602,2839.1,10.3,0.363,14.0,everithingmotoracing,4.0,2.0,2025-01,0.0036530347586257285,106.54769434362504,3.653168210138169e-05
2025-01-06,109492,1638,13070,2.472,2694.2,12.2,0.453,13.0,everithingmotoracing,-6.0,1.8571428571428572,2025-01,-0.0054798524093084425,106.54185600716168,-5.4795521379435996e-05
2025-01-07,109507,1639,13073,2.297,2503.8,11.8,0.471,15.0,everithingmotoracing,15.0,2.142857142857143,2025-01,0.013697754481448676,106.55645184832001,0.00013699631023267322
2025-01-08,109519,1640,13074,2.154,2347.6,10.9,0.464,14.0,everithingmotoracing,12.0,2.0,2025-01,0.010957002894474932,106.56812852124669,0.00010958203585165194
2025-01-09,109527,1640,13077,2.128,2318.3,12.9,0.556,15.0,everithingmotoracing,8.0,2.142857142857143,2025-01,0.007304135053457139,106.57591296986446,7.304668596308517e-05
2025-01-10,109535,1640,13080,1.924,2093.0,14.7,0.702,15.0,everithingmotoracing,8.0,2.142857142857143,2025-01,0.007303601588533345,106.58369741848223,7.304135053454175e-05
2025-01-11,109537,1641,13084,1.754,1906.0,15.0,0.787,17.0,everithingmotoracing,2.0,2.4285714285714284,2025-01,0.0018258670586194618,106.58564353063666,1.82590039712327e-05
2025-01-12,109545,1640,13085,2.006,2181.7,15.3,0.701,16.0,everithingmotoracing,8.0,2.2857142857142856,2025-01,0.007302934866949655,106.59342797925444,7.303468234476362e-05
2025-01-13,109556,1641,13087,2.337,2544.0,16.0,0.629,16.0,everithingmotoracing,11.0,2.2857142857142856,2025-01,0.010040527218956515,106.60413159610388,0.00010041535442062433
2025-01-14,109550,1642,13090,2.555,2782.7,16.3,0.586,16.0,everithingmotoracing,-6.0,2.2857142857142856,2025-01,-0.005476951163852123,106.59829325964057,-5.476651210345462e-05
2025-01-15,109562,1642,13093,2.413,2631.0,12.6,0.479,17.0,everithingmotoracing,12.0,2.4285714285714284,2025-01,0.010952702579361456,106.60996993256721,0.0001095390232770388
2025-01-16,109569,1643,13094,1.964,2136.6,14.8,0.693,15.0,everithingmotoracing,7.0,2.142857142857143,2025-01,0.0063886683277204325,106.61678132510777,6.389076504631497e-05
2025-01-17,109568,1643,13096,1.855,2018.1,13.9,0.689,15.0,everithingmotoracing,-1.0,2.142857142857143,2025-01,-0.0009126752336448597,106.61580826903054,-9.126669039627444e-06
2025-01-18,109587,1643,13100,1.862,2025.0,15.9,0.785,15.0,everithingmotoracing,19.0,2.142857142857143,2025-01,0.01733782291695183,106.63429633449775,0.0001734082943924964
2025-01-19,109595,1643,13102,1.615,1754.8,15.0,0.855,16.0,everithingmotoracing,8.0,2.2857142857142856,2025-01,0.007299603084082304,106.64208078311552,7.300135965038201e-05
2025-01-20,109636,1643,13106,1.822,1981.4,16.7,0.843,17.0,everithingmotoracing,41.0,2.4285714285714284,2025-01,0.03739647561020103,106.68197608228162,0.00037410465805920445
2025-01-21,109642,1642,13107,1.731,1886.0,12.3,0.652,15.0,everithingmotoracing,6.0,2.142857142857143,2025-01,0.005472355484212254,106.68781441874495,5.472654967353385e-05
2025-01-22,109689,1643,13109,1.963,2137.8,15.3,0.716,15.0,everithingmotoracing,47.0,2.142857142857143,2025-01,0.042848416887746266,106.73354805437438,0.00042866784626327537
2025-01-23,109694,1642,13111,2.842,3092.2,24.8,0.802,16.0,everithingmotoracing,5.0,2.2857142857142856,2025-01,0.004558134446733641,106.73841333476048,4.5583422221051606e-05
2025-01-24,109709,1642,13114,2.972,3234.2,26.0,0.804,17.0,everithingmotoracing,15.0,2.4285714285714284,2025-01,0.01367253370279558,106.7530091759188,0.00013674403340191432
2025-01-25,109704,1642,13117,2.769,3013.8,24.3,0.806,16.0,everithingmotoracing,-5.0,2.2857142857142856,2025-01,-0.004557718952818494,106.7481438955327,-4.557511234259959e-05
2025-01-26,109701,1642,13119,2.787,3032.9,24.7,0.814,16.0,everithingmotoracing,-3.0,2.2857142857142856,2025-01,-0.0027347061558235567,106.74522472730104,-2.7346313716924975e-05
2025-01-27,109711,1642,13121,2.584,2811.3,23.5,0.836,15.0,everithingmotoracing,10.0,2.142857142857143,2025-01,0.009114856304290363,106.75495528807326,9.115687186067589e-05
2025-01-28,109710,1642,13123,1.838,2004.9,11.5,0.574,16.0,everithingmotoracing,-1.0,2.2857142857142856,2025-01,-0.0009114939385653086,106.75398223199603,-9.114856304281993e-06
2025-01-29,109710,1642,13125,1.372,1496.5,8.8,0.588,16.0,everithingmotoracing,0.0,2.2857142857142856,2025-01,0.0,106.75398223199603,0.0
2025-01-30,109736,1644,13129,1.406,1534.4,9.0,0.587,18.0,everithingmotoracing,26.0,2.5714285714285716,2025-01,0.023693227382080632,106.77928169000378,0.00023698842402697373
2025-01-31,109771,1643,13134,1.605,1751.3,10.4,0.594,19.0,everithingmotoracing,35.0,2.7142857142857144,2025-01,0.0318845596742309,106.81333865270655,0.0003189472916818037
2025-02-01,109806,1643,13136,2.285,2495.3,13.8,0.553,18.0,everithingmotoracing,35.0,2.5714285714285716,2025-02,0.03187439666320602,106.84739561540933,0.00031884559674222324
2025-02-02,109827,1644,13139,2.331,2543.6,16.4,0.645,19.0,everithingmotoracing,21.0,2.7142857142857144,2025-02,0.019120981179491382,106.86782979303098,0.00019124637997913752
2025-02-03,109860,1644,13142,2.365,2581.4,16.5,0.639,19.0,everithingmotoracing,33.0,2.7142857142857144,2025-02,0.03003823047515019,106.89994064357928,0.00030047256139198453
2025-02-04,109883,1644,13145,2.306,2517.8,16.1,0.639,20.0,everithingmotoracing,23.0,2.857142857142857,2025-02,0.020931354258620534,106.92232093335538,0.00020935736391769488
2025-02-05,109921,1644,13149,2.511,2742.4,17.5,0.638,21.0,everithingmotoracing,38.0,3.0,2025-02,0.03457028229364726,106.95929706428981,0.00034582237470770494
2025-02-06,109965,1645,13151,2.093,2286.4,15.7,0.687,19.0,everithingmotoracing,44.0,2.7142857142857144,2025-02,0.04001273132360296,107.00211153168758,0.00040028747918952057
2025-02-07,109970,1645,13154,2.18,2383.7,13.5,0.566,18.0,everithingmotoracing,5.0,2.5714285714285716,2025-02,0.0045466945530599255,107.00697681207367,4.546901286772709e-05
2025-02-08,109980,1645,13159,2.199,2403.8,14.9,0.62,20.0,everithingmotoracing,10.0,2.857142857142857,2025-02,0.009092562284051645,107.0167073728459,9.093389106129557e-05
2025-02-09,110002,1646,13160,2.204,2409.1,14.8,0.614,18.0,everithingmotoracing,22.0,2.5714285714285716,2025-02,0.019999636370247813,107.03811460654478,0.0002000363702492347
2025-02-10,110019,1646,13162,2.05,2242.7,12.7,0.566,18.0,everithingmotoracing,17.0,2.5714285714285716,2025-02,0.015451876494060117,107.05465655985755,0.00015454264467917866
2025-02-11,110023,1645,13169,1.761,1927.1,9.9,0.514,19.0,everithingmotoracing,4.0,2.7142857142857144,2025-02,0.0036356034647301023,107.05854878416643,3.635735645657334e-05
2025-02-12,110024,1645,13174,1.642,1797.4,9.5,0.529,20.0,everithingmotoracing,1.0,2.857142857142857,2025-02,0.0009088926052497636,107.05952184024366,9.089008661922193e-06
2025-02-13,110028,1645,13178,1.478,1620.5,6.1,0.376,22.0,everithingmotoracing,4.0,3.142857142857143,2025-02,0.003635438252081288,107.06341406455253,3.635570421001155e-05
2025-02-14,110037,1644,13181,1.612,1765.3,8.8,0.498,22.0,everithingmotoracing,9.0,3.142857142857143,2025-02,0.00817906704108618,107.07217156924753,8.179736067193133e-05
2025-02-15,110080,1644,13183,1.6,1750.4,10.8,0.617,19.0,everithingmotoracing,43.0,2.7142857142857144,2025-02,0.0390625,107.11401298056806,0.0003907776475184921
2025-02-16,110106,1644,13185,1.622,1767.4,18.1,1.024,20.0,everithingmotoracing,26.0,2.857142857142857,2025-02,0.023613608704339453,107.13931243857584,0.0002361918604651958
2025-02-17,110120,1644,13189,1.69,1842.6,18.2,0.988,22.0,everithingmotoracing,14.0,3.142857142857143,2025-02,0.012713403559752996,107.15293522365694,0.0001271502007156311
2025-02-18,110113,1644,13193,1.912,2083.9,22.0,1.056,22.0,everithingmotoracing,-7.0,3.142857142857143,2025-02,-0.0063571058821392575,107.1461238311164,-6.356701779874907e-05
2025-02-19,110149,1644,13198,1.923,2095.9,22.5,1.074,22.0,everithingmotoracing,36.0,3.142857142857143,2025-02,0.03268300211531653,107.18115384989638,0.0003269368739386991
2025-02-20,110187,1644,13202,1.491,1625.3,17.1,1.052,22.0,everithingmotoracing,38.0,3.142857142857143,2025-02,0.03448682693965713,107.2181299808308,0.00034498724455045426
2025-02-21,110208,1644,13205,1.431,1570.1,7.5,0.478,21.0,everithingmotoracing,21.0,3.0,2025-02,0.019054878048780487,107.23856415845245,0.0001905850962453659
2025-02-22,110249,1645,13209,1.281,1405.2,6.9,0.491,23.0,everithingmotoracing,41.0,3.2857142857142856,2025-02,0.03718854592785422,107.27845945761854,0.00037202380952372494
2025-02-23,110291,1644,13212,1.285,1409.9,7.4,0.525,24.0,everithingmotoracing,42.0,3.4285714285714284,2025-02,0.03808107642509362,107.31932781286187,0.0003809558363341292
2025-02-24,110324,1644,13215,1.361,1492.6,8.5,0.569,23.0,everithingmotoracing,33.0,3.2857142857142856,2025-02,0.02991189587034553,107.35143866341016,0.00029920845762565484
2025-02-25,110359,1645,13220,1.465,1607.6,9.0,0.56,21.0,everithingmotoracing,35.0,3.0,2025-02,0.03171467664621825,107.38549562611293,0.00031724738044314194
2025-02-26,110444,1646,13223,1.632,1790.9,11.0,0.614,20.0,everithingmotoracing,85.0,2.857142857142857,2025-02,0.07696208033030313,107.46820539267678,0.0007702135756939565
2025-02-27,110504,1646,13229,1.539,1689.8,10.9,0.645,20.0,everithingmotoracing,60.0,2.857142857142857,2025-02,0.054296677043364945,107.5265887573101,0.000543261743507939
2025-02-28,110536,1646,13239,1.833,2012.8,12.8,0.636,31.0,everithingmotoracing,32.0,4.428571428571429,2025-02,0.02894984439458638,107.55772655178117,0.00028958227756459287
2025-03-01,110581,1646,13248,2.273,2499.3,14.0,0.56,44.0,everithingmotoracing,45.0,6.285714285714286,2025-03,0.040694151798229355,107.60151407525615,0.0004071071867988163
2025-03-02,110628,1646,13256,1.034,1134.9,9.3,0.819,55.0,everithingmotoracing,47.0,7.857142857142857,2025-03,0.04248472357811765,107.64724771088558,0.00042502780767028625
2025-03-03,110664,1647,13261,1.207,1326.4,9.3,0.701,45.0,everithingmotoracing,36.0,6.428571428571429,2025-03,0.03253090435914119,107.68227772966557,0.00032541490400261885
2025-03-04,110694,1648,13264,1.395,1533.2,10.5,0.685,38.0,everithingmotoracing,30.0,5.428571428571429,2025-03,0.027101739931703617,107.71146941198222,0.0002710908696594849
2025-03-05,110715,1647,13268,1.673,1840.9,11.7,0.636,32.0,everithingmotoracing,21.0,4.571428571428571,2025-03,0.01896761956374475,107.73190358960387,0.0001897121795220169
2025-03-06,110738,1647,13271,1.739,1914.0,12.0,0.627,28.0,everithingmotoracing,23.0,4.0,2025-03,0.020769744803048638,107.75428387937997,0.0002077405952218836
2025-03-07,110757,1649,13274,1.833,2019.6,10.8,0.535,24.0,everithingmotoracing,19.0,3.4285714285714284,2025-03,0.017154671939471094,107.77277194484718,0.00017157615272078708
2025-03-08,110798,1649,13277,1.912,2104.7,13.4,0.637,18.0,everithingmotoracing,41.0,2.5714285714285716,2025-03,0.037004278055560565,107.81266724401328,0.0003701797629043213
2025-03-09,110816,1651,13281,2.811,3095.4,20.0,0.646,16.0,everithingmotoracing,18.0,2.2857142857142856,2025-03,0.016243141784579845,107.83018225340327,0.00016245780609769334
2025-03-10,110820,1651,13283,2.208,2431.2,16.2,0.666,16.0,everithingmotoracing,4.0,2.2857142857142856,2025-03,0.003609456776755098,107.83407447771216,3.6095870632468774e-05
2025-03-11,110818,1651,13285,2.328,2564.1,16.2,0.632,16.0,everithingmotoracing,-2.0,2.2857142857142856,2025-03,-0.001804760959410926,107.83212836555771,-1.804728388377086e-05
2025-03-12,110818,1651,13289,2.319,2554.5,15.9,0.622,17.0,everithingmotoracing,0.0,2.4285714285714284,2025-03,0.0,107.83212836555771,0.0
2025-03-13,110813,1651,13293,2.289,2522.0,14.3,0.567,17.0,everithingmotoracing,-5.0,2.4285714285714284,2025-03,-0.004512105980345266,107.82726308517158,-4.51190239852961e-05
2025-03-14,110791,1651,13303,1.172,1290.2,8.6,0.667,22.0,everithingmotoracing,-22.0,3.142857142857143,2025-03,-0.01985720861802854,107.80585585147271,-0.00019853266313518692
2025-03-15,110813,1652,13313,1.341,1474.3,11.9,0.807,29.0,everithingmotoracing,22.0,4.142857142857143,2025-03,0.01985326631351917,107.82726308517158,0.0001985720861803486
2025-03-16,110830,1652,13321,1.053,1158.1,9.2,0.794,36.0,everithingmotoracing,17.0,5.142857142857143,2025-03,0.015338807182170892,107.84380503848436,0.0001534116033317101
2025-03-17,110845,1651,13327,0.862,948.3,7.4,0.78,43.0,everithingmotoracing,15.0,6.142857142857143,2025-03,0.013532410122242771,107.85840087964269,0.0001353424163132999
2025-03-18,110861,1651,13329,1.078,1187.0,8.6,0.725,36.0,everithingmotoracing,16.0,5.142857142857143,2025-03,0.014432487529428745,107.87396977687824,0.00014434570797061674
2025-03-19,110884,1651,13332,1.198,1319.7,8.8,0.667,34.0,everithingmotoracing,23.0,4.857142857142857,2025-03,0.020742397460409078,107.89635006665435,0.00020746700823548458
2025-03-20,110919,1652,13335,1.328,1462.4,10.8,0.739,30.0,everithingmotoracing,35.0,4.285714285714286,2025-03,0.03155455783048891,107.9304070293571,0.0003156451787453829
2025-03-21,110915,1652,13336,2.201,2401.8,39.3,1.636,26.0,everithingmotoracing,-4.0,3.7142857142857144,2025-03,-0.003606365234639138,107.92651480504823,-3.606235180630968e-05
2025-03-22,110927,1653,13340,2.802,3052.4,55.8,1.828,20.0,everithingmotoracing,12.0,2.857142857142857,2025-03,0.010817925302225789,107.93819147797488,0.00010819095703906711
2025-03-23,110958,1654,13341,3.251,3539.0,67.7,1.913,16.0,everithingmotoracing,31.0,2.2857142857142856,2025-03,0.02793849925196921,107.96835621636876,0.0002794630703075729
2025-03-24,110993,1654,13345,3.29,3577.8,73.4,2.052,13.0,everithingmotoracing,35.0,1.8571428571428572,2025-03,0.03153352013190021,108.00241317907151,0.0003154346689737686
2025-03-25,111007,1654,13349,3.848,4191.8,80.2,1.913,14.0,everithingmotoracing,14.0,2.0,2025-03,0.012611817272784598,108.01603596415261,0.00012613408052764008
2025-03-26,111029,1654,13352,3.845,4190.6,79.0,1.885,14.0,everithingmotoracing,22.0,2.0,2025-03,0.019814643021192662,108.03744319785149,0.00019818570000085245
2025-03-27,111031,1654,13357,2.335,2571.5,20.9,0.813,14.0,everithingmotoracing,2.0,2.0,2025-03,0.0018012987363889366,108.03938931000594,1.801331183748367e-05
2025-03-28,111054,1654,13364,2.238,2467.9,17.1,0.693,20.0,everithingmotoracing,23.0,2.857142857142857,2025-03,0.020710645271669638,108.06176959978204,0.0002071493546846881
2025-03-29,111067,1654,13379,1.677,1854.3,8.8,0.475,55.0,everithingmotoracing,13.0,7.857142857142857,2025-03,0.01170464674475767,108.07441932878592,0.00011706016892687465
2025-03-30,111113,1656,13395,1.667,1849.0,3.8,0.206,91.0,everithingmotoracing,46.0,13.0,2025-03,0.04139929621196439,108.11917990833813,0.00041416442327602
2025-03-31,111146,1656,13408,1.03,1135.8,9.4,0.828,86.0,everithingmotoracing,33.0,12.285714285714286,2025-03,0.029690677127382003,108.15129075888643,0.0002969949510858161
2025-04-01,111156,1656,13411,1.415,1559.8,13.4,0.859,60.0,everithingmotoracing,10.0,8.571428571428571,2025-04,0.008996365468350786,108.16102131965866,8.997174887093173e-05
2025-04-02,111164,1656,13413,1.537,1694.8,14.2,0.838,45.0,everithingmotoracing,8.0,6.428571428571429,2025-04,0.007196574430571048,108.16880576827643,7.197092374688907e-05
2025-04-03,111171,1657,13415,1.529,1686.2,13.2,0.783,37.0,everithingmotoracing,7.0,5.285714285714286,2025-04,0.006296606129296309,108.17561716081698,6.297002626753923e-05
2025-04-04,111167,1656,13416,1.52,1676.3,13.4,0.799,33.0,everithingmotoracing,-4.0,4.714285714285714,2025-04,-0.0035981901103744815,108.17172493650808,-3.598060645315648e-05
2025-04-05,111209,1657,13419,1.516,1671.8,13.9,0.831,29.0,everithingmotoracing,42.0,4.142857142857143,2025-04,0.037766727513060996,108.21259329175142,0.0003778099615894259
2025-04-06,111235,1657,13422,2.669,2949.1,19.9,0.675,24.0,everithingmotoracing,26.0,3.4285714285714284,2025-04,0.023373938059064146,108.23789274975917,0.00023379402746170896
2025-04-07,111253,1657,13425,3.31,3666.5,15.7,0.428,15.0,everithingmotoracing,18.0,2.142857142857143,2025-04,0.016179338984117282,108.25540775914916,0.0001618195711781123
2025-04-08,111270,1657,13428,3.386,3751.3,16.4,0.437,14.0,everithingmotoracing,17.0,2.0,2025-04,0.01527815224229352,108.27194971246192,0.00015280486818336492
2025-04-09,111297,1658,13432,3.507,3888.3,15.4,0.396,14.0,everithingmotoracing,27.0,2.0,2025-04,0.024259414000377368,108.29822222654693,0.0002426530062011878
2025-04-10,111297,1658,13435,3.623,4016.8,15.8,0.393,14.0,everithingmotoracing,0.0,2.0,2025-04,0.0,108.29822222654693,0.0
2025-04-11,111301,1659,13444,1.917,2123.1,10.0,0.471,22.0,everithingmotoracing,4.0,3.142857142857143,2025-04,0.003593858096513059,108.3021144508558,3.5939872593093725e-05
2025-04-12,111302,1659,13460,1.807,1999.2,11.8,0.59,45.0,everithingmotoracing,1.0,6.428571428571429,2025-04,0.0008984564518157805,108.30308750693302,8.984645241350009e-06
2025-04-13,111318,1659,13468,0.642,711.9,2.4,0.337,75.0,everithingmotoracing,16.0,10.714285714285714,2025-04,0.014373237032645213,108.31865640416858,0.00014375303229052783
2025-04-14,111336,1658,13473,0.511,567.0,1.7,0.3,57.0,everithingmotoracing,18.0,8.142857142857142,2025-04,0.016167277430480707,108.33617141355856,0.0001616989166173255
2025-04-15,111349,1658,13474,0.836,924.8,6.6,0.714,44.0,everithingmotoracing,13.0,6.285714285714286,2025-04,0.01167500381682817,108.34882114256243,0.00011676367033119917
2025-04-16,111367,1658,13477,0.966,1068.4,7.6,0.711,40.0,everithingmotoracing,18.0,5.714285714285714,2025-04,0.016162777124282775,108.36633615195244,0.00016165389900213434
2025-04-17,111397,1658,13479,1.145,1267.0,8.6,0.679,33.0,everithingmotoracing,30.0,4.714285714285714,2025-04,0.026930707290142464,108.39552783426909,0.0002693796187380748
2025-04-18,111425,1658,13482,1.349,1492.0,10.8,0.724,29.0,everithingmotoracing,28.0,4.142857142857143,2025-04,0.025129010545209784,108.4227734044313,0.00025135326804126557
2025-04-19,111442,1658,13483,1.881,2079.5,16.5,0.793,19.0,everithingmotoracing,17.0,2.7142857142857144,2025-04,0.015254571884926689,108.43931535774406,0.00015256899259585843
2025-04-20,111442,1658,13485,2.221,2456.2,19.1,0.778,16.0,everithingmotoracing,0.0,2.2857142857142856,2025-04,0.0,108.43931535774406,0.0
2025-04-21,111450,1658,13488,2.027,2243.8,15.1,0.673,13.0,everithingmotoracing,8.0,1.8571428571428572,2025-04,0.007178106774338268,108.44709980636185,7.178622063497286e-05
2025-04-22,111444,1658,13490,1.902,2106.3,13.4,0.636,14.0,everithingmotoracing,-6.0,2.0,2025-04,-0.005383869925702595,108.44126146989852,-5.3835800807533474e-05
2025-04-23,111453,1658,13494,1.776,1967.2,12.3,0.625,14.0,everithingmotoracing,9.0,2.0,2025-04,0.008075152754972949,108.4500189745935,8.075804888552085e-05
2025-04-24,111454,1658,13496,1.687,1869.3,10.8,0.578,14.0,everithingmotoracing,1.0,2.0,2025-04,0.0008972311446874945,108.45099203067072,8.972391950079484e-06
2025-04-25,111454,1658,13504,1.357,1505.3,6.9,0.458,18.0,everithingmotoracing,0.0,2.5714285714285716,2025-04,0.0,108.45099203067072,0.0
2025-04-26,111469,1658,13513,1.553,1724.1,7.3,0.423,28.0,everithingmotoracing,15.0,4.0,2025-04,0.013456656110667539,108.46558787182904,0.0001345846717031307
2025-04-27,111474,1658,13523,1.025,1137.7,5.3,0.466,44.0,everithingmotoracing,5.0,6.285714285714286,2025-04,0.004485350844143029,108.47045315221516,4.485552036892493e-05
2025-04-28,111476,1658,13526,0.622,690.4,2.7,0.391,52.0,everithingmotoracing,2.0,7.428571428571429,2025-04,0.0017941081488392122,108.4723992643696,1.794140337652017e-05
2025-04-29,111501,1658,13527,0.889,986.5,4.7,0.476,40.0,everithingmotoracing,25.0,5.714285714285714,2025-04,0.02242132357557331,108.49672566630015,0.0002242635186049391
2025-04-30,111506,1659,13529,0.977,1083.7,5.5,0.508,34.0,everithingmotoracing,5.0,4.857142857142857,2025-04,0.004484063637831148,108.50159094668625,4.484264715109987e-05
2025-05-01,111515,1659,13531,1.553,1721.6,9.9,0.575,29.0,everithingmotoracing,9.0,4.142857142857143,2025-05,0.008070663139487962,108.51034845138126,8.071314548097064e-05
2025-05-02,111522,1660,13535,2.068,2294.0,12.1,0.527,28.0,everithingmotoracing,7.0,4.0,2025-05,0.006276788436362333,108.5171598439218,6.277182441816187e-05
2025-05-03,111518,1660,13538,2.402,2664.8,14.0,0.525,22.0,everithingmotoracing,-4.0,3.142857142857143,2025-05,-0.003586864900733514,108.5132676196129,-3.586736249350242e-05
2025-05-04,111519,1660,13540,2.73,3029.6,15.4,0.508,17.0,everithingmotoracing,1.0,2.4285714285714284,2025-05,0.0008967081842555977,108.51424067569013,8.967162251849459e-06
2025-05-05,111521,1659,13541,2.264,2512.7,11.8,0.47,15.0,everithingmotoracing,2.0,2.142857142857143,2025-05,0.0017933842056653008,108.51618678784459,1.793416368500722e-05
2025-05-06,111606,1660,13543,1.158,1289.6,3.1,0.24,16.0,everithingmotoracing,85.0,2.2857142857142856,2025-05,0.07616077988638603,108.59889655440841,0.0007621882874078167
2025-05-07,111615,1660,13547,0.458,509.8,0.9,0.177,16.0,everithingmotoracing,9.0,2.2857142857142856,2025-05,0.00806343233436366,108.60765405910342,8.064082576209053e-05
2025-05-08,111620,1660,13550,0.587,654.3,1.1,0.168,17.0,everithingmotoracing,5.0,2.4285714285714284,2025-05,0.004479483963447411,108.61251933948954,4.479684630198655e-05
2025-05-09,111614,1660,13557,0.748,832.8,2.3,0.276,20.0,everithingmotoracing,-6.0,2.857142857142857,2025-05,-0.005375669718852474,108.6066810030262,-5.375380756134085e-05
2025-05-10,111625,1660,13570,1.437,1598.4,5.1,0.319,28.0,everithingmotoracing,11.0,4.0,2025-05,0.009854423292273236,108.61738461987565,9.85539448457029e-05
2025-05-11,111635,1661,13581,1.026,1142.0,3.2,0.28,58.0,everithingmotoracing,10.0,8.285714285714286,2025-05,0.00895776414207014,108.62711518064788,8.958566629346798e-05
2025-05-12,111664,1661,13584,0.776,860.9,5.6,0.65,51.0,everithingmotoracing,29.0,7.285714285714286,2025-05,0.025970769451210775,108.6553338068873,0.0002597751601201015
2025-05-13,111666,1661,13585,0.861,955.0,6.8,0.712,40.0,everithingmotoracing,2.0,5.714285714285714,2025-05,0.0017910554689878745,108.65727991904173,1.79108754836399e-05
2025-05-14,111662,1661,13587,0.977,1080.0,11.4,1.056,34.0,everithingmotoracing,-4.0,4.857142857142857,2025-05,-0.003582239257760026,108.65338769473286,-3.582110937971894e-05
2025-05-15,111659,1661,13590,1.041,1148.2,14.6,1.272,30.0,everithingmotoracing,-3.0,4.285714285714286,2025-05,-0.0026867516277236944,108.65046852650117,-2.686679443320017e-05
2025-05-16,111669,1661,13592,1.068,1176.9,15.4,1.309,28.0,everithingmotoracing,10.0,4.0,2025-05,0.0089550367604259,108.6601990872734,8.95583875908379e-05
2025-05-17,111654,1661,13594,1.217,1342.6,15.9,1.184,20.0,everithingmotoracing,-15.0,2.857142857142857,2025-05,-0.01343435971841582,108.64560324611507,-0.00013432555140635571
2025-05-18,111660,1661,13597,1.253,1379.8,19.1,1.384,15.0,everithingmotoracing,6.0,2.142857142857143,2025-05,0.0053734551316496505,108.6514415825784,5.373743887360227e-05
2025-05-19,111642,1661,13598,1.112,1224.5,17.3,1.413,14.0,everithingmotoracing,-18.0,2.0,2025-05,-0.016122964475734938,108.63392657318842,-0.0001612036539494488
2025-05-20,111644,1660,13602,0.895,994.2,4.5,0.453,17.0,everithingmotoracing,2.0,2.4285714285714284,2025-05,0.0017914084052882376,108.63587268534285,1.7914404973007336e-05
2025-05-21,111628,1660,13604,0.882,979.2,5.0,0.511,17.0,everithingmotoracing,-16.0,2.4285714285714284,2025-05,-0.014333321388898843,108.62030378810732,-0.00014331267242306822
2025-05-22,111618,1660,13608,0.957,1059.6,8.7,0.821,17.0,everithingmotoracing,-10.0,2.4285714285714284,2025-05,-0.008959128455983801,108.6105732273351,-8.958325868058115e-05
2025-05-23,111621,1660,13614,0.974,1078.5,8.8,0.816,21.0,everithingmotoracing,3.0,3.0,2025-05,0.0026876662993522726,108.61349239556675,2.6877385367996e-05
2025-05-24,111634,1660,13626,1.204,1331.0,13.3,0.999,34.0,everithingmotoracing,13.0,4.857142857142857,2025-05,0.011645197699625562,108.62614212457065,0.00011646553963862161
2025-05-25,111646,1660,13637,0.689,766.1,3.5,0.457,57.0,everithingmotoracing,12.0,8.142857142857142,2025-05,0.010748257886534223,108.6378187974973,0.00010749413261201823
2025-05-26,111648,1660,13639,0.537,597.0,2.0,0.335,53.0,everithingmotoracing,2.0,7.571428571428571,2025-05,0.0017913442247062196,108.63976490965175,1.7913763144195016e-05
2025-05-27,111666,1660,13641,0.718,792.3,9.0,1.136,41.0,everithingmotoracing,18.0,5.857142857142857,2025-05,0.01611949922089087,108.65727991904173,0.00016122098022353093
2025-05-28,111671,1659,13646,0.771,849.9,10.6,1.247,35.0,everithingmotoracing,5.0,5.0,2025-05,0.004477438188965802,108.66214519942785,4.477638672462092e-05
2025-05-29,111681,1658,13648,0.826,911.2,11.5,1.262,30.0,everithingmotoracing,10.0,4.285714285714286,2025-05,0.008954074551624716,108.67187576020005,8.954876377931242e-05
2025-05-30,111705,1658,13650,0.91,1004.4,12.5,1.245,28.0,everithingmotoracing,24.0,4.0,2025-05,0.021485161810124883,108.69522910605338,0.00021489778923888814
2025-05-31,111717,1658,13654,1.427,1566.6,27.2,1.736,20.0,everithingmotoracing,12.0,2.857142857142857,2025-05,0.010741426998576761,108.70690577898003,0.00010742580905054311
2025-06-01,111727,1658,13658,1.576,1735.0,25.7,1.481,14.0,everithingmotoracing,10.0,2.0,2025-06,0.008950387999319772,108.71663633975226,8.951189165484763e-05
2025-06-02,111718,1658,13660,1.572,1731.5,24.9,1.438,15.0,everithingmotoracing,-9.0,2.142857142857143,2025-06,-0.00805599813816932,108.70787883505726,-8.05534919938733e-05
2025-06-03,111709,1658,13661,1.667,1837.4,24.3,1.323,14.0,everithingmotoracing,-9.0,2.0,2025-06,-0.00805664718151626,108.69912133036226,-8.055998138167819e-05
2025-06-04,111698,1657,13664,1.65,1820.9,22.1,1.214,13.0,everithingmotoracing,-11.0,1.8571428571428572,2025-06,-0.009847982954036778,108.68841771351283,-9.847013221853107e-05
2025-06-05,111703,1658,13667,1.586,1750.9,21.0,1.199,14.0,everithingmotoracing,5.0,2.0,2025-06,0.004476155519547371,108.69328299389893,4.4763558882054966e-05
2025-06-06,111688,1658,13675,1.028,1143.6,4.8,0.42,20.0,everithingmotoracing,-15.0,2.857142857142857,2025-06,-0.013430270037962896,108.67868715274061,-0.00013428466558640384
2025-06-07,111697,1658,13686,1.226,1362.4,7.3,0.536,26.0,everithingmotoracing,9.0,3.7142857142857144,2025-06,0.008057512735346519,108.6874446574356,8.058162022783755e-05
2025-06-08,111707,1658,13694,0.918,1020.1,5.4,0.529,29.0,everithingmotoracing,10.0,4.142857142857143,2025-06,0.008951990475082135,108.69717521820783,8.952791928162895e-05
2025-06-09,111713,1658,13699,0.703,781.9,3.8,0.486,36.0,everithingmotoracing,6.0,5.142857142857143,2025-06,0.005370905803263721,108.70301355467116,5.371194285053171e-05
2025-06-10,111731,1658,13701,0.715,793.8,4.7,0.592,36.0,everithingmotoracing,18.0,5.142857142857143,2025-06,0.01611012163141832,108.72052856406114,0.00016112717409799693
2025-06-11,111743,1658,13704,1.242,1382.8,5.2,0.376,33.0,everithingmotoracing,12.0,4.714285714285714,2025-06,0.010738927718067351,108.73220523698781,0.00010740081087612374
2025-06-12,111749,1658,13706,1.256,1397.6,6.0,0.429,30.0,everithingmotoracing,6.0,4.285714285714286,2025-06,0.005369175563092287,108.73804357345114,5.369463859028478e-05
2025-06-13,111745,1657,13709,1.313,1461.3,5.9,0.404,26.0,everithingmotoracing,-4.0,3.7142857142857144,2025-06,-0.0035795785046310795,108.73415134914227,-3.579450375390536e-05
2025-06-14,111758,1657,13712,1.963,2184.9,8.8,0.403,19.0,everithingmotoracing,13.0,2.7142857142857144,2025-06,0.01163227688398146,108.74680107814613,0.00011633630140051032
2025-06-15,111760,1656,13714,1.805,2009.9,7.8,0.388,19.0,everithingmotoracing,2.0,2.7142857142857144,2025-06,0.0017895490336435219,108.74874719030059,1.7895810590751182e-05
2025-06-16,111756,1656,13715,0.931,1033.4,6.5,0.629,14.0,everithingmotoracing,-4.0,2.0,2025-06,-0.0035792261713017645,108.74485496599169,-3.579098067285624e-05
2025-06-17,111761,1657,13718,0.884,983.7,4.6,0.468,15.0,everithingmotoracing,5.0,2.142857142857143,2025-06,0.004473832553395192,108.74972024637779,4.4740327141301606e-05
2025-06-18,111756,1657,13719,0.89,990.7,3.8,0.384,14.0,everithingmotoracing,-5.0,2.0,2025-06,-0.0044740327141272055,108.74485496599169,-4.4738325533977275e-05
2025-06-19,111746,1659,13723,0.923,1027.3,4.3,0.419,16.0,everithingmotoracing,-10.0,2.2857142857142856,2025-06,-0.008948866178655165,108.73512440521947,-8.948065428249219e-05
2025-06-20,111763,1659,13729,0.871,969.2,4.4,0.454,15.0,everithingmotoracing,17.0,2.142857142857143,2025-06,0.015210758479997854,108.75166635853223,0.0001521307250371695
2025-06-21,111760,1659,13737,1.217,1353.2,6.8,0.503,23.0,everithingmotoracing,-3.0,3.2857142857142856,2025-06,-0.002684323550465283,108.74874719030059,-2.6842514964653397e-05
2025-06-22,111770,1659,13741,0.987,1097.4,5.6,0.51,28.0,everithingmotoracing,10.0,4.0,2025-06,0.008946944618412812,108.75847775107279,8.947745168219612e-05
2025-06-23,111762,1659,13742,0.841,935.5,4.1,0.438,26.0,everithingmotoracing,-8.0,3.7142857142857144,2025-06,-0.007158068037436695,108.75069330245502,-7.157555694725648e-05
2025-06-24,111752,1658,13744,0.811,902.5,3.6,0.399,26.0,everithingmotoracing,-10.0,3.7142857142857144,2025-06,-0.008948385711217697,108.74096274168281,-8.947585046792383e-05
2025-06-25,111737,1658,13747,0.76,846.5,2.8,0.331,28.0,everithingmotoracing,-15.0,4.0,2025-06,-0.013424380464841549,108.72636690052448,-0.0001342257856682405
2025-06-26,111741,1659,13750,0.768,854.8,3.3,0.386,26.0,everithingmotoracing,4.0,3.7142857142857144,2025-06,0.0035797066430406027,108.73025912483337,3.579834790623515e-05
2025-06-27,111763,1659,13757,0.777,861.7,7.1,0.824,27.0,everithingmotoracing,22.0,3.857142857142857,2025-06,0.01968451097411487,108.75166635853223,0.00019688386536720337
2025-06-28,111769,1660,13769,1.38,1524.7,17.5,1.148,28.0,everithingmotoracing,6.0,4.0,2025-06,0.005368214800168204,108.75750469499556,5.3685029929306793e-05
2025-06-29,111775,1660,13777,1.041,1150.4,13.7,1.191,36.0,everithingmotoracing,6.0,5.142857142857143,2025-06,0.0053679266383359426,108.76334303145889,5.368214800172133e-05
2025-06-30,111772,1660,13779,0.841,928.8,11.7,1.26,35.0,everithingmotoracing,-3.0,5.0,2025-06,-0.0026840353576924455,108.76042386322725,-2.6839633191722e-05
2025-07-01,111806,1660,13783,0.819,906.7,8.8,0.971,35.0,everithingmotoracing,34.0,5.0,2025-07,0.030409817004454144,108.79350776985277,0.0003041906738718847
2025-07-02,111826,1660,13785,0.664,735.3,7.0,0.952,32.0,everithingmotoracing,20.0,4.571428571428571,2025-07,0.017884928370861874,108.81296889139722,0.0001788812764966785
2025-07-03,111876,1660,13788,0.665,736.9,6.8,0.923,30.0,everithingmotoracing,50.0,4.285714285714286,2025-07,0.04469233794558261,108.86162169525831,0.00044712320927153826
2025-07-04,111906,1660,13789,0.946,1048.6,10.4,0.992,22.0,everithingmotoracing,30.0,3.142857142857143,2025-07,0.026808214036780867,108.89081337757496,0.00026815402767343954
2025-07-05,111907,1660,13791,1.582,1753.8,16.1,0.918,15.0,everithingmotoracing,1.0,2.142857142857143,2025-07,0.0008935991492936098,108.89178643365219,8.936071345555519e-06
2025-07-06,111907,1659,13792,1.511,1674.8,15.8,0.943,11.0,everithingmotoracing,0.0,1.5714285714285714,2025-07,0.0,108.89178643365219,0.0
2025-07-07,111905,1659,13794,1.553,1721.1,16.7,0.97,12.0,everithingmotoracing,-2.0,1.7142857142857142,2025-07,-0.0017872302399356598,108.88984032149773,-1.787198298586201e-05
2025-07-08,111907,1659,13797,1.584,1756.5,16.5,0.939,12.0,everithingmotoracing,2.0,1.7142857142857142,2025-07,0.0017871982985872197,108.89178643365219,1.7872302399357665e-05
2025-07-09,111950,1659,13799,1.77,1964.7,16.3,0.83,11.0,everithingmotoracing,43.0,1.5714285714285714,2025-07,0.03841000446627959,108.93362784497272,0.0003842476341961998
2025-07-10,111965,1659,13800,2.456,2731.8,18.5,0.677,12.0,everithingmotoracing,15.0,1.7142857142857142,2025-07,0.013397043719019336,108.94822368613104,0.0001339883876729786
2025-07-11,111973,1659,13807,2.197,2444.5,15.4,0.63,12.0,everithingmotoracing,8.0,1.7142857142857142,2025-07,0.0071445794968429885,108.95600813474881,7.145089983473518e-05
2025-07-12,111979,1659,13821,2.138,2379.3,15.3,0.643,17.0,everithingmotoracing,6.0,2.4285714285714284,2025-07,0.005358147509800945,108.96184647121214,5.358434622637631e-05
2025-07-13,112006,1659,13831,1.563,1744.0,6.3,0.361,26.0,everithingmotoracing,27.0,3.7142857142857144,2025-07,0.02410585147224256,108.98811898529712,0.000241116637941019
2025-07-14,112024,1659,13834,0.542,605.4,2.1,0.347,45.0,everithingmotoracing,18.0,6.428571428571429,2025-07,0.01606798543169321,109.00563399468712,0.0001607056764816317
2025-07-15,112011,1659,13835,0.532,593.8,2.3,0.387,40.0,everithingmotoracing,-13.0,5.714285714285714,2025-07,-0.011606002981849998,108.99298426568322,-0.00011604656145114411
2025-07-16,112012,1659,13838,0.54,602.6,2.2,0.365,34.0,everithingmotoracing,1.0,4.857142857142857,2025-07,0.0008927614898403743,108.99395732176045,8.92769460136833e-06
2025-07-17,111996,1658,13840,0.625,697.5,2.8,0.401,29.0,everithingmotoracing,-16.0,4.142857142857143,2025-07,-0.014286224508018143,108.9783884245249,-0.0001428418383744301
2025-07-18,112002,1658,13846,0.614,685.4,2.6,0.379,26.0,everithingmotoracing,6.0,3.7142857142857144,2025-07,0.0053570471955857926,108.98422676098825,5.357334190514429e-05
2025-07-19,112020,1657,13857,0.724,807.5,3.4,0.421,26.0,everithingmotoracing,18.0,3.7142857142857144,2025-07,0.016068559185859668,109.00174177037823,0.00016071141586748716
2025-07-20,112031,1658,13865,0.719,802.4,3.5,0.436,26.0,everithingmotoracing,11.0,3.7142857142857144,2025-07,0.009818710892520819,109.01244538722767,9.819675058020394e-05
2025-07-21,112120,1658,13867,0.689,769.0,3.3,0.429,27.0,everithingmotoracing,89.0,3.857142857142857,2025-07,0.07937923653228685,109.0990473781004,0.0007944229722129936
2025-07-22,112166,1658,13868,1.019,1124.5,19.0,1.69,26.0,everithingmotoracing,46.0,3.7142857142857144,2025-07,0.041010644936968425,109.1438079576526,0.00041027470567245317
2025-07-23,112182,1658,13871,1.103,1215.7,22.1,1.818,26.0,everithingmotoracing,16.0,3.7142857142857144,2025-07,0.014262537662013512,109.15937685488815,0.00014264572151989618
2025-07-24,112191,1658,13874,1.226,1351.6,24.4,1.805,28.0,everithingmotoracing,9.0,4.0,2025-07,0.00802203385298286,109.16813435958315,8.022677434893488e-05
2025-07-25,112210,1658,13877,1.208,1332.2,23.5,1.764,26.0,everithingmotoracing,19.0,3.7142857142857144,2025-07,0.016932537207022546,109.18662242505034,0.0001693540480074418
2025-07-26,112222,1658,13880,1.306,1438.2,27.9,1.94,22.0,everithingmotoracing,12.0,3.142857142857143,2025-07,0.01069309048136729,109.19829909797703,0.00010694234025487859
2025-07-27,112224,1658,13882,1.706,1873.8,40.3,2.151,15.0,everithingmotoracing,2.0,2.142857142857143,2025-07,0.0017821499857428003,109.20024521013146,1.7821817468899326e-05
2025-07-28,112221,1658,13884,0.899,1002.8,5.8,0.578,15.0,everithingmotoracing,-3.0,2.142857142857143,2025-07,-0.002673296441842436,109.1973260418998,-2.6732249786109996e-05
2025-07-29,112216,1658,13885,0.741,828.6,3.0,0.362,15.0,everithingmotoracing,-5.0,2.142857142857143,2025-07,-0.004455692592856633,109.19246076151367,-4.4554940697327794e-05
2025-07-30,112218,1658,13887,0.714,797.7,3.2,0.401,15.0,everithingmotoracing,2.0,2.142857142857143,2025-07,0.0017822452725944145,109.19440687366813,1.782277037132296e-05
2025-07-31,112197,1658,13889,0.759,848.3,2.9,0.342,15.0,everithingmotoracing,-21.0,2.142857142857143,2025-07,-0.018717077996737882,109.17397269604648,-0.00018713575362239165
2025-08-01,112197,1659,13890,0.791,884.3,3.5,0.396,12.0,everithingmotoracing,0.0,1.7142857142857142,2025-08,0.0,109.17397269604648,0.0
2025-08-02,112190,1659,13892,0.925,1033.8,3.8,0.368,11.0,everithingmotoracing,-7.0,1.5714285714285714,2025-08,-0.00623941527765398,109.16716130350592,-6.239025998910908e-05
2025-08-03,112181,1660,13895,0.932,1041.9,3.8,0.365,13.0,everithingmotoracing,-9.0,1.8571428571428572,2025-08,-0.008022748950357013,109.15840379881092,-8.02210535698622e-05
2025-08-04,112187,1660,13896,1.145,1277.9,6.3,0.493,12.0,everithingmotoracing,6.0,1.7142857142857142,2025-08,0.005348213251089699,109.16424213527425,5.348499300228404e-05
2025-08-05,112190,1660,13898,1.339,1495.5,7.0,0.468,13.0,everithingmotoracing,3.0,1.8571428571428572,2025-08,0.002674035118994563,109.16716130350592,2.6741066255553392e-05
2025-08-06,112190,1660,13900,1.386,1547.1,8.3,0.536,13.0,everithingmotoracing,0.0,1.8571428571428572,2025-08,0.0,109.16716130350592,0.0
2025-08-07,112209,1660,13902,1.464,1633.3,9.8,0.6,13.0,everithingmotoracing,19.0,1.8571428571428572,2025-08,0.01693268810879698,109.18564936897313,0.0001693555575363881
2025-08-08,112207,1659,13904,1.4,1562.6,8.4,0.538,14.0,everithingmotoracing,-2.0,2.0,2025-08,-0.0017824199916226262,109.1837032568187,-1.7823882219825116e-05
2025-08-09,112198,1659,13905,1.36,1518.2,8.2,0.54,13.0,everithingmotoracing,-9.0,1.8571428571428572,2025-08,-0.008021533360665967,109.1749457521237,-8.020889962301325e-05
2025-08-10,112200,1659,13907,1.334,1488.9,8.3,0.557,12.0,everithingmotoracing,2.0,1.7142857142857142,2025-08,0.0017825311942959003,109.17689186427815,1.782562969032675e-05
2025-08-11,112191,1659,13910,1.181,1316.5,8.0,0.608,14.0,everithingmotoracing,-9.0,2.0,2025-08,-0.00802203385298286,109.16813435958315,-8.021390374335358e-05
2025-08-12,112180,1659,13911,1.179,1311.6,11.5,0.877,13.0,everithingmotoracing,-11.0,1.8571428571428572,2025-08,-0.009805669459796754,109.1574307427337,-9.804708042537857e-05
2025-08-13,112178,1659,13913,1.151,1277.7,13.8,1.08,13.0,everithingmotoracing,-2.0,1.8571428571428572,2025-08,-0.0017828807787623243,109.15548463057927,-1.782848992692987e-05
2025-08-14,112167,1659,13916,1.218,1351.3,14.6,1.08,13.0,everithingmotoracing,-11.0,1.8571428571428572,2025-08,-0.009806805923310779,109.14478101372981,-9.805844283194975e-05
2025-08-15,112163,1658,13925,1.196,1326.1,15.3,1.154,13.0,everithingmotoracing,-4.0,1.8571428571428572,2025-08,-0.0035662384208696267,109.14088878942094,-3.5661112448348575e-05
2025-08-16,112170,1658,13937,1.086,1201.9,15.9,1.323,20.0,everithingmotoracing,7.0,2.857142857142857,2025-08,0.006240527770348578,109.1477001819615,6.240917236510768e-05
2025-08-17,112204,1658,13943,0.649,722.6,5.5,0.761,42.0,everithingmotoracing,34.0,6.0,2025-08,0.030301950019607143,109.18078408858702,0.00030311134884541957
2025-08-18,112261,1658,13946,0.552,615.3,4.0,0.65,39.0,everithingmotoracing,57.0,5.571428571428571,2025-08,0.05077453434407319,109.23624828498866,0.0005080032797404321
2025-08-19,112268,1658,13948,0.882,982.6,7.1,0.723,40.0,everithingmotoracing,7.0,5.714285714285714,2025-08,0.006235080343463854,109.2430596775292,6.235469129967086e-05
2025-08-20,112271,1658,13950,0.91,1013.6,7.6,0.75,36.0,everithingmotoracing,3.0,5.142857142857143,2025-08,0.002672105886649268,109.24597884576089,2.6721772900639706e-05
2025-08-21,112276,1658,13952,1.115,1244.1,8.2,0.659,28.0,everithingmotoracing,5.0,4.0,2025-08,0.004453311482418326,109.25084412614699,4.453509811086498e-05
2025-08-22,112285,1658,13958,1.336,1490.3,9.7,0.651,28.0,everithingmotoracing,9.0,4.0,2025-08,0.00801531816360155,109.25960163084198,8.01596066835053e-05
2025-08-23,112297,1658,13967,1.334,1487.9,10.4,0.699,26.0,everithingmotoracing,12.0,3.7142857142857144,2025-08,0.010685948867734668,109.27127830376864,0.00010687090884808903
2025-08-24,112319,1658,13974,1.341,1495.8,10.1,0.675,26.0,everithingmotoracing,22.0,3.7142857142857144,2025-08,0.019587068973192425,109.29268553746752,0.00019590906257516139
2025-08-25,112336,1658,13979,0.662,737.5,6.3,0.854,31.0,everithingmotoracing,17.0,4.428571428571429,2025-08,0.01513317191283293,109.30922749078029,0.00015135462388382592
2025-08-26,112353,1658,13980,0.662,737.7,6.0,0.813,28.0,everithingmotoracing,17.0,4.0,2025-08,0.015130882130428205,109.32576944409307,0.00015133171912840027
2025-08-27,112371,1658,13980,0.804,897.0,6.6,0.736,24.0,everithingmotoracing,18.0,3.4285714285714284,2025-08,0.016018367728328483,109.34328445348305,0.00016020934020444244
2025-08-28,112380,1658,13984,0.85,949.2,6.2,0.653,27.0,everithingmotoracing,9.0,3.857142857142857,2025-08,0.00800854244527496,109.35204195817805,8.009183864166047e-05
2025-08-29,112394,1658,13986,0.837,935.1,6.0,0.642,26.0,everithingmotoracing,14.0,3.7142857142857144,2025-08,0.012456180934925353,109.36566474325915,0.00012457732692650048
2025-08-30,112403,1656,13988,1.125,1256.8,8.0,0.637,16.0,everithingmotoracing,9.0,2.2857142857142856,2025-08,0.008006903730327482,109.37442224795416,8.007544886745599e-05
2025-08-31,112413,1656,13989,1.134,1266.6,8.0,0.632,16.0,everithingmotoracing,10.0,2.2857142857142856,2025-08,0.008895768283027764,109.38415280872637,8.896559700355411e-05
2025-09-01,112415,1656,13991,1.301,1452.7,10.0,0.688,11.0,everithingmotoracing,2.0,1.5714285714285714,2025-09,0.0017791220032913756,109.3860989208808,1.7791536566003074e-05
2025-09-02,112398,1658,13992,1.366,1525.3,9.8,0.642,11.0,everithingmotoracing,-17.0,1.5714285714285714,2025-09,-0.01512482428512963,109.36955696756804,-0.0001512253702797839
2025-09-03,112392,1657,13994,1.14,1272.7,9.1,0.715,13.0,everithingmotoracing,-6.0,1.8571428571428572,2025-09,-0.005338458253256459,109.3637186311047,-5.338173277102953e-05
2025-09-04,112401,1657,13997,1.116,1244.6,9.9,0.795,13.0,everithingmotoracing,9.0,1.8571428571428572,2025-09,0.008007046200656577,109.3724761357997,8.007687379874007e-05
2025-09-05,112406,1658,14005,1.17,1304.3,11.0,0.843,19.0,everithingmotoracing,5.0,2.7142857142857144,2025-09,0.00444816113018878,109.37734141618583,4.448359000375213e-05
2025-09-06,112412,1658,14014,1.155,1288.8,9.5,0.737,22.0,everithingmotoracing,6.0,3.142857142857143,2025-09,0.005337508451055048,109.38317975264916,5.3377933562304136e-05
2025-09-07,112417,1658,14020,0.754,842.6,5.3,0.629,24.0,everithingmotoracing,5.0,3.4285714285714284,2025-09,0.004447725877758702,109.38804503303525,4.447923709216539e-05
2025-09-08,112425,1658,14023,0.66,737.5,4.3,0.583,26.0,everithingmotoracing,8.0,3.7142857142857144,2025-09,0.00711585501445408,109.39582948165302,7.11636140442451e-05
2025-09-09,112439,1658,14025,0.665,743.7,3.8,0.511,26.0,everithingmotoracing,14.0,3.7142857142857144,2025-09,0.012451195759478471,109.40945226673414,0.0001245274627530435
2025-09-10,112430,1659,14027,0.528,590.8,3.0,0.508,26.0,everithingmotoracing,-9.0,3.7142857142857144,2025-09,-0.008004980876990128,109.40069476203914,-8.004340131095855e-05
2025-09-11,112460,1659,14031,0.538,601.5,3.0,0.499,26.0,everithingmotoracing,30.0,3.7142857142857144,2025-09,0.026676151520540634,109.42988644435579,0.00026683269589966585
2025-09-12,112473,1659,14041,0.549,614.2,2.8,0.456,26.0,everithingmotoracing,13.0,3.7142857142857144,2025-09,0.01155832955464867,109.44253617335966,0.000115596656589112
2025-09-13,112509,1659,14052,1.088,1215.9,7.9,0.65,22.0,everithingmotoracing,36.0,3.142857142857143,2025-09,0.031997440204783616,109.47756619213966,0.0003200768184363767
2025-09-14,112553,1659,14059,2.039,2281.1,13.5,0.592,22.0,everithingmotoracing,44.0,3.142857142857143,2025-09,0.0390926941085533,109.52038065953742,0.0003910798247250824
2025-09-15,112641,1659,14061,1.896,2119.4,16.5,0.779,21.0,everithingmotoracing,88.0,3.0,2025-09,0.07812430642483642,109.60600959433293,0.000781853882171113
2025-09-16,112670,1659,14064,2.294,2566.7,17.9,0.697,21.0,everithingmotoracing,29.0,3.0,2025-09,0.02573888346498624,109.63422822057237,0.00025745510071817357
2025-09-17,112692,1659,14067,2.493,2790.3,19.3,0.692,22.0,everithingmotoracing,22.0,3.142857142857143,2025-09,0.019522237603379122,109.65563545427123,0.00019526049525153688
2025-09-18,112688,1659,14068,1.305,1460.4,10.6,0.726,20.0,everithingmotoracing,-4.0,2.857142857142857,2025-09,-0.0035496237398835724,109.65174322996234,-3.5494977460692745e-05
2025-09-19,112679,1660,14070,1.487,1662.5,12.8,0.77,18.0,everithingmotoracing,-9.0,2.5714285714285716,2025-09,-0.007987291332013952,109.64298572526734,-7.986653414737699e-05
2025-09-20,112682,1660,14072,1.598,1786.3,14.2,0.795,16.0,everithingmotoracing,3.0,2.2857142857142856,2025-09,0.002662359560533182,109.64590489349901,2.6624304440003854e-05
2025-09-21,112689,1661,14073,1.756,1962.9,15.6,0.795,13.0,everithingmotoracing,7.0,1.8571428571428572,2025-09,0.0062117864210348836,109.65271628603956,6.212172307917818e-05
2025-09-22,112691,1661,14078,0.938,1045.7,11.9,1.138,15.0,everithingmotoracing,2.0,2.142857142857143,2025-09,0.0017747646218420282,109.65466239819402,1.7747961202907447e-05
2025-09-23,112698,1661,14079,1.032,1151.0,11.6,1.008,14.0,everithingmotoracing,7.0,2.0,2025-09,0.006211290351204103,109.66147379073456,6.211676176448577e-05
2025-09-24,112709,1661,14080,1.084,1209.4,12.1,1.0,12.0,everithingmotoracing,11.0,1.7142857142857142,2025-09,0.009759646523347735,109.67217740758399,9.760599123320723e-05
2025-09-25,112716,1661,14082,1.069,1192.3,12.3,1.032,13.0,everithingmotoracing,7.0,1.8571428571428572,2025-09,0.006210298449199759,109.67898880012454,6.21068415123105e-05
2025-09-26,112713,1661,14084,1.029,1148.8,10.9,0.949,12.0,everithingmotoracing,-3.0,1.7142857142857142,2025-09,-0.0026616273189428016,109.67606963189289,-2.6615564782339618e-05
2025-09-27,112728,1661,14093,0.842,945.3,4.4,0.465,13.0,everithingmotoracing,15.0,1.8571428571428572,2025-09,0.01330636576538216,109.69066547305121,0.0001330813659470298
2025-09-28,112757,1660,14100,0.846,950.1,3.9,0.41,14.0,everithingmotoracing,29.0,2.0,2025-09,0.02571902409606499,109.71888409929065,0.0002572564047973458
2025-09-29,112773,1660,14102,0.748,839.9,3.9,0.464,14.0,everithingmotoracing,16.0,2.0,2025-09,0.014187793177444955,109.7344529965262,0.00014189806397824078
2025-09-30,112770,1660,14104,0.897,1006.1,5.5,0.547,14.0,everithingmotoracing,-3.0,2.0,2025-09,-0.0026602819898909284,109.73153382829453,-2.660211220772979e-05
2025-10-01,112763,1660,14105,0.896,1005.0,5.7,0.567,15.0,everithingmotoracing,-7.0,2.142857142857143,2025-10,-0.006207709975789931,109.72472243575397,-6.207324643081602e-05
2025-10-02,112776,1660,14107,0.858,961.4,5.9,0.614,15.0,everithingmotoracing,13.0,2.142857142857143,2025-10,0.011527275306802866,109.73737216475786,0.00011528604240762519
2025-10-03,112798,1660,14112,0.87,975.5,6.4,0.656,15.0,everithingmotoracing,22.0,2.142857142857143,2025-10,0.01950389191297718,109.75877939845672,0.0001950769667304897
2025-10-04,112873,1660,14120,0.95,1064.8,7.1,0.667,14.0,everithingmotoracing,75.0,2.0,2025-10,0.06644636006839545,109.83175860424836,0.0006649054061242943
2025-10-05,112949,1660,14127,0.907,1017.8,6.9,0.678,12.0,everithingmotoracing,76.0,1.7142857142857142,2025-10,0.0672870056397135,109.90571086611722,0.0006733231153597252
2025-10-06,112990,1660,14128,0.793,890.9,5.2,0.584,11.0,everithingmotoracing,41.0,1.5714285714285714,2025-10,0.03628639702628551,109.94560616528331,0.0003629956883195451
2025-10-07,112988,1660,14130,0.604,679.0,3.3,0.486,11.0,everithingmotoracing,-2.0,1.5714285714285714,2025-10,-0.0017700994795907528,109.94366005312885,-1.7700681476218172e-05
2025-10-08,112983,1660,14131,0.64,719.5,4.0,0.556,11.0,everithingmotoracing,-5.0,1.5714285714285714,2025-10,-0.004425444535903632,109.93879477274275,-4.425248698980422e-05
2025-10-09,112968,1660,14132,1.079,1211.3,7.9,0.652,11.0,everithingmotoracing,-15.0,1.5714285714285714,2025-10,-0.013278096452092627,109.92419893158443,-0.0001327633360771463
2025-10-10,112966,1659,14133,1.087,1221.0,7.5,0.614,10.0,everithingmotoracing,-2.0,1.4285714285714286,2025-10,-0.0017704442044508967,109.92225281942997,-1.770412860280235e-05
2025-10-11,112951,1659,14135,1.273,1427.6,9.8,0.686,10.0,everithingmotoracing,-15.0,1.4285714285714286,2025-10,-0.013280094908411613,109.90765697827165,-0.0001327833153338398
2025-10-12,112968,1659,14137,1.267,1421.2,10.0,0.704,10.0,everithingmotoracing,17.0,1.4285714285714286,2025-10,0.015048509312371646,109.92419893158443,0.00015050774229541375
2025-10-13,112967,1660,14138,1.309,1468.8,10.0,0.681,10.0,everithingmotoracing,-1.0,1.4285714285714286,2025-10,-0.0008852142661131127,109.9232258755072,-8.852064301345663e-06
2025-10-14,112952,1659,14140,1.339,1502.0,10.3,0.686,11.0,everithingmotoracing,-15.0,1.5714285714285714,2025-10,-0.01327997733550535,109.90863003434887,-0.00013278213991696486
2025-10-15,112947,1659,14141,1.452,1628.7,10.8,0.663,10.0,everithingmotoracing,-5.0,1.4285714285714286,2025-10,-0.0044268550736185994,109.90376475396278,-4.4266591118335974e-05
2025-10-16,112946,1659,14142,1.412,1584.8,10.4,0.656,10.0,everithingmotoracing,-1.0,1.4285714285714286,2025-10,-0.0008853788536114603,109.90279169788555,-8.853710147249672e-06
2025-10-17,112948,1658,14143,1.062,1191.8,7.9,0.663,10.0,everithingmotoracing,2.0,1.4285714285714286,2025-10,0.0017707263519495696,109.90473781004,1.7707577072201275e-05
2025-10-18,112942,1658,14149,1.037,1163.1,7.8,0.671,11.0,everithingmotoracing,-6.0,1.5714285714285714,2025-10,-0.005312461263303288,109.89889947357668,-5.312179055849686e-05
2025-10-19,112958,1658,14156,1.041,1168.0,7.9,0.676,13.0,everithingmotoracing,16.0,1.8571428571428572,2025-10,0.014164556737902585,109.9144683708122,0.00014166563368811502
2025-10-20,112941,1658,14156,0.786,882.3,4.9,0.555,12.0,everithingmotoracing,-17.0,1.7142857142857142,2025-10,-0.015052106852250289,109.89792641749945,-0.00015049841534020558
2025-10-21,112942,1658,14160,0.688,772.8,4.7,0.608,12.0,everithingmotoracing,1.0,1.7142857142857142,2025-10,0.0008854102105505481,109.89889947357668,8.85418050122766e-06
2025-10-22,112941,1659,14161,0.739,829.3,4.8,0.579,12.0,everithingmotoracing,-1.0,1.7142857142857142,2025-10,-0.00088541805013237,109.89792641749945,-8.854102105493311e-06
2025-10-23,112933,1659,14163,0.744,836.9,2.8,0.335,13.0,everithingmotoracing,-8.0,1.8571428571428572,2025-10,-0.007083846174280326,109.89014196888166,-7.083344401059843e-05
2025-10-24,112914,1659,14165,0.732,823.4,2.8,0.34,14.0,everithingmotoracing,-19.0,2.0,2025-10,-0.016826965655277467,109.87165390341444,-0.00016824134663917523
2025-10-25,112918,1659,14174,0.721,811.8,2.5,0.308,15.0,everithingmotoracing,4.0,2.142857142857143,2025-10,0.0035423935953523794,109.87554612772334,3.542519085319995e-05
2025-10-26,112918,1659,14180,0.725,814.9,3.8,0.466,15.0,everithingmotoracing,0.0,2.142857142857143,2025-10,0.0,109.87554612772334,0.0
2025-10-27,112901,1660,14183,0.746,838.7,3.4,0.405,16.0,everithingmotoracing,-17.0,2.2857142857142856,2025-10,-0.015057439703811303,109.85900417441057,-0.0001505517278024282
2025-10-28,112910,1660,14183,0.554,622.9,2.2,0.353,15.0,everithingmotoracing,9.0,2.142857142857143,2025-10,0.007970950314409708,109.86776167910557,7.971585725541352e-05
2025-10-29,112907,1660,14185,0.786,882.6,5.4,0.612,16.0,everithingmotoracing,-3.0,2.2857142857142856,2025-10,-0.0026570540356222376,109.8648425108739,-2.6569834381318103e-05
2025-10-30,112893,1660,14187,0.774,868.8,5.5,0.633,16.0,everithingmotoracing,-14.0,2.2857142857142856,2025-10,-0.012401123187442978,109.85121972579279,-0.00012399585499567323
2025-10-31,112890,1661,14189,0.878,983.9,7.2,0.732,16.0,everithingmotoracing,-3.0,2.2857142857142856,2025-10,-0.0026574541589157587,109.84830055756115,-2.6573835401610957e-05
2025-11-01,112885,1661,14189,1.058,1186.3,7.8,0.658,13.0,everithingmotoracing,-5.0,1.8571428571428572,2025-11,-0.004429286441954201,109.84343527717502,-4.4290902648569386e-05
2025-11-02,112871,1661,14191,1.211,1356.3,10.3,0.759,10.0,everithingmotoracing,-14.0,1.4285714285714286,2025-11,-0.012403540324795563,109.82981249209391,-0.0001240200203747044
2025-11-03,112857,1661,14193,1.214,1359.3,10.3,0.758,11.0,everithingmotoracing,-14.0,1.5714285714285714,2025-11,-0.012405078993770878,109.81618970701281,-0.00012403540324790185
2025-11-04,112857,1661,14194,1.226,1373.3,10.2,0.743,10.0,everithingmotoracing,0.0,1.4285714285714286,2025-11,0.0,109.81618970701281,0.0
2025-11-05,112854,1661,14196,1.244,1393.3,10.1,0.725,11.0,everithingmotoracing,-3.0,1.5714285714285714,2025-11,-0.002658301876761125,109.81327053878115,-2.658231212948614e-05
2025-11-06,112847,1661,14198,1.044,1170.8,7.2,0.615,10.0,everithingmotoracing,-7.0,1.4285714285714286,2025-11,-0.006203089138390919,109.80645914624058,-6.202704379110191e-05
2025-11-07,112844,1658,14205,1.062,1191.3,6.9,0.579,15.0,everithingmotoracing,-3.0,2.142857142857143,2025-11,-0.002658537449930878,109.80353997800893,-2.6584667735973788e-05
2025-11-08,112864,1659,14217,0.933,1048.3,4.7,0.448,16.0,everithingmotoracing,20.0,2.2857142857142856,2025-11,0.017720442302239865,109.82300109955337,0.00017723582999540355
2025-11-09,112899,1659,14224,0.496,558.9,1.3,0.233,22.0,everithingmotoracing,35.0,3.142857142857143,2025-11,0.03100116032914375,109.85705806225612,0.0003101077402891672
2025-11-10,112909,1659,14226,0.48,535.8,5.6,1.045,23.0,everithingmotoracing,10.0,3.2857142857142856,2025-11,0.008856689900716506,109.86678862302834,8.85747437975315e-05
2025-11-11,112947,1659,14228,0.483,539.6,5.7,1.056,23.0,everithingmotoracing,38.0,3.2857142857142856,2025-11,0.03364409855950136,109.90376475396278,0.00033655421622724724
2025-11-12,113001,1659,14228,0.476,532.1,6.0,1.128,23.0,everithingmotoracing,54.0,3.2857142857142856,2025-11,0.04778718772400244,109.95630978213275,0.00047810034795081613
2025-11-13,113013,1659,14229,0.987,1098.6,17.0,1.547,23.0,everithingmotoracing,12.0,3.2857142857142856,2025-11,0.010618247458257015,109.9679864550594,0.00010619375049780722
2025-11-14,112994,1658,14236,1.349,1499.7,24.9,1.66,22.0,everithingmotoracing,-19.0,3.142857142857143,2025-11,-0.016815052126661595,109.94949838959218,-0.0001681222514223757
2025-11-15,113006,1658,14245,1.258,1401.4,20.6,1.47,21.0,everithingmotoracing,12.0,3.0,2025-11,0.01061890519087482,109.96117506251886,0.00010620032922092904
2025-11-16,113015,1658,14256,1.602,1784.3,25.8,1.446,29.0,everithingmotoracing,9.0,4.142857142857143,2025-11,0.00796354466221298,109.96993256721386,7.964178893149487e-05
2025-11-17,113036,1658,14260,1.098,1223.8,16.8,1.373,30.0,everithingmotoracing,21.0,4.285714285714286,2025-11,0.01857815209313847,109.99036674483551,0.00018581604211820313
2025-11-18,113048,1658,14265,0.617,691.7,5.4,0.781,41.0,everithingmotoracing,12.0,5.857142857142857,2025-11,0.010614960016983936,110.00204341776217,0.00010616086910375522
2025-11-19,113058,1658,14266,0.698,782.6,6.3,0.805,34.0,everithingmotoracing,10.0,4.857142857142857,2025-11,0.008845017601585027,110.01177397853439,8.845800014145588e-05
2025-11-20,113058,1658,14266,0.673,754.9,5.7,0.755,29.0,everithingmotoracing,0.0,4.142857142857143,2025-11,0.0,110.01177397853439,0.0
2025-11-21,113049,1659,14269,0.704,790.0,6.2,0.785,27.0,everithingmotoracing,-9.0,3.857142857142857,2025-11,-0.007961149590000795,110.00301647383938,-7.960515841431981e-05
2025-11-22,113046,1658,14271,0.941,1054.9,9.4,0.891,20.0,everithingmotoracing,-3.0,2.857142857142857,2025-11,-0.002653786953983334,110.00009730560771,-2.6537165299989063e-05
2025-11-23,113048,1660,14275,0.923,1033.8,9.6,0.929,20.0,everithingmotoracing,2.0,2.857142857142857,2025-11,0.001769160002830656,110.00204341776217,1.7691913026585127e-05
2025-11-24,113081,1661,14278,0.997,1115.1,11.8,1.058,18.0,everithingmotoracing,33.0,2.5714285714285716,2025-11,0.02918262130685084,110.03415426831049,0.0002919114004671375
2025-11-25,113098,1661,14279,1.185,1328.6,11.5,0.866,13.0,everithingmotoracing,17.0,1.8571428571428572,2025-11,0.015031211869352242,110.05069622162324,0.00015033471582315272
2025-11-26,113108,1661,14280,1.407,1579.4,12.3,0.779,13.0,everithingmotoracing,10.0,1.8571428571428572,2025-11,0.008841107613961877,110.06042678239547,8.841889334920694e-05
2025-11-27,113088,1661,14282,1.368,1535.7,11.3,0.736,15.0,everithingmotoracing,-20.0,2.142857142857143,2025-11,-0.017685342388228636,110.04096566085104,-0.00017682215227921017
2025-11-28,113094,1661,14283,1.439,1616.9,10.5,0.649,15.0,everithingmotoracing,6.0,2.142857142857143,2025-11,0.0053053212372009126,110.04680399731437,5.3056027164766206e-05
2025-11-29,113090,1661,14285,1.433,1610.3,10.8,0.671,14.0,everithingmotoracing,-4.0,2.0,2025-11,-0.0035370059244849237,110.04291177300547,-3.536880824805966e-05
2025-11-30,113074,1661,14285,1.438,1614.6,11.1,0.687,10.0,everithingmotoracing,-16.0,1.4285714285714286,2025-11,-0.014150025646921483,110.02734287576995,-0.0001414802369793522
2025-12-01,113071,1660,14286,1.416,1590.3,11.3,0.711,8.0,everithingmotoracing,-3.0,1.1428571428571428,2025-12,-0.0026532002016432152,110.02442370753826,-2.6531298087939525e-05
2025-12-02,113060,1661,14287,1.35,1514.1,12.3,0.812,8.0,everithingmotoracing,-11.0,1.1428571428571428,2025-12,-0.009729347249248187,110.01372009068882,-9.728400739361653e-05
2025-12-03,113053,1661,14288,1.313,1472.7,11.9,0.808,8.0,everithingmotoracing,-7.0,1.1428571428571428,2025-12,-0.006191786153397079,110.00690869814827,-6.191402794974987e-05
2025-12-04,113043,1661,14290,1.2,1343.5,12.6,0.938,8.0,everithingmotoracing,-10.0,1.1428571428571428,2025-12,-0.008846191272347691,109.99717813737607,-8.845408790569831e-05
2025-12-05,113033,1661,14291,1.188,1329.7,13.2,0.993,8.0,everithingmotoracing,-10.0,1.1428571428571428,2025-12,-0.008846973892580042,109.98744757660384,-8.846191272349202e-05
2025-12-06,113042,1660,14293,1.257,1406.0,14.6,1.038,8.0,everithingmotoracing,9.0,1.1428571428571428,2025-12,0.007961642575325986,109.99620508129884,7.962276503326038e-05
2025-12-07,113033,1661,14293,1.343,1502.3,15.8,1.052,8.0,everithingmotoracing,-9.0,1.1428571428571428,2025-12,-0.00796227650332204,109.98744757660384,-7.961642575327055e-05
2025-12-08,113036,1661,14294,1.264,1413.3,15.0,1.061,8.0,everithingmotoracing,3.0,1.1428571428571428,2025-12,0.00265402172759121,109.99036674483551,2.654092167775346e-05
2025-12-09,113016,1661,14295,1.267,1417.2,15.0,1.058,8.0,everithingmotoracing,-20.0,1.1428571428571428,2025-12,-0.01769660932965244,109.97090562329106,-0.000176934781839444
2025-12-10,113006,1661,14296,1.042,1167.8,9.8,0.839,8.0,everithingmotoracing,-10.0,1.1428571428571428,2025-12,-0.00884908765906235,109.96117506251886,-8.848304664821338e-05
2025-12-11,113011,1661,14297,0.972,1089.3,8.7,0.799,7.0,everithingmotoracing,5.0,1.0,2025-12,0.0044243480723115455,109.96604034290496,4.424543829539829e-05
2025-12-12,112993,1661,14297,0.964,1081.9,7.9,0.73,6.0,everithingmotoracing,-18.0,0.8571428571428571,2025-12,-0.015930190365774873,109.94852533351498,-0.000159276530603214
2025-12-13,112984,1662,14299,0.94,1054.3,7.7,0.73,6.0,everithingmotoracing,-9.0,0.8571428571428571,2025-12,-0.007965729660836932,109.93976782881998,-7.965095182882465e-05
2025-12-14,112976,1661,14299,0.873,979.1,7.3,0.746,6.0,everithingmotoracing,-8.0,0.8571428571428571,2025-12,-0.00708114997875655,109.9319833802022,-7.080648587409755e-05
2025-12-15,112974,1662,14300,0.877,983.9,7.3,0.742,6.0,everithingmotoracing,-2.0,0.8571428571428571,2025-12,-0.0017703188344220793,109.93003726804776,-1.7702874946845526e-05
2025-12-16,112969,1661,14300,0.971,1090.7,6.6,0.605,5.0,everithingmotoracing,-5.0,0.7142857142857143,2025-12,-0.004425992971523161,109.92517198766166,-4.425797086060612e-05
2025-12-17,112964,1660,14301,0.976,1096.3,6.7,0.611,5.0,everithingmotoracing,-5.0,0.7142857142857143,2025-12,-0.0044261888743316454,109.92030670727556,-4.4259929715240176e-05
2025-12-18,112959,1662,14302,0.946,1062.8,6.0,0.565,5.0,everithingmotoracing,-5.0,0.7142857142857143,2025-12,-0.004426384794482954,109.91544142688943,-4.426188874329107e-05
2025-12-19,112948,1661,14303,0.897,1007.4,6.3,0.625,6.0,everithingmotoracing,-11.0,0.8571428571428571,2025-12,-0.009738994935722634,109.90473781004,-9.738046547858037e-05
2025-12-20,112941,1662,14304,0.847,951.4,5.3,0.557,6.0,everithingmotoracing,-7.0,0.8571428571428571,2025-12,-0.00619792635092659,109.89792641749945,-6.197542231822784e-05
2025-12-21,112939,1662,14304,0.855,960.1,5.3,0.552,5.0,everithingmotoracing,-2.0,0.7142857142857143,2025-12,-0.001770867459424999,109.89598030534499,-1.7708361002677364e-05
2025-12-22,112925,1662,14306,0.851,956.3,5.2,0.544,6.0,everithingmotoracing,-14.0,0.8571428571428571,2025-12,-0.012397609032543723,109.8823575202639,-0.00012396072215969944
2025-12-23,112920,1662,14307,0.858,963.3,5.3,0.55,6.0,everithingmotoracing,-5.0,0.8571428571428571,2025-12,-0.004427913567127169,109.8774922398778,-4.42771751162363e-05
2025-12-24,112917,1661,14307,0.871,976.3,6.8,0.697,6.0,everithingmotoracing,-3.0,0.8571428571428571,2025-12,-0.0026568187252583755,109.87457307164613,-2.6567481402728355e-05
2025-12-25,112909,1662,14308,0.882,987.8,8.1,0.82,6.0,everithingmotoracing,-8.0,0.8571428571428571,2025-12,-0.007085351920573205,109.86678862302834,-7.084849934024806e-05
2025-12-26,112886,1662,14308,0.892,998.7,8.2,0.821,5.0,everithingmotoracing,-23.0,0.7142857142857143,2025-12,-0.020374537143667062,109.84440833325225,-0.00020370386771650928
2025-12-27,112885,1662,14309,0.89,995.9,8.3,0.833,5.0,everithingmotoracing,-1.0,0.7142857142857143,2025-12,-0.0008858572883908402,109.84343527717502,-8.858494410235451e-06
2025-12-28,112884,1662,14309,0.893,999.5,8.3,0.83,5.0,everithingmotoracing,-1.0,0.7142857142857143,2025-12,-0.0008858651358917117,109.84246222109779,-8.858572883907456e-06
2025-12-29,112871,1661,14309,0.952,1066.1,8.5,0.797,3.0,everithingmotoracing,-13.0,0.42857142857142855,2025-12,-0.011517573158738737,109.82981249209391,-0.0001151624676659635
2025-12-30,112866,1662,14311,0.961,1076.6,8.5,0.79,4.0,everithingmotoracing,-5.0,0.5714285714285714,2025-12,-0.004430032073432211,109.82494721170781,-4.429835830288553e-05
2025-12-31,112862,1662,14311,0.965,1080.8,8.5,0.786,4.0,everithingmotoracing,-4.0,0.5714285714285714,2025-12,-0.003544151264375964,109.82105498739891,-3.5440256587415675e-05
2026-01-01,112855,1661,14312,1.311,1466.6,13.4,0.914,4.0,everithingmotoracing,-7.0,0.5714285714285714,2026-01,-0.0062026494173940015,109.81424359485837,-6.202264712662497e-05
2026-01-02,112832,1661,14312,1.322,1477.8,13.4,0.907,4.0,everithingmotoracing,-23.0,0.5714285714285714,2026-01,-0.020384288145207034,109.79186330508229,-0.00020380133800013134
2026-01-03,112823,1661,14313,1.184,1322.3,13.0,0.983,5.0,everithingmotoracing,-9.0,0.7142857142857143,2026-01,-0.007977096868546307,109.78310580038728,-7.976460578562605e-05
2026-01-04,112817,1661,14314,1.192,1331.7,13.0,0.976,5.0,everithingmotoracing,-6.0,0.7142857142857143,2026-01,-0.005318347412180788,109.77726746392395,-5.318064579029613e-05
2026-01-05,112797,1661,14315,1.124,1257.6,10.8,0.859,6.0,everithingmotoracing,-20.0,0.8571428571428571,2026-01,-0.017730968022199173,109.75780634237951,-0.00017727824707269857
2026-01-06,112790,1661,14315,1.13,1263.5,10.8,0.855,4.0,everithingmotoracing,-7.0,0.5714285714285714,2026-01,-0.006206223956024471,109.75099494983895,-6.205838807771258e-05
2026-01-07,112773,1661,14316,1.079,1205.8,10.8,0.896,4.0,everithingmotoracing,-17.0,0.5714285714285714,2026-01,-0.015074530251035266,109.7344529965262,-0.00015072258178916442
2026-01-08,112761,1661,14316,1.09,1218.3,10.8,0.886,4.0,everithingmotoracing,-12.0,0.5714285714285714,2026-01,-0.010641977279378509,109.72277632359952,-0.00010640844883080813
2026-01-09,112757,1661,14317,1.097,1225.4,11.4,0.93,5.0,everithingmotoracing,-4.0,0.7142857142857143,2026-01,-0.00354745159945724,109.71888409929065,-3.547325759789555e-05
2026-01-10,112754,1661,14318,1.099,1227.7,11.4,0.929,4.0,everithingmotoracing,-3.0,0.5714285714285714,2026-01,-0.0026606594887986237,109.71596493105898,-2.6605886995878514e-05
2026-01-11,112740,1661,14318,1.184,1323.2,11.9,0.899,4.0,everithingmotoracing,-14.0,0.5714285714285714,2026-01,-0.012417952811779315,109.70234214597787,-0.00012416410947724277
2026-01-12,112727,1661,14318,1.169,1307.8,9.9,0.757,4.0,everithingmotoracing,-13.0,0.5714285714285714,2026-01,-0.011532285965207981,109.689692416974,-0.00011530956182370655
2026-01-13,112717,1662,14320,1.173,1312.5,10.0,0.762,4.0,everithingmotoracing,-10.0,0.5714285714285714,2026-01,-0.008871776218316668,109.67996185620177,-8.870989204001756e-05
2026-01-14,112715,1661,14322,1.176,1315.5,10.0,0.76,5.0,everithingmotoracing,-2.0,0.7142857142857143,2026-01,-0.0017743867275872777,109.67801574404731,-1.7743552436666477e-05
2026-01-15,112702,1661,14324,1.196,1339.1,9.2,0.687,5.0,everithingmotoracing,-13.0,0.7142857142857143,2026-01,-0.01153484410214548,109.66536601504345,-0.00011533513729322653
2026-01-16,112685,1662,14325,1.142,1276.3,10.4,0.815,5.0,everithingmotoracing,-17.0,0.7142857142857143,2026-01,-0.0150863025247371,109.64882406173069,-0.0001508402690280075
2026-01-17,112703,1662,14325,1.052,1176.2,9.3,0.791,4.0,everithingmotoracing,18.0,0.5714285714285714,2026-01,0.01597118089136935,109.66633907112066,0.0001597373208501729
2026-01-18,112697,1663,14326,1.054,1178.5,9.3,0.789,5.0,everithingmotoracing,-6.0,0.7142857142857143,2026-01,-0.005324010399566981,109.66050073465735,-5.323726963790687e-05
2026-01-19,112697,1663,14328,1.057,1182.1,9.3,0.787,5.0,everithingmotoracing,0.0,0.7142857142857143,2026-01,0.0,109.66050073465735,0.0
2026-01-20,112709,1663,14328,0.798,894.8,4.8,0.536,6.0,everithingmotoracing,12.0,0.8571428571428571,2026-01,0.010646887116379348,109.67217740758399,0.00010648020799131075
2026-01-21,112692,1662,14331,0.851,954.8,4.3,0.45,7.0,everithingmotoracing,-17.0,1.0,2026-01,-0.015085365420792958,109.65563545427123,-0.00015083090081535744
2026-01-22,112682,1663,14332,0.852,956.3,4.3,0.45,7.0,everithingmotoracing,-10.0,1.0,2026-01,-0.00887453186844394,109.64590489349901,-8.873744365167635e-05
2026-01-23,112691,1662,14333,0.798,894.7,4.4,0.492,6.0,everithingmotoracing,9.0,0.8571428571428571,2026-01,0.007986440798289127,109.65466239819402,7.987078681592763e-05
2026-01-24,112684,1662,14333,0.809,907.1,4.4,0.485,7.0,everithingmotoracing,-7.0,1.0,2026-01,-0.006212062049625502,109.64785100565346,-6.211676176448577e-05
2026-01-25,112665,1662,14334,0.774,867.4,4.4,0.507,7.0,everithingmotoracing,-19.0,1.0,2026-01,-0.016864154795189278,109.62936294018624,-0.0001686131127754953
2026-01-26,112678,1662,14334,0.785,880.3,4.4,0.5,7.0,everithingmotoracing,13.0,1.0,2026-01,0.011537300981558068,109.64201266919014,0.00011538632228291767
2026-01-27,112673,1662,14336,0.791,886.5,4.4,0.496,7.0,everithingmotoracing,-5.0,1.0,2026-01,-0.004437620370452549,109.63714738880401,-4.437423454450862e-05
2026-01-28,112667,1662,14338,0.792,888.2,4.4,0.495,7.0,everithingmotoracing,-6.0,1.0,2026-01,-0.005325428031278014,109.63130905234068,-5.325144444545682e-05
2026-01-29,112660,1662,14339,0.761,854.9,3.0,0.351,7.0,everithingmotoracing,-7.0,1.0,2026-01,-0.0062133854074205574,109.62449765980014,-6.212999369825667e-05
2026-01-30,112644,1662,14339,0.872,978.2,4.2,0.429,6.0,everithingmotoracing,-16.0,0.8571428571428571,2026-01,-0.014204041049678635,109.60892876256459,-0.00014202023788389972
2026-01-31,112634,1662,14341,0.913,1022.4,6.4,0.626,8.0,everithingmotoracing,-10.0,1.1428571428571428,2026-01,-0.008878313830637285,109.59919820179236,-8.877525656048046e-05
2026-02-01,112639,1662,14342,0.915,1024.8,6.4,0.625,7.0,everithingmotoracing,5.0,1.0,2026-02,0.00443895986292492,109.60406348217847,4.439156915325704e-05
2026-02-02,112624,1662,14343,0.84,939.9,6.3,0.67,8.0,everithingmotoracing,-15.0,1.1428571428571428,2026-02,-0.013318653217786618,109.58946764102015,-0.00013316879588776143
2026-02-03,112611,1662,14343,0.785,877.4,6.5,0.741,8.0,everithingmotoracing,-13.0,1.1428571428571428,2026-02,-0.011544165312447273,109.57681791201628,-0.00011542832788746793
2026-02-04,112602,1662,14344,0.776,867.6,6.6,0.761,7.0,everithingmotoracing,-9.0,1.0,2026-02,-0.00799275323706506,109.56806040732128,-7.992114447075149e-05
2026-02-05,112600,1662,14344,0.779,870.0,6.6,0.759,6.0,everithingmotoracing,-2.0,0.8571428571428571,2026-02,-0.0017761989342806395,109.56611429516683,-1.7761673860139382e-05
2026-02-06,112589,1662,14347,0.764,854.3,6.1,0.714,6.0,everithingmotoracing,-11.0,0.8571428571428571,2026-02,-0.009770048583787048,109.5554106783174,-9.76909413854532e-05
2026-02-07,112583,1662,14347,0.709,792.2,5.7,0.72,6.0,everithingmotoracing,-6.0,0.8571428571428571,2026-02,-0.005329401419397245,109.54957234185405,-5.3291174093361704e-05
2026-02-08,112585,1662,14347,0.714,797.8,6.0,0.752,6.0,everithingmotoracing,2.0,0.8571428571428571,2026-02,0.0017764355820047077,109.5515184540085,1.7764671397912934e-05
2026-02-09,112566,1661,14347,0.728,813.9,6.0,0.737,4.0,everithingmotoracing,-19.0,0.5714285714285714,2026-02,-0.016878986550112822,109.53303038854129,-0.00016876138029042753
2026-02-10,112561,1661,14348,0.732,818.3,6.0,0.733,5.0,everithingmotoracing,-5.0,0.7142857142857143,2026-02,-0.004442035873881717,109.52816510815518,-4.4418385658162585e-05
2026-02-11,112555,1661,14348,0.739,826.4,5.8,0.702,4.0,everithingmotoracing,-6.0,0.5714285714285714,2026-02,-0.005330727200035538,109.52232677169185,-5.330443048656708e-05
2026-02-12,112554,1662,14350,0.741,828.7,5.8,0.7,4.0,everithingmotoracing,-1.0,0.5714285714285714,2026-02,-0.0008884624269239653,109.52135371561462,-8.884545333431859e-06
2026-02-13,112579,1662,14350,0.749,837.3,5.8,0.693,4.0,everithingmotoracing,25.0,0.5714285714285714,2026-02,0.0222066282343954,109.54568011754517,0.0002221156067310215
2026-02-14,112582,1662,14350,1.423,1593.3,8.3,0.521,2.0,everithingmotoracing,3.0,0.2857142857142857,2026-02,0.002664724378675099,109.54859928577685,2.6647953881298037e-05
2026-02-15,112580,1662,14351,1.435,1607.7,8.3,0.516,2.0,everithingmotoracing,-2.0,0.2857142857142857,2026-02,-0.0017765144785930004,109.5466531736224,-1.7764829191135867e-05
2026-02-16,112575,1661,14352,1.458,1632.8,8.3,0.508,3.0,everithingmotoracing,-5.0,0.42857142857142855,2026-02,-0.0044414834554741284,109.5417878932363,-4.441286196477101e-05
2026-02-17,112575,1661,14353,1.386,1553.0,7.4,0.476,3.0,everithingmotoracing,0.0,0.42857142857142855,2026-02,0.0,109.5417878932363,0.0
2026-02-18,112571,1662,14353,1.388,1555.3,7.4,0.476,3.0,everithingmotoracing,-4.0,0.42857142857142855,2026-02,-0.0035533130202272346,109.5378956689274,-3.553186764382321e-05
2026-02-19,112559,1662,14354,1.311,1470.9,5.0,0.34,3.0,everithingmotoracing,-12.0,0.42857142857142855,2026-02,-0.010661075524835865,109.52621899600075,-0.00010659939060686519
2026-02-20,112546,1662,14356,1.318,1478.2,5.0,0.338,3.0,everithingmotoracing,-13.0,0.42857142857142855,2026-02,-0.011550832548469071,109.51356926699685,-0.0001154949848524156
2026-02-21,112549,1661,14356,1.311,1468.8,6.7,0.456,3.0,everithingmotoracing,3.0,0.42857142857142855,2026-02,0.00266550569085465,109.51648843522852,2.6655767419558885e-05
2026-02-22,112529,1662,14357,1.317,1475.4,6.8,0.461,3.0,everithingmotoracing,-20.0,0.42857142857142855,2026-02,-0.017773196242746314,109.49702731368409,-0.00017770037939035532
2026-02-23,112517,1661,14357,1.324,1482.8,6.9,0.465,3.0,everithingmotoracing,-12.0,0.42857142857142855,2026-02,-0.010665055058346739,109.48535064075742,-0.0001066391774564579
2026-02-24,112507,1661,14358,1.342,1503.5,6.9,0.459,3.0,everithingmotoracing,-10.0,0.42857142857142855,2026-02,-0.008888335836881261,109.47562007998522,-8.887545881952619e-05
2026-02-25,112524,1661,14358,1.346,1507.3,6.9,0.458,3.0,everithingmotoracing,17.0,0.42857142857142855,2026-02,0.015107888094984182,109.49216203329797,0.0001511017092270528
2026-02-26,112521,1661,14358,1.407,1575.7,7.8,0.495,2.0,everithingmotoracing,-3.0,0.2857142857142857,2026-02,-0.002666168981790066,109.48924286506632,-2.6660978991177586e-05
2026-02-27,112520,1661,14360,1.408,1576.4,7.8,0.495,3.0,everithingmotoracing,-1.0,0.42857142857142855,2026-02,-0.0008887308922858159,109.48826980898909,-8.887229939302799e-06
2026-02-28,112513,1660,14361,1.411,1579.5,7.8,0.494,4.0,everithingmotoracing,-7.0,0.5714285714285714,2026-02,-0.0062215032929528145,109.48145841644855,-6.22111624599686e-05
2026-03-01,112498,1660,14363,1.442,1614.3,7.8,0.483,5.0,everithingmotoracing,-15.0,0.7142857142857143,2026-03,-0.013333570374584436,109.46686257529021,-0.0001333179277061003
2026-03-02,112487,1661,14363,1.477,1651.8,10.0,0.605,6.0,everithingmotoracing,-11.0,0.8571428571428571,2026-03,-0.009778907784899588,109.45615895844078,-9.777951608025415e-05
2026-03-03,112478,1661,14363,1.447,1617.4,10.2,0.631,6.0,everithingmotoracing,-9.0,0.8571428571428571,2026-03,-0.008001564750440086,109.44740145374578,-8.000924551276878e-05
2026-03-04,112476,1661,14364,1.454,1625.7,10.2,0.627,6.0,everithingmotoracing,-2.0,0.8571428571428571,2026-03,-0.0017781571179629433,109.44545534159134,-1.7781255000959284e-05
2026-03-05,112449,1661,14365,1.458,1629.6,10.3,0.632,7.0,everithingmotoracing,-27.0,1.0,2026-03,-0.02401088493450364,109.41918282750636,-0.00024005121092496307
2026-03-06,112434,1661,14365,1.494,1669.6,10.5,0.629,6.0,everithingmotoracing,-15.0,0.8571428571428571,2026-03,-0.013341160147286408,109.40458698634802,-0.00013339380519172828
2026-03-07,112428,1661,14366,0.722,803.8,8.2,1.02,5.0,everithingmotoracing,-6.0,0.7142857142857143,2026-03,-0.005336748852598996,109.39874864988471,-5.336464058913748e-05
2026-03-08,112430,1661,14369,0.728,810.3,7.8,0.963,6.0,everithingmotoracing,2.0,0.8571428571428571,2026-03,0.0017788846393311394,109.40069476203914,1.778916284189691e-05
2026-03-09,112417,1659,14369,0.813,905.9,8.5,0.938,6.0,everithingmotoracing,-13.0,0.8571428571428571,2026-03,-0.011564087282172626,109.38804503303525,-0.00011562750155647006
2026-03-10,112406,1660,14370,0.825,918.5,8.5,0.925,7.0,everithingmotoracing,-11.0,1.0,2026-03,-0.009785954486415315,109.37734141618583,-9.784996931072598e-05
2026-03-11,112392,1660,14370,0.814,906.1,8.4,0.927,6.0,everithingmotoracing,-14.0,0.8571428571428571,2026-03,-0.012456402590931738,109.3637186311047,-0.0001245485116453393
2026-03-12,112384,1660,14371,0.821,914.3,8.5,0.93,6.0,everithingmotoracing,-8.0,0.8571428571428571,2026-03,-0.0071184510250569474,109.35593418248695,-7.117944337675652e-05
2026-03-13,112382,1661,14371,0.825,918.8,8.5,0.925,6.0,everithingmotoracing,-2.0,0.8571428571428571,2026-03,-0.001779644427043477,109.35398807033249,-1.7796127562696995e-05
2026-03-14,112373,1660,14372,0.799,889.9,8.0,0.899,6.0,everithingmotoracing,-9.0,0.8571428571428571,2026-03,-0.008009041317754265,109.3452305656375,-8.00839992169955e-05
2026-03-15,112366,1660,14372,0.807,898.8,8.0,0.89,3.0,everithingmotoracing,-7.0,0.42857142857142855,2026-03,-0.006229642418525177,109.33841917309695,-6.229254358258718e-05
2026-03-16,112366,1660,14372,0.837,932.2,8.4,0.901,3.0,everithingmotoracing,0.0,0.42857142857142855,2026-03,0.0,109.33841917309695,0.0
2026-03-17,112359,1660,14374,0.843,938.9,8.7,0.927,4.0,everithingmotoracing,-7.0,0.5714285714285714,2026-03,-0.006230030527149584,109.3316077805564,-6.22964241852042e-05
2026-03-18,112332,1660,14374,0.846,941.5,8.7,0.924,4.0,everithingmotoracing,-27.0,0.5714285714285714,2026-03,-0.024035893601110993,109.30533526647142,-0.00024030117747575463
2026-03-19,112330,1661,14375,0.831,927.0,6.5,0.701,3.0,everithingmotoracing,-2.0,0.42857142857142855,2026-03,-0.0017804682631532092,109.30338915431696,-1.780436563048049e-05
2026-03-20,112317,1661,14375,0.843,940.4,6.8,0.723,5.0,everithingmotoracing,-13.0,0.7142857142857143,2026-03,-0.011574383218925007,109.29073942531309,-0.00011573043710499942
2026-03-21,112324,1660,14380,0.823,917.3,7.3,0.796,6.0,everithingmotoracing,7.0,0.8571428571428571,2026-03,0.006231971795876216,109.29755081785363,6.232360194813324e-05
2026-03-22,112329,1660,14388,0.698,777.4,6.6,0.849,17.0,everithingmotoracing,5.0,2.4285714285714284,2026-03,0.0044512102840762405,109.30241609823975,4.451408425620862e-05
2026-03-23,112318,1661,14388,0.603,670.0,7.1,1.06,17.0,everithingmotoracing,-11.0,2.4285714285714284,2026-03,-0.009793621681297743,109.2917124813903,-9.792662624963366e-05
2026-03-24,112303,1661,14388,0.588,651.1,9.5,1.459,15.0,everithingmotoracing,-15.0,2.142857142857143,2026-03,-0.013356722438403247,109.27711664023198,-0.00013354938656318094
2026-03-25,112297,1662,14390,0.596,659.9,9.5,1.44,17.0,everithingmotoracing,-6.0,2.4285714285714284,2026-03,-0.005342974433867334,109.27127830376864,-5.3426889753627194e-05
2026-03-26,112290,1662,14391,0.588,651.1,9.2,1.413,17.0,everithingmotoracing,-7.0,2.4285714285714284,2026-03,-0.0062338587585715555,109.26446691122808,-6.233470172845035e-05
2026-03-27,112284,1662,14395,0.661,730.1,11.9,1.63,19.0,everithingmotoracing,-6.0,2.7142857142857144,2026-03,-0.005343593031954686,109.25862857476476,-5.3433075073439085e-05
2026-03-28,112273,1662,14401,0.751,829.6,13.3,1.603,20.0,everithingmotoracing,-11.0,2.857142857142857,2026-03,-0.009797547050492995,109.24792495791533,-9.796587225252562e-05
2026-03-29,112262,1662,14407,0.677,749.3,11.0,1.468,23.0,everithingmotoracing,-11.0,3.2857142857142856,2026-03,-0.00979850706383282,109.23722134106588,-9.797547050494071e-05
2026-03-30,112256,1662,14411,0.526,582.9,7.1,1.218,22.0,everithingmotoracing,-6.0,3.142857142857143,2026-03,-0.005344925883694413,109.23138300460255,-5.34464021663128e-05
2026-03-31,112243,1662,14412,0.531,587.9,7.6,1.293,22.0,everithingmotoracing,-13.0,3.142857142857143,2026-03,-0.01158201402314621,109.21873327559868,-0.00011580672748001675
2026-04-01,112242,1661,14413,0.502,557.4,6.1,1.094,21.0,everithingmotoracing,-1.0,3.0,2026-04,-0.0008909320931558596,109.21776021952145,-8.90924155627637e-06
2026-04-02,112224,1661,14413,0.474,526.0,6.3,1.198,20.0,everithingmotoracing,-18.0,2.857142857142857,2026-04,-0.0160393498716852,109.20024521013146,-0.0001603677767680889
2026-04-03,112219,1661,14413,0.478,530.3,6.3,1.188,20.0,everithingmotoracing,-5.0,2.857142857142857,2026-04,-0.004455573476862207,109.19537992974536,-4.455374964351666e-05
2026-04-04,112206,1661,14413,0.57,630.9,8.7,1.379,14.0,everithingmotoracing,-13.0,2.0,2026-04,-0.011585833199650643,109.18273020074147,-0.00011584491039839939
2026-04-05,112192,1661,14415,0.618,683.2,10.0,1.464,8.0,everithingmotoracing,-14.0,1.1428571428571428,2026-04,-0.012478608100399316,109.16910741566038,-0.00012477051138082285
2026-04-06,112188,1661,14416,0.623,689.0,10.0,1.451,3.0,everithingmotoracing,-4.0,0.42857142857142855,2026-04,-0.0035654437194708884,109.16521519135148,-3.5653166001181624e-05
2026-04-07,112173,1661,14416,0.641,708.7,9.8,1.383,3.0,everithingmotoracing,-15.0,0.42857142857142855,2026-04,-0.01337220186675938,109.15061935019314,-0.0001337041394801064
2026-04-08,112164,1661,14416,0.644,712.7,9.8,1.375,2.0,everithingmotoracing,-9.0,0.2857142857142857,2026-04,-0.0080239649085268,109.14186184549817,-8.023321120054216e-05
2026-04-09,112148,1660,14416,0.648,716.4,9.8,1.368,2.0,everithingmotoracing,-16.0,0.2857142857142857,2026-04,-0.014266861647109177,109.12629294826262,-0.00014264826504051253
2026-04-10,112137,1661,14416,0.65,718.8,9.8,1.363,2.0,everithingmotoracing,-11.0,0.2857142857142857,2026-04,-0.009809429537084103,109.11558933141316,-9.808467382388386e-05
2026-04-11,112128,1661,14416,0.651,720.2,9.8,1.361,2.0,everithingmotoracing,-9.0,0.2857142857142857,2026-04,-0.00802654109589041,109.10683182671816,-8.025896893981699e-05
2026-04-12,112119,1661,14417,0.654,723.3,9.8,1.355,1.0,everithingmotoracing,-9.0,0.14285714285714285,2026-04,-0.008027185401225484,109.09807432202318,-8.026541095895734e-05
2026-04-13,112105,1661,14417,0.569,628.8,9.3,1.479,1.0,everithingmotoracing,-14.0,0.14285714285714285,2026-04,-0.012488292226038089,109.08445153694208,-0.00012486732846350712
2026-04-14,112096,1661,14417,0.57,629.8,9.4,1.493,1.0,everithingmotoracing,-9.0,0.14285714285714285,2026-04,-0.008028832429346275,109.07569403224709,-8.028187859598912e-05
2026-04-15,112074,1661,14417,0.572,631.9,9.4,1.488,1.0,everithingmotoracing,-22.0,0.14285714285714285,2026-04,-0.019629887395827758,109.0542867985482,-0.00019626034827291416
2026-04-16,112057,1661,14417,0.573,632.8,9.4,1.485,1.0,everithingmotoracing,-17.0,0.14285714285714285,2026-04,-0.015170850549274029,109.03774484523542,-0.00015168549351318728
2026-04-17,112055,1661,14418,0.574,634.3,9.4,1.482,2.0,everithingmotoracing,-2.0,0.2857142857142857,2026-04,-0.0017848378028646648,109.03579873308098,-1.7848059469693922e-05
2026-04-18,112049,1661,14419,0.575,635.3,9.4,1.48,2.0,everithingmotoracing,-6.0,0.2857142857142857,2026-04,-0.00535480013208507,109.02996039661765,-5.354513408595274e-05
2026-04-19,112044,1661,14419,0.712,786.9,10.3,1.309,2.0,everithingmotoracing,-5.0,0.2857142857142857,2026-04,-0.004462532576487809,109.02509511623155,-4.4623334434001904e-05
2026-04-20,112038,1661,14419,0.705,781.2,9.0,1.152,2.0,everithingmotoracing,-6.0,0.2857142857142857,2026-04,-0.0053553258715792855,109.01925677976823,-5.355039091781144e-05
2026-04-21,112033,1661,14419,0.71,786.1,9.1,1.158,2.0,everithingmotoracing,-5.0,0.2857142857142857,2026-04,-0.004462970731837941,109.0143914993821,-4.462771559654577e-05
2026-04-22,112010,1661,14419,0.71,786.5,9.1,1.157,2.0,everithingmotoracing,-23.0,0.2857142857142857,2026-04,-0.02053388090349076,108.992011209606,-0.00020529665366453287
2026-04-23,111992,1661,14419,0.712,787.8,9.1,1.155,2.0,everithingmotoracing,-18.0,0.2857142857142857,2026-04,-0.016072576612615186,108.97449620021602,-0.00016069993750555955
2026-04-24,111982,1660,14419,0.712,788.7,9.1,1.154,2.0,everithingmotoracing,-10.0,0.2857142857142857,2026-04,-0.00893000660820489,108.9647656394438,-8.929209229235902e-05
2026-04-25,111979,1660,14420,0.714,790.2,9.1,1.152,1.0,everithingmotoracing,-3.0,0.14285714285714285,2026-04,-0.0026790737549004726,108.96184647121214,-2.6790019824640687e-05
2026-04-26,111977,1660,14420,0.714,790.6,9.1,1.151,1.0,everithingmotoracing,-2.0,0.14285714285714285,2026-04,-0.0017860810702197772,108.9599003590577,-1.7860491699384085e-05
2026-04-27,111975,1660,14420,0.727,803.8,9.9,1.232,1.0,everithingmotoracing,-2.0,0.14285714285714285,2026-04,-0.0017861129716454564,108.95795424690324,-1.786081070220824e-05
2026-04-28,111955,1660,14420,0.728,805.6,9.9,1.229,1.0,everithingmotoracing,-20.0,0.14285714285714285,2026-04,-0.017864320485909517,108.93849312535882,-0.00017861129716456592
2026-04-29,111946,1660,14420,0.73,807.0,9.9,1.227,1.0,everithingmotoracing,-9.0,0.14285714285714285,2026-04,-0.008039590516856342,108.92973562066382,-8.038944218657917e-05
2026-04-30,111932,1660,14420,0.731,807.8,9.9,1.226,1.0,everithingmotoracing,-14.0,0.14285714285714285,2026-04,-0.012507593896294179,108.91611283558271,-0.00012506029692882503
2026-05-01,111927,1660,14420,0.731,807.9,9.9,1.225,1.0,everithingmotoracing,-5.0,0.14285714285714285,2026-05,-0.004467197369714189,108.91124755519661,-4.466997820107288e-05
2026-05-02,111919,1660,14420,0.731,808.6,9.9,1.224,1.0,everithingmotoracing,-8.0,0.14285714285714285,2026-05,-0.007148026697879717,108.90346310657884,-7.14751579153905e-05
2026-05-03,111910,1660,14420,0.732,809.0,9.9,1.224,0.0,everithingmotoracing,-9.0,0.0,2026-05,-0.008042176749173442,108.89470560188383,-8.041530035118871e-05
2026-05-04,111897,1660,14420,0.732,809.3,9.9,1.223,0.0,everithingmotoracing,-13.0,0.0,2026-05,-0.01161782710885904,108.88205587287996,-0.0001161647752658812
2026-05-05,111881,1660,14420,0.733,809.8,9.9,1.223,0.0,everithingmotoracing,-16.0,0.0,2026-05,-0.014300909001528408,108.8664869756444,-0.00014298864133976963
2026-05-06,111013,1658,14420,0.738,809.8,9.9,1.223,0.0,everithingmotoracing,-868.0,0.0,2026-05,-0.7818904092313512,108.02187430061593,-0.007758243133329179
2026-05-07,111003,1658,14420,0.739,810.6,9.9,1.221,0.0,everithingmotoracing,-10.0,0.0,2026-05,-0.00900876552885958,108.01214373984374,-9.007954023398934e-05
2026-05-08,110676,1658,14420,0.741,810.7,9.9,1.221,0.0,everithingmotoracing,-327.0,0.0,2026-05,-0.29545700964978855,107.69395440259221,-0.00294586632793703
2026-05-09,110654,1658,14420,0.743,811.8,9.9,1.22,0.0,everithingmotoracing,-22.0,0.0,2026-05,-0.01988179369927883,107.67254716889335,-0.00019877841627813364
2026-05-10,110635,1658,14420,0.743,812.0,9.9,1.219,0.0,everithingmotoracing,-19.0,0.0,2026-05,-0.01717358882812853,107.65405910342614,-0.00017170640013008942
2026-05-11,110633,1658,14420,0.743,812.1,9.9,1.219,0.0,everithingmotoracing,-2.0,0.0,2026-05,-0.0018077788724883172,107.6521129912717,-1.8077461924392857e-05
2026-05-12,110619,1658,14420,0.743,812.2,9.9,1.219,0.0,everithingmotoracing,-14.0,0.0,2026-05,-0.012656053661667525,107.63849020619058,-0.00012654452107419
2026-05-13,110606,1658,14420,0.744,812.5,9.9,1.218,0.0,everithingmotoracing,-13.0,0.0,2026-05,-0.011753431097770465,107.62584047718671,-0.00011752049828694933
2026-05-14,110619,1658,14420,0.744,812.6,9.9,1.218,0.0,everithingmotoracing,13.0,0.0,2026-05,0.011752049828691274,107.63849020619058,0.00011753431097760725
2026-05-15,110604,1658,14420,0.744,813.0,9.9,1.218,0.0,everithingmotoracing,-15.0,0.0,2026-05,-0.013561896495605946,107.62389436503226,-0.0001356005749464373
2026-05-16,110591,1657,14420,0.745,813.7,9.9,1.217,0.0,everithingmotoracing,-13.0,0.0,2026-05,-0.011755025273304338,107.61124463602837,-0.00011753643629530686
2026-05-17,110579,1656,14422,0.746,814.9,9.9,1.215,2.0,everithingmotoracing,-12.0,0.2857142857142857,2026-05,-0.010851970084735799,107.5995679631017,-0.00010850792559968792
2026-05-18,110570,1656,14422,0.746,815.3,9.9,1.214,2.0,everithingmotoracing,-9.0,0.2857142857142857,2026-05,-0.008139640047029032,107.59081045840672,-8.138977563554306e-05
2026-05-19,110554,1656,14422,0.936,1017.9,17.3,1.7,2.0,everithingmotoracing,-16.0,0.2857142857142857,2026-05,-0.014472565443131863,107.57524156117117,-0.0001447047119471634
2026-05-20,110543,1656,14422,0.938,1019.3,17.3,1.697,2.0,everithingmotoracing,-11.0,0.2857142857142857,2026-05,-0.009950878843526953,107.56453794432173,-9.949888742155633e-05
2026-05-21,110538,1656,14422,0.939,1020.3,17.3,1.696,2.0,everithingmotoracing,-5.0,0.2857142857142857,2026-05,-0.0045233313430675425,107.55967266393563,-4.523126747058015e-05
2026-05-22,110534,1656,14422,0.939,1020.6,17.3,1.695,2.0,everithingmotoracing,-4.0,0.2857142857142857,2026-05,-0.0036187960265619628,107.55578043962673,-3.6186650744562954e-05
2026-05-23,110524,1656,14422,0.939,1020.8,17.4,1.705,2.0,everithingmotoracing,-10.0,0.2857142857142857,2026-05,-0.009047808620752055,107.54604987885452,-9.046990066408078e-05
2026-05-24,110513,1656,14422,0.94,1020.8,17.5,1.714,0.0,everithingmotoracing,-11.0,0.0,2026-05,-0.009953580121795626,107.53534626200508,-9.952589482831176e-05
2026-05-25,110498,1656,14423,0.94,1020.8,17.5,1.714,0.0,everithingmotoracing,-15.0,0.0,2026-05,-0.013574906333146302,107.52075042084674,-0.00013573063802452268
2026-05-26,110485,1656,14423,0.94,1020.8,17.5,1.714,0.0,everithingmotoracing,-13.0,0.0,2026-05,-0.011766303118070327,107.50810069184287,-0.00011764918822054771
2026-05-27,110486,1656,14423,0.94,1020.9,17.5,1.714,0.0,everithingmotoracing,1.0,0.0,2026-05,0.0009050920478612675,107.5090737479201,9.051002398452468e-06
2026-05-28,110483,1656,14423,0.94,1021.0,17.4,1.704,0.0,everithingmotoracing,-3.0,0.0,2026-05,-0.0027153498728311144,107.50615457968841,-2.715276143583356e-05
2026-05-29,110483,1656,14424,0.94,1021.2,17.4,1.704,0.0,everithingmotoracing,0.0,0.0,2026-05,0.0,107.50615457968841,0.0
2026-05-30,110479,1657,14424,0.94,1021.4,17.4,1.704,0.0,everithingmotoracing,-4.0,0.0,2026-05,-0.0036205975796305178,107.50226235537954,-3.620466497111785e-05
2026-05-31,110477,1657,14424,0.941,1021.8,17.4,1.703,0.0,everithingmotoracing,-2.0,0.0,2026-05,-0.0018103315622256214,107.50031624322509,-1.8102987898171996e-05
2026-06-01,110474,1657,14424,0.941,1021.8,17.4,1.703,0.0,everithingmotoracing,-3.0,0.0,2026-06,-0.002715571084599091,107.49739707499344,-2.715497343341866e-05
2024-01-01,15120133,245,9736,0.314,47317.9,205.0,0.433,22.0,moto_gp,2403.0,3.142857142857143,2024-01,0.015892717345806415,100.0,
2024-01-02,15121859,245,9736,0.373,56147.9,261.2,0.465,27.0,moto_gp,1726.0,3.857142857142857,2024-01,0.011413940574369858,100.01141524350348,0.00011415243503476447
2024-01-03,15123121,247,9736,0.433,65174.9,369.5,0.567,21.0,moto_gp,1262.0,3.0,2024-01,0.008344838343884177,100.01976173093186,8.345534765274998e-05
2024-01-04,15125253,246,9736,0.4,60126.4,332.6,0.553,21.0,moto_gp,2132.0,3.0,2024-01,0.01409563198711453,100.03386213600105,0.00014097619135622352
2024-01-05,15126854,246,9736,0.386,58031.6,355.5,0.613,20.0,moto_gp,1601.0,2.857142857142857,2024-01,0.010583826617219946,100.04445066719983,0.00010584946909641957
2024-01-06,15129111,246,9736,0.393,59149.4,283.5,0.479,19.0,moto_gp,2257.0,2.7142857142857144,2024-01,0.014918259242066502,100.05937778457373,0.00014920485118707916
2024-01-07,15131552,246,9736,0.393,59202.5,238.3,0.403,17.0,moto_gp,2441.0,2.4285714285714284,2024-01,0.016131854815685794,100.07552182246016,0.0001613445760295651
2024-01-08,15133224,246,9736,0.344,51864.7,170.7,0.329,16.0,moto_gp,1672.0,2.2857142857142856,2024-01,0.011048537971816184,100.086579926248,0.00011049758808612253
2024-01-09,15135185,246,9736,0.306,46289.1,91.4,0.197,14.0,moto_gp,1961.0,2.0,2024-01,0.012956564455604606,100.09954938888434,0.00012958243398752955
2024-01-10,15136920,246,9736,0.319,48189.0,118.3,0.245,16.0,moto_gp,1735.0,2.2857142857142856,2024-01,0.011462041155003792,100.11102415567376,0.00011463355089480487
2024-01-11,15140102,246,9736,0.335,50682.8,107.0,0.211,14.0,moto_gp,3182.0,2.0,2024-01,0.021017031457251742,100.13206894410254,0.00021021449541924753
2024-01-12,15143619,246,9736,0.361,54609.2,128.0,0.234,16.0,moto_gp,3517.0,2.2857142857142856,2024-01,0.023224303252742953,100.15532932150795,0.0002322969818828735
2024-01-13,15146622,246,9736,0.401,60556.5,168.1,0.278,17.0,moto_gp,3003.0,2.4285714285714284,2024-01,0.01982620283255237,100.1751902579164,0.00019830134395215637
2024-01-14,15151902,246,9736,0.427,64534.0,178.4,0.276,20.0,moto_gp,5280.0,2.857142857142857,2024-01,0.03484711028358024,100.21011058566746,0.00034859257727570814
2024-01-15,15153884,246,9736,0.422,63752.0,177.4,0.278,21.0,moto_gp,1982.0,3.0,2024-01,0.013079155152566826,100.22321893597099,0.0001308086601932157
2024-01-16,15155697,246,9736,0.427,64481.7,162.5,0.252,22.0,moto_gp,1813.0,3.142857142857143,2024-01,0.01196249832653688,100.23520957123857,0.000119639295113938
2024-01-17,15157455,246,9736,0.387,58258.0,342.6,0.588,22.0,moto_gp,1758.0,3.142857142857143,2024-01,0.011598253136822771,100.24683645309204,0.00011599598487621599
2024-01-18,15159436,246,9736,0.396,59661.2,333.9,0.56,27.0,moto_gp,1981.0,3.857142857142857,2024-01,0.01306776848426287,100.25993818969714,0.0001306947637318423
2024-01-19,15163275,246,9736,0.351,52862.3,342.2,0.647,27.0,moto_gp,3839.0,3.857142857142857,2024-01,0.025317749628625742,100.28532817799949,0.0002532416113634195
2024-01-20,15166436,246,9736,0.356,53630.8,392.1,0.731,32.0,moto_gp,3161.0,4.571428571428571,2024-01,0.020842075224528692,100.30623407876107,0.00020846420051068293
2024-01-21,15169740,246,9736,0.4,60553.8,173.6,0.287,32.0,moto_gp,3304.0,4.571428571428571,2024-01,0.021780201901944265,100.32808573839927,0.00021784946707326114
2024-01-22,15172554,246,9736,0.561,84796.6,386.6,0.456,39.0,moto_gp,2814.0,5.571428571428571,2024-01,0.01854664679394122,100.34669668580295,0.00018550087213098365
2024-01-23,15176093,246,9736,0.647,97833.9,420.1,0.429,39.0,moto_gp,3539.0,5.571428571428571,2024-01,0.023319572435408772,100.370102564574,0.00023325011728414502
2024-01-24,15178566,246,9736,0.448,67382.8,581.3,0.863,43.0,moto_gp,2473.0,6.142857142857143,2024-01,0.016292711709393365,100.38645824081046,0.0001629536666649667
2024-01-25,15182980,246,9736,0.518,78092.1,602.0,0.771,39.0,moto_gp,4414.0,5.571428571428571,2024-01,0.029072026703585198,100.41565110571449,0.0002908048098877458
2024-01-26,15187775,246,9736,0.544,81976.8,615.6,0.751,34.0,moto_gp,4795.0,4.857142857142857,2024-01,0.03157144479688434,100.44736378972328,0.00031581415506054533
2024-01-27,15192018,246,9736,0.493,74222.0,669.1,0.901,33.0,moto_gp,4243.0,4.714285714285714,2024-01,0.027929140157680173,100.47542571219445,0.00027936942705553136
2024-01-28,15197526,246,9736,0.536,80720.9,683.8,0.847,29.0,moto_gp,5508.0,4.142857142857143,2024-01,0.03624274108825345,100.51185396318934,0.000362558812134095
2024-01-29,15204065,246,9736,0.476,71925.1,398.9,0.555,34.0,moto_gp,6539.0,4.857142857142857,2024-01,0.04300823496874027,100.55510093727351,0.0004302674001017692
2024-01-30,15210181,246,9736,0.417,63022.3,329.2,0.522,32.0,moto_gp,6116.0,4.571428571428571,2024-01,0.04020990940213006,100.59555031691852,0.00040226084274164187
2024-01-31,15217437,246,9736,0.445,67356.8,336.8,0.5,35.0,moto_gp,7256.0,5.0,2024-01,0.04768214253162343,100.6435393127825,0.00047704889244903903
2024-02-01,15224645,247,9736,0.476,72069.6,341.8,0.474,50.0,moto_gp,7208.0,7.142857142857143,2024-02,0.04734428947275946,100.69121085112147,0.00047366714907370877
2024-02-02,15232933,247,9736,0.478,72364.2,491.1,0.679,40.0,moto_gp,8288.0,5.714285714285714,2024-02,0.054408432046540216,100.74602518377318,0.0005443805093650056
2024-02-03,15240562,247,9736,0.494,74889.0,439.0,0.586,33.0,moto_gp,7629.0,4.714285714285714,2024-02,0.05005720917640701,100.79648108915444,0.000500822789675448
2024-02-04,15252717,247,9736,0.514,77953.0,434.5,0.557,28.0,moto_gp,12155.0,4.0,2024-02,0.07969072002057076,100.87687059366475,0.0007975427677797686
2024-02-05,15267157,247,9736,0.519,79057.8,245.7,0.311,33.0,moto_gp,14440.0,4.714285714285714,2024-02,0.09458211505914298,100.97237239910521,0.0009467165751517737
2024-02-06,15278571,247,9736,0.604,92029.4,299.2,0.325,51.0,moto_gp,11414.0,7.285714285714286,2024-02,0.07470593944944197,101.04786115307319,0.000747617909477194
2024-02-07,15285122,247,9736,0.64,97470.4,397.9,0.408,80.0,moto_gp,6551.0,11.428571428571429,2024-02,0.042858670019120554,101.0911874915386,0.0004287704655101532
2024-02-08,15289312,247,9736,0.346,52682.7,240.5,0.457,71.0,moto_gp,4190.0,10.142857142857142,2024-02,0.027404764844879876,101.11889888799259,0.0002741227711495764
2024-02-09,15293747,247,9736,0.378,57620.4,219.9,0.382,55.0,moto_gp,4435.0,7.857142857142857,2024-02,0.028998779697349514,101.14823064056382,0.0002900719142888697
2024-02-10,15297039,247,9736,0.378,57555.4,202.5,0.352,42.0,moto_gp,3292.0,6.0,2024-02,0.021520504719900368,101.17000293582075,0.0002152513703803649
2024-02-11,15300401,247,9736,0.369,56340.8,141.0,0.25,34.0,moto_gp,3362.0,4.857142857142857,2024-02,0.021973280308143557,101.1922381899683,0.00021978109619769093
2024-02-12,15301879,248,9736,0.41,62515.2,181.6,0.29,32.0,moto_gp,1478.0,4.571428571428571,2024-02,0.009658944499561133,101.20201323625923,9.659877541778883e-05
2024-02-13,15303049,249,9736,0.458,69974.1,189.7,0.271,32.0,moto_gp,1170.0,4.571428571428571,2024-02,0.007645535213276779,101.20975126343134,7.646119800064355e-05
2024-02-14,15304991,249,9736,0.427,65147.3,227.6,0.349,28.0,moto_gp,1942.0,4.0,2024-02,0.012688671296833825,101.22259506579736,0.00012690281524951885
2024-02-15,15305739,249,9736,0.501,76325.4,358.9,0.47,33.0,moto_gp,748.0,4.714285714285714,2024-02,0.00488705576385433,101.22754211222878,4.887294608657555e-05
2024-02-16,15309506,249,9736,0.471,71707.1,418.1,0.583,40.0,moto_gp,3767.0,5.714285714285714,2024-02,0.02460562737948566,101.25245591424361,0.0002461168323855123
2024-02-17,15312509,249,9736,0.426,64869.2,381.0,0.587,34.0,moto_gp,3003.0,4.857142857142857,2024-02,0.019611417044718145,101.27231685065203,0.0001961526387592727
2024-02-18,15314535,249,9736,0.458,69739.7,358.2,0.514,39.0,moto_gp,2026.0,5.571428571428571,2024-02,0.013229262266206581,101.28571620368683,0.00013231012631576
2024-02-19,15316573,249,9736,0.485,73961.9,352.9,0.477,49.0,moto_gp,2038.0,7.0,2024-02,0.013305848508018081,101.29919492110288,0.00013307619199665055
2024-02-20,15318502,249,9736,0.489,74627.0,242.9,0.325,49.0,moto_gp,1929.0,7.0,2024-02,0.012592615126466021,101.3119527453892,0.0001259420106574094
2024-02-21,15321606,249,9736,0.399,61018.4,127.8,0.209,54.0,moto_gp,3104.0,7.714285714285714,2024-02,0.020258972851801567,101.33248166533986,0.00020263077943249996
2024-02-22,15325864,249,9736,0.375,57319.5,115.2,0.201,54.0,moto_gp,4258.0,7.714285714285714,2024-02,0.027783099210589364,101.36064279328761,0.00027790820361772717
2024-02-23,15329513,249,9736,0.362,55373.2,138.1,0.249,43.0,moto_gp,3649.0,6.142857142857143,2024-02,0.02380375684472168,101.3847761788868,0.00023809424382204014
2024-02-24,15335781,249,9736,0.315,48212.0,162.6,0.337,42.0,moto_gp,6268.0,6.0,2024-02,0.040871736496497967,101.42623084069433,0.00040888448315357095
2024-02-25,15341612,249,9736,0.329,50381.3,146.5,0.291,34.0,moto_gp,5831.0,4.857142857142857,2024-02,0.03800773999498879,101.46479531628458,0.0003802219137063467
2024-02-26,15345173,249,9736,0.29,44419.0,145.7,0.328,34.0,moto_gp,3561.0,4.857142857142857,2024-02,0.023205994484389328,101.48834669642126,0.00023211380916166036
2024-02-27,15347532,249,9736,0.311,47625.9,109.8,0.231,34.0,moto_gp,2359.0,4.857142857142857,2024-02,0.015370549479877286,101.50394841103581,0.0001537291238098426
2024-02-28,15347602,249,9736,0.237,36038.0,264.5,0.734,49.0,moto_gp,70.0,7.0,2024-02,0.0004560973108372239,101.50441136992644,4.5609939109958475e-06
2024-02-29,15348683,249,9736,0.206,31320.5,229.5,0.733,52.0,moto_gp,1081.0,7.428571428571429,2024-02,0.0070429495481794755,101.51156077793759,7.043445614507426e-05
2024-03-01,15351129,249,9736,0.308,47097.6,179.6,0.381,54.0,moto_gp,2446.0,7.714285714285714,2024-03,0.015933681490136655,101.52773788431624,0.00015936220716783467
2024-03-02,15354355,249,9736,0.36,55068.5,252.0,0.458,54.0,moto_gp,3226.0,7.714285714285714,2024-03,0.021010325734946208,101.54907367547628,0.00021014741000491277
2024-03-03,15356759,249,9736,0.265,40495.7,154.8,0.382,42.0,moto_gp,2404.0,6.0,2024-03,0.015654344774180543,101.56497300652052,0.0001565679574295764
2024-03-04,15359397,249,9736,0.325,49640.1,209.3,0.422,50.0,moto_gp,2638.0,7.142857142857143,2024-03,0.017175153425619507,101.58241994299917,0.00017178103791293253
2024-03-05,15361425,249,9736,0.404,61833.5,281.3,0.455,50.0,moto_gp,2028.0,7.142857142857143,2024-03,0.013201900214335585,101.59583252343086,0.000132036433461602
2024-03-06,15363620,249,9736,0.353,53878.2,365.9,0.679,69.0,moto_gp,2195.0,9.857142857142858,2024-03,0.014286997465441086,101.61034959150162,0.0001428903894007405
2024-03-07,15367598,249,9736,0.304,46370.5,335.3,0.723,68.0,moto_gp,3978.0,9.714285714285714,2024-03,0.025885632875092126,101.6366588838868,0.00025892335269950273
2024-03-08,15373904,249,9736,0.081,12425.0,29.0,0.233,118.0,moto_gp,6306.0,16.857142857142858,2024-03,0.04101755806462692,101.67836486623499,0.0004103438936911008
2024-03-09,15386264,249,9736,0.189,29061.0,91.0,0.313,160.0,moto_gp,12360.0,22.857142857142858,2024-03,0.0803313916880667,101.76011017892502,0.0008039597489355454
2024-03-10,15404026,249,9736,0.924,141476.0,887.0,0.627,156.0,moto_gp,17762.0,22.285714285714285,2024-03,0.11530751765804603,101.87758269057554,0.0011544062938215749
2024-03-11,15451702,249,9736,0.117,18063.0,14.0,0.078,130.0,moto_gp,47676.0,18.571428571428573,2024-03,0.3085485340061567,102.19289737729159,0.0030950350252589853
2024-03-12,15473258,249,9736,0.588,90606.9,448.3,0.495,77.0,moto_gp,21556.0,11.0,2024-03,0.13931132021452755,102.33546226081478,0.0013950566740155157
2024-03-13,15485112,249,9736,0.548,84449.0,479.1,0.567,55.0,moto_gp,11854.0,7.857142857142857,2024-03,0.07655094777486918,102.41386104209533,0.0007660959314450544
2024-03-14,15491402,249,9736,0.516,79500.8,361.9,0.455,43.0,moto_gp,6290.0,6.142857142857143,2024-03,0.0406031681315868,102.45546120526849,0.00040619661000840246
2024-03-15,15498624,249,9736,0.496,76460.5,359.1,0.47,35.0,moto_gp,7222.0,5.0,2024-03,0.04659768505900911,102.50322533538561,0.00046619408624226644
2024-03-16,15511038,249,9736,0.463,71501.9,292.5,0.409,29.0,moto_gp,12414.0,4.142857142857143,2024-03,0.08003332852385507,102.58532778779129,0.000800974331656823
2024-03-17,15519841,249,9736,0.459,71008.8,300.1,0.423,22.0,moto_gp,8803.0,3.142857142857143,2024-03,0.056720941922020984,102.6435481751384,0.0005675313283353134
2024-03-18,15527488,249,9736,0.425,65738.9,329.4,0.501,21.0,moto_gp,7647.0,3.0,2024-03,0.049248146255208826,102.69412312709154,0.0004927241200474164
2024-03-19,15532357,249,9736,0.387,60044.8,140.3,0.234,22.0,moto_gp,4869.0,3.142857142857143,2024-03,0.03134746387814805,102.72632522478473,0.00031357293594425073
2024-03-20,15537442,249,9736,0.38,58905.3,201.2,0.342,32.0,moto_gp,5085.0,4.571428571428571,2024-03,0.03272739489550468,102.75995588134046,0.000327381092257939
2024-03-21,15544850,249,9736,0.447,69208.5,228.6,0.33,50.0,moto_gp,7408.0,7.142857142857143,2024-03,0.04765565444504129,102.80895015936697,0.00047678375887105773
2024-03-22,15552809,249,9736,0.39,60504.0,153.4,0.254,72.0,moto_gp,7959.0,10.285714285714286,2024-03,0.05117403550702642,102.86158858523268,0.0005120023673435004
2024-03-23,15565574,249,9736,0.716,110130.0,1298.0,1.179,145.0,moto_gp,12765.0,20.714285714285715,2024-03,0.08200789768498097,102.94601244579,0.0008207520583580763
2024-03-24,15584964,249,9736,0.062,9649.0,22.0,0.228,168.0,moto_gp,19390.0,24.0,2024-03,0.12441478851025899,103.0742520584971,0.0012456977172830008
2024-03-25,15599821,249,9736,0.34,52925.0,58.0,0.11,122.0,moto_gp,14857.0,17.428571428571427,2024-03,0.09523827228530378,103.1725117761861,0.0009532906203697511
2024-03-26,15607164,249,9736,0.657,101510.1,976.4,0.962,75.0,moto_gp,7343.0,10.714285714285714,2024-03,0.047048906514982475,103.22107616381417,0.0004707105293066949
2024-03-27,15612385,249,9736,0.628,97220.8,834.6,0.858,54.0,moto_gp,5221.0,7.714285714285714,2024-03,0.03344139924809694,103.25560628335744,0.0003345258626101799
2024-03-28,15617725,250,9736,0.608,94265.0,714.3,0.758,41.0,moto_gp,5340.0,5.857142857142857,2024-03,0.03419191975783925,103.29092343301478,0.0003420361463031263
2024-03-29,15624327,250,9736,0.587,91012.6,664.4,0.73,34.0,moto_gp,6602.0,4.857142857142857,2024-03,0.042254619990992254,103.3345870701005,0.0004227248206765122
2024-03-30,15632078,250,9736,0.583,90567.0,645.8,0.713,28.0,moto_gp,7751.0,4.0,2024-03,0.04958393887236233,103.38584984669117,0.0004960853673889876
2024-03-31,15636322,250,9736,0.507,78923.5,395.1,0.501,19.0,moto_gp,4244.0,2.7142857142857144,2024-03,0.02714193273840229,103.41391838286079,0.0002714930158358442
2024-04-01,15640160,250,9736,0.442,68869.3,299.9,0.435,17.0,moto_gp,3838.0,2.4285714285714284,2024-04,0.024539390901371853,103.43930175746469,0.00024545414196519566
2024-04-02,15642509,250,9736,0.549,85320.6,513.4,0.602,17.0,moto_gp,2349.0,2.4285714285714284,2024-04,0.015016772565066129,103.45483733509487,0.00015019027938323326
2024-04-03,15645266,250,9736,0.387,59895.7,629.3,1.051,17.0,moto_gp,2757.0,2.4285714285714284,2024-04,0.017621943915814533,103.47307130168761,0.00017625049792213687
2024-04-04,15647247,250,9736,0.301,46671.7,493.5,1.057,20.0,moto_gp,1981.0,2.857142857142857,2024-04,0.012660374058133037,103.48617303829273,0.00012661977111805278
2024-04-05,15649832,250,9736,0.267,41314.8,437.4,1.059,23.0,moto_gp,2585.0,3.2857142857142856,2024-04,0.016517749200119208,103.50326944875418,0.00016520478011239348
2024-04-06,15652428,250,9736,0.283,43821.5,512.7,1.17,24.0,moto_gp,2596.0,3.4285714285714284,2024-04,0.016585286321074276,103.52043860989848,0.00016588037494580377
2024-04-07,15655968,250,9736,0.239,37045.1,407.4,1.1,27.0,moto_gp,3540.0,3.857142857142857,2024-04,0.02261118571524929,103.54385110236794,0.00022616299528732675
2024-04-08,15659528,250,9736,0.249,38779.0,286.7,0.739,28.0,moto_gp,3560.0,4.0,2024-04,0.022733763112144888,103.56739586880619,0.0002273893252719983
2024-04-09,15664126,250,9736,0.305,47526.1,326.7,0.687,32.0,moto_gp,4598.0,4.571428571428571,2024-04,0.029353696465414032,103.59780565422274,0.00029362315390346616
2024-04-10,15667978,250,9736,0.319,49709.6,222.2,0.447,33.0,moto_gp,3852.0,4.714285714285714,2024-04,0.024585176210995447,103.62328162060479,0.00024591222006264957
2024-04-11,15670204,250,9736,0.382,59655.8,212.8,0.357,40.0,moto_gp,2226.0,5.714285714285714,2024-04,0.014205303262165573,103.63800371332712,0.00014207321455272925
2024-04-12,15672175,250,9736,0.419,65375.9,215.1,0.329,40.0,moto_gp,1971.0,5.714285714285714,2024-04,0.012576429244824026,103.65103931294783,0.00012578011109498632
2024-04-13,15675976,250,9736,0.153,23826.0,122.0,0.512,84.0,moto_gp,3801.0,12.0,2024-04,0.024247294075979704,103.67617798070955,0.0002425317481460354
2024-04-14,15683903,250,9736,0.161,25126.0,87.0,0.346,172.0,moto_gp,7927.0,24.571428571428573,2024-04,0.050542266169332974,103.72860476822525,0.0005056782429369022
2024-04-15,15695913,250,9736,0.118,18424.0,20.0,0.109,136.0,moto_gp,12010.0,19.428571428571427,2024-04,0.07651673400585235,103.8080352864621,0.0007657532694509417
2024-04-16,15701348,250,9736,0.525,81772.5,656.9,0.803,81.0,moto_gp,5435.0,11.571428571428571,2024-04,0.034614862367231145,103.84398073747103,0.000346268484031409
2024-04-17,15702299,250,9736,0.461,71776.3,561.2,0.782,57.0,moto_gp,951.0,8.142857142857142,2024-04,0.006056437977649006,103.85027036468529,6.056804804277505e-05
2024-04-18,15703668,250,9736,0.37,57856.5,306.0,0.529,43.0,moto_gp,1369.0,6.142857142857143,2024-04,0.008717708499695739,103.8593245178465,8.718468550372727e-05
2024-04-19,15705505,250,9736,0.364,56844.3,299.0,0.526,35.0,moto_gp,1837.0,5.0,2024-04,0.011696535705155614,103.87147388187657,0.0001169790395467718
2024-04-20,15707406,250,9736,0.34,53057.0,289.2,0.545,30.0,moto_gp,1901.0,4.285714285714286,2024-04,0.012102571232958517,103.88404652260665,0.00012104036132543072
2024-04-21,15709150,250,9736,0.33,51614.7,280.1,0.543,26.0,moto_gp,1744.0,3.7142857142857144,2024-04,0.011101810091570836,103.895580812682,0.00011103042730287171
2024-04-22,15709887,250,9736,0.256,39963.8,230.9,0.578,22.0,moto_gp,737.0,3.142857142857143,2024-04,0.004691313183856765,103.9004551084306,4.691533278378124e-05
2024-04-23,15711440,250,9736,0.266,41526.1,196.4,0.473,27.0,moto_gp,1553.0,3.857142857142857,2024-04,0.00988451726894543,103.91072618210436,9.885494402350758e-05
2024-04-24,15713653,250,9736,0.249,38978.6,157.8,0.405,32.0,moto_gp,2213.0,4.571428571428571,2024-04,0.014083294317368468,103.92536229674701,0.00014085277988518108
2024-04-25,15718902,250,9736,0.215,33596.1,125.6,0.374,52.0,moto_gp,5249.0,7.428571428571429,2024-04,0.03339291764781026,103.96007759984651,0.0003340407224214914
2024-04-26,15725458,250,9736,0.165,25712.3,194.0,0.755,77.0,moto_gp,6556.0,11.0,2024-04,0.0416903596702875,104.0034370068041,0.0004170774778033959
2024-04-27,15735567,250,9736,0.179,28112.0,83.0,0.295,362.0,moto_gp,10109.0,51.714285714285715,2024-04,0.06424299804385822,104.07029488431088,0.0006428429620302101
2024-04-28,15754220,250,9736,0.184,28906.0,52.0,0.18,390.0,moto_gp,18653.0,55.714285714285715,2024-04,0.11840002234321978,104.1936602012694,0.0011854037417271535
2024-04-29,15769358,250,9736,0.705,110628.0,619.0,0.56,136.0,moto_gp,15138.0,19.428571428571427,2024-04,0.09599629864449777,104.29377836821938,0.0009608854008640311
2024-04-30,15778419,250,9736,0.839,131472.9,921.1,0.701,79.0,moto_gp,9061.0,11.285714285714286,2024-04,0.05742653937634689,104.35370508976342,0.0005745953639963997
2024-05-01,15785040,250,9736,0.639,100211.3,726.4,0.725,56.0,moto_gp,6621.0,8.0,2024-05,0.04194477809368871,104.39749438711947,0.0004196237912048595
2024-05-02,15788748,250,9736,0.592,92858.4,650.2,0.7,43.0,moto_gp,3708.0,6.142857142857143,2024-05,0.02348507937424804,104.4220179809265,0.0002349059615940341
2024-05-03,15791441,250,9736,0.447,70195.1,469.8,0.669,38.0,moto_gp,2693.0,5.428571428571429,2024-05,0.017053541852197023,104.43982867081922,0.00017056450581143245
2024-05-04,15793888,250,9736,0.429,67308.8,477.2,0.709,32.0,moto_gp,2447.0,4.571428571428571,2024-05,0.015493335143316201,104.4560123908963,0.00015495735949611067
2024-05-05,15796870,250,9736,0.402,62986.2,446.3,0.709,27.0,moto_gp,2982.0,3.857142857142857,2024-05,0.01887715731027729,104.47573443963753,0.00018880721453773397
2024-05-06,15801420,250,9736,0.339,53206.6,326.9,0.614,27.0,moto_gp,4550.0,3.857142857142857,2024-05,0.02879488046011055,104.50582676752909,0.0002880317429971857
2024-05-07,15807052,250,9736,0.361,56680.1,339.2,0.598,23.0,moto_gp,5632.0,3.2857142857142856,2024-05,0.03562966706252374,104.54307511713026,0.00035642366318966445
2024-05-08,15812040,250,9736,0.51,79836.3,743.6,0.931,24.0,moto_gp,4988.0,3.4285714285714284,2024-05,0.03154558172127063,104.57606424493753,0.00031555536098704096
2024-05-09,15815352,250,9736,0.618,96854.2,871.4,0.9,40.0,moto_gp,3312.0,5.714285714285714,2024-05,0.02094167742836201,104.59796881416321,0.00020946063885496358
2024-05-10,15818001,250,9736,0.592,92938.0,749.0,0.806,135.0,moto_gp,2649.0,19.285714285714285,2024-05,0.016746743156736427,104.61548850132469,0.00016749548160555072
2024-05-11,15825264,250,9736,0.131,20644.0,132.0,0.639,144.0,moto_gp,7263.0,20.571428571428573,2024-05,0.045894968955968125,104.66352379307776,0.0004591604210923972
2024-05-12,15840612,250,9736,0.309,48738.0,212.0,0.435,278.0,moto_gp,15348.0,39.714285714285715,2024-05,0.09689019590909745,104.76503083669965,0.0009698416405565791
2024-05-13,15851781,250,9736,0.269,42601.0,81.0,0.19,115.0,moto_gp,11169.0,16.428571428571427,2024-05,0.07045895978502353,104.83889923455038,0.0007050863943893759
2024-05-14,15857200,250,9736,0.637,100125.2,861.1,0.86,74.0,moto_gp,5419.0,10.571428571428571,2024-05,0.034173750725222614,104.87473886638432,0.00034185433169930945
2024-05-15,15861136,250,9736,0.56,88108.4,709.3,0.805,53.0,moto_gp,3936.0,7.571428571428571,2024-05,0.024815372618959955,104.90077038343513,0.00024821532174668093
2024-05-16,15864432,251,9736,0.523,82258.4,650.4,0.791,41.0,moto_gp,3296.0,5.857142857142857,2024-05,0.02077603534749936,104.9225691334858,0.00020780352680915826
2024-05-17,15866279,251,9736,0.46,72470.0,514.5,0.71,34.0,moto_gp,1847.0,4.857142857142857,2024-05,0.011641040725427808,104.93478463450023,0.00011642396021493973
2024-05-18,15868289,251,9736,0.428,67379.0,521.9,0.775,29.0,moto_gp,2010.0,4.142857142857143,2024-05,0.012666772076056846,104.94807816836003,0.00012668376750468724
2024-05-19,15870930,251,9736,0.336,52896.9,385.8,0.729,23.0,moto_gp,2641.0,3.2857142857142856,2024-05,0.01664048672636071,104.965544945934,0.00016643256245196802
2024-05-20,15872241,251,9736,0.301,47413.6,349.2,0.736,24.0,moto_gp,1311.0,3.4285714285714284,2024-05,0.008259703213931794,104.97421550458583,8.260385497260714e-05
2024-05-21,15873362,251,9736,0.236,37207.6,261.4,0.703,22.0,moto_gp,1121.0,3.142857142857143,2024-05,0.007062146002844263,104.9816294605345,7.062644777122706e-05
2024-05-22,15874576,251,9736,0.282,44499.7,326.4,0.733,22.0,moto_gp,1214.0,3.142857142857143,2024-05,0.007647448347596811,104.98965849043789,7.648033226992368e-05
2024-05-23,15875529,251,9736,0.487,76898.5,378.5,0.492,49.0,moto_gp,953.0,7.0,2024-05,0.006002949571003272,104.99596134504901,6.003309946667201e-05
2024-05-24,15876813,251,9736,0.482,75112.0,1358.0,1.808,117.0,moto_gp,1284.0,16.714285714285715,2024-05,0.008087265372464864,105.00445333384303,8.087919463983795e-05
2024-05-25,15881078,252,9736,0.215,33377.0,741.0,2.22,150.0,moto_gp,4265.0,21.428571428571427,2024-05,0.026855859532961174,105.03266075767985,0.00026863073842342544
2024-05-26,15891968,252,9736,0.09,14267.0,38.0,0.266,153.0,moto_gp,10890.0,21.857142857142858,2024-05,0.06852518202906022,105.10468393366645,0.0006857217123421577
2024-05-27,15899191,252,9736,0.261,41338.0,93.0,0.225,113.0,moto_gp,7223.0,16.142857142857142,2024-05,0.04542998445644184,105.152454677482,0.0004545063267180627
2024-05-28,15904504,252,9736,0.54,85121.5,759.3,0.892,70.0,moto_gp,5313.0,10.0,2024-05,0.03340563151167745,105.18759325728153,0.0003341679460293623
2024-05-29,15906991,252,9736,0.555,87521.9,769.8,0.88,55.0,moto_gp,2487.0,7.857142857142857,2024-05,0.015634635111065318,105.2040415252961,0.00015637079911456908
2024-05-30,15910524,252,9736,0.365,57677.4,391.4,0.679,71.0,moto_gp,3533.0,10.142857142857142,2024-05,0.02220542830644673,105.22740772187653,0.00022210360212060465
2024-05-31,15915298,252,9736,0.415,65868.0,228.0,0.346,80.0,moto_gp,4774.0,11.428571428571429,2024-05,0.029996296644901027,105.25898151821814,0.0003000529712282596
2024-06-01,15924714,252,9736,0.704,110028.0,2151.0,1.955,347.0,moto_gp,9416.0,49.57142857142857,2024-06,0.05912822045030133,105.32125610270757,0.0005916320259915508
2024-06-02,15938327,252,9736,0.098,15621.0,34.0,0.218,153.0,moto_gp,13613.0,21.857142857142858,2024-06,0.08541046999474913,105.41128837954005,0.0008548348183834431
2024-06-03,15948026,252,9736,0.619,97871.0,909.0,0.929,131.0,moto_gp,9699.0,18.714285714285715,2024-06,0.06081630416203234,105.47543464068735,0.0006085331289789053
2024-06-04,15954443,252,9736,0.304,48282.2,186.7,0.387,80.0,moto_gp,6417.0,11.428571428571429,2024-06,0.04022077110432499,105.51787474356212,0.0004023695471777611
2024-06-05,15961485,252,9736,0.706,111043.1,1581.8,1.424,78.0,moto_gp,7042.0,11.142857142857142,2024-06,0.0441187019879416,105.56444840796044,0.0004413817517792129
2024-06-06,15966830,252,9736,0.759,119504.0,1668.1,1.396,56.0,moto_gp,5345.0,8.0,2024-06,0.033475649205258654,105.59979862610997,0.00033486859148768033
2024-06-07,15969947,252,9736,0.657,103615.9,1371.7,1.324,43.0,moto_gp,3117.0,6.142857142857143,2024-06,0.019517910735708764,105.62041352414029,0.00019521720967774492
2024-06-08,15972034,252,9736,0.662,104438.3,1363.1,1.305,38.0,moto_gp,2087.0,5.428571428571429,2024-06,0.013066588763835587,105.63421631277978,0.0001306829634437623
2024-06-09,15974638,252,9736,0.681,107308.2,1399.3,1.304,32.0,moto_gp,2604.0,4.571428571428571,2024-06,0.016300838867209386,105.65143838351156,0.00016303496473901724
2024-06-10,15976310,252,20970,0.695,109688.0,1383.3,1.261,29.0,moto_gp,1672.0,4.142857142857143,2024-06,0.01046549547423654,105.66249648729942,0.00010466590854818492
2024-06-11,15976834,252,20975,0.685,108047.7,1378.0,1.275,27.0,moto_gp,524.0,3.857142857142857,2024-06,0.003279748666099929,105.66596206528078,3.279856237137224e-05
2024-06-12,15977432,252,20980,0.323,51129.7,447.7,0.876,17.0,moto_gp,598.0,2.4285714285714284,2024-06,0.003742779190047562,105.66991705694653,3.7429192792481913e-05
2024-06-13,15978622,252,20991,0.257,40769.9,354.3,0.869,21.0,moto_gp,1190.0,3.0,2024-06,0.007447450725100074,105.6777873580874,7.448005411636593e-05
2024-06-14,15979111,252,20995,0.403,63783.7,600.4,0.941,23.0,moto_gp,489.0,3.2857142857142856,2024-06,0.003060245341558739,105.68102145662344,3.0603389954420024e-05
2024-06-15,15979863,252,21000,0.394,62414.7,552.1,0.885,22.0,moto_gp,752.0,3.142857142857143,2024-06,0.004705922697835394,105.68599495784858,4.706144165345094e-05
2024-06-16,15980983,252,21003,0.341,54017.6,522.9,0.968,21.0,moto_gp,1120.0,3.0,2024-06,0.0070083298380331175,105.69340230009881,7.008821039322655e-05
2024-06-17,15981646,252,21006,0.366,57919.0,576.5,0.995,20.0,moto_gp,663.0,2.857142857142857,2024-06,0.0041485088582239905,105.69778718216301,4.148680966631346e-05
2024-06-18,15981307,252,21010,0.373,59250.8,427.8,0.722,21.0,moto_gp,-339.0,3.0,2024-06,-0.002121228257488577,105.69554513839263,-2.1211832623491134e-05
2024-06-19,15981090,252,21015,0.361,57142.4,501.1,0.877,22.0,moto_gp,-217.0,3.142857142857143,2024-06,-0.0013578548146590754,105.69410996583164,-1.3578363772137614e-05
2024-06-20,15981470,252,21020,0.155,24512.8,186.5,0.761,18.0,moto_gp,380.0,2.5714285714285716,2024-06,0.0023777537360455576,105.69662317123797,2.3778102745231067e-05
2024-06-21,15981426,252,21025,0.144,22907.9,181.0,0.79,19.0,moto_gp,-44.0,2.7142857142857144,2024-06,-0.000275319611654179,105.69633216850671,-2.7531885364862063e-06
2024-06-22,15980367,252,21027,0.128,20319.9,150.3,0.74,20.0,moto_gp,-1059.0,2.857142857142857,2024-06,-0.006626881597900725,105.68932826186119,-6.626442471402427e-05
2024-06-23,15980571,252,21028,0.195,31050.0,173.4,0.558,20.0,moto_gp,204.0,2.857142857142857,2024-06,0.0012765501307806836,105.69067745634248,1.276566426788861e-05
2024-06-24,15980357,252,21039,0.264,42093.2,116.6,0.277,28.0,moto_gp,-214.0,4.0,2024-06,-0.0013391440504113895,105.68926212487682,-1.3391261175832447e-05
2024-06-25,15982222,252,21047,0.391,62178.4,328.9,0.529,32.0,moto_gp,1865.0,4.571428571428571,2024-06,0.011669215957580867,105.70159667246313,0.00011670577822520123
2024-06-26,15985924,252,21054,0.524,83325.4,508.2,0.61,32.0,moto_gp,3702.0,4.571428571428571,2024-06,0.023157873138893944,105.72608058407953,0.00023163237251999647
2024-06-27,15988023,252,21060,0.53,84284.6,526.4,0.625,49.0,moto_gp,2099.0,7.0,2024-06,0.013128577560840387,105.73996273710027,0.000131303013826356
2024-06-28,15990938,253,21079,0.304,48484.7,120.3,0.248,77.0,moto_gp,2915.0,11.0,2024-06,0.018229074492065445,105.75924166804617,0.0001823239808949051
2024-06-29,15998107,253,21110,0.122,19394.0,83.0,0.428,314.0,moto_gp,7169.0,44.857142857142854,2024-06,0.044811551766718395,105.80665527214607,0.0004483164152095931
2024-06-30,16013424,253,21133,0.076,12081.0,21.0,0.174,149.0,moto_gp,15317.0,21.285714285714285,2024-06,0.09565099881199673,105.90795729111642,0.0009574257754370041
2024-07-01,16021765,253,21144,0.692,109328.0,1565.0,1.431,126.0,moto_gp,8341.0,18.0,2024-07,0.05206043154421501,105.96312214978532,0.0005208754854677533
2024-07-02,16024930,253,21154,0.322,51383.2,281.5,0.548,78.0,moto_gp,3165.0,11.142857142857142,2024-07,0.019750476289131996,105.98405450534065,0.00019754377872849282
2024-07-03,16028452,253,21167,0.298,47463.1,287.3,0.605,70.0,moto_gp,3522.0,10.0,2024-07,0.021973425755650016,106.00734795123824,0.0002197825513121643
2024-07-04,16031983,253,21175,0.289,46103.3,243.5,0.528,54.0,moto_gp,3531.0,7.714285714285714,2024-07,0.022024723953362475,106.0307009204218,0.00022029575906645782
2024-07-05,16036327,253,21193,0.279,44608.8,177.7,0.398,75.0,moto_gp,4344.0,10.714285714285714,2024-07,0.02708849726000224,106.05943082643519,0.0002709583711508756
2024-07-06,16041967,253,21218,0.367,58508.0,368.0,0.629,132.0,moto_gp,5640.0,18.857142857142858,2024-07,0.03515778333168246,106.09673208562384,0.00035170148376240107
2024-07-07,16052565,253,21250,0.135,21542.0,99.0,0.46,327.0,moto_gp,10598.0,46.714285714285715,2024-07,0.06602060169200374,106.16682406166665,0.0006606421768602377
2024-07-08,16063588,253,21259,0.824,129805.0,2554.0,1.968,126.0,moto_gp,11023.0,18.0,2024-07,0.06862103286015553,106.23972685954548,0.0006866815365644818
2024-07-09,16068474,253,21263,0.751,119466.0,1155.3,0.967,75.0,moto_gp,4886.0,10.714285714285714,2024-07,0.030407367868286683,106.27204139011211,0.00030416616760842174
2024-07-10,16070424,253,21269,0.534,85152.2,688.4,0.808,54.0,moto_gp,1950.0,7.714285714285714,2024-07,0.012134091794964464,106.28493810206562,0.00012135564335480353
2024-07-11,16071863,253,21272,0.49,78199.3,583.8,0.747,41.0,moto_gp,1439.0,5.857142857142857,2024-07,0.008953535753757982,106.29445521411749,8.954337483557673e-05
2024-07-12,16073426,253,21275,0.412,65839.5,394.1,0.599,34.0,moto_gp,1563.0,4.857142857142857,2024-07,0.009724124775887853,106.30479242477561,9.725070453869833e-05
2024-07-13,16075395,253,21282,0.373,59543.8,337.3,0.566,32.0,moto_gp,1969.0,4.571428571428571,2024-07,0.012248532617705508,106.31781479699947,0.00012250033066996124
2024-07-14,16077905,253,21285,0.381,60904.0,331.4,0.544,27.0,moto_gp,2510.0,3.857142857142857,2024-07,0.015611486695561394,106.33441518007811,0.00015613924261259626
2024-07-15,16078976,253,21294,0.361,57703.4,304.0,0.527,31.0,moto_gp,1071.0,4.428571428571429,2024-07,0.006660871936123296,106.3414984511049,6.661315637823684e-05
2024-07-16,16079424,253,21302,0.373,59610.0,298.5,0.501,33.0,moto_gp,448.0,4.714285714285714,2024-07,0.0027861694548262424,106.344461388005,2.7862470843853515e-05
2024-07-17,16079787,253,21308,0.361,57796.9,283.1,0.49,39.0,moto_gp,363.0,5.571428571428571,2024-07,0.0022574925899205007,106.34686216053788,2.257543553807473e-05
2024-07-18,16081385,253,21312,0.337,53926.0,260.8,0.484,48.0,moto_gp,1598.0,6.857142857142857,2024-07,0.009936955057042661,106.35743085064134,9.93794258592473e-05
2024-07-19,16083233,253,21318,0.371,59430.2,283.1,0.476,40.0,moto_gp,1848.0,5.714285714285714,2024-07,0.011490227120380584,106.3696529653542,0.00011491547525288581
2024-07-20,16084475,253,21326,0.426,68269.3,295.5,0.433,38.0,moto_gp,1242.0,5.428571428571429,2024-07,0.007721731669824474,106.37786717881383,7.722327967263354e-05
2024-07-21,16086883,253,21329,0.372,59579.2,230.2,0.386,33.0,moto_gp,2408.0,4.714285714285714,2024-07,0.014968717059731212,106.39379296465184,0.00014970958020077418
2024-07-22,16088709,253,21335,0.421,67420.2,276.8,0.411,33.0,moto_gp,1826.0,4.714285714285714,2024-07,0.01134957441271391,106.40586957799908,0.00011350862687331542
2024-07-23,16089901,253,21347,0.312,50047.2,152.5,0.305,42.0,moto_gp,1192.0,6.0,2024-07,0.007408373737041638,106.41375310653683,7.4089226177243e-05
2024-07-24,16090138,253,21349,0.275,44125.5,116.6,0.264,38.0,moto_gp,237.0,5.428571428571429,2024-07,0.0014729519411207038,106.41532055306658,1.4729736373064739e-05
2024-07-25,16091994,253,21353,0.263,42280.0,114.5,0.271,34.0,moto_gp,1856.0,4.857142857142857,2024-07,0.011533685632743835,106.42759557736694,0.00011535016045227664
2024-07-26,16093530,253,21363,0.222,35639.5,126.7,0.356,48.0,moto_gp,1536.0,6.857142857142857,2024-07,0.00954420813830154,106.43775421816726,9.545119144349634e-05
2024-07-27,16095047,253,21369,0.23,36806.1,167.1,0.454,39.0,moto_gp,1517.0,5.571428571428571,2024-07,0.009425259833040562,106.44778719869726,9.426148272018153e-05
2024-07-28,16096102,253,21373,0.197,31481.6,216.4,0.687,33.0,moto_gp,1055.0,4.714285714285714,2024-07,0.006554381924269615,106.45476465054904,6.554811551651163e-05
2024-07-29,16097437,253,21381,0.211,33755.4,258.5,0.766,41.0,moto_gp,1335.0,5.857142857142857,2024-07,0.008293245688739145,106.46359393796338,8.293933525016506e-05
2024-07-30,16096994,253,21389,0.215,34415.7,209.2,0.608,40.0,moto_gp,-443.0,5.714285714285714,2024-07,-0.0027520666280921764,106.46066406955548,-2.7519908914697133e-05
2024-07-31,16097383,253,21399,0.251,40290.8,138.9,0.345,40.0,moto_gp,389.0,5.714285714285714,2024-07,0.0024165418689485116,106.46323679824773,2.416600267096669e-05
2024-08-01,16098238,253,21422,0.069,11112.0,11.0,0.099,120.0,moto_gp,855.0,17.142857142857142,2024-08,0.00531114026267968,106.46889151041199,5.311422359777218e-05
2024-08-02,16101783,253,21447,0.049,7909.0,13.0,0.164,160.0,moto_gp,3545.0,22.857142857142858,2024-08,0.022016195349297652,106.49233707137364,0.0002202104354527279
2024-08-03,16104235,253,21472,0.191,30529.0,166.0,0.544,155.0,moto_gp,2452.0,22.142857142857142,2024-08,0.015225808614938866,106.5085538599429,0.0001522812722043465
2024-08-04,16114302,253,21499,0.262,42040.0,211.0,0.502,161.0,moto_gp,10067.0,23.0,2024-08,0.06247245459344128,106.57513396211529,0.0006251150706630959
2024-08-05,16124146,253,21506,0.131,21124.5,12.0,0.057,116.0,moto_gp,9844.0,16.571428571428573,2024-08,0.0610512953678291,106.64023920953605,0.0006108859074380746
2024-08-06,16124991,253,21511,0.375,60140.3,256.2,0.426,73.0,moto_gp,845.0,10.428571428571429,2024-08,0.005240313002345241,106.64582778471592,5.240587625543469e-05
2024-08-07,16126605,253,21520,0.308,49531.7,218.7,0.442,53.0,moto_gp,1614.0,7.571428571428571,2024-08,0.010008306149992511,106.65650229399436,0.00010009307912173249
2024-08-08,16127838,253,21521,0.336,53956.3,225.4,0.418,41.0,moto_gp,1233.0,5.857142857142857,2024-08,0.007645166078677129,106.66465698416808,7.64575060900885e-05
2024-08-09,16128585,253,21525,0.333,53475.7,281.9,0.527,34.0,moto_gp,747.0,4.857142857142857,2024-08,0.004631528432283427,106.66959741690103,4.631742952776463e-05
2024-08-10,16130266,253,21528,0.332,53271.4,288.3,0.541,29.0,moto_gp,1681.0,4.142857142857143,2024-08,0.0104214028460535,106.6807150439748,0.0001042248901561571
2024-08-11,16131458,253,21533,0.329,52762.9,289.2,0.548,27.0,moto_gp,1192.0,3.857142857142857,2024-08,0.007389288680539602,106.68859857251256,7.389834736759582e-05
2024-08-12,16132780,253,21531,0.326,52281.2,283.9,0.543,27.0,moto_gp,1322.0,3.857142857142857,2024-08,0.008194495926926419,106.69734188184721,8.195167479585486e-05
2024-08-13,16133170,253,21539,0.303,48624.4,283.6,0.583,27.0,moto_gp,390.0,3.857142857142857,2024-08,0.002417379845374468,106.6999212242379,2.4174382840413955e-05
2024-08-14,16133480,253,21545,0.274,43890.1,250.3,0.57,27.0,moto_gp,310.0,3.857142857142857,2024-08,0.0019214701353954635,106.70197147075359,1.9215070565792303e-05
2024-08-15,16132557,253,21562,0.245,39435.6,152.3,0.386,52.0,moto_gp,-923.0,7.428571428571429,2024-08,-0.005721349690566722,106.69586702709559,-5.7210223708747954e-05
2024-08-16,16133587,253,21579,0.354,56672.8,416.3,0.735,108.0,moto_gp,1030.0,15.428571428571429,2024-08,0.006384197141032555,106.70267913648644,6.3846047467786e-05
2024-08-17,16138482,254,21603,0.471,75764.0,185.0,0.244,131.0,moto_gp,4895.0,18.714285714285715,2024-08,0.030331229417983677,106.735053190339,0.00030340432044040355
2024-08-18,16148656,254,21626,0.067,10812.0,33.0,0.305,149.0,moto_gp,10174.0,21.285714285714285,2024-08,0.06300214705174226,106.80234095824422,0.000630418647801001
2024-08-19,16159230,253,21629,0.558,90144.3,102.4,0.114,105.0,moto_gp,10574.0,15.0,2024-08,0.06543628625868932,106.87227420552452,0.0006547913337184852
2024-08-20,16162485,253,21633,0.435,69861.7,511.5,0.732,69.0,moto_gp,3255.0,9.857142857142858,2024-08,0.020139229827591486,106.89380179393923,0.0002014328653034969
2024-08-21,16163654,253,21638,0.496,79540.3,683.5,0.859,52.0,moto_gp,1169.0,7.428571428571429,2024-08,0.007232275573332614,106.90153320741291,7.232798669254414e-05
2024-08-22,16165766,253,21639,0.43,68978.6,533.8,0.774,40.0,moto_gp,2112.0,5.714285714285714,2024-08,0.013064645374676338,106.91550133851335,0.00013066352447288487
2024-08-23,16166317,254,21641,0.438,70273.9,540.5,0.769,33.0,moto_gp,551.0,4.714285714285714,2024-08,0.0034083211408015815,106.91914548635253,3.408437311280821e-05
2024-08-24,16167591,254,21642,0.439,70438.1,493.0,0.7,28.0,moto_gp,1274.0,4.0,2024-08,0.007879961832285341,106.92757133816218,7.880582819197457e-05
2024-08-25,16169492,254,21645,0.35,56263.4,307.0,0.546,17.0,moto_gp,1901.0,2.4285714285714284,2024-08,0.01175670825032722,106.94014397889224,0.00011758090614732986
2024-08-26,16170155,254,21653,0.366,58866.5,351.2,0.597,21.0,moto_gp,663.0,3.0,2024-08,0.004100146226180269,106.94452886095644,4.100314345056866e-05
2024-08-27,16170839,254,21658,0.341,54889.9,235.2,0.428,21.0,moto_gp,684.0,3.0,2024-08,0.004229836188462454,106.94905263068783,4.2300151111618334e-05
2024-08-28,16172230,254,21667,0.369,59342.3,257.1,0.433,28.0,moto_gp,1391.0,4.0,2024-08,0.008601163846915361,106.9582522852147,8.601903710747649e-05
2024-08-29,16175136,254,21680,0.466,75012.6,282.9,0.377,53.0,moto_gp,2906.0,7.571428571428571,2024-08,0.017965845851311543,106.97747169287466,0.0001796907414748361
2024-08-30,16178441,254,21693,0.676,108495.0,874.3,0.806,73.0,moto_gp,3305.0,10.428571428571429,2024-08,0.020428420760690107,106.99932996621126,0.0002043259481712134
2024-08-31,16186675,254,21720,0.107,17256.0,76.0,0.44,306.0,moto_gp,8234.0,43.714285714285715,2024-08,0.05086900181785327,107.05378715914735,0.0005089489154115334
2024-09-01,16216226,254,21745,0.104,16822.0,70.0,0.416,246.0,moto_gp,29551.0,35.142857142857146,2024-09,0.18223105672059578,107.24922856167997,0.001825637445614925
2024-09-02,16260957,254,21756,1.553,247036.0,5428.0,2.197,126.0,moto_gp,44731.0,18.0,2024-09,0.2750822107210541,107.545065906497,0.0027584100024260483
2024-09-03,16276073,254,21763,0.716,114765.8,1742.2,1.518,76.0,moto_gp,15116.0,10.857142857142858,2024-09,0.09287252520924427,107.64503857208135,0.0009295885844848861
2024-09-04,16281085,254,21775,0.447,72216.8,523.1,0.724,68.0,moto_gp,5012.0,9.714285714285714,2024-09,0.030784189137271867,107.67818642865112,0.00030793668718498424
2024-09-05,16282737,254,21791,0.42,68024.3,439.4,0.646,68.0,moto_gp,1652.0,9.714285714285714,2024-09,0.010145714445919012,107.68911225847022,0.00010146743905581346
2024-09-06,16286063,254,21804,0.344,55775.4,293.4,0.526,76.0,moto_gp,3326.0,10.857142857142858,2024-09,0.02042236972803065,107.71110941947401,0.0002042654131182431
2024-09-07,16290271,254,21836,0.073,11889.0,25.0,0.21,150.0,moto_gp,4208.0,21.428571428571427,2024-09,0.025831368919522577,107.73893986249989,0.00025838043239789776
2024-09-08,16301508,254,21861,0.238,38636.0,134.0,0.347,155.0,moto_gp,11237.0,22.142857142857142,2024-09,0.0689322730142512,107.81325799184438,0.0006897982237372702
2024-09-09,16309270,254,21870,1.509,243979.0,2165.0,0.887,129.0,moto_gp,7762.0,18.428571428571427,2024-09,0.047592565455106206,107.86459351911786,0.00047615226763064733
2024-09-10,16312224,254,21876,0.576,93376.0,660.8,0.708,76.0,moto_gp,2954.0,10.857142857142858,2024-09,0.01810911865849807,107.88413038430285,0.0001811239865425751
2024-09-11,16315001,254,21880,0.504,81728.6,558.7,0.684,55.0,moto_gp,2777.0,7.857142857142857,2024-09,0.01702114514121084,107.90249662486436,0.00017024042828239772
2024-09-12,16317412,254,21883,0.432,70044.3,431.0,0.615,43.0,moto_gp,2411.0,6.142857142857143,2024-09,0.014775627409542639,107.91844225179766,0.0001477781092382724
2024-09-13,16319136,254,21887,0.466,75530.8,439.2,0.581,38.0,moto_gp,1724.0,5.428571428571429,2024-09,0.010564284775860683,107.92984426790426,0.00010565400934892111
2024-09-14,16321490,254,21889,0.38,61643.3,319.9,0.519,32.0,moto_gp,2354.0,4.571428571428571,2024-09,0.014422702829214736,107.94541291402662,0.00014424783272848352
2024-09-15,16325315,254,21891,0.352,57143.5,304.5,0.533,27.0,moto_gp,3825.0,3.857142857142857,2024-09,0.023429869500220975,107.97071031055083,0.00023435360374568504
2024-09-16,16327862,254,21897,0.329,53414.6,343.0,0.642,24.0,moto_gp,2547.0,3.4285714285714284,2024-09,0.01559910293215364,107.98755540047166,0.00015601536631915103
2024-09-17,16329556,254,21901,0.306,49742.6,209.8,0.422,22.0,moto_gp,1694.0,3.142857142857143,2024-09,0.010373827677862154,107.99875900562515,0.00010374903952525827
2024-09-18,16330269,254,21906,0.251,40807.0,141.3,0.346,23.0,moto_gp,713.0,3.2857142857142856,2024-09,0.004366125261010704,108.00347457261124,4.366315899839712e-05
2024-09-19,16331659,254,21916,0.268,43687.1,155.4,0.356,33.0,moto_gp,1390.0,4.714285714285714,2024-09,0.008511076553827141,108.01266761343965,8.511800999722041e-05
2024-09-20,16333569,255,21925,0.321,52145.0,229.4,0.44,49.0,moto_gp,1910.0,7.0,2024-09,0.011693708827507325,108.02529977745566,0.00011695076415696448
2024-09-21,16339157,255,21947,0.308,50186.0,99.0,0.197,132.0,moto_gp,5588.0,18.857142857142858,2024-09,0.03420005083493598,108.06225712432555,0.0003421175127125142
2024-09-22,16347181,255,21971,0.261,42276.0,410.0,0.97,147.0,moto_gp,8024.0,21.0,2024-09,0.049084915619396395,108.1153254405897,0.000491090207407785
2024-09-23,16351407,255,21979,1.377,224750.0,452.0,0.201,115.0,moto_gp,4226.0,16.428571428571427,2024-09,0.025844870719687912,108.14327493018745,0.00025851552019884316
2024-09-24,16354446,255,21967,0.488,79183.5,595.1,0.752,73.0,moto_gp,3039.0,10.428571428571429,2024-09,0.018582102995112156,108.16337395973964,0.00018585556582384477
2024-09-25,16357675,255,21965,0.241,39309.8,145.0,0.369,67.0,moto_gp,3229.0,9.571428571428571,2024-09,0.01973996915820861,108.184729591995,0.0001974386659138183
2024-09-26,16362967,255,21979,0.372,60474.6,413.6,0.684,103.0,moto_gp,5292.0,14.714285714285714,2024-09,0.03234132293978226,108.21972928412733,0.00032351785935347266
2024-09-27,16372499,255,21999,0.558,90664.3,747.0,0.824,111.0,moto_gp,9532.0,15.857142857142858,2024-09,0.05821957906364813,108.28277105763553,0.000582534940026358
2024-09-28,16390555,255,22022,0.523,85509.0,256.0,0.299,117.0,moto_gp,18056.0,16.714285714285715,2024-09,0.11016100431010421,108.40218799662675,0.0011028249261153533
2024-09-29,16413898,255,22043,0.45,73572.0,236.0,0.321,122.0,moto_gp,23343.0,17.428571428571427,2024-09,0.1422148474420884,108.5565715592581,0.0014241738611047161
2024-09-30,16427108,255,22048,0.594,96799.2,731.4,0.756,91.0,moto_gp,13210.0,13.0,2024-09,0.08041585895703614,108.64393851562019,0.0008048057810521314
2024-10-01,16433151,255,22053,0.634,103523.1,707.5,0.683,66.0,moto_gp,6043.0,9.428571428571429,2024-10,0.036773227483883036,108.68390509527926,0.0003678675516103347
2024-10-02,16436792,255,22066,0.378,61931.5,242.9,0.392,52.0,moto_gp,3641.0,7.428571428571429,2024-10,0.022151524458057265,108.70798557129093,0.00022156432445608054
2024-10-03,16441114,255,22079,0.32,52457.2,111.5,0.213,68.0,moto_gp,4322.0,9.714285714285714,2024-10,0.026287756413586088,108.7365699759387,0.0002629466869203956
2024-10-04,16445244,255,22101,0.215,35215.7,112.0,0.318,110.0,moto_gp,4130.0,15.714285714285714,2024-10,0.02511364379877854,108.76388455048642,0.0002511995233414055
2024-10-05,16453918,255,22129,0.105,17155.0,65.0,0.379,186.0,moto_gp,8674.0,26.571428571428573,2024-10,0.05271692736040133,108.82125177073509,0.0005274473276286606
2024-10-06,16464746,255,22154,0.185,30306.0,82.0,0.271,127.0,moto_gp,10828.0,18.142857142857142,2024-10,0.06576475580005911,108.89286489741856,0.0006580803429310222
2024-10-07,16468965,255,22162,0.649,106264.3,673.4,0.634,99.0,moto_gp,4219.0,14.142857142857142,2024-10,0.025617881876608517,108.92076809112726,0.0002562444631699634
2024-10-08,16470992,255,22165,0.613,100393.9,532.0,0.53,66.0,moto_gp,2027.0,9.428571428571429,2024-10,0.012306484029620075,108.93417405786047,0.0001230799871152488
2024-10-09,16471659,255,22170,0.515,84469.5,359.7,0.426,49.0,moto_gp,667.0,7.0,2024-10,0.004049379604082382,108.93858539471842,4.0495435854825956e-05
2024-10-10,16472705,255,22175,0.477,78405.4,180.4,0.23,40.0,moto_gp,1046.0,5.714285714285714,2024-10,0.00634989821040321,108.94550332328426,6.350301448088125e-05
2024-10-11,16474274,255,22178,0.49,80625.8,172.2,0.214,33.0,moto_gp,1569.0,4.714285714285714,2024-10,0.00952394017484473,108.95588021613302,9.52484731560066e-05
2024-10-12,16476715,255,22181,0.446,73389.4,151.3,0.206,28.0,moto_gp,2441.0,4.0,2024-10,0.014814846284590103,108.97202425401946,0.0001481704140648965
2024-10-13,16478785,255,22184,0.408,67156.5,135.4,0.202,26.0,moto_gp,2070.0,3.7142857142857144,2024-10,0.012561605725179375,108.9857146097855,0.0001256318386280153
2024-10-14,16479762,255,22193,0.29,47736.3,110.0,0.23,28.0,moto_gp,977.0,4.0,2024-10,0.005928483675917164,108.99217619315915,5.9288351659469996e-05
2024-10-15,16480178,255,22197,0.273,44864.6,113.6,0.253,28.0,moto_gp,416.0,4.0,2024-10,0.0025242445803680034,108.99492749170922,2.524308300078104e-05
2024-10-16,16480753,255,22204,0.298,49001.4,157.7,0.322,32.0,moto_gp,575.0,4.571428571428571,2024-10,0.0034889182551306967,108.99873036831092,3.4890399848830356e-05
2024-10-17,16482018,255,22221,0.254,41719.5,123.5,0.296,78.0,moto_gp,1265.0,11.142857142857142,2024-10,0.007675031055056486,109.00709669683462,7.675620161284868e-05
2024-10-18,16491604,255,22243,0.139,22823.0,93.3,0.409,110.0,moto_gp,9586.0,15.714285714285714,2024-10,0.058126547302494044,109.07049561005846,0.0005816035390810992
2024-10-19,16506585,254,22266,0.097,15958.0,52.0,0.326,114.0,moto_gp,14981.0,16.285714285714285,2024-10,0.09075771881343112,109.16957542635373,0.0009084016327338684
2024-10-20,16522891,255,22291,0.26,42904.0,108.0,0.252,174.0,moto_gp,16306.0,24.857142857142858,2024-10,0.09868733020147624,109.27741839307895,0.000987848183013007
2024-10-21,16529449,255,22297,0.666,109222.3,796.9,0.73,93.0,moto_gp,6558.0,13.285714285714286,2024-10,0.03967464372224386,109.32079102743342,0.00039690390743363224
2024-10-22,16532829,256,22305,0.725,119207.7,628.6,0.527,64.0,moto_gp,3380.0,9.142857142857142,2024-10,0.020444172016779463,109.34314532815286,0.00020448352513136037
2024-10-23,16536065,256,22320,0.593,97510.4,476.8,0.489,63.0,moto_gp,3236.0,9.0,2024-10,0.019569347362870186,109.36454725629727,0.00019573177706000422
2024-10-24,16538880,256,22327,0.365,60088.4,322.8,0.537,76.0,moto_gp,2815.0,10.857142857142858,2024-10,0.01702049957433635,109.38316481739943,0.00017023397041548982
2024-10-25,16542297,256,22344,0.423,69749.6,221.4,0.317,73.0,moto_gp,3417.0,10.428571428571429,2024-10,0.02065613983354307,109.40576382496106,0.000206604074761918
2024-10-26,16545788,256,22368,0.095,15635.0,33.0,0.211,125.0,moto_gp,3491.0,17.857142857142858,2024-10,0.021099025322940196,109.42885224620709,0.00021103477951101013
2024-10-27,16552040,256,22400,0.454,74790.0,384.0,0.513,253.0,moto_gp,6252.0,36.142857142857146,2024-10,0.037771779188547155,109.47020108883963,0.00037786051652544117
2024-10-28,16558332,256,22405,0.431,70779.4,559.5,0.79,108.0,moto_gp,6292.0,15.428571428571429,2024-10,0.03799899651728205,109.51181447940968,0.000380134412435007
2024-10-29,16562441,256,22412,0.514,84524.4,602.3,0.713,69.0,moto_gp,4109.0,9.857142857142858,2024-10,0.024809144980501362,109.5389901662902,0.0002481530144462507
2024-10-30,16568087,256,22430,0.558,90628.7,1883.3,2.078,71.0,moto_gp,5646.0,10.142857142857142,2024-10,0.03407756127789527,109.57633110766949,0.00034089178038421153
2024-10-31,16571283,256,22438,0.332,54769.2,176.7,0.323,93.0,moto_gp,3196.0,13.285714285714286,2024-10,0.01928637631739196,109.5974684878764,0.0001929009667802628
2024-11-01,16577650,256,22455,0.397,65398.6,408.4,0.624,85.0,moto_gp,6367.0,12.142857142857142,2024-11,0.038407132494653946,109.63957790582927,0.0003842188924056966
2024-11-02,16585682,256,22480,0.163,26994.0,49.0,0.182,127.0,moto_gp,8032.0,18.142857142857142,2024-11,0.048427312184087454,109.69269913168091,0.00048450775592434603
2024-11-03,16597634,256,22501,0.189,31291.0,140.0,0.447,131.0,moto_gp,11952.0,18.714285714285715,2024-11,0.07201026363155134,109.77174605540839,0.0007206215577990616
2024-11-04,16606513,256,22506,0.63,103949.0,668.5,0.643,100.0,moto_gp,8879.0,14.285714285714286,2024-11,0.05346697407216072,109.83046908383676,0.0005349557653819836
2024-11-05,16615159,257,22511,0.67,110622.3,697.9,0.631,68.0,moto_gp,8646.0,9.714285714285714,2024-11,0.05203681770364039,109.88765112052916,0.0005206391010563749
2024-11-06,16620594,257,22515,0.588,97174.6,477.0,0.491,50.0,moto_gp,5435.0,7.142857142857143,2024-11,0.032700395665762605,109.9235965715381,0.0003271109232236835
2024-11-07,16623228,257,22516,0.566,93627.5,434.6,0.464,39.0,moto_gp,2634.0,5.571428571428571,2024-11,0.015845297916866688,109.941017053223,0.00015847809049418515
2024-11-08,16624365,257,22519,0.49,81030.3,372.3,0.459,32.0,moto_gp,1137.0,4.571428571428571,2024-11,0.006839358977019573,109.94853682834669,6.839826777316205e-05
2024-11-09,16625560,257,22521,0.422,69846.6,290.7,0.416,27.0,moto_gp,1195.0,3.857142857142857,2024-11,0.007187727811875208,109.95644019797975,7.188244483313788e-05
2024-11-10,16626467,257,22522,0.398,65927.0,245.7,0.373,21.0,moto_gp,907.0,3.0,2024-11,0.005455157731344849,109.96243882246274,5.455455335034998e-05
2024-11-11,16626594,257,22528,0.364,60253.3,254.9,0.423,22.0,moto_gp,127.0,3.142857142857143,2024-11,0.0007638365380185502,109.96327876216432,7.638423725309096e-06
2024-11-12,16626194,257,22534,0.318,52750.4,150.3,0.285,23.0,moto_gp,-400.0,3.2857142857142856,2024-11,-0.002405842251088854,109.96063328278925,-2.4057843717173455e-05
2024-11-13,16625369,257,22541,0.318,52592.1,348.0,0.662,27.0,moto_gp,-825.0,3.857142857142857,2024-11,-0.004962295874455478,109.95517698157813,-4.962049642875943e-05
2024-11-14,16626438,257,22550,0.495,81837.0,488.4,0.597,51.0,moto_gp,1069.0,7.285714285714286,2024-11,0.006429519058742467,109.96224702520804,6.4299324724848e-05
2024-11-15,16638664,257,22565,0.544,89979.7,530.3,0.589,85.0,moto_gp,12226.0,12.142857142857142,2024-11,0.07347945724488457,110.04310610230743,0.0007353348925367431
2024-11-16,16644793,257,22590,0.344,57164.0,47.0,0.082,161.0,moto_gp,6129.0,23.0,2024-11,0.03682232635755819,110.08364146003214,0.0003683589018925737
2024-11-17,16660811,257,22620,0.206,34241.0,88.0,0.257,386.0,moto_gp,16018.0,55.142857142857146,2024-11,0.09614177845244148,110.1895796816073,0.0009623429981977516
2024-11-18,16668463,257,22642,0.676,112168.0,489.0,0.436,154.0,moto_gp,7652.0,22.0,2024-11,0.045907052137920575,110.24018770205262,0.0004592813639143767
2024-11-19,16677165,257,22673,0.3,49908.0,131.0,0.262,351.0,moto_gp,8702.0,50.142857142857146,2024-11,0.05217913236452359,110.29774010585753,0.0005220637319709454
2024-11-20,16684598,257,22684,0.814,135448.0,377.0,0.278,133.0,moto_gp,7433.0,19.0,2024-11,0.04455006947125726,110.34689972634499,0.0004456992540398108
2024-11-21,16690196,257,22690,0.866,143955.1,649.1,0.451,77.0,moto_gp,5598.0,11.0,2024-11,0.033540648653856434,110.38392321019927,0.00033551902179485005
2024-11-22,16693101,257,22694,0.704,117061.8,479.8,0.41,55.0,moto_gp,2905.0,7.857142857142857,2024-11,0.017402398751436295,110.40313600416081,0.00017405427713379495
2024-11-23,16696581,257,22696,0.598,99535.9,282.9,0.284,42.0,moto_gp,3480.0,6.0,2024-11,0.020842590468072478,110.42615167472403,0.00020846935509455378
2024-11-24,16699495,257,22698,0.564,93942.2,260.5,0.277,34.0,moto_gp,2914.0,4.857142857142857,2024-11,0.0174496294648431,110.44542399197151,0.00017452674891949016
2024-11-25,16701460,257,22702,0.481,80086.6,228.1,0.285,32.0,moto_gp,1965.0,4.571428571428571,2024-11,0.011765438470648674,110.4584199094016,0.00011766822888947814
2024-11-26,16702450,257,22706,0.451,75028.5,272.0,0.363,27.0,moto_gp,990.0,3.857142857142857,2024-11,0.005927274142416232,110.46496747085493,5.927625489032806e-05
2024-11-27,16702401,257,22708,0.487,80962.8,382.3,0.472,19.0,moto_gp,-49.0,2.7142857142857144,2024-11,-0.00029337099498449355,110.46464339963147,-2.9337013431884884e-06
2024-11-28,16703419,257,22709,0.485,80627.1,374.7,0.465,17.0,moto_gp,1018.0,2.4285714285714284,2024-11,0.0060945606405491,110.47137614464107,6.094932099887096e-05
2024-11-29,16703789,257,22712,0.557,92571.4,456.3,0.493,15.0,moto_gp,370.0,2.142857142857143,2024-11,0.0022150662942401872,110.473823213063,2.2151153605154406e-05
2024-11-30,16704306,257,22716,0.537,89313.8,457.3,0.512,16.0,moto_gp,517.0,2.2857142857142856,2024-11,0.0030950103524205077,110.4772424951553,3.095106146266957e-05
2024-12-01,16704877,257,22718,0.445,73975.8,438.6,0.593,16.0,moto_gp,571.0,2.2857142857142856,2024-12,0.0034181634501110063,110.48101891696322,3.4182802925109e-05
2024-12-02,16704731,257,22723,0.466,77584.6,329.0,0.424,17.0,moto_gp,-146.0,2.4285714285714284,2024-12,-0.0008740038974587498,110.48005331699133,-8.739962586989947e-06
2024-12-03,16703889,257,22730,0.426,71070.9,128.8,0.181,21.0,moto_gp,-842.0,3.0,2024-12,-0.005040742308572573,110.47448458290678,-5.040488230545481e-05
2024-12-04,16702238,257,22733,0.425,70856.7,144.1,0.203,22.0,moto_gp,-1651.0,3.142857142857143,2024-12,-0.009884902849546271,110.46356536678613,-9.88392583307629e-05
2024-12-05,16702143,257,22736,0.399,66481.3,156.7,0.236,23.0,moto_gp,-95.0,3.2857142857142856,2024-12,-0.0005687892865005406,110.46293706543455,-5.687860513026166e-06
2024-12-06,16701868,257,22741,0.431,71736.1,169.9,0.237,24.0,moto_gp,-275.0,3.4285714285714284,2024-12,-0.0016465224129420734,110.46111829836418,-1.6464953030315144e-05
2024-12-07,16702260,257,22743,0.402,66990.8,161.1,0.24,23.0,moto_gp,392.0,3.2857142857142856,2024-12,0.0023469877729121688,110.46371086815176,2.3470428577310187e-05
2024-12-08,16702678,257,22748,0.397,66162.0,161.9,0.245,27.0,moto_gp,418.0,3.857142857142857,2024-12,0.0025025926980092655,110.46647539409871,2.5026553292839537e-05
2024-12-09,16704158,257,22752,0.433,72187.0,196.6,0.272,27.0,moto_gp,1480.0,3.857142857142857,2024-12,0.008860069450971429,110.47626366778651,8.860854528847106e-05
2024-12-10,16704709,257,22754,0.484,80574.1,197.8,0.245,20.0,moto_gp,551.0,2.857142857142857,2024-12,0.003298471107757699,110.4799078156257,3.29857991046012e-05
2024-12-11,16705449,257,22759,0.453,75303.9,304.5,0.404,21.0,moto_gp,740.0,3.0,2024-12,0.004429692371632752,110.4848019524696,4.4298886020754935e-05
2024-12-12,16706597,257,22765,0.461,76652.2,306.8,0.4,27.0,moto_gp,1148.0,3.857142857142857,2024-12,0.006871537034142859,110.49239447827608,6.872009246805533e-05
2024-12-13,16707717,257,22770,0.458,76177.4,337.6,0.443,32.0,moto_gp,1120.0,4.571428571428571,2024-12,0.006703489172099336,110.49980182052633,6.703938569896373e-05
2024-12-14,16709064,257,22772,0.413,68559.1,424.8,0.62,28.0,moto_gp,1347.0,4.0,2024-12,0.008061492852023308,110.50871047232191,8.062142781084525e-05
2024-12-15,16706828,257,22777,0.363,60281.6,438.5,0.727,28.0,moto_gp,-2236.0,4.0,2024-12,-0.013383749446633437,110.49392224261518,-0.00013381958438840602
2024-12-16,16706654,257,22776,0.368,61001.8,398.2,0.653,23.0,moto_gp,-174.0,3.2857142857142856,2024-12,-0.0010415011886880522,110.49277145908702,-1.0414903415578713e-05
2024-12-17,16706281,257,22780,0.365,60682.2,287.5,0.474,27.0,moto_gp,-373.0,3.857142857142857,2024-12,-0.0022326932008386547,110.49030454956976,-2.232643352761965e-05
2024-12-18,16707646,257,22785,0.355,58998.4,286.7,0.486,27.0,moto_gp,1365.0,3.857142857142857,2024-12,0.00816991214680991,110.49933224793725,8.170579675992329e-05
2024-12-19,16704691,257,22788,0.382,63669.9,119.6,0.188,22.0,moto_gp,-2955.0,3.142857142857143,2024-12,-0.017689641789842146,110.47978876905383,-0.0001768651310902758
2024-12-20,16703794,257,22790,0.37,61744.1,123.8,0.201,19.0,moto_gp,-897.0,2.7142857142857144,2024-12,-0.005370037489686475,110.4738562815552,-5.369749132144719e-05
2024-12-21,16703185,257,22793,0.424,70640.4,125.1,0.177,20.0,moto_gp,-609.0,2.857142857142857,2024-12,-0.0036460112248053295,110.46982853920665,-3.645878295677196e-05
2024-12-22,16704689,257,22795,0.426,71096.4,118.4,0.167,19.0,moto_gp,1504.0,2.7142857142857144,2024-12,0.009003460046457615,110.47977554165693,9.00427074237431e-05
2024-12-23,16704006,257,22799,0.421,70243.4,108.5,0.154,22.0,moto_gp,-683.0,3.142857142857143,2024-12,-0.004088839527476224,110.475258385624,-4.088672348223632e-05
2024-12-24,16703931,257,22803,0.423,70577.5,109.4,0.155,22.0,moto_gp,-75.0,3.142857142857143,2024-12,-0.00044899610756294435,110.47476235824116,-4.489940915952673e-06
2024-12-25,16703052,257,22804,0.398,66432.9,128.7,0.194,19.0,moto_gp,-879.0,2.7142857142857144,2024-12,-0.005262511306316954,110.46894891731442,-5.262234380642994e-05
2024-12-26,16702385,239,22805,0.384,63975.5,134.5,0.21,17.0,moto_gp,-667.0,2.4285714285714284,2024-12,-0.003993441655188765,110.46453758045647,-3.993282185799085e-05
2024-12-27,16701523,239,22808,0.431,71767.7,208.4,0.29,18.0,moto_gp,-862.0,2.5714285714285716,2024-12,-0.00516120595708547,110.45883657240316,-5.160939590365121e-05
2024-12-28,16701167,239,22810,0.448,74576.3,238.9,0.32,17.0,moto_gp,-356.0,2.4285714285714284,2024-12,-0.0021315875710960796,110.45648209575933,-2.1315421354084485e-05
2024-12-29,16700179,239,22812,0.463,77045.9,247.3,0.321,17.0,moto_gp,-988.0,2.4285714285714284,2024-12,-0.005916104252535258,110.44994776170289,-5.915754270346962e-05
2024-12-30,16700090,239,22815,0.356,59268.6,221.3,0.373,16.0,moto_gp,-89.0,2.2857142857142856,2024-12,-0.0005329312596518941,110.44935914254192,-5.32928419505474e-06
2024-12-31,16699899,239,22819,0.386,64231.9,230.5,0.359,16.0,moto_gp,-191.0,2.2857142857142856,2024-12,-0.0011437194919562087,110.44809592614033,-1.1437064111663453e-05
2025-01-01,16698983,239,22824,0.343,57065.7,260.7,0.457,19.0,moto_gp,-916.0,2.7142857142857144,2025-01,-0.005485363988932739,110.4420377783714,-5.48506311325303e-05
2025-01-02,16698253,239,22827,0.344,57136.7,223.8,0.392,21.0,moto_gp,-730.0,3.0,2025-01,-0.004371714813519714,110.43720977851186,-4.3715237029728904e-05
2025-01-03,16697427,239,22831,0.343,57027.2,209.6,0.368,21.0,moto_gp,-826.0,3.0,2025-01,-0.004946869957868359,110.43174686360233,-4.946625254753645e-05
2025-01-04,16696315,239,22834,0.355,59038.9,218.1,0.369,22.0,moto_gp,-1112.0,3.142857142857143,2025-01,-0.006660152255153307,110.4243924309396,-6.659708708411927e-05
2025-01-05,16695483,239,22836,0.374,62245.0,205.6,0.33,22.0,moto_gp,-832.0,3.142857142857143,2025-01,-0.004983383829027289,110.41888983383943,-4.9831355002583066e-05
2025-01-06,16694262,239,22839,0.401,66710.2,213.0,0.319,22.0,moto_gp,-1221.0,3.142857142857143,2025-01,-0.007313890245642485,110.410814508047,-7.313355354854334e-05
2025-01-07,16692710,239,22841,0.452,75342.7,173.7,0.231,20.0,moto_gp,-1552.0,2.857142857142857,2025-01,-0.009297471770611243,110.40055004807168,-9.296607421160896e-05
2025-01-08,16692043,239,22845,0.419,69715.4,187.4,0.269,20.0,moto_gp,-667.0,2.857142857142857,2025-01,-0.003995915898371457,110.39613871121372,-3.9957562313119865e-05
2025-01-09,16692239,239,22848,0.412,68550.8,182.1,0.266,20.0,moto_gp,196.0,2.857142857142857,2025-01,0.0011741983804569296,110.3974349961075,1.1742121680313744e-05
2025-01-10,16691799,239,22852,0.427,71068.8,210.5,0.296,21.0,moto_gp,-440.0,3.0,2025-01,-0.0026360250324126235,110.39452496879491,-2.6359555479693597e-05
2025-01-11,16691711,239,22853,0.365,60730.8,182.6,0.301,19.0,moto_gp,-88.0,2.7142857142857144,2025-01,-0.0005272077859483668,110.3939429633324,-5.272050064841771e-06
2025-01-12,16692089,239,22856,0.364,60525.6,167.3,0.276,20.0,moto_gp,378.0,2.857142857142857,2025-01,0.0022645457977129167,110.39644294134186,2.2645970805479365e-05
2025-01-13,16691192,239,22858,0.341,56745.8,161.3,0.284,19.0,moto_gp,-897.0,2.7142857142857144,2025-01,-0.00537409191626338,110.39051045384323,-5.3738031231431727e-05
2025-01-14,16689697,239,22866,0.35,58335.1,114.2,0.196,22.0,moto_gp,-1495.0,3.142857142857143,2025-01,-0.008957622178521274,110.38062297467886,-8.956819860439502e-05
2025-01-15,16689454,222,22869,0.311,51628.1,221.1,0.428,20.0,moto_gp,-243.0,2.857142857142857,2025-01,-0.0014560092858639953,110.3790158459585,-1.4559880865405717e-05
2025-01-16,16689232,222,22876,0.354,58771.3,294.2,0.501,23.0,moto_gp,-222.0,3.2857142857142856,2025-01,-0.001330199016946975,110.37754760490532,-1.3301813228894233e-05
2025-01-17,16688805,222,22882,0.365,60572.6,363.8,0.601,23.0,moto_gp,-427.0,3.2857142857142856,2025-01,-0.002558601409747433,110.37472355567242,-2.5585359470059466e-05
2025-01-18,16687738,222,22886,0.418,69453.4,374.3,0.539,27.0,moto_gp,-1067.0,3.857142857142857,2025-01,-0.006393916299500867,110.36766673943939,-6.393507503987816e-05
2025-01-19,16687727,222,22888,0.429,71213.4,384.2,0.54,24.0,moto_gp,-11.0,3.4285714285714284,2025-01,-6.591670633154533e-05,110.36759398875657,-6.591666288358056e-07
2025-01-20,16687295,222,22894,0.489,81322.6,349.1,0.429,29.0,moto_gp,-432.0,4.142857142857143,2025-01,-0.002588795847379698,110.3647368710315,-2.588728830477116e-05
2025-01-21,16686723,222,22897,0.47,78060.3,293.8,0.376,27.0,moto_gp,-572.0,3.857142857142857,2025-01,-0.003427874963826031,110.36095383552514,-3.427757464591341e-05
2025-01-22,16686809,222,22901,0.503,83550.9,456.8,0.547,28.0,moto_gp,86.0,4.0,2025-01,0.0005153771461038477,110.36152261359075,5.153798022572431e-06
2025-01-23,16686522,222,22903,0.465,77173.1,426.6,0.553,23.0,moto_gp,-287.0,3.2857142857142856,2025-01,-0.0017199509879889888,110.35962448213914,-1.71992140618471e-05
2025-01-24,16685552,222,22906,0.484,80220.4,482.5,0.601,22.0,moto_gp,-970.0,3.142857142857143,2025-01,-0.005813412705794809,110.35320919465457,-5.813074767768711e-05
2025-01-25,16686211,222,22912,0.453,75047.1,500.1,0.666,22.0,moto_gp,659.0,3.142857142857143,2025-01,0.003949368733261254,110.35756762192501,3.949524714563779e-05
2025-01-26,16686534,222,22916,0.448,74225.0,486.8,0.656,24.0,moto_gp,323.0,3.4285714285714284,2025-01,0.0019356925770204886,110.3597038465204,1.9357300468092475e-05
2025-01-27,16685805,222,22922,0.268,44381.9,256.4,0.578,23.0,moto_gp,-729.0,3.2857142857142856,2025-01,-0.004368983096710048,110.35488246035932,-4.368792224918039e-05
2025-01-28,16684914,222,22928,0.259,42992.8,208.3,0.484,27.0,moto_gp,-891.0,3.857142857142857,2025-01,-0.005340153386466361,110.34898965505131,-5.33986822931487e-05
2025-01-29,16684804,222,22933,0.21,34874.7,198.8,0.57,32.0,moto_gp,-110.0,4.571428571428571,2025-01,-0.0006592825423660956,110.34826214822317,-6.592781958580929e-06
2025-01-30,16684289,222,22943,0.148,24503.1,148.3,0.605,49.0,moto_gp,-515.0,7.0,2025-01,-0.00308673627027199,110.34485609352775,-3.0866409938101746e-05
2025-01-31,16683556,222,22954,0.289,48053.4,202.5,0.421,53.0,moto_gp,-733.0,7.571428571428571,2025-01,-0.004393547754447553,110.34000825257291,-4.393354730314325e-05
2025-02-01,16683277,222,22961,0.375,62311.8,181.8,0.292,69.0,moto_gp,-279.0,9.857142857142858,2025-02,-0.0016723333191674514,110.33816303070878,-1.672305352651282e-05
2025-02-02,16683628,222,22966,0.418,69371.3,310.2,0.447,51.0,moto_gp,351.0,7.285714285714286,2025-02,0.0021038589448290263,110.34048443886041,2.103903207983926e-05
2025-02-03,16684961,222,22972,0.476,78995.6,376.5,0.477,50.0,moto_gp,1333.0,7.142857142857143,2025-02,0.007989230541204142,110.34930049887788,7.98986887025066e-05
2025-02-04,16684541,222,22984,0.393,65119.1,374.3,0.575,50.0,moto_gp,-420.0,7.142857142857143,2025-02,-0.0025173002961244185,110.34652274553405,-2.517236929711064e-05
2025-02-05,16693479,222,23001,0.186,30913.4,110.0,0.356,81.0,moto_gp,8938.0,11.571428571428571,2025-02,0.053541865060003364,110.40563598217025,0.0005357054773038605
2025-02-06,16697274,222,23009,0.715,118358.1,1008.2,0.852,78.0,moto_gp,3795.0,11.142857142857142,2025-02,0.02272826091252979,110.43073496774136,0.00022733427825327723
2025-02-07,16698977,222,23020,0.558,92625.3,540.5,0.584,71.0,moto_gp,1703.0,10.142857142857142,2025-02,0.0101982295083106,110.44199809618075,0.00010199269653243803
2025-02-08,16698926,222,23032,0.327,54386.8,213.4,0.392,71.0,moto_gp,-51.0,10.142857142857142,2025-02,-0.00030540886282147726,110.44166079756043,-3.054079300790491e-06
2025-02-09,16700271,222,23053,0.328,54598.3,232.3,0.425,78.0,moto_gp,1345.0,11.142857142857142,2025-02,0.008053761522792054,110.45055622195916,8.054410205771134e-05
2025-02-10,16700922,222,23061,0.515,85663.1,285.4,0.333,77.0,moto_gp,651.0,11.0,2025-02,0.0038979883865094397,110.4548617396421,3.898140335567568e-05
2025-02-11,16701929,222,23067,0.521,86804.4,259.9,0.299,65.0,moto_gp,1007.0,9.285714285714286,2025-02,0.006029243687959636,110.46152173396888,6.029607227664435e-05
2025-02-12,16702652,222,23078,0.364,60555.0,223.3,0.369,52.0,moto_gp,723.0,7.428571428571429,2025-02,0.004328653916755256,110.46630343793933,4.328841297307484e-05
2025-02-13,16703036,222,23092,0.243,40558.6,65.8,0.162,75.0,moto_gp,384.0,10.714285714285714,2025-02,0.0022989832507096315,110.46884309813943,2.2990361051578034e-05
2025-02-14,16704001,222,23095,0.332,55304.9,205.1,0.371,66.0,moto_gp,965.0,9.428571428571429,2025-02,0.005777059041124339,110.47522531713182,5.7773928045179446e-05
2025-02-15,16705492,222,23098,0.278,46325.1,197.4,0.426,51.0,moto_gp,1491.0,7.285714285714286,2025-02,0.008925208548182836,110.48508634150242,8.926005212761545e-05
2025-02-16,16706069,222,23101,0.303,50439.4,221.2,0.439,40.0,moto_gp,577.0,5.714285714285714,2025-02,0.0034538346513473634,110.48890244550098,3.4539539452094203e-05
2025-02-17,16706393,222,23109,0.31,51432.0,280.2,0.545,38.0,moto_gp,324.0,5.428571428571429,2025-02,0.001939377338962396,110.49104528379479,1.939414951546148e-05
2025-02-18,16706172,222,23113,0.33,54823.6,359.3,0.655,33.0,moto_gp,-221.0,4.714285714285714,2025-02,-0.0013228643880836375,110.48958365644006,-1.3228468886183897e-05
2025-02-19,16706341,222,23116,0.302,50137.0,343.9,0.686,28.0,moto_gp,169.0,4.0,2025-02,0.0010115919458366137,110.49070137147604,1.0116021791128915e-05
2025-02-20,16706413,222,23118,0.344,57127.2,392.4,0.687,21.0,moto_gp,72.0,3.0,2025-02,0.0004309722260547492,110.49117755776354,4.309740834429476e-06
2025-02-21,16706840,214,23122,0.313,51999.1,359.1,0.691,21.0,moto_gp,427.0,3.0,2025-02,0.002555839404698914,110.49400160699645,2.555904729528713e-05
2025-02-22,16706825,214,23124,0.287,47515.4,352.5,0.742,21.0,moto_gp,-15.0,3.0,2025-02,-8.97836662561558e-05,110.49390240151989,-8.978358564393218e-07
2025-02-23,16706787,214,23127,0.245,40576.2,288.2,0.71,22.0,moto_gp,-38.0,3.142857142857143,2025-02,-0.00022745247186068752,110.49365108097923,-2.2745195451534528e-06
2025-02-24,16706902,214,23138,0.204,33898.9,193.1,0.57,28.0,moto_gp,115.0,4.0,2025-02,0.00068833826881848,110.49441165629959,6.883430069493102e-06
2025-02-25,16707382,214,23146,0.258,42795.1,230.4,0.538,40.0,moto_gp,480.0,5.714285714285714,2025-02,0.002872981535946206,110.49758623154969,2.8730640785568085e-05
2025-02-26,16708310,214,23154,0.308,51208.6,329.8,0.644,52.0,moto_gp,928.0,7.428571428571429,2025-02,0.005554122469597464,110.50372374369988,5.554430969501034e-05
2025-02-27,16710010,214,23168,0.234,38827.5,249.1,0.642,68.0,moto_gp,1700.0,9.714285714285714,2025-02,0.010173542684893665,110.51496703104398,0.0001017457779990405
2025-02-28,16714649,214,23187,0.279,46562.0,152.0,0.326,121.0,moto_gp,4639.0,17.285714285714285,2025-02,0.02775409761820305,110.5456479780965,0.0002776180265602335
2025-03-01,16723231,214,23215,0.354,59005.0,170.0,0.288,231.0,moto_gp,8582.0,33.0,2025-03,0.05131783445435873,110.60240673808887,0.0005134418317729317
2025-03-02,16738204,214,23240,0.099,16556.0,31.0,0.187,129.0,moto_gp,14973.0,18.428571428571427,2025-03,0.08945404178369436,110.70143364479665,0.0008953413368504304
2025-03-03,16743374,214,23250,1.157,191973.3,1680.7,0.875,112.0,moto_gp,5170.0,16.0,2025-03,0.030877886380606442,110.73562646571958,0.00030887423764225375
2025-03-04,16745868,214,23258,0.635,105564.7,763.6,0.723,71.0,moto_gp,2494.0,10.142857142857142,2025-03,0.014893226197650667,110.75212102962323,0.00014895444609908104
2025-03-05,16747885,214,23262,0.404,67200.4,439.2,0.654,51.0,moto_gp,2017.0,7.285714285714286,2025-03,0.01204331173757164,110.76546085937207,0.00012044762325835734
2025-03-06,16749360,214,23265,0.363,60419.4,335.3,0.555,40.0,moto_gp,1475.0,5.714285714285714,2025-03,0.008806306629029408,110.77521606456769,8.807082207695771e-05
2025-03-07,16751363,214,23270,0.364,60582.8,317.1,0.523,38.0,moto_gp,2003.0,5.428571428571429,2025-03,0.01195723595745612,110.78846330253842,0.00011958665883349262
2025-03-08,16752848,214,23272,0.336,56062.6,296.9,0.53,33.0,moto_gp,1485.0,4.714285714285714,2025-03,0.00886416446922935,110.7982846447184,8.864950272990946e-05
2025-03-09,16753643,214,23274,0.301,50216.0,260.2,0.518,28.0,moto_gp,795.0,4.0,2025-03,0.004745236603167442,110.80354253497637,4.745461786548333e-05
2025-03-10,16754755,214,23282,0.276,45941.4,236.9,0.516,29.0,moto_gp,1112.0,4.142857142857143,2025-03,0.006636921876804525,110.81089696763911,6.637362393369095e-05
2025-03-11,16756890,214,23285,0.23,38291.7,189.7,0.495,28.0,moto_gp,2135.0,4.0,2025-03,0.012741027720537642,110.8250172138036,0.00012742651265273963
2025-03-12,16759432,214,23289,0.297,49592.7,258.5,0.521,27.0,moto_gp,2542.0,3.857142857142857,2025-03,0.015167578471633168,110.84182923523225,0.00015169879374998807
2025-03-13,16761454,214,23301,0.418,69695.8,343.7,0.493,40.0,moto_gp,2022.0,5.714285714285714,2025-03,0.01206339259112008,110.85520213347331,0.00012064848021098307
2025-03-14,16762070,214,23314,0.489,81748.0,157.0,0.192,52.0,moto_gp,616.0,7.428571428571429,2025-03,0.0036749637723741757,110.85927617171092,3.675098830924206e-05
2025-03-15,16767572,214,23338,0.438,73117.0,358.0,0.49,162.0,moto_gp,5502.0,23.142857142857142,2025-03,0.03281333755417898,110.89566474051517,0.00032824108239615235
2025-03-16,16777898,214,23364,0.094,15726.0,62.0,0.394,182.0,moto_gp,10326.0,26.0,2025-03,0.06154525435784626,110.96395779058292,0.0006158315586777263
2025-03-17,16785516,214,23382,0.381,63134.0,766.0,1.213,158.0,moto_gp,7618.0,22.571428571428573,2025-03,0.04538436590212657,111.01434094528138,0.0004540497266105614
2025-03-18,16788880,214,23387,0.503,83797.7,644.7,0.769,85.0,moto_gp,3364.0,12.142857142857142,2025-03,0.02003707215728506,111.03658942682581,0.0002004108780451208
2025-03-19,16791717,214,23390,0.404,67347.4,475.8,0.706,58.0,moto_gp,2837.0,8.285714285714286,2025-03,0.016895234716020998,111.0553524892936,0.00016898089687944484
2025-03-20,16794123,214,23395,0.338,56500.3,250.6,0.444,45.0,moto_gp,2406.0,6.428571428571429,2025-03,0.014326440267229196,111.0712650477347,0.00014328493030224543
2025-03-21,16796376,214,23399,0.354,59247.9,235.6,0.398,39.0,moto_gp,2253.0,5.571428571428571,2025-03,0.013413607792538106,111.08616571031484,0.00013415407282657554
2025-03-22,16799166,214,23401,0.3,50141.1,204.6,0.408,32.0,moto_gp,2790.0,4.571428571428571,2025-03,0.01660796732409216,111.10461792895605,0.00016610726028032374
2025-03-23,16802394,214,23406,0.258,43112.9,164.7,0.382,28.0,moto_gp,3228.0,4.0,2025-03,0.019211548068685927,111.12596694751295,0.00019215239613679103
2025-03-24,16802682,214,23414,0.23,38547.3,124.6,0.323,29.0,moto_gp,288.0,4.142857142857143,2025-03,0.0017140120844993676,111.12787169266302,1.714041463385385e-05
2025-03-25,16806292,214,23422,0.197,32919.9,169.9,0.516,33.0,moto_gp,3610.0,4.714285714285714,2025-03,0.021480050447772774,111.15174714402313,0.00021484665364734923
2025-03-26,16809836,214,23427,0.289,48270.3,263.1,0.545,32.0,moto_gp,3544.0,4.571428571428571,2025-03,0.021082894562445463,111.17518609128636,0.00021087340384173814
2025-03-27,16813460,214,23439,0.407,68099.1,328.8,0.483,49.0,moto_gp,3624.0,7.0,2025-03,0.021554159584047543,111.1991541344246,0.00021558806403576547
2025-03-28,16817687,214,23458,0.348,58471.0,125.0,0.214,143.0,moto_gp,4227.0,20.428571428571427,2025-03,0.025134253003995136,111.22711023772078,0.0002514057189895169
2025-03-29,16823827,214,23485,0.31,51839.0,236.0,0.455,163.0,moto_gp,6140.0,23.285714285714285,2025-03,0.03649585792816343,111.26771834612829,0.00036509182267452367
2025-03-30,16832280,214,23516,0.463,77587.0,320.0,0.412,184.0,moto_gp,8453.0,26.285714285714285,2025-03,0.05021898399979088,111.32362393902223,0.000502442161346428
2025-03-31,16839957,214,23529,0.35,58726.0,198.0,0.337,153.0,moto_gp,7677.0,21.857142857142858,2025-03,0.04558800239216763,111.37439730192848,0.00045608794530505037
2025-04-01,16844304,214,23539,0.501,83885.6,546.8,0.652,87.0,moto_gp,4347.0,12.428571428571429,2025-04,0.025806943403538667,111.4031470490372,0.000258136051060065
2025-04-02,16849475,214,23544,0.433,72568.8,463.6,0.639,59.0,moto_gp,5171.0,8.428571428571429,2025-04,0.03068938349711193,111.43734648365857,0.00030698804771045474
2025-04-03,16855897,214,23548,0.483,80934.1,423.7,0.524,48.0,moto_gp,6422.0,6.857142857142857,2025-04,0.038099425975372296,111.47981965502551,0.0003811394717045946
2025-04-04,16862765,214,23552,0.405,67869.1,421.3,0.621,39.0,moto_gp,6868.0,5.571428571428571,2025-04,0.04072878913985933,111.52524253589569,0.00040745384241480664
2025-04-05,16868822,214,23555,0.441,73910.2,451.9,0.611,33.0,moto_gp,6057.0,4.714285714285714,2025-04,0.035906478828219304,111.56530170733288,0.0003591937621143515
2025-04-06,16875675,214,23558,0.403,67670.6,327.7,0.484,32.0,moto_gp,6853.0,4.571428571428571,2025-04,0.04060874602052955,111.61062538272645,0.00040625243422454105
2025-04-07,16880756,214,23566,0.422,70825.1,333.9,0.471,28.0,moto_gp,5081.0,4.0,2025-04,0.030099362848441148,111.64422958448846,0.000301084252926076
2025-04-08,16884706,214,23570,0.262,43974.6,217.3,0.494,32.0,moto_gp,3950.0,4.571428571428571,2025-04,0.023393951899428986,111.67035369331737,0.00023399425949888197
2025-04-09,16888912,214,23573,0.276,46404.7,224.1,0.483,32.0,moto_gp,4206.0,4.571428571428571,2025-04,0.024903913289381813,111.69817090894637,0.0002491011688328104
2025-04-10,16892964,214,23588,0.437,73423.8,385.2,0.525,52.0,moto_gp,4052.0,7.428571428571429,2025-04,0.023986317617204416,111.72496961501595,0.00023992072431910927
2025-04-11,16897512,214,23604,0.13,21888.3,132.3,0.604,115.0,moto_gp,4548.0,16.428571428571427,2025-04,0.02691520503136793,111.75504871551063,0.000269224512643218
2025-04-12,16904430,214,23636,0.251,42353.0,121.0,0.286,476.0,moto_gp,6918.0,68.0,2025-04,0.0409241837790449,111.8008022813027,0.0004094093852395897
2025-04-13,16921160,214,23664,0.392,65721.0,547.0,0.832,175.0,moto_gp,16730.0,25.0,2025-04,0.09887029021650998,111.91144945616549,0.0009896814030405654
2025-04-14,16933708,214,23674,0.928,156498.0,615.0,0.393,142.0,moto_gp,12548.0,20.285714285714285,2025-04,0.07410072265330192,111.99443814416183,0.0007415567254254185
2025-04-15,16939982,214,23677,0.622,104369.8,1046.7,1.003,81.0,moto_gp,6274.0,11.571428571428571,2025-04,0.03703663911803448,112.03593248816,0.00037050361326640413
2025-04-16,16944557,214,23681,0.596,100063.7,879.9,0.879,56.0,moto_gp,4575.0,8.0,2025-04,0.02699982065037168,112.06619015851248,0.00027007112522325905
2025-04-17,16947731,214,23683,0.55,92640.1,576.1,0.622,43.0,moto_gp,3174.0,6.142857142857143,2025-04,0.018728170750409008,112.08718203735377,0.00018731678851202638
2025-04-18,16950441,214,23687,0.534,89964.7,527.8,0.587,35.0,moto_gp,2710.0,5.0,2025-04,0.015987784624600623,112.10510516011996,0.0001599034112589326
2025-04-19,16952863,214,23690,0.508,85653.6,509.9,0.595,30.0,moto_gp,2422.0,4.285714285714286,2025-04,0.014286672404537216,112.12112353773607,0.00014288713786259066
2025-04-20,16955540,214,23695,0.428,72176.6,403.4,0.559,27.0,moto_gp,2677.0,3.857142857142857,2025-04,0.01578835000241809,112.13882840845382,0.0001579084311600365
2025-04-21,16957216,214,23699,0.358,60409.5,381.6,0.632,28.0,moto_gp,1676.0,4.0,2025-04,0.009883697890031006,112.1499129670354,9.884674861426745e-05
2025-04-22,16958825,214,23703,0.307,51779.4,342.9,0.662,27.0,moto_gp,1609.0,3.857142857142857,2025-04,0.009487685615011654,112.16055440782166,9.488585862205134e-05
2025-04-23,16960688,214,23711,0.342,57654.3,435.0,0.754,32.0,moto_gp,1863.0,4.571428571428571,2025-04,0.01098422422486635,112.1728757280111,0.00010985430889220993
2025-04-24,16963184,214,23726,0.33,55666.2,363.1,0.652,41.0,moto_gp,2496.0,5.857142857142857,2025-04,0.01471421874572604,112.18938351931162,0.00014716384146673533
2025-04-25,16966424,214,23742,0.766,129324.0,652.0,0.504,118.0,moto_gp,3240.0,16.857142857142858,2025-04,0.019096540319869407,112.2108119022498,0.00019100187794940382
2025-04-26,16971502,214,23769,0.424,71833.0,137.0,0.191,319.0,moto_gp,5078.0,45.57142857142857,2025-04,0.029920745965796074,112.24439626291647,0.0002992970115565097
2025-04-27,16981390,214,23803,0.18,30516.0,28.0,0.092,359.0,moto_gp,9888.0,51.285714285714285,2025-04,0.058228448907892694,112.3097925130685,0.0005826237418466995
2025-04-28,16985045,214,23810,0.845,141744.0,1832.0,1.292,128.0,moto_gp,3655.0,18.285714285714285,2025-04,0.021518930329592886,112.3339655808583,0.00021523561969893912
2025-04-29,16987706,214,23816,0.457,77247.4,352.7,0.457,76.0,moto_gp,2661.0,10.857142857142858,2025-04,0.015664269207390332,112.35156463240105,0.00015666723285101547
2025-04-30,16991155,214,23819,0.401,67958.0,258.9,0.381,54.0,moto_gp,3449.0,7.714285714285714,2025-04,0.020298796638604028,112.37437527831268,0.00020302917886616534
2025-05-01,16995229,214,23821,0.552,93451.5,309.2,0.331,41.0,moto_gp,4074.0,5.857142857142857,2025-05,0.02397143339463093,112.40131948574792,0.00023977181068612907
2025-05-02,16996717,214,23826,0.544,92168.4,251.8,0.273,35.0,moto_gp,1488.0,5.0,2025-05,0.008754631850374398,112.41116066902322,8.755398353277322e-05
2025-05-03,16999113,214,23829,0.525,88951.6,249.9,0.281,31.0,moto_gp,2396.0,4.428571428571429,2025-05,0.014094853066745305,112.42700709047998,0.00014096839995625388
2025-05-04,17002347,214,23830,0.482,81622.5,258.5,0.317,27.0,moto_gp,3234.0,3.857142857142857,2025-05,0.0190209034082177,112.4483957912275,0.00019024522044186476
2025-05-05,17007594,214,23840,0.535,90757.3,281.3,0.31,29.0,moto_gp,5247.0,4.142857142857143,2025-05,0.030850924592861283,112.48309786693014,0.0003086044532558674
2025-05-06,17011750,214,23844,0.392,66462.5,242.0,0.364,32.0,moto_gp,4156.0,4.571428571428571,2025-05,0.024430173262597908,112.51058439763723,0.0002443614305469577
2025-05-07,17013163,214,23849,0.393,66571.9,233.4,0.351,33.0,moto_gp,1413.0,4.714285714285714,2025-05,0.008305333934671642,112.51992955352972,8.306023777682192e-05
2025-05-08,17013876,214,23865,0.329,55867.6,153.9,0.275,52.0,moto_gp,713.0,7.428571428571429,2025-05,0.004190697052217848,112.52464512051581,4.1908726789996464e-05
2025-05-09,17016115,214,23875,0.248,41872.0,287.0,0.685,80.0,moto_gp,2239.0,11.428571428571429,2025-05,0.013158115116170759,112.53945319131782,0.00013159846703958422
2025-05-10,17020579,214,23902,0.479,80817.0,642.0,0.794,352.0,moto_gp,4464.0,50.285714285714285,2025-05,0.02622707488388027,112.56897674114374,0.0002623395528298378
2025-05-11,17032738,214,23933,0.193,32721.0,130.0,0.397,362.0,moto_gp,12159.0,51.714285714285715,2025-05,0.07138605666335031,112.6493927004478,0.0007143705275831636
2025-05-12,17038076,214,23937,0.531,89206.0,1284.0,1.439,126.0,moto_gp,5338.0,18.0,2025-05,0.03132982855575946,112.68469662270829,0.00031339647213490807
2025-05-13,17041327,214,23944,0.742,125753.5,651.0,0.518,76.0,moto_gp,3251.0,10.857142857142858,2025-05,0.01907715285317863,112.70619775632926,0.00019080792925207923
2025-05-14,17042566,214,23948,0.676,114575.7,677.2,0.591,54.0,moto_gp,1239.0,7.714285714285714,2025-05,0.007270031989314285,112.71439212869359,7.270560561400963e-05
2025-05-15,17044211,214,23951,0.6,101707.3,581.0,0.571,41.0,moto_gp,1645.0,5.857142857142857,2025-05,0.00965137077920474,112.72527166262361,9.652302358698073e-05
2025-05-16,17046212,214,23955,0.484,82067.0,429.8,0.524,34.0,moto_gp,2001.0,4.857142857142857,2025-05,0.011738678364436627,112.73850567319745,0.00011740056491915674
2025-05-17,17048175,214,23958,0.487,82659.2,432.4,0.523,29.0,moto_gp,1963.0,4.142857142857143,2025-05,0.011514428963804044,112.75148836323066,0.00011515754937230227
2025-05-18,17051101,214,23960,0.366,62046.4,304.5,0.491,24.0,moto_gp,2926.0,3.4285714285714284,2025-05,0.017160182207588824,112.7708400448594,0.0001716312743151871
2025-05-19,17052983,214,23966,0.275,46627.8,216.5,0.464,27.0,moto_gp,1882.0,3.857142857142857,2025-05,0.011036192318962612,112.78328702531914,0.00011037410428804684
2025-05-20,17054724,214,23971,0.305,51952.9,129.4,0.249,27.0,moto_gp,1741.0,3.857142857142857,2025-05,0.010208315303138298,112.7948014742992,0.00010209357506552053
2025-05-21,17056305,214,23975,0.299,50791.0,139.3,0.274,27.0,moto_gp,1581.0,3.857142857142857,2025-05,0.009269299534688198,112.80525773152921,9.270158813468043e-05
2025-05-22,17057559,213,23986,0.405,68849.2,178.3,0.259,40.0,moto_gp,1254.0,5.714285714285714,2025-05,0.007351579437597138,112.8135513093701,7.352119934544987e-05
2025-05-23,17059262,213,24001,0.355,60246.8,311.4,0.517,69.0,moto_gp,1703.0,9.857142857142858,2025-05,0.009982846854688086,112.82481443780952,9.983843526506497e-05
2025-05-24,17062090,213,24026,0.083,14057.0,34.0,0.242,161.0,moto_gp,2828.0,23.0,2025-05,0.01657475725424025,112.84351797699135,0.0001657750493544441
2025-05-25,17069708,213,24056,0.184,30923.0,442.0,1.429,375.0,moto_gp,7618.0,53.57142857142857,2025-05,0.04462876576447588,112.89390113168977,0.0004464869192462029
2025-05-26,17074524,213,24062,0.564,94951.0,1412.0,1.487,121.0,moto_gp,4816.0,17.285714285714285,2025-05,0.028205764330531267,112.92575270336577,0.00028213722226522187
2025-05-27,17077769,213,24068,0.462,78253.2,607.3,0.776,76.0,moto_gp,3245.0,10.857142857142858,2025-05,0.01900131100262569,112.94721415479611,0.0001900492218700478
2025-05-28,17081116,213,24075,0.405,68574.6,589.3,0.859,55.0,moto_gp,3347.0,7.857142857142857,2025-05,0.019594738423414488,112.96935020346712,0.00019598578713653225
2025-05-29,17084609,213,24080,0.307,51979.2,389.9,0.75,43.0,moto_gp,3493.0,6.142857142857143,2025-05,0.0204453025527245,112.99245185211002,0.00020449483511497668
2025-05-30,17087507,213,24086,0.333,56416.4,467.7,0.829,39.0,moto_gp,2898.0,5.571428571428571,2025-05,0.016959758963083382,113.0116183501825,0.00016962635785233715
2025-05-31,17090455,213,24088,0.298,50454.0,417.9,0.828,33.0,moto_gp,2948.0,4.714285714285714,2025-05,0.01724939447194355,113.03111553317686,0.0001725237040137717
2025-06-01,17093369,213,24092,0.3,50977.1,381.8,0.749,33.0,moto_gp,2914.0,4.714285714285714,2025-06,0.01704754633214786,113.05038785042434,0.0001705045301603203
2025-06-02,17095791,213,24100,0.33,56124.4,362.4,0.646,33.0,moto_gp,2422.0,4.714285714285714,2025-06,0.014167229816976589,113.06640622804045,0.00014169237205385876
2025-06-03,17096553,213,24107,0.25,42641.9,155.2,0.364,33.0,moto_gp,762.0,4.714285714285714,2025-06,0.004457038796066084,113.07144586624997,4.457237456878538e-05
2025-06-04,17096667,213,24114,0.272,46401.9,184.4,0.397,50.0,moto_gp,114.0,7.142857142857143,2025-06,0.0006667966335192701,113.07219982787188,6.668010797294954e-06
2025-06-05,17096639,213,24124,0.3,51040.7,198.1,0.388,54.0,moto_gp,-28.0,7.714285714285714,2025-06,-0.0001637748799632489,113.07201464431562,-1.6377461173888719e-06
2025-06-06,17098233,213,24140,0.121,20671.0,52.0,0.252,117.0,moto_gp,1594.0,16.714285714285715,2025-06,0.00932260076231269,113.08255687962534,9.323469952193797e-05
2025-06-07,17100616,213,24167,0.187,31862.0,97.0,0.304,261.0,moto_gp,2383.0,37.285714285714285,2025-06,0.013935170522512173,113.09831732300238,0.00013937112682937958
2025-06-08,17104731,213,24199,0.123,20884.0,153.0,0.733,385.0,moto_gp,4115.0,55.0,2025-06,0.024057671529590263,113.12553269207355,0.0002406346063790199
2025-06-09,17106260,213,24209,0.487,82741.0,597.0,0.722,132.0,moto_gp,1529.0,18.857142857142858,2025-06,0.008938248337158443,113.13564503698478,8.939047331413263e-05
2025-06-10,17109544,214,24216,0.295,50237.8,267.3,0.532,79.0,moto_gp,3284.0,11.285714285714286,2025-06,0.019193965660335544,113.15736442265423,0.0001919765045077515
2025-06-11,17117876,214,24224,0.343,58577.2,191.8,0.327,56.0,moto_gp,8332.0,8.0,2025-06,0.048674263091986414,113.21246975803719,0.00048697966468314036
2025-06-12,17121220,214,24228,0.395,66946.9,649.0,0.969,59.0,moto_gp,3344.0,8.428571428571429,2025-06,0.019531318445764966,113.23458596561287,0.00019535133914971858
2025-06-13,17123002,214,24233,0.434,70514.5,3813.5,5.408,42.0,moto_gp,1782.0,6.0,2025-06,0.010407053622957001,113.24637157622885,0.00010408136803330414
2025-06-14,17124688,214,24234,0.403,65640.4,3359.6,5.118,34.0,moto_gp,1686.0,4.857142857142857,2025-06,0.00984543484821446,113.25752227179484,9.846404269531206e-05
2025-06-15,17127105,214,24237,0.394,64248.2,3228.1,5.024,31.0,moto_gp,2417.0,4.428571428571429,2025-06,0.014112133953753422,113.27350758091876,0.00014114125758091234
2025-06-16,17128072,214,24243,0.337,54295.4,3498.6,6.444,31.0,moto_gp,967.0,4.428571428571429,2025-06,0.005645702563604357,113.27990302730804,5.646021321181749e-05
2025-06-17,17128581,214,24250,0.208,35264.6,305.9,0.867,28.0,moto_gp,509.0,4.0,2025-06,0.002971641375312993,113.28326939981281,2.9717296844644636e-05
2025-06-18,17128923,215,24257,0.22,37421.1,260.1,0.695,29.0,moto_gp,342.0,4.142857142857143,2025-06,0.001996622905012767,113.28553128467851,1.9966627708312146e-05
2025-06-19,17129545,215,24270,0.217,36934.1,225.9,0.612,26.0,moto_gp,622.0,3.7142857142857144,2025-06,0.0036311530749941114,113.28964500510676,3.631284932503753e-05
2025-06-20,17130792,215,24280,0.284,48404.8,298.5,0.617,52.0,moto_gp,1247.0,7.428571428571429,2025-06,0.007279289830849618,113.29789228705857,7.279819750038996e-05
2025-06-21,17135367,215,24311,0.147,24908.0,209.0,0.839,332.0,moto_gp,4575.0,47.42857142857143,2025-06,0.02669916553290046,113.3281499574111,0.00026706295891054666
2025-06-22,17154810,215,24348,0.168,28755.0,72.0,0.25,188.0,moto_gp,19443.0,26.857142857142858,2025-06,0.11333847474848163,113.4567400961354,0.0011346707660244704
2025-06-23,17164129,215,24359,1.09,184497.0,2549.0,1.382,129.0,moto_gp,9319.0,18.428571428571427,2025-06,0.05429346283752586,113.51837315187639,0.0005432295665179776
2025-06-24,17167632,215,24364,0.526,89627.2,590.9,0.659,76.0,moto_gp,3503.0,10.857142857142858,2025-06,0.020404677826272137,113.54154093750365,0.00020408842184771459
2025-06-25,17170338,215,24372,0.5,84943.3,831.0,0.978,64.0,moto_gp,2706.0,9.142857142857142,2025-06,0.0157597363546367,113.55943760547609,0.00015762220439019536
2025-06-26,17173084,215,24384,0.387,65485.3,956.5,1.461,49.0,moto_gp,2746.0,7.0,2025-06,0.015990138987266353,113.57759882138603,0.0001599269624161792
2025-06-27,17177456,215,24407,0.594,101660.0,352.0,0.346,142.0,moto_gp,4372.0,20.285714285714285,2025-06,0.025451964481818495,113.60651391095568,0.0002545844415597909
2025-06-28,17182102,215,24440,0.495,84103.0,871.0,1.036,334.0,moto_gp,4646.0,47.714285714285715,2025-06,0.02703976498335303,113.63724115389726,0.00027047078449804474
2025-06-29,17189787,215,24474,0.249,41473.0,1365.0,3.291,375.0,moto_gp,7685.0,53.57142857142857,2025-06,0.044706778507494015,113.68806742639102,0.00044726774407455316
2025-06-30,17195954,215,24479,0.257,43964.0,273.0,0.621,195.0,moto_gp,6167.0,27.857142857142858,2025-06,0.03586308732856578,113.72885410465636,0.00035875953553121676
2025-07-01,17200774,215,24484,0.466,79450.9,782.2,0.985,95.0,moto_gp,4820.0,13.571428571428571,2025-07,0.0280219948241864,113.76073213112609,0.00028029849347110947
2025-07-02,17202721,215,24490,0.446,75909.9,739.0,0.974,63.0,moto_gp,1947.0,9.0,2025-07,0.0113179769642256,113.7736090019843,0.00011319258075248584
2025-07-03,17205767,215,24493,0.397,67719.5,532.7,0.787,41.0,moto_gp,3046.0,5.857142857142857,2025-07,0.01770336655145917,113.79375432742556,0.0001770650119827799
2025-07-04,17208738,215,24501,0.252,43068.9,221.5,0.514,38.0,moto_gp,2971.0,5.428571428571429,2025-07,0.01726448505404638,113.81340362548397,0.00017267466193171543
2025-07-05,17212357,215,24504,0.244,41690.0,234.4,0.562,33.0,moto_gp,3619.0,4.714285714285714,2025-07,0.0210255922532864,113.83733860013004,0.00021030013938272418
2025-07-06,17217254,215,24507,0.246,42044.5,289.3,0.688,30.0,moto_gp,4897.0,4.285714285714286,2025-07,0.028442398538117634,113.8697258813795,0.000284504905400329
2025-07-07,17221555,215,24515,0.242,41420.6,292.4,0.706,35.0,moto_gp,4301.0,5.0,2025-07,0.02497451594818238,113.89817139836005,0.0002498075477077588
2025-07-08,17225532,215,24519,0.212,36304.2,298.6,0.822,39.0,moto_gp,3977.0,5.571428571428571,2025-07,0.0230878210321748,113.9244740770468,0.0002309315273794077
2025-07-09,17228529,215,24531,0.269,46113.6,285.9,0.62,36.0,moto_gp,2997.0,5.142857142857143,2025-07,0.017395565227884515,113.94429533126463,0.0001739859181126846
2025-07-10,17232623,215,24542,0.361,61790.7,363.7,0.589,57.0,moto_gp,4094.0,8.142857142857142,2025-07,0.023757265507404184,113.9713718126686,0.0002376291092525129
2025-07-11,17237051,215,24560,0.311,53380.7,305.8,0.573,81.0,moto_gp,4428.0,11.571428571428571,2025-07,0.025688848980025644,114.00065726935074,0.0002569544984534211
2025-07-12,17243688,216,24589,0.171,29249.0,255.0,0.872,100.0,moto_gp,6637.0,14.285714285714286,2025-07,0.038489446109208195,114.04455238588179,0.00038504266187988634
2025-07-13,17270233,216,24621,0.133,22954.0,41.0,0.179,360.0,moto_gp,26545.0,51.42857142857143,2025-07,0.1537037745813852,114.22011301091068,0.0015394038676646016
2025-07-14,17313246,216,24633,0.325,55905.0,431.0,0.771,131.0,moto_gp,43013.0,18.714285714285715,2025-07,0.2484398361809218,114.50458802181171,0.002490585969511905
2025-07-15,17325810,216,24637,1.012,174240.5,1141.4,0.655,76.0,moto_gp,12564.0,10.857142857142858,2025-07,0.07251609015682384,114.58768252898304,0.0007256871415100008
2025-07-16,17334239,216,24649,0.645,111019.5,843.1,0.759,65.0,moto_gp,8429.0,9.285714285714286,2025-07,0.04862630542938747,114.64342939311447,0.00048649962108560096
2025-07-17,17341723,216,24664,0.702,120733.2,993.3,0.823,59.0,moto_gp,7484.0,8.428571428571429,2025-07,0.04315603472619185,114.69292631222226,0.00043174667200562844
2025-07-18,17348559,216,24686,0.2,33793.0,923.0,2.731,144.0,moto_gp,6836.0,20.571428571428573,2025-07,0.039403849045906346,114.73813755474241,0.0003941938179961024
2025-07-19,17356631,216,24714,0.086,14960.0,37.0,0.247,155.0,moto_gp,8072.0,22.142857142857142,2025-07,0.04650672126405176,114.79152332853158,0.00046528360078790243
2025-07-20,17365942,216,24739,0.115,19899.0,43.0,0.216,199.0,moto_gp,9311.0,28.428571428571427,2025-07,0.05361644073209504,114.85310347468504,0.0005364520338078105
2025-07-21,17371702,216,24747,0.191,33102.0,64.0,0.193,170.0,moto_gp,5760.0,24.285714285714285,2025-07,0.03315737283543087,114.89119837768622,0.00033168370595726415
2025-07-22,17376337,216,24754,0.477,82345.8,505.5,0.614,76.0,moto_gp,4635.0,10.857142857142858,2025-07,0.026674206422216604,114.92185286994498,0.00026681323453514594
2025-07-23,17380074,216,24759,0.348,60195.3,343.8,0.571,54.0,moto_gp,3737.0,7.714285714285714,2025-07,0.02150163457301735,114.9465682610067,0.00021506258770198627
2025-07-24,17383704,216,24763,0.359,62044.5,308.6,0.497,47.0,moto_gp,3630.0,6.714285714285714,2025-07,0.020881625688058195,114.97057598633558,0.0002088598702167932
2025-07-25,17387139,216,24767,0.354,61355.9,262.8,0.428,39.0,moto_gp,3435.0,5.571428571428571,2025-07,0.0197559817057884,114.9932940404691,0.00019759885465142624
2025-07-26,17393165,216,24770,0.345,59683.0,376.3,0.63,36.0,moto_gp,6026.0,5.142857142857143,2025-07,0.034645793333185765,115.0331481872547,0.00034657800803228334
2025-07-27,17401788,216,24773,0.301,51986.7,342.9,0.66,31.0,moto_gp,8623.0,4.428571428571429,2025-07,0.04955237933021595,115.09017810888305,0.0004957694588649808
2025-07-28,17409033,216,24777,0.264,45687.2,240.2,0.526,28.0,moto_gp,7245.0,4.0,2025-07,0.04161632642088736,115.13809435406421,0.00041633652817751887
2025-07-29,17415750,216,24782,0.247,42794.1,250.9,0.586,27.0,moto_gp,6717.0,3.857142857142857,2025-07,0.038568537100038755,115.18251856647028,0.0003858341815998756
2025-07-30,17421892,216,24786,0.238,41189.4,258.2,0.627,26.0,moto_gp,6142.0,3.7142857142857144,2025-07,0.035254494747183604,115.22313990227467,0.0003526692792443775
2025-07-31,17427292,216,24791,0.176,30449.1,166.4,0.546,26.0,moto_gp,5400.0,3.7142857142857144,2025-07,0.030985881225838185,115.25885387383828,0.00030995485450135973
2025-08-01,17429041,216,24794,0.176,30598.1,108.3,0.354,23.0,moto_gp,1749.0,3.2857142857142856,2025-08,0.010034975533077237,115.27042123240582,0.00010035982641487529
2025-08-02,17432404,216,24797,0.178,30887.9,113.6,0.368,22.0,moto_gp,3363.0,3.142857142857143,2025-08,0.019291659371822728,115.29266310025183,0.00019295381771144982
2025-08-03,17437094,216,24802,0.233,40428.4,143.3,0.354,23.0,moto_gp,4690.0,3.2857142857142856,2025-08,0.02689668358729958,115.32368134592468,0.00026903919849496916
2025-08-04,17439429,216,24805,0.201,34838.7,136.7,0.392,22.0,moto_gp,2335.0,3.142857142857143,2025-08,0.013389199841348016,115.33912433177672,0.00013390992788142597
2025-08-05,17441892,216,24811,0.207,36005.8,126.1,0.35,22.0,moto_gp,2463.0,3.142857142857143,2025-08,0.014121174468916562,115.35541387102879,0.00014123168826229993
2025-08-06,17444261,216,24814,0.307,53347.5,242.8,0.455,19.0,moto_gp,2369.0,2.7142857142857144,2025-08,0.0135803975874931,115.37108172262771,0.0001358224210996628
2025-08-07,17448655,216,24820,0.333,57900.1,257.4,0.445,19.0,moto_gp,4394.0,2.7142857142857144,2025-08,0.025182456756695573,115.400142313563,0.00025188799915332183
2025-08-08,17451574,215,24825,0.302,52501.9,235.0,0.448,20.0,moto_gp,2919.0,2.857142857142857,2025-08,0.016726284975784992,115.41944769930264,0.00016729083129907174
2025-08-09,17453865,215,24829,0.313,54429.5,236.9,0.435,21.0,moto_gp,2291.0,3.0,2025-08,0.01312603254350827,115.43459968242342,0.00013127755696995536
2025-08-10,17455812,215,24832,0.283,49152.5,199.9,0.407,21.0,moto_gp,1947.0,3.0,2025-08,0.011153878146716978,115.44747655328165,0.0001115512237548355
2025-08-11,17456786,215,24839,0.192,33427.5,167.8,0.502,27.0,moto_gp,974.0,3.857142857142857,2025-08,0.005579492124151605,115.45391829555997,5.579803448840792e-05
2025-08-12,17458444,215,24846,0.17,29493.4,107.3,0.364,30.0,moto_gp,1658.0,4.285714285714286,2025-08,0.009496837175180102,115.46488380756968,9.49773916001373e-05
2025-08-13,17460725,215,24854,0.259,45089.3,182.7,0.405,39.0,moto_gp,2281.0,5.571428571428571,2025-08,0.013063604174511653,115.47996965370608,0.00013065310975024502
2025-08-14,17464192,215,24864,0.355,61731.1,203.2,0.329,51.0,moto_gp,3467.0,7.285714285714286,2025-08,0.019852049267438197,115.50289934618961,0.00019855991088579827
2025-08-15,17468235,209,24881,0.314,54720.5,168.9,0.309,56.0,moto_gp,4043.0,8.0,2025-08,0.02314486838538639,115.52963852897327,0.0002315022647483289
2025-08-16,17473655,209,24907,0.204,35536.3,161.0,0.453,95.0,moto_gp,5420.0,13.571428571428571,2025-08,0.03101812414174367,115.5654847745056,0.0003102774836725164
2025-08-17,17479632,209,24942,0.192,33423.0,213.0,0.637,178.0,moto_gp,5977.0,25.428571428571427,2025-08,0.034194083719840326,115.60501485006778,0.00034205780072915637
2025-08-18,17483307,209,24952,0.205,35742.0,114.0,0.319,192.0,moto_gp,3675.0,27.428571428571427,2025-08,0.021020050726101188,115.62932019182635,0.00021024470080366342
2025-08-19,17486551,209,24961,0.464,80575.3,621.8,0.772,97.0,moto_gp,3244.0,13.857142857142858,2025-08,0.018551399872965228,115.65077502955828,0.0001855484205590674
2025-08-20,17490066,209,24973,0.276,47861.8,439.5,0.918,67.0,moto_gp,3515.0,9.571428571428571,2025-08,0.02009712256088685,115.67402217956682,0.000201011623161218
2025-08-21,17492686,209,24991,0.272,47389.2,162.4,0.343,70.0,moto_gp,2620.0,10.0,2025-08,0.014977688389307395,115.6913500694736,0.0001497993203685155
2025-08-22,17495706,208,25010,0.426,74453.0,142.0,0.191,118.0,moto_gp,3020.0,16.857142857142858,2025-08,0.01726137830619696,115.71132343875547,0.00017264358372415245
2025-08-23,17500759,208,25041,0.159,27598.0,165.3,0.599,100.0,moto_gp,5053.0,14.285714285714286,2025-08,0.028873033449577815,115.7447424569612,0.00028881372377886905
2025-08-24,17510856,208,25069,0.1,17402.0,137.0,0.787,206.0,moto_gp,10097.0,29.428571428571427,2025-08,0.05766137303624677,115.81152097008672,0.0005769464055815909
2025-08-25,17517090,208,25079,0.169,29447.0,210.0,0.713,186.0,moto_gp,6234.0,26.571428571428573,2025-08,0.035588102818447584,115.85275076614737,0.0003560077245794435
2025-08-26,17521381,208,25082,0.379,65948.1,479.4,0.727,95.0,moto_gp,4291.0,13.571428571428571,2025-08,0.024490078721534563,115.88113014614356,0.00024496077830282736
2025-08-27,17525660,208,25083,0.324,56416.0,371.2,0.658,54.0,moto_gp,4279.0,7.714285714285714,2025-08,0.02441562828446974,115.9094301617585,0.00024421590969336826
2025-08-28,17529847,208,25088,0.314,54772.4,327.0,0.597,47.0,moto_gp,4187.0,6.714285714285714,2025-08,0.02388497743306031,115.93712171711717,0.00023890683717464611
2025-08-29,17534655,208,25092,0.283,49297.5,254.7,0.517,38.0,moto_gp,4808.0,5.428571428571429,2025-08,0.027419986307115826,115.96892037920566,0.0002742750692577012
2025-08-30,17540725,208,25094,0.265,46203.8,223.9,0.485,32.0,moto_gp,6070.0,4.571428571428571,2025-08,0.03460518308108701,116.00906552872252,0.0003461716241350832
2025-08-31,17546972,208,25098,0.239,41736.2,206.8,0.495,28.0,moto_gp,6247.0,4.0,2025-08,0.03560158413656783,116.05038130286287,0.0003561426337850282
2025-09-01,17553020,208,25111,0.22,38548.9,146.9,0.381,35.0,moto_gp,6048.0,5.0,2025-09,0.03445560934813496,116.09038095101411,0.00034467485330225145
2025-09-02,17557684,209,25122,0.175,30558.6,145.8,0.477,49.0,moto_gp,4664.0,7.0,2025-09,0.026563867990789674,116.12122724052757,0.0002657092625657498
2025-09-03,17562429,209,25130,0.251,43856.2,244.1,0.557,67.0,moto_gp,4745.0,9.571428571428571,2025-09,0.027017902819706775,116.1526092396145,0.0002702520446318246
2025-09-04,17567699,209,25150,0.295,51583.7,284.9,0.552,58.0,moto_gp,5270.0,8.285714285714286,2025-09,0.029998237105496855,116.1874634303812,0.0003000723874813094
2025-09-05,17574611,210,25176,0.246,43090.3,125.3,0.291,98.0,moto_gp,6912.0,14.0,2025-09,0.03932946225666104,116.23317731398262,0.0003934493640858072
2025-09-06,17582101,210,25213,0.418,73438.0,122.0,0.166,168.0,moto_gp,7490.0,24.0,2025-09,0.04260014204218256,116.28271391528105,0.0004261829749745427
2025-09-07,17593230,210,25242,0.147,25710.0,108.0,0.42,278.0,moto_gp,11129.0,39.714285714285715,2025-09,0.06325728703597919,116.35631776519426,0.0006329732720793402
2025-09-08,17602857,210,25260,0.114,20059.0,52.0,0.259,184.0,moto_gp,9627.0,26.285714285714285,2025-09,0.05468998583582199,116.41998784005405,0.0005471991214802685
2025-09-09,17611784,210,25269,0.649,113959.5,393.3,0.345,77.0,moto_gp,8927.0,11.0,2025-09,0.050687653221275025,116.47902832600745,0.0005071335863262583
2025-09-10,17616632,210,25277,0.581,101941.8,349.3,0.343,82.0,moto_gp,4848.0,11.714285714285714,2025-09,0.027519448666464736,116.51109153603345,0.00027527023951701146
2025-09-11,17619701,210,25295,0.234,41109.2,162.9,0.396,62.0,moto_gp,3069.0,8.857142857142858,2025-09,0.017418002723201716,116.53138897653876,0.00017421037119924598
2025-09-12,17623737,210,25314,0.216,37888.0,109.0,0.288,140.0,moto_gp,4036.0,20.0,2025-09,0.02290093185117322,116.55808186343334,0.00022906177579296028
2025-09-13,17631373,210,25344,0.318,55641.0,476.3,0.856,108.0,moto_gp,7636.0,15.428571428571429,2025-09,0.04330916259329321,116.60858406470366,0.00043327927555880663
2025-09-14,17641407,210,25367,0.255,44757.0,240.0,0.536,180.0,moto_gp,10034.0,25.714285714285715,2025-09,0.05687754950611366,116.67494591482762,0.0005690991847315807
2025-09-15,17647146,210,25382,0.58,101180.0,1252.0,1.237,132.0,moto_gp,5739.0,18.857142857142858,2025-09,0.032520839347053625,116.71290193016159,0.00032531418837500325
2025-09-16,17650417,210,25391,0.531,92893.8,791.3,0.852,98.0,moto_gp,3271.0,14.0,2025-09,0.018532140062186633,116.73453533775134,0.00018535575100919743
2025-09-17,17653083,210,25400,0.358,62992.6,187.5,0.298,83.0,moto_gp,2666.0,11.857142857142858,2025-09,0.015102177902862631,116.75216745778624,0.00015104459005121917
2025-09-18,17654309,210,25409,0.315,55324.4,199.2,0.36,63.0,moto_gp,1226.0,9.0,2025-09,0.006944480239923296,116.76027585207088,6.944962531463261e-05
2025-09-19,17655990,210,25411,0.338,59344.9,304.6,0.513,49.0,moto_gp,1681.0,7.0,2025-09,0.009520848165410153,116.77139347914466,9.521754717223274e-05
2025-09-20,17658560,210,25414,0.302,53146.8,250.0,0.47,40.0,moto_gp,2570.0,5.714285714285714,2025-09,0.014553848105394777,116.78839068412957,0.00014555966558660316
2025-09-21,17661230,210,25419,0.27,47457.1,240.3,0.506,36.0,moto_gp,2670.0,5.142857142857143,2025-09,0.015117859854608088,116.80604925895824,0.00015120145697045118
2025-09-22,17662518,210,25428,0.225,39545.6,273.4,0.691,38.0,moto_gp,1288.0,5.428571428571429,2025-09,0.007292278484868352,116.81456770254601,7.292810296899432e-05
2025-09-23,17663366,210,25438,0.16,28199.0,136.4,0.484,36.0,moto_gp,848.0,5.142857142857143,2025-09,0.004800896952483462,116.82017611882118,4.8011274496717604e-05
2025-09-24,17664764,210,25444,0.33,57677.8,537.5,0.932,52.0,moto_gp,1398.0,7.428571428571429,2025-09,0.00791405987648632,116.8294220692371,7.914686249499425e-05
2025-09-25,17666517,210,25456,0.489,85826.8,568.7,0.663,58.0,moto_gp,1753.0,8.285714285714286,2025-09,0.009922725571769467,116.84101588259838,9.923710274306607e-05
2025-09-26,17668893,210,25470,0.686,120639.5,487.5,0.404,95.0,moto_gp,2376.0,13.571428571428571,2025-09,0.013447361982439987,116.85673003008638,0.0001344917054109107
2025-09-27,17674661,210,25497,0.673,117333.0,1615.0,1.376,210.0,moto_gp,5768.0,30.0,2025-09,0.032634289280003725,116.89487784267507,0.0003264494272505747
2025-09-28,17702770,210,25534,0.296,51991.0,392.0,0.754,378.0,moto_gp,28109.0,54.0,2025-09,0.1587830605040906,117.08078229206053,0.001590355820686007
2025-09-29,17716879,210,25543,0.354,62492.0,261.0,0.418,161.0,moto_gp,14109.0,23.0,2025-09,0.07963592233146707,117.17409496331813,0.0007969939167711271
2025-09-30,17723165,210,25558,1.047,184619.3,1029.1,0.557,88.0,moto_gp,6286.0,12.571428571428571,2025-09,0.03546770568349389,117.21566867169753,0.00035480289728240244
2025-10-01,17728046,210,25571,0.441,77128.4,976.2,1.266,94.0,moto_gp,4881.0,13.428571428571429,2025-10,0.027532645165744718,117.24795013377197,0.0002754022771891407
2025-10-02,17731627,210,25586,0.315,55698.0,199.7,0.359,94.0,moto_gp,3581.0,13.428571428571429,2025-10,0.020195552275039396,117.27163378787739,0.00020199631702211285
2025-10-03,17736612,210,25601,0.266,46824.4,290.8,0.621,103.0,moto_gp,4985.0,14.714285714285714,2025-10,0.028105705869869622,117.30460307458937,0.0002811360739767288
2025-10-04,17746931,210,25624,0.242,42596.0,375.0,0.88,125.0,moto_gp,10319.0,17.857142857142858,2025-10,0.05814526466576108,117.37284982876804,0.0005817909305338986
2025-10-05,17765448,210,25647,0.272,48095.0,154.0,0.32,184.0,moto_gp,18517.0,26.285714285714285,2025-10,0.10423041400363221,117.49531568273903,0.001043391671495142
2025-10-06,17772171,210,25656,0.173,30560.0,145.0,0.474,127.0,moto_gp,6723.0,18.142857142857142,2025-10,0.037828805495963326,117.53977957733572,0.00037843121096625687
2025-10-07,17774827,210,25662,0.566,99745.6,772.6,0.775,69.0,moto_gp,2656.0,9.857142857142858,2025-10,0.014942480171536971,117.55734556038628,0.00014944713282361022
2025-10-08,17775643,210,25669,0.572,100823.2,868.1,0.861,58.0,moto_gp,816.0,8.285714285714286,2025-10,0.004590551239130984,117.56274233831144,4.590761980405311e-05
2025-10-09,17777305,210,25678,0.468,82501.8,648.5,0.786,45.0,moto_gp,1662.0,6.428571428571429,2025-10,0.009348998624932181,117.57373430511491,9.349872744413013e-05
2025-10-10,17778919,210,25682,0.434,76514.7,565.1,0.739,42.0,moto_gp,1614.0,6.0,2025-10,0.00907816723840184,117.58440881439336,9.078991444422257e-05
2025-10-11,17779021,210,25685,0.329,58336.5,228.1,0.391,44.0,moto_gp,102.0,6.285714285714286,2025-10,0.0005737098797509717,117.585083411634,5.737131711924803e-06
2025-10-12,17780680,210,25689,0.288,51059.3,223.7,0.438,37.0,moto_gp,1659.0,5.285714285714286,2025-10,0.009330351820065374,117.59605553734215,9.331222455943866e-05
2025-10-13,17781492,210,25698,0.212,37524.1,154.3,0.411,37.0,moto_gp,812.0,5.285714285714286,2025-10,0.004566545934390658,117.60142586047357,4.566754477330903e-05
2025-10-14,17782360,210,25708,0.265,46842.2,201.6,0.43,50.0,moto_gp,868.0,7.142857142857143,2025-10,0.004881241859910608,117.6071665507175,4.881480136753602e-05
2025-10-15,17783321,210,25715,0.405,71411.7,574.6,0.805,67.0,moto_gp,961.0,9.571428571428571,2025-10,0.005403940017727847,117.61352231491615,5.404232059191827e-05
2025-10-16,17782341,210,25729,0.252,44294.1,469.1,1.059,85.0,moto_gp,-980.0,12.142857142857142,2025-10,-0.005511085407708693,117.6070408904472,-5.510781703821355e-05
2025-10-17,17783132,210,25742,0.371,65726.3,192.3,0.293,98.0,moto_gp,791.0,14.0,2025-10,0.004448035362949563,117.61227232591142,4.448233221943099e-05
2025-10-18,17783726,211,25767,0.525,92799.0,532.0,0.573,373.0,moto_gp,594.0,53.285714285714285,2025-10,0.0033401324334394263,117.61620086278342,3.340244002014714e-05
2025-10-19,17787799,211,25789,0.327,57598.0,548.0,0.951,153.0,moto_gp,4073.0,21.857142857142858,2025-10,0.022897717699643445,117.64313845652019,0.00022902961955217904
2025-10-20,17790784,211,25794,0.288,50925.8,329.8,0.648,93.0,moto_gp,2985.0,13.285714285714286,2025-10,0.01677834995916987,117.66288034635674,0.00016781165561852163
2025-10-21,17793975,211,25799,0.333,58920.7,293.1,0.497,78.0,moto_gp,3191.0,11.142857142857142,2025-10,0.017933036322687876,117.68398465807147,0.00017936252837413846
2025-10-22,17795745,211,25812,0.319,56511.2,323.4,0.572,56.0,moto_gp,1770.0,8.0,2025-10,0.009946197813016538,117.6956909043062,9.947187179926154e-05
2025-10-23,17797207,211,25825,0.299,52954.7,343.5,0.649,64.0,moto_gp,1462.0,9.142857142857142,2025-10,0.008214772126884854,117.70536013142213,8.215447007131615e-05
2025-10-24,17799979,210,25841,0.242,42691.8,324.5,0.76,98.0,moto_gp,2772.0,14.0,2025-10,0.015573052080567062,117.72369330349144,0.0001557547765782541
2025-10-25,17806187,210,25866,0.081,14348.0,18.0,0.125,182.0,moto_gp,6208.0,26.0,2025-10,0.03486428621692,117.76475114339271,0.0003487644564075243
2025-10-26,17811890,210,25883,0.171,30346.0,89.0,0.293,115.0,moto_gp,5703.0,16.428571428571427,2025-10,0.03201793857922994,117.80246906558295,0.00032028193346511635
2025-10-27,17815340,210,25889,0.244,43124.3,271.3,0.629,88.0,moto_gp,3450.0,12.571428571428571,2025-10,0.019365333471042374,117.82528632519305,0.00019369084358822342
2025-10-28,17818245,210,25892,0.263,46485.6,350.9,0.755,75.0,moto_gp,2905.0,10.714285714285714,2025-10,0.01630351361764304,117.84449911915458,0.00016306172096625104
2025-10-29,17820409,210,25897,0.264,46732.3,327.6,0.701,50.0,moto_gp,2164.0,7.142857142857143,2025-10,0.012143380098627365,117.85881116257377,0.00012144854894513557
2025-10-30,17821778,209,25901,0.25,44354.4,252.6,0.57,40.0,moto_gp,1369.0,5.714285714285714,2025-10,0.0076816129120225824,117.86786531573499,7.682203029113488e-05
2025-10-31,17823316,209,25906,0.255,45229.4,280.2,0.62,36.0,moto_gp,1538.0,5.142857142857143,2025-10,0.0086291462262129,117.87803718393218,8.629890912126292e-05
2025-11-01,17823419,209,25908,0.224,39810.5,200.2,0.503,30.0,moto_gp,103.0,4.285714285714286,2025-11,0.000577891368653792,117.87871839487126,5.7789470826463685e-06
2025-11-02,17822333,209,25913,0.212,37488.2,249.7,0.666,29.0,moto_gp,-1086.0,4.142857142857143,2025-11,-0.006093478334177686,117.87153591836793,-6.093107052018709e-05
2025-11-03,17821047,209,25920,0.22,38859.0,266.9,0.687,33.0,moto_gp,-1286.0,4.714285714285714,2025-11,-0.007216186568611821,117.86303070217703,-7.215665872695176e-05
2025-11-04,17820143,209,25926,0.207,36648.4,185.2,0.505,34.0,moto_gp,-904.0,4.857142857142857,2025-11,-0.005072911031073095,117.85705191878935,-5.072653699866869e-05
2025-11-05,17819080,209,25932,0.167,29673.1,105.5,0.356,39.0,moto_gp,-1063.0,5.571428571428571,2025-11,-0.005965515615845487,117.85002155735005,-5.965159763310357e-05
2025-11-06,17818947,209,25941,0.2,35544.8,112.1,0.315,37.0,moto_gp,-133.0,5.285714285714286,2025-11,-0.0007463965182678864,117.84914193545784,-7.463909472371633e-06
2025-11-07,17820147,210,25953,0.238,42245.2,246.7,0.584,73.0,moto_gp,1200.0,10.428571428571429,2025-11,0.00673395118457777,117.85707837358308,6.734404676111971e-05
2025-11-08,17820835,210,25972,0.206,36515.8,239.4,0.656,60.0,moto_gp,688.0,8.571428571428571,2025-11,0.0038606496272481057,117.86162859810823,3.860798679156119e-05
2025-11-09,17823484,210,25992,0.132,23388.0,122.0,0.522,152.0,moto_gp,2649.0,21.714285714285715,2025-11,0.014862414104896662,117.87914828526971,0.00014864623346766415
2025-11-10,17826416,210,26002,0.313,55649.0,71.0,0.128,112.0,moto_gp,2932.0,16.0,2025-11,0.016447501281244642,117.89853964908907,0.00016450206929241595
2025-11-11,17828859,210,26006,0.193,34183.8,164.0,0.48,76.0,moto_gp,2443.0,10.857142857142858,2025-11,0.013702503340230578,117.91469691437237,0.0001370438118351025
2025-11-12,17830352,210,26020,0.198,35071.9,162.4,0.463,64.0,moto_gp,1493.0,9.142857142857142,2025-11,0.008373362455211203,117.92457116613988,8.374063645910645e-05
2025-11-13,17831664,210,26032,0.115,20361.0,91.4,0.449,62.0,moto_gp,1312.0,8.857142857142858,2025-11,0.0073576980813456335,117.93324833849015,7.358239478394424e-05
2025-11-14,17833873,210,26045,0.193,34208.6,241.9,0.707,80.0,moto_gp,2209.0,11.428571428571429,2025-11,0.012386541050281114,117.94785799833905,0.00012388075504343732
2025-11-15,17838151,210,26070,0.23,40528.0,429.0,1.059,324.0,moto_gp,4278.0,46.285714285714285,2025-11,0.023982306237905485,117.97615140025555,0.00023988059127710848
2025-11-16,17845529,210,26103,0.465,81864.0,1054.0,1.288,181.0,moto_gp,7378.0,25.857142857142858,2025-11,0.04134368894304002,118.02494726732893,0.0004136078901899598
2025-11-17,17851604,210,26119,0.396,69594.0,1019.0,1.464,210.0,moto_gp,6075.0,30.0,2025-11,0.03403055546157085,118.06512548533799,0.00034042140190959636
2025-11-18,17860339,210,26148,0.13,23054.0,225.0,0.976,141.0,moto_gp,8735.0,20.142857142857142,2025-11,0.048907246385412946,118.12289614119136,0.0004893117727684526
2025-11-19,17868202,210,26154,0.045,7896.0,137.0,1.735,155.0,moto_gp,7863.0,22.142857142857142,2025-11,0.04400554683677742,118.17489965200703,0.0004402492024366822
2025-11-20,17871392,210,26161,0.43,76212.7,612.4,0.804,76.0,moto_gp,3190.0,10.857142857142858,2025-11,0.017849756750901103,118.1959973500233,0.00017852943457885573
2025-11-21,17874422,210,26165,0.406,72005.3,517.2,0.718,63.0,moto_gp,3030.0,9.0,2025-11,0.01695159709220248,118.21603685628956,0.00016954471145846917
2025-11-22,17877519,210,26169,0.294,52237.3,305.5,0.585,47.0,moto_gp,3097.0,6.714285714285714,2025-11,0.01732343285441341,118.23651948035112,0.0001732643438763226
2025-11-23,17881606,211,26173,0.249,44270.8,220.3,0.498,38.0,moto_gp,4087.0,5.428571428571429,2025-11,0.022855888894990753,118.26354966586604,0.00022861114005801042
2025-11-24,17884825,211,26175,0.188,33567.2,141.4,0.421,35.0,moto_gp,3219.0,5.0,2025-11,0.017998498727272983,118.28483916113701,0.00018001738770001552
2025-11-25,17886578,211,26178,0.207,36887.0,172.3,0.467,30.0,moto_gp,1753.0,4.285714285714286,2025-11,0.009800644930517173,118.2964329744983,9.801605551085224e-05
2025-11-26,17887433,211,26181,0.198,35247.6,171.6,0.487,29.0,moto_gp,855.0,4.142857142857143,2025-11,0.004779892117555381,118.30208768666255,4.780120602165816e-05
2025-11-27,17888803,211,26184,0.21,37370.9,208.4,0.558,24.0,moto_gp,1370.0,3.4285714285714284,2025-11,0.007658421863106212,118.3111484535222,7.65900842227829e-05
2025-11-28,17890331,211,26190,0.235,41755.6,237.0,0.568,26.0,moto_gp,1528.0,3.7142857142857144,2025-11,0.008540926380847845,118.32125418473503,8.54165591739342e-05
2025-11-29,17892528,211,26192,0.249,44393.2,238.0,0.536,24.0,moto_gp,2197.0,3.4285714285714284,2025-11,0.01227886858693193,118.33578448020265,0.0001228037647822422
2025-11-30,17894523,211,26196,0.21,37468.5,179.4,0.479,20.0,moto_gp,1995.0,2.857142857142857,2025-11,0.011148662638283234,118.34897880858588,0.00011149905703655705
2025-12-01,17896027,211,26199,0.239,42538.4,185.2,0.435,21.0,moto_gp,1504.0,3.0,2025-12,0.00840409997146294,118.35892581103617,8.404806319783908e-05
2025-12-02,17897454,211,26203,0.256,45720.0,157.0,0.343,20.0,moto_gp,1427.0,2.857142857142857,2025-12,0.007973201104469942,118.36836355870679,7.973836874519691e-05
2025-12-03,17898478,211,26208,0.24,42710.4,214.0,0.501,22.0,moto_gp,1024.0,3.142857142857143,2025-12,0.005721156849202485,118.37513598590701,5.721484184295633e-05
2025-12-04,17899820,211,26215,0.243,43227.9,212.4,0.491,23.0,moto_gp,1342.0,3.2857142857142856,2025-12,0.007497282095574146,118.38401156921041,7.497844230108797e-05
2025-12-05,17902416,211,26218,0.274,48727.3,243.9,0.501,22.0,moto_gp,2596.0,3.142857142857143,2025-12,0.014500836088268758,118.40118073035468,0.00014502939135696558
2025-12-06,17904681,211,26223,0.26,46402.4,238.2,0.513,23.0,moto_gp,2265.0,3.2857142857142856,2025-12,0.01265032311941218,118.41616075731609,0.00012651923628625994
2025-12-07,17907676,211,26226,0.254,45268.8,251.0,0.554,23.0,moto_gp,2995.0,3.2857142857142856,2025-12,0.016724671587759348,118.43596878413703,0.0001672746920204915
2025-12-08,17910860,211,26232,0.266,47473.7,240.9,0.507,24.0,moto_gp,3184.0,3.4285714285714284,2025-12,0.017776924167795406,118.45702679996266,0.00017780084920016037
2025-12-09,17911740,211,26237,0.246,43913.9,225.8,0.514,26.0,moto_gp,880.0,3.7142857142857144,2025-12,0.004912978861908447,118.46284685458785,4.913220247382277e-05
2025-12-10,17913180,211,26243,0.24,42860.9,158.4,0.37,27.0,moto_gp,1440.0,3.857142857142857,2025-12,0.008038773685074342,118.47237058033815,8.039419955840899e-05
2025-12-11,17914608,211,26248,0.215,38447.8,142.5,0.371,24.0,moto_gp,1428.0,3.4285714285714284,2025-12,0.007971148461635331,118.4818149417072,7.971783904370255e-05
2025-12-12,17916198,211,26252,0.218,38834.9,211.0,0.543,28.0,moto_gp,1590.0,4.0,2025-12,0.008874650749003779,118.49233072222314,8.875438413169512e-05
2025-12-13,17917850,211,26256,0.223,39792.0,220.3,0.554,26.0,moto_gp,1652.0,3.7142857142857144,2025-12,0.009219856176940872,118.50325655204223,9.220706312795812e-05
2025-12-14,17918889,211,26259,0.212,37706.4,224.6,0.596,28.0,moto_gp,1039.0,4.0,2025-12,0.00579835055622031,118.510128184719,5.7986867844084244e-05
2025-12-15,17920347,211,26265,0.209,37213.5,222.3,0.597,29.0,moto_gp,1458.0,4.142857142857143,2025-12,0.008136003170027903,118.51977095704117,8.136665169367063e-05
2025-12-16,17921028,211,26271,0.251,44823.1,201.8,0.45,26.0,moto_gp,681.0,3.7142857142857144,2025-12,0.0038000052229146676,118.52427488567727,3.80014962879649e-05
2025-12-17,17920527,211,26275,0.272,48574.8,230.3,0.474,26.0,moto_gp,-501.0,3.7142857142857144,2025-12,-0.0027956767119627674,118.52096142275997,-2.7955985560601526e-05
2025-12-18,17920161,211,26280,0.249,44362.8,169.7,0.383,26.0,moto_gp,-366.0,3.7142857142857144,2025-12,-0.002042392364666813,118.51854080913178,-2.0423506518540968e-05
2025-12-19,17920498,211,26285,0.264,47134.0,188.6,0.4,26.0,moto_gp,337.0,3.7142857142857144,2025-12,0.0018805280969312348,118.52076962550528,1.8805634614649236e-05
2025-12-20,17920859,211,26287,0.285,50957.5,190.2,0.373,23.0,moto_gp,361.0,3.2857142857142856,2025-12,0.002014412367175033,118.52315717064128,2.0144529465637717e-05
2025-12-21,17921283,211,26290,0.247,44055.9,169.2,0.384,22.0,moto_gp,424.0,3.142857142857143,2025-12,0.0023659020394912575,118.52596137877889,2.3659580157486815e-05
2025-12-22,17921369,202,26292,0.249,44422.8,179.9,0.405,21.0,moto_gp,86.0,3.0,2025-12,0.00047987405426449284,118.52653015684452,4.798763570734721e-06
2025-12-23,17920809,202,26295,0.23,41106.4,124.6,0.303,22.0,moto_gp,-560.0,3.142857142857143,2025-12,-0.003124858927964692,118.5228264857194,-3.1247612835794136e-05
2025-12-24,17920447,202,26297,0.26,46544.8,89.8,0.193,20.0,moto_gp,-362.0,2.857142857142857,2025-12,-0.002020038897467234,118.52043232688496,-2.0199980927171346e-05
2025-12-25,17920590,202,26299,0.212,37872.7,96.7,0.255,19.0,moto_gp,143.0,2.7142857142857144,2025-12,0.000797964799150028,118.52137808576155,7.97971166677236e-06
2025-12-26,17918987,202,26302,0.222,39577.2,138.2,0.349,17.0,moto_gp,-1603.0,2.4285714285714284,2025-12,-0.00894581819831668,118.51077632716591,-8.945017993267079e-05
2025-12-27,17918899,202,26304,0.217,38694.9,133.6,0.345,17.0,moto_gp,-88.0,2.4285714285714284,2025-12,-0.0004911016017222933,118.51019432170338,-4.910991899254036e-06
2025-12-28,17918288,202,26306,0.222,39555.3,148.8,0.376,16.0,moto_gp,-611.0,2.2857142857142856,2025-12,-0.0034099239838091674,118.50615335195795,-3.4098077119626424e-05
2025-12-29,17917465,202,26310,0.214,38137.1,151.8,0.398,17.0,moto_gp,-823.0,2.4285714285714284,2025-12,-0.004593283703916821,118.50071027814373,-4.593072731051695e-05
2025-12-30,17916526,202,26315,0.223,39793.5,135.0,0.339,17.0,moto_gp,-939.0,2.4285714285714284,2025-12,-0.005240971380277627,118.49450001531072,-5.2406967168572294e-05
2025-12-31,17916416,202,26321,0.2,35785.1,115.2,0.322,19.0,moto_gp,-110.0,2.7142857142857144,2025-12,-0.0006139620781299117,118.49377250848256,-6.139583086595124e-06
2026-01-01,17915851,195,26325,0.211,37537.9,285.4,0.76,21.0,moto_gp,-565.0,3.0,2026-01,-0.0031536319430207358,118.49003576886525,-3.1535324922171704e-05
2026-01-02,17914177,195,26331,0.189,33495.2,274.8,0.82,23.0,moto_gp,-1674.0,3.2857142857142856,2026-01,-0.009344554315836,118.47896443768053,-9.343681190476794e-05
2026-01-03,17913054,195,26333,0.249,44256.1,333.3,0.753,26.0,moto_gp,-1123.0,3.7142857142857144,2026-01,-0.006269171074904369,118.47153725433499,-6.268778074480785e-05
2026-01-04,17911996,195,26336,0.271,48226.7,318.8,0.661,26.0,moto_gp,-1058.0,3.7142857142857144,2026-01,-0.005906656075626636,118.4645399613879,-5.9063072103682224e-05
2026-01-05,17910248,195,26340,0.292,51842.9,377.0,0.727,29.0,moto_gp,-1748.0,4.142857142857143,2026-01,-0.009759775520696307,118.4529792165188,-9.7588230814738e-05
2026-01-06,17908968,195,26344,0.299,53340.6,241.1,0.452,26.0,moto_gp,-1280.0,3.7142857142857144,2026-01,-0.007147257173054304,118.44451368251853,-7.146746376707203e-05
2026-01-07,17908092,206,26348,0.291,51919.1,243.8,0.47,26.0,moto_gp,-876.0,3.7142857142857144,2026-01,-0.00489164339785612,118.4387200826871,-4.891404127804755e-05
2026-01-08,17907646,206,26351,0.232,41210.3,256.6,0.623,23.0,moto_gp,-446.0,3.2857142857142856,2026-01,-0.0024905562685346807,118.43577037318389,-2.4904942413694897e-05
2026-01-09,17907313,206,26357,0.231,41205.6,244.5,0.593,24.0,moto_gp,-333.0,3.4285714285714284,2026-01,-0.0018595754706471038,118.43356801160414,-1.8595408910804245e-05
2026-01-10,17907390,206,26360,0.22,39141.0,240.8,0.615,23.0,moto_gp,77.0,3.2857142857142856,2026-01,0.00042999007672251516,118.43407726638384,4.299919256434137e-06
2026-01-11,17906811,207,26365,0.218,38815.7,222.1,0.572,23.0,moto_gp,-579.0,3.2857142857142856,2026-01,-0.0032334065512837546,118.4302479349884,-3.233302005489769e-05
2026-01-12,17905839,207,26373,0.205,36419.9,225.4,0.619,23.0,moto_gp,-972.0,3.2857142857142856,2026-01,-0.005428396848648086,118.42381942010695,-5.4281021897195636e-05
2026-01-13,17905204,207,26383,0.235,41883.7,146.4,0.35,33.0,moto_gp,-635.0,4.714285714285714,2026-01,-0.0035464549859359324,118.419619721599,-3.5463292169635174e-05
2026-01-14,17904704,207,26392,0.208,37115.3,114.4,0.308,35.0,moto_gp,-500.0,5.0,2026-01,-0.0027925622227544227,118.41631287238015,-2.7924842408988404e-05
2026-01-15,17902736,207,26400,0.201,35681.1,265.5,0.744,30.0,moto_gp,-1968.0,4.285714285714286,2026-01,-0.010992733177766795,118.40329711385476,-0.00010991524908765538
2026-01-16,17903048,207,26402,0.208,36903.4,338.5,0.917,40.0,moto_gp,312.0,5.714285714285714,2026-01,0.0017427200105814382,118.40536058776732,1.7427503818501222e-05
2026-01-17,17903301,207,26406,0.209,37102.9,315.1,0.849,38.0,moto_gp,253.0,5.428571428571429,2026-01,0.0014131472179348377,118.40703385347207,1.4131671880690533e-05
2026-01-18,17903093,207,26411,0.203,36095.3,306.8,0.85,35.0,moto_gp,-208.0,5.0,2026-01,-0.0011618104201324318,118.40565820419701,-1.161796922255487e-05
2026-01-19,17901960,207,26419,0.203,36093.9,255.7,0.708,30.0,moto_gp,-1133.0,4.285714285714286,2026-01,-0.0063289159399305996,118.3981648838671,-6.32851541351176e-05
2026-01-20,17901186,207,26423,0.168,29822.9,179.8,0.603,27.0,moto_gp,-774.0,3.857142857142857,2026-01,-0.00432373586867373,118.39304588127631,-4.3235489298409924e-05
2026-01-21,17899949,207,26435,0.227,40539.8,182.3,0.45,26.0,moto_gp,-1237.0,3.7142857142857144,2026-01,-0.006910634214656142,118.38486473630887,-6.910156679007518e-05
2026-01-22,17900039,207,26439,0.224,39860.3,236.9,0.594,29.0,moto_gp,90.0,4.142857142857143,2026-01,0.0005027922006203449,118.38545996916825,5.027947286295742e-06
2026-01-23,17899747,207,26441,0.243,43328.4,219.3,0.506,26.0,moto_gp,-292.0,3.7142857142857144,2026-01,-0.0016313079732355993,118.38352876922444,-1.6312813620134037e-05
2026-01-24,17899370,207,26443,0.252,44886.4,216.8,0.483,24.0,moto_gp,-377.0,3.4285714285714284,2026-01,-0.002106219380905585,118.38103540491343,-2.1061750202444607e-05
2026-01-25,17899180,207,26445,0.259,46215.1,213.5,0.462,23.0,moto_gp,-190.0,3.2857142857142856,2026-01,-0.0010615011413930694,118.37977880221027,-1.061489873666055e-05
2026-01-26,17898138,207,26448,0.211,37658.6,195.8,0.52,22.0,moto_gp,-1042.0,3.142857142857143,2026-01,-0.005821834651179916,118.37288732843818,-5.821495733326909e-05
2026-01-27,17896747,207,26459,0.211,37562.6,163.6,0.436,21.0,moto_gp,-1391.0,3.0,2026-01,-0.0077723622063830934,118.36368767391134,-7.771758157193442e-05
2026-01-28,17896518,207,26463,0.142,25371.8,123.8,0.488,21.0,moto_gp,-229.0,3.0,2026-01,-0.0012795785191286931,118.3621731369691,-1.2795621461281215e-05
2026-01-29,17896900,207,26471,0.111,19790.6,112.9,0.57,21.0,moto_gp,382.0,3.0,2026-01,0.002134447865272757,118.36469956977231,2.1344934249212244e-05
2026-01-30,17897756,207,26478,0.114,20356.5,127.8,0.628,29.0,moto_gp,856.0,4.142857142857143,2026-01,0.004782722482080994,118.37036089563497,4.7829512373587235e-05
2026-01-31,17898992,207,26486,0.197,35066.7,196.7,0.561,44.0,moto_gp,1236.0,6.285714285714286,2026-01,0.006905416796655365,118.37853542690398,6.905893677400243e-05
2026-02-01,17899007,207,26498,0.37,65877.5,352.9,0.536,42.0,moto_gp,15.0,6.0,2026-02,8.380353167077927e-05,118.37863463238054,8.380360190241021e-07
2026-02-02,17897939,207,26516,0.335,59732.7,314.7,0.527,57.0,moto_gp,-1068.0,8.142857142857142,2026-02,-0.005967167504593685,118.37157120244908,-5.9668114549604745e-05
2026-02-03,17898249,207,26534,0.131,23432.5,96.5,0.412,93.0,moto_gp,310.0,13.285714285714286,2026-02,0.0017320130030596848,118.37362144896477,1.7320430022671474e-05
2026-02-04,17898292,207,26546,0.166,29549.5,147.0,0.497,80.0,moto_gp,43.0,11.428571428571429,2026-02,0.00024024638775588193,118.37390583799758,2.4024696494429065e-06
2026-02-05,17898712,207,26562,0.279,49693.8,232.4,0.468,77.0,moto_gp,420.0,11.0,2026-02,0.0023465375609149977,118.37668359134143,2.3465926245913593e-05
2026-02-06,17899447,207,26578,0.274,48709.2,261.8,0.537,73.0,moto_gp,735.0,10.428571428571429,2026-02,0.004106272109970771,118.38154465969315,4.1064407316104834e-05
2026-02-07,17902243,207,26612,0.168,29825.3,209.8,0.703,91.0,moto_gp,2796.0,13.0,2026-02,0.015618154663636283,118.40003656052495,0.0001562059431221563
2026-02-08,17905120,207,26617,0.112,20057.0,67.0,0.334,111.0,moto_gp,2877.0,15.857142857142858,2026-02,0.01606802970323572,118.41906417093024,0.00016070611933938217
2026-02-09,17905335,207,26619,0.369,65809.6,339.9,0.516,73.0,moto_gp,215.0,10.428571428571429,2026-02,0.0012007594384578675,118.42048611609435,1.2007738568575732e-05
2026-02-10,17905048,207,26625,0.363,64691.3,338.2,0.523,61.0,moto_gp,-287.0,8.714285714285714,2026-02,-0.0016028999196204333,118.41858798464273,-1.6028742271467777e-05
2026-02-11,17905126,207,26631,0.241,42925.0,210.8,0.491,41.0,moto_gp,78.0,5.857142857142857,2026-02,0.0004356294393013487,118.41910385312087,4.35631337047937e-06
2026-02-12,17905373,207,26635,0.213,37912.2,198.8,0.524,33.0,moto_gp,247.0,4.714285714285714,2026-02,0.0013794741947012218,118.420737436635,1.3794932244515223e-05
2026-02-13,17905750,207,26635,0.205,36499.8,213.6,0.585,31.0,moto_gp,377.0,4.428571428571429,2026-02,0.0021054689136171343,118.42323080094599,2.1055132445546576e-05
2026-02-14,17906109,207,26635,0.199,35458.0,222.3,0.627,27.0,moto_gp,359.0,3.857142857142857,2026-02,0.002004902349248516,118.42560511868514,2.00494254638528e-05
2026-02-15,17906291,207,26635,0.174,30909.8,232.0,0.751,17.0,moto_gp,182.0,2.4285714285714284,2026-02,0.0010164025593016443,118.42680881180078,1.0164128901424263e-05
2026-02-16,17906490,208,26637,0.179,31730.9,247.5,0.78,15.0,moto_gp,199.0,2.142857142857143,2026-02,0.0011113289092390525,118.42812493778989,1.1113412598851014e-05
2026-02-17,17905152,208,26645,0.166,29565.9,196.8,0.666,16.0,moto_gp,-1338.0,2.2857142857142856,2026-02,-0.007472709530754054,118.41927580928025,-7.472151158605111e-05
2026-02-18,17904790,208,26648,0.204,36183.3,378.6,1.046,18.0,moto_gp,-362.0,2.5714285714285716,2026-02,-0.0020218053381246023,118.41688165044579,-2.021764461979103e-05
2026-02-19,17904584,208,26654,0.24,42607.1,327.9,0.77,20.0,moto_gp,-206.0,2.857142857142857,2026-02,-0.0011505433468881488,118.41551922856763,-1.1505301095393605e-05
2026-02-20,17904939,208,26662,0.261,46377.0,335.7,0.724,23.0,moto_gp,355.0,3.2857142857142856,2026-02,0.0019826931552238184,118.417867091513,1.9827324667209822e-05
2026-02-21,17906140,208,26677,0.224,39333.7,837.9,2.13,46.0,moto_gp,1201.0,6.571428571428571,2026-02,0.006707196525884418,118.4258101433367,6.707646420922586e-05
2026-02-22,17906913,208,26688,0.102,18241.4,98.6,0.541,86.0,moto_gp,773.0,12.285714285714286,2026-02,0.004316768613328271,118.43092253222905,4.316954966276931e-05
2026-02-23,17907505,208,26696,0.246,43706.2,304.9,0.698,80.0,moto_gp,592.0,11.428571428571429,2026-02,0.003305876502617199,118.43483784170417,3.305985794432864e-05
2026-02-24,17908871,208,26703,0.186,33114.4,142.9,0.432,59.0,moto_gp,1366.0,8.428571428571429,2026-02,0.007627504827077039,118.44387215377009,7.628086659750011e-05
2026-02-25,17910825,208,26710,0.223,39708.6,205.3,0.517,56.0,moto_gp,1954.0,8.0,2026-02,0.010909603549808565,118.45679532051736,0.00010910793874163716
2026-02-26,17912615,208,26723,0.218,38731.2,230.1,0.594,56.0,moto_gp,1790.0,8.0,2026-02,0.009992957477174606,118.46863384072084,9.993956168963258e-05
2026-02-27,17921964,208,26741,0.254,45344.3,137.0,0.302,91.0,moto_gp,9349.0,13.0,2026-02,0.05216504173314934,118.53046530741496,0.0005219226785144748
2026-02-28,17932672,208,26769,0.35,62089.0,698.0,1.124,167.0,moto_gp,10708.0,23.857142857142858,2026-02,0.05971223920227839,118.60128479028592,0.0005974791602081364
2026-03-01,17945528,208,26799,0.934,166604.0,984.0,0.591,241.0,moto_gp,12856.0,34.42857142857143,2026-03,0.0716390178098967,118.68631049740104,0.0007169037609118245
2026-03-02,17954142,208,26808,0.041,7325.0,66.0,0.901,149.0,moto_gp,8614.0,21.285714285714285,2026-03,0.04797778696414454,118.74328089574344,0.00048000816693716253
2026-03-03,17962936,208,26814,0.306,54418.3,503.0,0.924,86.0,moto_gp,8794.0,12.285714285714286,2026-03,0.04895636214480751,118.80144175980463,0.000489803411380052
2026-03-04,17962854,208,26817,0.429,76600.8,428.1,0.559,59.0,moto_gp,-82.0,8.428571428571429,2026-03,-0.00045649761446594177,118.80089943653273,-4.564955305763618e-06
2026-03-05,17965185,208,26823,0.391,69942.3,387.4,0.554,40.0,moto_gp,2331.0,5.714285714285714,2026-03,0.012975095998176471,118.81631596759104,0.00012976779747808642
2026-03-06,17967239,208,26827,0.401,71636.1,417.5,0.583,33.0,moto_gp,2054.0,4.714285714285714,2026-03,0.011431917836680416,118.82990050418208,0.00011433224873558245
2026-03-07,17970013,208,26829,0.389,69481.1,408.1,0.587,30.0,moto_gp,2774.0,4.285714285714286,2026-03,0.015436828008972503,118.84824690364826,0.00015439211333467817
2026-03-08,17973480,208,26830,0.385,68846.9,389.6,0.566,24.0,moto_gp,3467.0,3.4285714285714284,2026-03,0.019289531020147462,118.8711765961318,0.00019293252598084898
2026-03-09,17975053,208,26833,0.216,38521.4,250.4,0.65,17.0,moto_gp,1573.0,2.4285714285714284,2026-03,0.008751017312716686,118.88157994377431,8.751783182781026e-05
2026-03-10,17975647,208,26836,0.234,41864.3,260.7,0.623,16.0,moto_gp,594.0,2.2857142857142856,2026-03,0.003304470765363828,118.8855084806463,3.304579964247267e-05
2026-03-11,17976575,208,26838,0.178,31820.7,202.2,0.635,13.0,moto_gp,928.0,1.8571428571428572,2026-03,0.005162273681165628,118.8916459927965,5.1625401856103537e-05
2026-03-12,17977237,208,26840,0.192,34271.9,210.1,0.613,11.0,moto_gp,662.0,1.5714285714285714,2026-03,0.003682434625521152,118.89602426116225,3.682570233753957e-05
2026-03-13,17978609,208,26844,0.189,33732.6,207.8,0.616,12.0,moto_gp,1372.0,1.7142857142857142,2026-03,0.007631291163849216,118.90509825541879,7.631873574331927e-05
2026-03-14,17979609,208,26848,0.174,31069.3,200.4,0.645,13.0,moto_gp,1000.0,1.8571428571428572,2026-03,0.0055618562116673395,118.91171195385648,5.562165571326716e-05
2026-03-15,17981566,208,26852,0.158,28079.3,251.4,0.895,16.0,moto_gp,1957.0,2.2857142857142856,2026-03,0.010883368000317658,118.92465496169908,0.00010884552606227338
2026-03-16,17982683,208,26858,0.176,31340.7,233.0,0.743,20.0,moto_gp,1117.0,2.857142857142857,2026-03,0.006211531393841508,118.932042462854,6.211917249032695e-05
2026-03-17,17984361,208,26868,0.203,36237.3,242.0,0.668,22.0,moto_gp,1678.0,3.142857142857143,2026-03,0.009330328722827573,118.94314024883246,9.331199354400965e-05
2026-03-18,17987411,208,26876,0.215,38347.8,274.2,0.715,31.0,moto_gp,3050.0,4.428571428571429,2026-03,0.01695630349470527,118.96331202906747,0.00016959179144593328
2026-03-19,17994021,208,26893,0.163,29041.0,247.9,0.854,68.0,moto_gp,6610.0,9.714285714285714,2026-03,0.03673442417345184,119.0070285757407,0.0003674792331147536
2026-03-20,18022828,208,26909,0.37,65599.0,1034.0,1.576,132.0,moto_gp,28807.0,18.857142857142858,2026-03,0.15983618109211273,119.1975493866357,0.0016009206613685212
2026-03-21,18055642,208,26938,0.147,26226.9,252.5,0.963,99.0,moto_gp,32814.0,14.142857142857142,2026-03,0.18173820681646213,119.41457128717055,0.001820690959265736
2026-03-22,18076969,208,26969,0.147,26302.0,193.0,0.734,216.0,moto_gp,21327.0,30.857142857142858,2026-03,0.11797884921968943,119.55562163375151,0.0011811820371714354
2026-03-23,18090856,209,26982,0.096,16735.0,631.0,3.771,234.0,moto_gp,13887.0,33.42857142857143,2026-03,0.07676253683076135,119.6474660639559,0.0007682150696834977
2026-03-24,18094717,209,26994,0.343,61245.5,739.8,1.208,86.0,moto_gp,3861.0,12.285714285714286,2026-03,0.021337719733334322,119.6730015536239,0.00021342273687885438
2026-03-25,18097799,209,27009,0.256,45759.9,620.4,1.356,70.0,moto_gp,3082.0,10.0,2026-03,0.017029695157958158,119.69338497220892,0.00017032595757093816
2026-03-26,18100627,209,27016,0.228,40943.7,391.3,0.956,59.0,moto_gp,2828.0,8.428571428571429,2026-03,0.01562376817112468,119.71208851139075,0.0001562620957389349
2026-03-27,18103540,209,27035,0.51,91824.2,415.2,0.452,73.0,moto_gp,2913.0,10.428571428571429,2026-03,0.016090775616260686,119.73135421493977,0.0001609336516352755
2026-03-28,18108622,210,27059,0.163,29525.0,51.0,0.173,166.0,moto_gp,5082.0,23.714285714285715,2026-03,0.028063979688791343,119.76496503040019,0.00028071857769251807
2026-03-29,18120721,210,27091,0.226,40647.0,235.0,0.578,261.0,moto_gp,12099.0,37.285714285714285,2026-03,0.06676886642645179,119.84498416779799,0.0006681347702768292
2026-03-30,18126528,210,27114,0.052,9380.0,49.0,0.522,235.0,moto_gp,5807.0,33.57142857142857,2026-03,0.032035919951134605,119.88338991462575,0.0003204618624170763
2026-03-31,18128342,210,27120,0.226,40756.5,224.5,0.551,116.0,moto_gp,1814.0,16.571428571428573,2026-03,0.010006430814246554,119.89538716359174,0.00010007432201031286
2026-04-01,18128903,210,27124,0.297,53520.4,344.3,0.643,71.0,moto_gp,561.0,10.142857142857142,2026-04,0.0030945060492628814,119.89909744841529,3.0946018118926943e-05
2026-04-02,18129537,210,27131,0.242,43590.4,212.6,0.488,49.0,moto_gp,634.0,7.0,2026-04,0.0034970556611567077,119.90329053322482,3.497177959421727e-05
2026-04-03,18130191,210,27134,0.188,33876.9,149.8,0.442,40.0,moto_gp,654.0,5.714285714285714,2026-04,0.003607242747746011,119.90761589200307,3.607372874436798e-05
2026-04-04,18130299,210,27135,0.171,30868.9,143.5,0.465,36.0,moto_gp,108.0,5.142857142857143,2026-04,0.0005956879144684818,119.90833017143434,5.9569146293458886e-06
2026-04-05,18129919,211,27136,0.175,31635.9,138.2,0.437,30.0,moto_gp,-380.0,4.285714285714286,2026-04,-0.002095982888836955,119.905816966028,-2.0959389583130594e-05
2026-04-06,18129442,211,27139,0.165,29756.4,127.9,0.43,20.0,moto_gp,-477.0,2.857142857142857,2026-04,-0.0026310793238975582,119.90266223187322,-2.6310100999293873e-05
2026-04-07,18128442,211,27141,0.166,29978.5,131.8,0.44,19.0,moto_gp,-1000.0,2.7142857142857144,2026-04,-0.005516193835079705,119.89604853343552,-5.515889567919707e-05
2026-04-08,18127553,212,27147,0.15,27083.3,166.1,0.613,16.0,moto_gp,-889.0,2.2857142857142856,2026-04,-0.004904136813170536,119.8901689555244,-4.903896319385925e-05
2026-04-09,18126315,212,27149,0.142,25582.8,160.8,0.629,14.0,moto_gp,-1238.0,2.0,2026-04,-0.006829849310243146,119.8819811968585,-6.829382873685397e-05
2026-04-10,18126197,212,27151,0.136,24517.8,146.1,0.596,12.0,moto_gp,-118.0,1.7142857142857142,2026-04,-0.0006509914903826765,119.88120078044287,-6.509872525151117e-06
2026-04-11,18125550,212,27153,0.139,24979.8,139.0,0.556,12.0,moto_gp,-647.0,1.7142857142857142,2026-04,-0.0035695468551299138,119.87692171755367,-3.569419443028021e-05
2026-04-12,18125373,212,27154,0.112,20114.8,140.0,0.696,13.0,moto_gp,-177.0,1.8571428571428572,2026-04,-0.0009765316277905011,119.8757510929302,-9.765220917445916e-06
2026-04-13,18124828,212,27156,0.107,19323.0,129.8,0.672,14.0,moto_gp,-545.0,2.0,2026-04,-0.003006925086406337,119.87214662728165,-3.006834673136005e-05
2026-04-14,18124246,212,27159,0.108,19531.4,130.5,0.668,14.0,moto_gp,-582.0,2.0,2026-04,-0.0032111680673502225,119.8682974547909,-3.211064954655729e-05
2026-04-15,18123230,212,27160,0.097,17565.0,59.6,0.339,14.0,moto_gp,-1016.0,2.0,2026-04,-0.0056060647025944045,119.8615779371782,-5.605750440595969e-05
2026-04-16,18122356,212,27164,0.056,10083.8,152.8,1.515,11.0,moto_gp,-874.0,1.5714285714285714,2026-04,-0.004822772491612018,119.85579756474365,-4.822539911486512e-05
2026-04-17,18121937,212,27167,0.057,10198.0,153.9,1.509,10.0,moto_gp,-419.0,1.4285714285714286,2026-04,-0.002312114869398343,119.85302642509825,-2.3120614118798954e-05
2026-04-18,18121894,212,27168,0.072,12831.3,159.5,1.243,12.0,moto_gp,-43.0,1.7142857142857142,2026-04,-0.0002372820412700792,119.85274203606542,-2.37281478243645e-06
2026-04-19,18121084,212,27168,0.104,18640.9,168.8,0.906,11.0,moto_gp,-810.0,1.5714285714285714,2026-04,-0.0044699312690123835,119.8473849403309,-4.469731475087446e-05
2026-04-20,18120719,212,27176,0.12,21573.1,191.1,0.886,16.0,moto_gp,-365.0,2.2857142857142856,2026-04,-0.0020142688598614655,119.84497094040111,-2.014228287883224e-05
2026-04-21,18119919,212,27185,0.137,24683.4,194.4,0.788,20.0,moto_gp,-800.0,2.857142857142857,2026-04,-0.00441503077359231,119.83967998165095,-4.41483585723601e-05
2026-04-22,18120885,212,27192,0.202,36372.3,220.0,0.605,24.0,moto_gp,966.0,3.4285714285714284,2026-04,0.005330865462696772,119.84606881434179,5.331149659104639e-05
2026-04-23,18123883,212,27210,0.248,44489.3,374.9,0.843,68.0,moto_gp,2998.0,9.714285714285714,2026-04,0.016541709080774798,119.86589668225803,0.00016544445814870024
2026-04-24,18128144,212,27228,0.208,37553.0,88.0,0.234,121.0,moto_gp,4261.0,17.285714285714285,2026-04,0.023504888310684202,119.89407765130109,0.00023510414407335034
2026-04-25,18133275,212,27262,0.155,27868.0,151.0,0.542,365.0,moto_gp,5131.0,52.142857142857146,2026-04,0.02829604690823913,119.92801253798496,0.00028304055837158337
2026-04-26,18139794,212,27289,0.147,26569.0,86.0,0.324,268.0,moto_gp,6519.0,38.285714285714285,2026-04,0.03593756356880348,119.97112723810035,0.00035950483296587343
2026-04-27,18141478,212,27306,0.123,22220.0,122.0,0.549,174.0,moto_gp,1684.0,24.857142857142858,2026-04,0.00928259538721156,119.98226470626945,9.283457132980288e-05
2026-04-28,18142819,212,27317,0.172,30983.0,229.0,0.739,98.0,moto_gp,1341.0,14.0,2026-04,0.007391354121980712,119.99113367587442,7.391900483511016e-05
2026-04-29,18142398,212,27325,0.221,39914.4,146.2,0.366,88.0,moto_gp,-421.0,12.571428571428571,2026-04,-0.002320531166828112,119.98834930883213,-2.3204773194285266e-05
2026-04-30,18142439,212,27333,0.222,40187.7,175.1,0.436,53.0,moto_gp,41.0,7.571428571428571,2026-04,0.00022598946040276063,119.98862047046808,2.259899711143376e-06
2026-05-01,18142905,212,27335,0.199,36002.6,183.4,0.509,47.0,moto_gp,466.0,6.714285714285714,2026-05,0.002568497161838195,119.99170245394006,2.5685631353189464e-05
2026-05-02,18143425,212,27335,0.191,34540.9,181.6,0.526,38.0,moto_gp,520.0,5.428571428571429,2026-05,0.00286605202711175,119.99514157712765,2.866134172019308e-05
2026-05-03,18143828,212,27337,0.162,29180.6,153.8,0.527,34.0,moto_gp,403.0,4.857142857142857,2026-05,0.002221140985243026,119.99780689759805,2.2211903210056505e-05
2026-05-04,18143837,212,27342,0.107,19243.2,124.4,0.646,28.0,moto_gp,9.0,4.0,2026-05,4.96036202265265e-05,119.997866420884,4.960364483608259e-07
2026-05-05,18143526,212,27352,0.092,16716.4,61.7,0.369,28.0,moto_gp,-311.0,4.0,2026-05,-0.001714110035722935,119.99580956066987,-1.7140806544913012e-05
2026-05-06,18021460,212,27357,0.098,17571.1,61.9,0.352,31.0,moto_gp,-122066.0,4.428571428571429,2026-05,-0.6773369083304016,119.18850184717292,-0.0067277992160950095
2026-05-07,18026762,212,27376,0.161,29006.3,94.9,0.327,31.0,moto_gp,5302.0,4.428571428571429,2026-05,0.029411826705206406,119.2235676762896,0.00029420479805741806
2026-05-08,17981138,212,27396,0.254,45381.1,266.8,0.588,63.0,moto_gp,-45624.0,9.0,2026-05,-0.2537325501867568,118.92182429876775,-0.0025309037751760632
2026-05-09,17988982,213,27426,0.082,14766.0,36.0,0.244,261.0,moto_gp,7844.0,37.285714285714285,2026-05,0.043604468557475906,118.97370214931311,0.00043623490348609906
2026-05-10,17998146,214,27457,0.155,27551.0,336.0,1.22,182.0,moto_gp,9164.0,26.0,2026-05,0.05091635549572717,119.03431008179624,0.000509422934549697
2026-05-11,18001631,214,27469,0.8,143167.0,860.0,0.601,168.0,moto_gp,3485.0,24.0,2026-05,0.019359356938268537,119.05735882085165,0.00019363105510983303
2026-05-12,18002167,214,27477,0.316,56641.0,227.0,0.401,78.0,moto_gp,536.0,11.142857142857142,2026-05,0.002977419329572934,119.06090376321426,2.9775079824601036e-05
2026-05-13,18005656,214,27491,0.172,30767.1,248.9,0.809,74.0,moto_gp,3489.0,10.571428571428571,2026-05,0.019377244572483226,119.0839789570634,0.0001938100007627952
2026-05-14,18013448,214,27504,0.129,23219.6,98.6,0.425,63.0,moto_gp,7792.0,9.0,2026-05,0.04325657142374963,119.13551289529,0.00043275290830835367
2026-05-15,18016016,214,27528,0.103,18510.7,39.3,0.212,83.0,moto_gp,2568.0,11.857142857142858,2026-05,0.014253983788646726,119.15249687287803,0.00014256015838842728
2026-05-16,18020205,214,27556,0.072,12899.0,32.0,0.248,261.0,moto_gp,4189.0,37.285714285714285,2026-05,0.023246128443044904,119.1802016556336,0.0002325153352438214
2026-05-17,18034414,214,27589,0.059,10477.0,109.0,1.04,343.0,moto_gp,14209.0,49.0,2026-05,0.07878825450053437,119.27417569673496,0.0007885037933808015
2026-05-18,18046926,214,27605,0.076,13739.0,49.0,0.357,184.0,moto_gp,12512.0,26.285714285714285,2026-05,0.06933036684474686,119.35692629158751,0.0006937846719055063
2026-05-19,18051281,214,27610,0.431,77161.0,674.4,0.874,100.0,moto_gp,4355.0,14.285714285714286,2026-05,0.024125711632321273,119.38572894828371,0.00024131533536508876
2026-05-20,18052705,214,27615,0.317,56758.8,405.4,0.714,65.0,moto_gp,1424.0,9.285714285714286,2026-05,0.007888014566238135,119.39514685485901,7.88863682306129e-05
2026-05-21,18053658,214,27621,0.273,48957.6,271.9,0.555,48.0,moto_gp,953.0,6.857142857142857,2026-05,0.0052787086140659144,119.40144970947016,5.278987276424729e-05
2026-05-22,18054551,214,27635,0.199,35754.0,192.7,0.539,40.0,moto_gp,893.0,5.714285714285714,2026-05,0.004946121340818722,119.40735574217503,4.9463659940851556e-05
2026-05-23,18055509,214,27638,0.234,42005.1,233.3,0.555,34.0,moto_gp,958.0,4.857142857142857,2026-05,0.005305859834801666,119.41369166527834,5.3061413712196526e-05
2026-05-24,18056511,214,27639,0.195,34954.5,181.7,0.52,32.0,moto_gp,1002.0,4.571428571428571,2026-05,0.00554924481257758,119.42031859111293,5.549552770856003e-05
2026-05-25,18057345,214,27643,0.173,31139.7,163.8,0.526,37.0,moto_gp,834.0,5.285714285714286,2026-05,0.004618619182388109,119.42583441560997,4.618832508662685e-05
2026-05-26,18058323,214,27654,0.104,18784.6,72.1,0.384,41.0,moto_gp,978.0,5.857142857142857,2026-05,0.005415785286374599,119.43230261268205,5.416078609554731e-05
2026-05-27,18060688,214,27662,0.136,24421.4,97.5,0.399,46.0,moto_gp,2365.0,6.571428571428571,2026-05,0.013094739248028646,119.44794400948722,0.0001309645419456107
2026-05-28,18062782,215,27680,0.249,44810.6,177.8,0.397,75.0,moto_gp,2094.0,10.714285714285714,2026-05,0.011592898591147255,119.46179309401576,0.00011594242699941582
2026-05-29,18065653,215,27700,0.209,37624.8,177.8,0.473,62.0,moto_gp,2871.0,8.857142857142858,2026-05,0.015892035566054546,119.48078102223043,0.00015894561535434448
2026-05-30,18070992,216,27725,0.168,30149.2,197.2,0.654,92.0,moto_gp,5339.0,13.142857142857142,2026-05,0.029544587258961766,119.51609155818934,0.0002955331866498767
2026-05-31,18079330,216,27758,0.767,137865.0,732.0,0.531,167.0,moto_gp,8338.0,23.857142857142858,2026-05,0.04611896569175959,119.57123657576292,0.00046140245095571686
2024-01-01,43655,256,817,3.337,1436.7,19.9,1.385,0.0,motociclismo_es,6.0,0.0,2024-01,0.013744130111098386,100.0,
2024-01-02,43651,256,817,3.346,1440.3,20.1,1.396,0.0,motociclismo_es,-4.0,0.0,2024-01,-0.009163593044832878,99.9908372465926,-9.162753407399027e-05
2024-01-03,43653,256,817,3.353,1443.4,20.1,1.393,0.0,motociclismo_es,2.0,0.0,2024-01,0.004581586603440772,99.9954186232963,4.581796522407089e-05
2024-01-04,43666,256,817,3.359,1446.5,20.1,1.39,0.0,motociclismo_es,13.0,0.0,2024-01,0.029771446892318965,100.02519757187034,0.00029780312922356167
2024-01-05,43667,256,817,3.364,1448.7,20.3,1.401,0.0,motociclismo_es,1.0,0.0,2024-01,0.002290058854512561,100.02748826022219,2.2901112994189177e-05
2024-01-06,43668,256,817,3.368,1450.5,20.4,1.406,0.0,motociclismo_es,1.0,0.0,2024-01,0.002290006412017954,100.02977894857406,2.2900588545038403e-05
2024-01-07,43669,256,817,3.37,1451.3,20.4,1.406,0.0,motociclismo_es,1.0,0.0,2024-01,0.0022899539719251644,100.0320696369259,2.290006412009049e-05
2024-01-08,43670,256,817,3.375,1453.3,20.4,1.404,0.0,motociclismo_es,1.0,0.0,2024-01,0.0022899015342340277,100.03436032527775,2.289953971934544e-05
2024-01-09,43672,256,817,3.378,1454.8,20.4,1.402,0.0,motociclismo_es,2.0,0.0,2024-01,0.0045795933321121085,100.03894170198144,4.579803068471833e-05
2024-01-10,43674,256,817,3.382,1456.6,20.4,1.401,0.0,motociclismo_es,2.0,0.0,2024-01,0.004579383614965425,100.04352307868514,4.579593332110221e-05
2024-01-11,43677,256,817,3.386,1458.2,20.5,1.406,0.0,motociclismo_es,3.0,0.0,2024-01,0.006868603612885501,100.0503951437407,6.869075422444304e-05
2024-01-12,43678,256,817,3.392,1460.7,20.8,1.424,0.0,motociclismo_es,1.0,0.0,2024-01,0.0022894821191446497,100.05268583209255,2.2895345376250376e-05
2024-01-13,43682,256,817,3.397,1462.9,20.8,1.422,0.0,motociclismo_es,4.0,0.0,2024-01,0.009157089876837141,100.06184858549993,9.157928476577482e-05
2024-01-14,43694,256,817,3.401,1465.2,20.8,1.42,0.0,motociclismo_es,12.0,0.0,2024-01,0.027463724996567032,100.08933684572214,0.00027471269630519046
2024-01-15,43690,256,817,3.404,1466.6,20.8,1.418,0.0,motociclismo_es,-4.0,0.0,2024-01,-0.009155413138017853,100.08017409231473,-9.154574998859744e-05
2024-01-16,43699,256,817,3.404,1466.9,20.8,1.418,0.0,motociclismo_es,9.0,0.0,2024-01,0.020595436966520973,100.10079028748137,0.00020599679560540096
2024-01-17,43701,256,817,3.407,1467.9,20.8,1.417,0.0,motociclismo_es,2.0,0.0,2024-01,0.004576554312258301,100.1053716641851,4.576763770347547e-05
2024-01-18,43719,256,817,3.408,1469.0,20.8,1.416,0.0,motociclismo_es,18.0,0.0,2024-01,0.04117203046730254,100.14660405451838,0.0004118898881031452
2024-01-19,43733,256,817,3.408,1469.8,20.8,1.415,0.0,motociclismo_es,14.0,0.0,2024-01,0.032012439119200604,100.17867369144429,0.0003202269036346461
2024-01-20,43741,256,817,3.41,1470.7,20.8,1.414,0.0,motociclismo_es,8.0,0.0,2024-01,0.018289476692348143,100.19699919825908,0.00018292822353838112
2024-01-21,43740,256,817,3.412,1471.5,20.8,1.414,0.0,motociclismo_es,-1.0,0.0,2024-01,-0.002286236854138089,100.19470850990724,-2.2861845865418395e-05
2024-01-22,43745,256,817,3.415,1472.9,20.8,1.412,0.0,motociclismo_es,5.0,0.0,2024-01,0.011429877700308606,100.20616195166647,0.00011431184270693784
2024-01-23,43755,256,817,3.417,1474.3,20.8,1.411,0.0,motociclismo_es,10.0,0.0,2024-01,0.022854530910753058,100.22906883518496,0.00022859755400617132
2024-01-24,43767,256,817,3.422,1477.0,20.8,1.408,0.0,motociclismo_es,12.0,0.0,2024-01,0.027417917609157582,100.25655709540717,0.00027425437092909455
2024-01-25,43772,256,817,3.429,1480.2,20.8,1.405,0.0,motociclismo_es,5.0,0.0,2024-01,0.01142282737823266,100.2680105371664,0.00011424132337145565
2024-01-26,43772,256,817,3.436,1483.0,20.9,1.409,0.0,motociclismo_es,0.0,0.0,2024-01,0.0,100.2680105371664,0.0
2024-01-27,43779,256,817,3.438,1484.2,21.0,1.415,0.0,motociclismo_es,7.0,0.0,2024-01,0.015989401311130906,100.28404535562936,0.0001599195832953093
2024-01-28,43786,256,817,3.442,1486.3,21.0,1.413,0.0,motociclismo_es,7.0,0.0,2024-01,0.015986845110309233,100.30008017409232,0.0001598940131113391
2024-01-29,43791,256,817,3.448,1488.7,21.0,1.411,1.0,motociclismo_es,5.0,0.14285714285714285,2024-01,0.011417871252083761,100.31153361585157,0.00011419175078786203
2024-01-30,43795,256,820,3.454,1491.6,21.0,1.408,3.0,motociclismo_es,4.0,0.42857142857142855,2024-01,0.009133462724055259,100.32069636925895,9.134297001667235e-05
2024-01-31,43795,256,820,3.33,1438.1,20.4,1.419,3.0,motociclismo_es,0.0,0.42857142857142855,2024-01,0.0,100.32069636925895,0.0
2024-02-01,43797,256,820,3.336,1440.5,20.4,1.416,3.0,motociclismo_es,2.0,0.42857142857142855,2024-02,0.004566522821197799,100.32527774596267,4.566731362021237e-05
2024-02-02,43803,256,820,3.34,1442.5,20.4,1.414,3.0,motociclismo_es,6.0,0.42857142857142855,2024-02,0.013697691938908293,100.33902187607376,0.00013699568463598766
2024-02-03,43806,256,820,3.342,1443.6,20.4,1.413,3.0,motociclismo_es,3.0,0.42857142857142855,2024-02,0.006848376934666484,100.34589394112932,6.84884596946489e-05
2024-02-04,43809,256,820,3.345,1445.1,20.4,1.412,3.0,motociclismo_es,3.0,0.42857142857142855,2024-02,0.006847907964116963,100.35276600618485,6.848376934676104e-05
2024-02-05,43815,256,820,3.352,1448.1,20.4,1.409,2.0,motociclismo_es,6.0,0.2857142857142857,2024-02,0.013693940431359124,100.36651013629596,0.0001369581592822744
2024-02-06,43820,256,820,3.356,1450.2,20.4,1.407,0.0,motociclismo_es,5.0,0.0,2024-02,0.011410314924691922,100.3779635780552,0.00011411617026135801
2024-02-07,43824,256,820,3.357,1450.6,20.4,1.406,0.0,motociclismo_es,4.0,0.0,2024-02,0.009127418765972983,100.38712633146261,9.128251939749532e-05
2024-02-08,43826,256,820,3.357,1450.9,20.4,1.406,0.0,motociclismo_es,2.0,0.0,2024-02,0.004563501118057774,100.3917077081663,4.563709382976455e-05
2024-02-09,43828,256,820,3.357,1450.8,20.4,1.406,0.0,motociclismo_es,2.0,0.0,2024-02,0.004563292872136533,100.39628908486999,4.5635011180600316e-05
2024-02-10,43825,256,820,3.358,1451.3,20.4,1.406,0.0,motociclismo_es,-3.0,0.0,2024-02,-0.006845407872219053,100.38941701981446,-6.844939308203735e-05
2024-02-11,43826,256,820,3.358,1451.3,20.4,1.406,0.0,motociclismo_es,1.0,0.0,2024-02,0.002281750559028887,100.3917077081663,2.281802624071183e-05
2024-02-12,43828,256,820,3.358,1451.3,20.5,1.413,0.0,motociclismo_es,2.0,0.0,2024-02,0.004563292872136533,100.39628908486999,4.5635011180600316e-05
2024-02-13,43826,256,820,3.358,1451.3,20.5,1.413,0.0,motociclismo_es,-2.0,0.0,2024-02,-0.004563501118057774,100.3917077081663,-4.563292872139524e-05
2024-02-14,43827,256,820,3.358,1451.3,20.5,1.413,0.0,motociclismo_es,1.0,0.0,2024-02,0.002281698496360691,100.39399839651814,2.2817505590300158e-05
2024-02-15,43828,256,820,3.358,1451.3,20.5,1.413,0.0,motociclismo_es,1.0,0.0,2024-02,0.0022816464360682666,100.39628908486999,2.2816984963647258e-05
2024-02-16,43824,256,820,3.358,1451.2,20.5,1.413,0.0,motociclismo_es,-4.0,0.0,2024-02,-0.009127418765972983,100.38712633146261,-9.126585744267945e-05
2024-02-17,43820,256,820,3.359,1451.3,20.5,1.413,0.0,motociclismo_es,-4.0,0.0,2024-02,-0.009128251939753538,100.3779635780552,-9.127418765975115e-05
2024-02-18,43826,256,820,3.358,1451.3,20.5,1.413,0.0,motociclismo_es,6.0,0.0,2024-02,0.01369050335417332,100.3917077081663,0.00013692377909624298
2024-02-19,43828,256,820,3.358,1451.2,20.5,1.413,0.0,motociclismo_es,2.0,0.0,2024-02,0.004563292872136533,100.39628908486999,4.5635011180600316e-05
2024-02-20,43825,256,820,3.358,1451.2,20.5,1.413,0.0,motociclismo_es,-3.0,0.0,2024-02,-0.006845407872219053,100.38941701981446,-6.844939308203735e-05
2024-02-21,43822,256,820,3.358,1451.2,20.5,1.413,0.0,motociclismo_es,-3.0,0.0,2024-02,-0.006845876500387933,100.38254495475891,-6.845407872213549e-05
2024-02-22,43820,256,820,3.359,1451.2,20.5,1.413,0.0,motociclismo_es,-2.0,0.0,2024-02,-0.004564125969876769,100.3779635780552,-4.5639176669221015e-05
2024-02-23,43822,256,820,3.358,1451.2,20.5,1.413,0.0,motociclismo_es,2.0,0.0,2024-02,0.004563917666925288,100.38254495475891,4.564125969874766e-05
2024-02-24,43821,256,820,3.358,1451.2,20.5,1.413,0.0,motociclismo_es,-1.0,0.0,2024-02,-0.0022820109080121404,100.38025426640706,-2.2819588334610508e-05
2024-02-25,43824,256,820,3.358,1451.2,20.5,1.413,0.0,motociclismo_es,3.0,0.0,2024-02,0.006845564074479737,100.38712633146261,6.846032724028284e-05
2024-02-26,43818,256,820,3.359,1451.2,20.5,1.413,0.0,motociclismo_es,-6.0,0.0,2024-02,-0.013693002875530602,100.3733822013515,-0.00013691128148962672
2024-02-27,43820,256,820,3.359,1451.2,20.5,1.413,0.0,motociclismo_es,2.0,0.0,2024-02,0.004564125969876769,100.3779635780552,4.564334291834449e-05
2024-02-28,43816,256,820,3.359,1451.2,20.5,1.413,0.0,motociclismo_es,-4.0,0.0,2024-02,-0.009129085265656383,100.3688008246478,-9.128251939749532e-05
2024-02-29,43819,256,820,3.359,1451.3,20.5,1.413,0.0,motociclismo_es,3.0,0.0,2024-02,0.006846345192724617,100.37567288970335,6.846813949246133e-05
2024-03-01,43820,256,820,3.359,1451.2,20.5,1.413,0.0,motociclismo_es,1.0,0.0,2024-03,0.0022820629849383844,100.3779635780552,2.282115064233814e-05
2024-03-02,43822,256,820,3.358,1451.1,20.5,1.413,0.0,motociclismo_es,2.0,0.0,2024-03,0.004563917666925288,100.38254495475891,4.564125969874766e-05
2024-03-03,43821,256,820,3.358,1451.0,20.5,1.413,0.0,motociclismo_es,-1.0,0.0,2024-03,-0.0022820109080121404,100.38025426640706,-2.2819588334610508e-05
2024-03-04,43819,256,820,3.358,1450.9,20.5,1.413,0.0,motociclismo_es,-2.0,0.0,2024-03,-0.004564230128483078,100.37567288970335,-4.5640218160225565e-05
2024-03-05,43821,256,820,3.358,1450.9,20.5,1.413,0.0,motociclismo_es,2.0,0.0,2024-03,0.004564021816024281,100.38025426640706,4.564230128489832e-05
2024-03-06,43821,256,820,3.358,1450.9,20.5,1.413,0.0,motociclismo_es,0.0,0.0,2024-03,0.0,100.38025426640706,0.0
2024-03-07,43822,256,820,3.357,1450.8,20.5,1.413,0.0,motociclismo_es,1.0,0.0,2024-03,0.002281958833462644,100.38254495475891,2.2820109080168294e-05
2024-03-08,43826,256,820,3.357,1450.8,20.5,1.413,0.0,motociclismo_es,4.0,0.0,2024-03,0.009127002236115548,100.3917077081663,9.127835333844203e-05
2024-03-09,43828,256,820,3.357,1450.9,20.5,1.413,0.0,motociclismo_es,2.0,0.0,2024-03,0.004563292872136533,100.39628908486999,4.5635011180600316e-05
2024-03-10,43829,256,820,3.357,1450.8,20.5,1.413,0.0,motociclismo_es,1.0,0.0,2024-03,0.002281594378151452,100.39857977322187,2.281646436075313e-05
2024-03-11,43828,256,820,3.357,1450.8,20.5,1.413,0.0,motociclismo_es,-1.0,0.0,2024-03,-0.0022816464360682666,100.39628908486999,-2.2815943781506753e-05
2024-03-12,43830,256,820,3.357,1450.8,20.5,1.413,0.0,motociclismo_es,2.0,0.0,2024-03,0.004563084645220169,100.4008704615737,4.5632928721284216e-05
2024-03-13,43828,256,820,3.357,1450.8,20.5,1.413,0.0,motociclismo_es,-2.0,0.0,2024-03,-0.004563292872136533,100.39628908486999,-4.563084645214932e-05
2024-03-14,43826,256,820,3.357,1450.8,20.5,1.413,0.0,motociclismo_es,-2.0,0.0,2024-03,-0.004563501118057774,100.3917077081663,-4.563292872139524e-05
2024-03-15,43826,256,820,3.357,1450.7,20.5,1.413,0.0,motociclismo_es,0.0,0.0,2024-03,0.0,100.3917077081663,0.0
2024-03-16,43828,256,820,3.357,1450.8,20.5,1.413,0.0,motociclismo_es,2.0,0.0,2024-03,0.004563292872136533,100.39628908486999,4.5635011180600316e-05
2024-03-17,43830,256,820,3.357,1450.8,20.5,1.413,0.0,motociclismo_es,2.0,0.0,2024-03,0.004563084645220169,100.4008704615737,4.5632928721284216e-05
2024-03-18,43839,256,820,3.356,1450.8,20.5,1.413,0.0,motociclismo_es,9.0,0.0,2024-03,0.020529665366454525,100.42148665674036,0.00020533880903483848
2024-03-19,43832,256,820,3.357,1450.8,20.5,1.413,0.0,motociclismo_es,-7.0,0.0,2024-03,-0.015970067530571272,100.4054518382774,-0.0001596751750724268
2024-03-20,43832,256,820,3.357,1450.8,20.5,1.413,0.0,motociclismo_es,0.0,0.0,2024-03,0.0,100.4054518382774,0.0
2024-03-21,43834,256,820,3.357,1450.8,20.5,1.413,0.0,motociclismo_es,2.0,0.0,2024-03,0.004562668248391659,100.4100332149811,4.562876437308461e-05
2024-03-22,43827,256,820,3.357,1450.7,20.5,1.413,0.0,motociclismo_es,-7.0,0.0,2024-03,-0.015971889474524836,100.39399839651814,-0.00015969338869370464
2024-03-23,43833,256,820,3.356,1450.7,20.5,1.413,0.0,motociclismo_es,6.0,0.0,2024-03,0.013688317021422217,100.40774252662925,0.0001369019097816615
2024-03-24,43835,256,820,3.356,1450.6,20.5,1.413,0.0,motociclismo_es,2.0,0.0,2024-03,0.0045625641610585145,100.41232390333295,4.5627723404662035e-05
2024-03-25,43840,256,820,3.356,1450.6,20.5,1.413,0.0,motociclismo_es,5.0,0.0,2024-03,0.011405109489051095,100.4237773450922,0.00011406410402647893
2024-03-26,43842,256,820,3.355,1450.6,20.5,1.413,0.0,motociclismo_es,2.0,0.0,2024-03,0.00456183568267871,100.4283587217959,4.56204379561953e-05
2024-03-27,43844,256,820,3.356,1450.7,20.5,1.413,0.0,motociclismo_es,2.0,0.0,2024-03,0.004561627588723656,100.43294009849959,4.561835682670434e-05
2024-03-28,43846,256,820,3.356,1450.8,20.5,1.413,0.0,motociclismo_es,2.0,0.0,2024-03,0.00456141951375268,100.43752147520331,4.5616275887283564e-05
2024-03-29,43844,256,820,3.356,1450.7,20.5,1.413,0.0,motociclismo_es,-2.0,0.0,2024-03,-0.004561627588723656,100.43294009849959,-4.561419513748888e-05
2024-03-30,43849,256,820,3.355,1450.7,20.5,1.413,0.0,motociclismo_es,5.0,0.0,2024-03,0.01140276859221419,100.44439354025884,0.00011404068971798687
2024-03-31,43848,256,820,3.355,1450.6,20.5,1.413,0.0,motociclismo_es,-1.0,0.0,2024-03,-0.0022806057288815907,100.442102851907,-2.2805537184478197e-05
2024-04-01,43846,256,820,3.355,1450.6,20.5,1.413,0.0,motociclismo_es,-2.0,0.0,2024-04,-0.00456141951375268,100.43752147520331,-4.561211457765335e-05
2024-04-02,43848,256,820,3.355,1450.6,20.5,1.413,0.0,motociclismo_es,2.0,0.0,2024-04,0.0045612114577631814,100.442102851907,4.561419513748888e-05
2024-04-03,43849,256,820,3.355,1450.5,20.5,1.413,2.0,motociclismo_es,1.0,0.2857142857142857,2024-04,0.0022805537184428376,100.44439354025884,2.2806057288882187e-05
2024-04-04,43843,256,820,3.355,1450.5,20.5,1.413,3.0,motociclismo_es,-6.0,0.42857142857142855,2024-04,-0.013685194899984033,100.43064941014774,-0.00013683322310653612
2024-04-05,43846,256,824,3.328,1438.7,20.3,1.411,5.0,motociclismo_es,3.0,0.7142857142857143,2024-04,0.00684212927062902,100.43752147520331,6.842597449985277e-05
2024-04-06,43852,256,824,0.251,108.4,1.8,1.661,5.0,motociclismo_es,6.0,0.7142857142857143,2024-04,0.013682386208154701,100.45126560531439,0.00013684258541268868
2024-04-07,43852,256,824,0.155,67.2,0.8,1.19,5.0,motociclismo_es,0.0,0.7142857142857143,2024-04,0.0,100.45126560531439,0.0
2024-04-08,43861,256,824,0.156,67.8,0.8,1.18,5.0,motociclismo_es,9.0,0.7142857142857143,2024-04,0.020519368003465495,100.47188180048106,0.0002052357931223714
2024-04-09,43857,256,825,0.158,68.7,0.8,1.164,5.0,motociclismo_es,-4.0,0.7142857142857143,2024-04,-0.00912055088127323,100.46271904707365,-9.119719112649083e-05
2024-04-10,43864,256,825,0.159,68.8,0.8,1.163,4.0,motociclismo_es,7.0,0.5714285714285714,2024-04,0.015958416925041036,100.47875386553659,0.0001596096404223868
2024-04-11,43869,256,825,0.159,69.0,0.8,1.159,5.0,motociclismo_es,5.0,0.7142857142857143,2024-04,0.011397570038067883,100.49020730729585,0.0001139886923218203
2024-04-12,43867,256,825,0.154,66.8,0.8,1.198,8.0,motociclismo_es,-2.0,1.1428571428571428,2024-04,-0.004559235872067842,100.48562593059214,-4.559028015227451e-05
2024-04-13,43868,256,825,0.1,43.4,0.5,1.152,8.0,motociclismo_es,1.0,1.1428571428571428,2024-04,0.00227956597063919,100.48791661894398,2.279617936040701e-05
2024-04-14,43869,256,833,0.103,44.7,0.5,1.119,8.0,motociclismo_es,1.0,1.1428571428571428,2024-04,0.0022795140076135767,100.49020730729585,2.279565970630948e-05
2024-04-15,43874,256,833,0.104,45.3,0.5,1.104,9.0,motociclismo_es,5.0,1.2857142857142858,2024-04,0.011396271140082966,100.50166074905509,0.00011397570038074178
2024-04-16,43876,256,833,0.106,45.8,0.5,1.092,10.0,motociclismo_es,2.0,1.4285714285714286,2024-04,0.004558300665511898,100.50624212575879,4.558508456042887e-05
2024-04-17,43875,256,836,0.107,46.3,0.6,1.296,10.0,motociclismo_es,-1.0,1.4285714285714286,2024-04,-0.002279202279202279,100.50395143740694,-2.2791503327512785e-05
2024-04-18,43888,256,836,0.116,50.1,0.8,1.597,10.0,motociclismo_es,13.0,1.4285714285714286,2024-04,0.02962085308056872,100.53373038598099,0.000296296296296239
2024-04-19,43889,256,836,0.09,39.0,0.3,0.769,7.0,motociclismo_es,1.0,1.0,2024-04,0.00227847524436647,100.53602107433284,2.2785271600378465e-05
2024-04-20,43891,256,836,0.089,38.8,0.4,1.031,8.0,motociclismo_es,2.0,1.1428571428571428,2024-04,0.004556742840217813,100.54060245103653,4.55695048873217e-05
2024-04-21,43892,256,862,0.08,34.5,0.4,1.159,8.0,motociclismo_es,1.0,1.1428571428571428,2024-04,0.0022783195115282967,100.54289313938838,2.2783714201057848e-05
2024-04-22,43894,256,862,0.086,37.3,0.4,1.072,8.0,motociclismo_es,2.0,1.1428571428571428,2024-04,0.0045564314029252284,100.5474745160921,4.5566390230566967e-05
2024-04-23,43898,256,862,0.087,37.9,0.5,1.319,8.0,motociclismo_es,4.0,1.1428571428571428,2024-04,0.009112032438835483,100.55663726949948,9.112862805848998e-05
2024-04-24,43891,256,864,0.082,35.5,0.5,1.408,8.0,motociclismo_es,-7.0,1.1428571428571428,2024-04,-0.015948599940762344,100.54060245103653,-0.00015946056767957018
2024-04-25,43893,256,864,0.079,34.3,0.5,1.458,7.0,motociclismo_es,2.0,1.0,2024-04,0.00455653521062584,100.54518382774023,4.5567428402115695e-05
2024-04-26,43897,256,864,0.08,34.4,0.6,1.744,6.0,motociclismo_es,4.0,0.8571428571428571,2024-04,0.009112240016402031,100.55434658114764,9.113070421262748e-05
2024-04-27,43899,256,864,0.08,34.6,0.6,1.734,5.0,motociclismo_es,2.0,0.7142857142857143,2024-04,0.004555912435362992,100.55892795785132,4.556120008203379e-05
2024-04-28,43896,256,867,0.087,37.5,0.6,1.6,5.0,motociclismo_es,-3.0,0.7142857142857143,2024-04,-0.006834335702569709,100.55205589279579,-6.833868653044473e-05
2024-04-29,43895,256,867,0.088,37.9,0.6,1.583,6.0,motociclismo_es,-1.0,0.8571428571428571,2024-04,-0.0022781637999772183,100.54976520444394,-2.278111900855251e-05
2024-04-30,43896,256,867,0.088,38.1,0.6,1.575,5.0,motociclismo_es,1.0,0.7142857142857143,2024-04,0.00227811190085657,100.55205589279579,2.2781637999846893e-05
2024-05-01,43900,256,867,0.069,29.8,0.5,1.678,5.0,motociclismo_es,4.0,0.7142857142857143,2024-05,0.009111617312072894,100.56121864620317,9.112447603421003e-05
2024-05-02,43905,256,867,0.069,29.8,0.5,1.678,4.0,motociclismo_es,5.0,0.5714285714285714,2024-05,0.011388224575788634,100.57267208796243,0.00011389521640081668
2024-05-03,43900,256,870,0.079,34.3,0.5,1.458,6.0,motociclismo_es,-5.0,0.8571428571428571,2024-05,-0.011389521640091117,100.56121864620317,-0.0001138822457579236
2024-05-04,43900,256,870,0.08,34.8,0.5,1.437,8.0,motociclismo_es,0.0,1.1428571428571428,2024-05,0.0,100.56121864620317,0.0
2024-05-05,43895,256,870,0.061,26.5,0.2,0.755,11.0,motociclismo_es,-5.0,1.5714285714285714,2024-05,-0.011390818999886091,100.54976520444394,-0.0001138952164009277
2024-05-06,43899,256,882,0.059,25.8,0.2,0.775,14.0,motociclismo_es,4.0,2.0,2024-05,0.009111824870725984,100.55892795785132,9.112655199916553e-05
2024-05-07,43902,256,882,0.048,21.0,0.1,0.476,15.0,motociclismo_es,3.0,2.142857142857143,2024-05,0.006833401667350006,100.5658000229069,6.833868653055575e-05
2024-05-08,43904,256,882,0.036,15.6,0.1,0.641,17.0,motociclismo_es,2.0,2.4285714285714284,2024-05,0.004555393586005831,100.57038139961058,4.5556011115666095e-05
2024-05-09,43903,256,882,0.036,15.6,0.1,0.641,17.0,motociclismo_es,-1.0,2.4285714285714284,2024-05,-0.002277748673211398,100.56809071125873,-2.2776967930071557e-05
2024-05-10,43900,256,882,0.047,20.5,0.1,0.488,14.0,motociclismo_es,-3.0,2.0,2024-05,-0.00683371298405467,100.56121864620317,-6.833246019632977e-05
2024-05-11,43896,256,887,0.052,22.9,0.1,0.437,12.0,motociclismo_es,-4.0,1.7142857142857142,2024-05,-0.00911244760342628,100.55205589279579,-9.111617312074216e-05
2024-05-12,43896,256,887,0.053,23.2,0.2,0.862,9.0,motociclismo_es,0.0,1.2857142857142858,2024-05,0.0,100.55205589279579,0.0
2024-05-13,43892,256,887,0.054,23.3,0.2,0.858,5.0,motociclismo_es,-4.0,0.7142857142857143,2024-05,-0.009113278046113187,100.54289313938838,-9.112447603421003e-05
2024-05-14,43886,256,887,0.054,23.7,0.2,0.844,6.0,motociclismo_es,-6.0,0.8571428571428571,2024-05,-0.01367178599097662,100.52914900927729,-0.0001366991706917009
2024-05-15,43887,256,887,0.044,19.3,0.2,1.036,4.0,motociclismo_es,1.0,0.5714285714285714,2024-05,0.0022785790780869048,100.53143969762914,2.278630998486797e-05
2024-05-16,43886,256,887,0.049,21.6,0.1,0.463,4.0,motociclismo_es,-1.0,0.5714285714285714,2024-05,-0.0022786309984961033,100.52914900927729,-2.2785790780854853e-05
2024-05-17,43879,256,887,0.051,22.3,0.1,0.448,7.0,motociclismo_es,-7.0,1.0,2024-05,-0.015952961553362656,100.51311419081435,-0.00015950416989474192
2024-05-18,43882,256,887,0.056,24.6,0.1,0.407,7.0,motociclismo_es,3.0,1.0,2024-05,0.006836516111389635,100.51998625586988,6.836983522862106e-05
2024-05-19,43882,256,894,0.058,25.3,0.1,0.395,7.0,motociclismo_es,0.0,1.0,2024-05,0.0,100.51998625586988,0.0
2024-05-20,43878,256,894,0.059,25.6,0.1,0.391,6.0,motociclismo_es,-4.0,0.8571428571428571,2024-05,-0.009116185787866356,100.5108235024625,-9.11535481518122e-05
2024-05-21,43871,256,894,0.059,25.8,0.1,0.388,5.0,motociclismo_es,-7.0,0.7142857142857143,2024-05,-0.015955870620683366,100.49478868399954,-0.00015953325128770235
2024-05-22,43868,256,894,0.059,25.8,0.1,0.388,4.0,motociclismo_es,-3.0,0.5714285714285714,2024-05,-0.0068386979119175705,100.48791661894398,-6.838230266004164e-05
2024-05-23,43870,256,894,0.062,27.0,0.1,0.37,5.0,motociclismo_es,2.0,0.7142857142857143,2024-05,0.0045589240939138366,100.4924979956477,4.5591319412841e-05
2024-05-24,43871,256,894,0.061,26.8,0.1,0.373,4.0,motociclismo_es,1.0,0.5714285714285714,2024-05,0.0022794100886690525,100.49478868399954,2.279462046961278e-05
2024-05-25,43868,256,898,0.048,20.9,0.0,0.0,4.0,motociclismo_es,-3.0,0.5714285714285714,2024-05,-0.0068386979119175705,100.48791661894398,-6.838230266004164e-05
2024-05-26,43876,256,898,0.049,21.6,0.0,0.0,4.0,motociclismo_es,8.0,0.5714285714285714,2024-05,0.01823320266204759,100.50624212575879,0.00018236527765114197
2024-05-27,43877,256,898,0.05,22.1,0.0,0.0,5.0,motociclismo_es,1.0,0.7142857142857143,2024-05,0.002279098388677439,100.50853281411062,2.2791503327512785e-05
2024-05-28,43883,256,898,0.051,22.3,0.0,0.0,6.0,motociclismo_es,6.0,0.8571428571428571,2024-05,0.013672720643529385,100.52227694422173,0.00013674590332057868
2024-05-29,43874,256,898,0.047,20.8,0.0,0.0,7.0,motociclismo_es,-9.0,1.0,2024-05,-0.020513288052149338,100.50166074905509,-0.00020509080965291915
2024-05-30,43873,256,898,0.047,20.8,0.0,0.0,7.0,motociclismo_es,-1.0,1.0,2024-05,-0.002279306179199052,100.49937006070324,-2.2792542280214434e-05
2024-05-31,43870,256,898,0.044,19.3,0.0,0.0,7.0,motociclismo_es,-3.0,1.0,2024-05,-0.006838386140870754,100.4924979956477,-6.837918537594412e-05
2024-06-01,43866,256,904,0.041,17.8,0.0,0.0,6.0,motociclismo_es,-4.0,0.8571428571428571,2024-06,-0.00911867961519172,100.48333524224029,-9.117848187822908e-05
2024-06-02,43865,256,904,0.041,17.8,0.0,0.0,6.0,motociclismo_es,-1.0,0.8571428571428571,2024-06,-0.0022797218739313806,100.48104455388844,-2.2796699037930246e-05
2024-06-03,43865,256,904,0.041,17.9,0.0,0.0,5.0,motociclismo_es,0.0,0.7142857142857143,2024-06,0.0,100.48104455388844,0.0
2024-06-04,43870,256,904,0.041,18.0,0.0,0.0,5.0,motociclismo_es,5.0,0.7142857142857143,2024-06,0.011397310234784592,100.4924979956477,0.00011398609369650536
2024-06-05,43871,256,904,0.05,21.7,0.1,0.461,5.0,motociclismo_es,1.0,0.7142857142857143,2024-06,0.0022794100886690525,100.49478868399954,2.279462046961278e-05
2024-06-06,43871,256,904,0.049,21.4,0.1,0.467,3.0,motociclismo_es,0.0,0.42857142857142855,2024-06,0.0,100.49478868399954,0.0
2024-06-07,43879,256,904,0.049,21.6,0.1,0.463,2.0,motociclismo_es,8.0,0.2857142857142857,2024-06,0.018231956060985894,100.51311419081435,0.00018235280709344437
2024-06-08,43881,256,904,0.049,21.6,0.1,0.463,3.0,motociclismo_es,2.0,0.42857142857142855,2024-06,0.004557781272076753,100.51769556751805,4.557989015241404e-05
2024-06-09,43886,256,907,0.048,20.8,0.1,0.481,3.0,motociclismo_es,5.0,0.42857142857142855,2024-06,0.011393154992480517,100.52914900927729,0.00011394453180191277
2024-06-10,43885,256,907,0.048,21.0,0.1,0.476,3.0,motociclismo_es,-1.0,0.42857142857142855,2024-06,-0.002278682921271505,100.52685832092543,-2.2786309984978992e-05
2024-06-11,43882,256,909,0.048,21.1,0.1,0.474,4.0,motociclismo_es,-3.0,0.5714285714285714,2024-06,-0.006836516111389635,100.51998625586988,-6.836048763814162e-05
2024-06-12,43881,256,909,0.053,23.2,0.1,0.431,3.0,motociclismo_es,-1.0,0.42857142857142855,2024-06,-0.0022788906360383765,100.51769556751805,-2.278838703795305e-05
2024-06-13,43874,256,910,0.058,25.2,0.1,0.397,4.0,motociclismo_es,-7.0,0.5714285714285714,2024-06,-0.015954779596116152,100.50166074905509,-0.00015952234452265568
2024-06-14,43871,256,912,0.058,25.3,0.1,0.395,6.0,motociclismo_es,-3.0,0.8571428571428571,2024-06,-0.006838230266007158,100.49478868399954,-6.837762684053228e-05
2024-06-15,43871,256,912,0.052,22.5,0.1,0.444,5.0,motociclismo_es,0.0,0.7142857142857143,2024-06,0.0,100.49478868399954,0.0
2024-06-16,43867,256,912,0.066,28.5,0.4,1.404,5.0,motociclismo_es,-4.0,0.7142857142857143,2024-06,-0.009118471744135683,100.48562593059214,-9.117640354672218e-05
2024-06-17,43869,256,912,0.067,28.9,0.4,1.384,5.0,motociclismo_es,2.0,0.7142857142857143,2024-06,0.004559028015227153,100.49020730729585,4.5592358720591974e-05
2024-06-18,43867,256,914,0.067,29.2,0.4,1.37,5.0,motociclismo_es,-2.0,0.7142857142857143,2024-06,-0.004559235872067842,100.48562593059214,-4.559028015227451e-05
2024-06-19,43868,256,916,0.073,31.5,0.5,1.587,5.0,motociclismo_es,1.0,0.7142857142857143,2024-06,0.00227956597063919,100.48791661894398,2.279617936040701e-05
2024-06-20,43864,256,917,0.073,31.4,0.5,1.592,4.0,motociclismo_es,-4.0,0.5714285714285714,2024-06,-0.009119095385737734,100.47875386553659,-9.118263882557098e-05
2024-06-21,43864,256,918,0.073,31.5,0.5,1.587,3.0,motociclismo_es,0.0,0.42857142857142855,2024-06,0.0,100.47875386553659,0.0
2024-06-22,43867,256,918,0.075,32.3,0.5,1.548,3.0,motociclismo_es,3.0,0.42857142857142855,2024-06,0.0068388538081017615,100.48562593059214,6.839321539309218e-05
2024-06-23,43868,256,918,0.075,32.5,0.5,1.538,3.0,motociclismo_es,1.0,0.42857142857142855,2024-06,0.00227956597063919,100.48791661894398,2.279617936040701e-05
2024-06-24,43867,256,918,0.075,32.6,0.5,1.534,3.0,motociclismo_es,-1.0,0.42857142857142855,2024-06,-0.002279617936033921,100.48562593059214,-2.27956597064205e-05
2024-06-25,43867,256,919,0.076,32.8,0.5,1.524,1.0,motociclismo_es,0.0,0.14285714285714285,2024-06,0.0,100.48562593059214,0.0
2024-06-26,43868,256,920,0.076,32.8,0.5,1.524,2.0,motociclismo_es,1.0,0.2857142857142857,2024-06,0.00227956597063919,100.48791661894398,2.279617936040701e-05
2024-06-27,43863,256,922,0.076,32.8,0.5,1.524,4.0,motociclismo_es,-5.0,0.5714285714285714,2024-06,-0.011399129106536262,100.47646317718475,-0.00011397829853199148
2024-06-28,43858,256,925,0.081,34.8,0.7,2.011,5.0,motociclismo_es,-5.0,0.7142857142857143,2024-06,-0.01140042865611747,100.4650097354255,-0.00011399129106537398
2024-06-29,43858,256,925,0.07,30.1,0.8,2.658,5.0,motociclismo_es,0.0,0.7142857142857143,2024-06,0.0,100.4650097354255,0.0
2024-06-30,43861,256,925,0.073,31.1,0.8,2.572,5.0,motociclismo_es,3.0,0.7142857142857143,2024-06,0.006839789334488498,100.47188180048106,6.840257193663213e-05
2024-07-01,43864,256,925,0.073,31.3,0.8,2.556,5.0,motociclismo_es,3.0,0.7142857142857143,2024-07,0.006839321539303301,100.47875386553659,6.839789334489588e-05
2024-07-02,43864,256,926,0.073,31.4,0.8,2.548,5.0,motociclismo_es,0.0,0.7142857142857143,2024-07,0.0,100.47875386553659,0.0
2024-07-03,43864,256,927,0.074,31.5,0.8,2.54,4.0,motociclismo_es,0.0,0.5714285714285714,2024-07,0.0,100.47875386553659,0.0
2024-07-04,43862,256,928,0.074,31.8,0.8,2.516,3.0,motociclismo_es,-2.0,0.42857142857142855,2024-07,-0.004559755597099996,100.4741724888329,-4.559547692872812e-05
2024-07-05,43865,256,928,0.074,31.8,0.8,2.516,1.0,motociclismo_es,3.0,0.14285714285714285,2024-07,0.006839165621794141,100.48104455388844,6.839633395649969e-05
2024-07-06,43870,256,928,0.07,30.1,0.8,2.658,1.0,motociclismo_es,5.0,0.14285714285714285,2024-07,0.011397310234784592,100.4924979956477,0.00011398609369650536
2024-07-07,43872,256,928,0.071,30.2,0.8,2.649,1.0,motociclismo_es,2.0,0.14285714285714285,2024-07,0.004558716265499635,100.4970793723514,4.558924093922556e-05
2024-07-08,43873,256,929,0.071,30.2,0.8,2.649,2.0,motociclismo_es,1.0,0.2857142857142857,2024-07,0.002279306179199052,100.49937006070324,2.2793581327507084e-05
2024-07-09,43876,256,930,0.071,30.2,0.8,2.649,2.0,motociclismo_es,3.0,0.2857142857142857,2024-07,0.006837450998267846,100.50624212575879,6.837918537594412e-05
2024-07-10,43871,256,931,0.076,32.7,0.8,2.446,2.0,motociclismo_es,-5.0,0.2857142857142857,2024-07,-0.011397050443345262,100.49478868399954,-0.00011395751663778597
2024-07-11,43873,256,933,0.077,32.8,0.8,2.439,3.0,motociclismo_es,2.0,0.42857142857142855,2024-07,0.004558612358398104,100.49937006070324,4.558820177336109e-05
2024-07-12,43869,256,935,0.08,34.3,0.8,2.332,5.0,motociclismo_es,-4.0,0.7142857142857143,2024-07,-0.009118056030454307,100.49020730729585,-9.117224716792549e-05
2024-07-13,43870,256,935,0.056,24.1,0.5,2.075,5.0,motociclismo_es,1.0,0.7142857142857143,2024-07,0.0022794620469569183,100.4924979956477,2.2795140076192766e-05
2024-07-14,43872,256,935,0.057,24.4,0.5,2.049,5.0,motociclismo_es,2.0,0.7142857142857143,2024-07,0.004558716265499635,100.4970793723514,4.558924093922556e-05
2024-07-15,43874,256,936,0.057,24.5,0.5,2.041,5.0,motociclismo_es,2.0,0.7142857142857143,2024-07,0.004558508456033186,100.50166074905509,4.558716265501417e-05
2024-07-16,43868,256,936,0.057,24.5,0.5,2.041,5.0,motociclismo_es,-6.0,0.7142857142857143,2024-07,-0.013677395823835141,100.48791661894398,-0.00013675525368095354
2024-07-17,43866,256,937,0.056,23.9,0.5,2.092,5.0,motociclismo_es,-2.0,0.7142857142857143,2024-07,-0.00455933980759586,100.48333524224029,-4.559131941272998e-05
2024-07-18,43865,256,938,0.056,24.1,0.5,2.075,4.0,motociclismo_es,-1.0,0.5714285714285714,2024-07,-0.0022797218739313806,100.48104455388844,-2.2796699037930246e-05
2024-07-19,43869,256,941,0.053,22.8,0.3,1.316,5.0,motociclismo_es,4.0,0.7142857142857143,2024-07,0.009118056030454307,100.49020730729585,9.118887495729311e-05
2024-07-20,43874,256,943,0.054,23.5,0.3,1.277,6.0,motociclismo_es,5.0,0.8571428571428571,2024-07,0.011396271140082966,100.50166074905509,0.00011397570038074178
2024-07-21,43873,256,943,0.045,19.6,0.2,1.02,6.0,motociclismo_es,-1.0,0.8571428571428571,2024-07,-0.002279306179199052,100.49937006070324,-2.2792542280214434e-05
2024-07-22,43870,256,943,0.047,20.3,0.2,0.985,5.0,motociclismo_es,-3.0,0.7142857142857143,2024-07,-0.006838386140870754,100.4924979956477,-6.837918537594412e-05
2024-07-23,43866,256,945,0.047,20.4,0.2,0.98,6.0,motociclismo_es,-4.0,0.8571428571428571,2024-07,-0.00911867961519172,100.48333524224029,-9.117848187822908e-05
2024-07-24,43867,256,945,0.048,20.7,0.2,0.966,6.0,motociclismo_es,1.0,0.8571428571428571,2024-07,0.002279617936033921,100.48562593059214,2.2796699038041268e-05
2024-07-25,43867,256,946,0.048,20.8,0.2,0.962,6.0,motociclismo_es,0.0,0.8571428571428571,2024-07,0.0,100.48562593059214,0.0
2024-07-26,43860,256,948,0.041,17.8,0.2,1.124,4.0,motociclismo_es,-7.0,0.5714285714285714,2024-07,-0.01595987232102143,100.46959111212918,-0.00015957325552240498
2024-07-27,43858,256,948,0.041,17.8,0.2,1.124,3.0,motociclismo_es,-2.0,0.42857142857142855,2024-07,-0.004560171462446989,100.4650097354255,-4.559963520289756e-05
2024-07-28,43856,256,948,0.047,20.5,0.3,1.463,3.0,motociclismo_es,-2.0,0.42857142857142855,2024-07,-0.004560379423568041,100.4604283587218,-4.560171462442142e-05
2024-07-29,43862,256,948,0.048,20.8,0.3,1.442,3.0,motociclismo_es,6.0,0.42857142857142855,2024-07,0.013679266791299986,100.4741724888329,0.00013681138270693616
2024-07-30,43858,256,949,0.049,21.3,0.4,1.878,3.0,motociclismo_es,-4.0,0.42857142857142855,2024-07,-0.009120342924893977,100.4650097354255,-9.119511194199958e-05
2024-07-31,43867,256,950,0.05,21.5,0.4,1.86,4.0,motociclismo_es,9.0,0.5714285714285714,2024-07,0.020516561424305288,100.48562593059214,0.00020520771581011843
2024-08-01,43865,256,950,0.047,20.4,0.3,1.471,3.0,motociclismo_es,-2.0,0.42857142857142855,2024-08,-0.004559443747862761,100.48104455388844,-4.5592358720703e-05
2024-08-02,43867,256,950,0.047,20.3,0.3,1.478,2.0,motociclismo_es,2.0,0.2857142857142857,2024-08,0.004559235872067842,100.48562593059214,4.5594437478646554e-05
2024-08-03,43868,256,950,0.047,20.5,0.3,1.463,2.0,motociclismo_es,1.0,0.2857142857142857,2024-08,0.00227956597063919,100.48791661894398,2.279617936040701e-05
2024-08-04,43868,256,950,0.047,20.5,0.3,1.463,2.0,motociclismo_es,0.0,0.2857142857142857,2024-08,0.0,100.48791661894398,0.0
2024-08-05,43862,256,951,0.047,20.5,0.3,1.463,2.0,motociclismo_es,-6.0,0.2857142857142857,2024-08,-0.013679266791299986,100.4741724888329,-0.00013677395823830096
2024-08-06,43870,256,951,0.047,20.5,0.3,1.463,1.0,motociclismo_es,8.0,0.14285714285714285,2024-08,0.018235696375655346,100.4924979956477,0.00018239022388399917
2024-08-07,43871,256,951,0.047,20.5,0.3,1.463,0.0,motociclismo_es,1.0,0.0,2024-08,0.0022794100886690525,100.49478868399954,2.279462046961278e-05
2024-08-08,43868,256,951,0.047,20.5,0.3,1.463,0.0,motociclismo_es,-3.0,0.0,2024-08,-0.0068386979119175705,100.48791661894398,-6.838230266004164e-05
2024-08-09,43870,256,952,0.047,20.5,0.3,1.463,1.0,motociclismo_es,2.0,0.14285714285714285,2024-08,0.0045589240939138366,100.4924979956477,4.5591319412841e-05
2024-08-10,43870,256,952,0.047,20.5,0.3,1.463,1.0,motociclismo_es,0.0,0.14285714285714285,2024-08,0.0,100.4924979956477,0.0
2024-08-11,43865,256,952,0.048,20.6,0.3,1.456,1.0,motociclismo_es,-5.0,0.14285714285714285,2024-08,-0.011398609369656903,100.48104455388844,-0.00011397310234784186
2024-08-12,43860,256,952,0.048,20.7,0.3,1.449,1.0,motociclismo_es,-5.0,0.14285714285714285,2024-08,-0.011399908800729594,100.46959111212918,-0.00011398609369661639
2024-08-13,43856,256,954,0.048,20.7,0.3,1.449,3.0,motociclismo_es,-4.0,0.42857142857142855,2024-08,-0.009120758847136081,100.4604283587218,-9.119927040579512e-05
2024-08-14,43849,256,955,0.048,20.8,0.3,1.442,3.0,motociclismo_es,-7.0,0.42857142857142855,2024-08,-0.015963876029099863,100.44439354025884,-0.00015961327982483287
2024-08-15,43853,256,956,0.042,18.2,0.3,1.648,4.0,motociclismo_es,4.0,0.5714285714285714,2024-08,0.009121382801632728,100.45355629366625,9.122214873769074e-05
2024-08-16,43853,256,961,0.042,18.3,0.3,1.639,5.0,motociclismo_es,0.0,0.7142857142857143,2024-08,0.0,100.45355629366625,0.0
2024-08-17,43847,256,961,0.04,17.1,0.3,1.754,5.0,motociclismo_es,-6.0,0.7142857142857143,2024-08,-0.013683946450156225,100.43981216355516,-0.00013682074202447936
2024-08-18,43855,256,961,0.042,18.0,0.3,1.667,5.0,motociclismo_es,8.0,0.7142857142857143,2024-08,0.018241933644966367,100.45813767036995,0.0001824526193354714
2024-08-19,43848,255,962,0.042,18.3,0.3,1.639,6.0,motociclismo_es,-7.0,0.8571428571428571,2024-08,-0.015964240102171137,100.442102851907,-0.00015961691939347933
2024-08-20,43842,255,963,0.043,18.5,0.3,1.622,4.0,motociclismo_es,-6.0,0.5714285714285714,2024-08,-0.01368550704803613,100.4283587217959,-0.00013683634373284903
2024-08-21,43843,255,964,0.034,14.6,0.3,2.055,4.0,motociclismo_es,1.0,0.5714285714285714,2024-08,0.0022808658166640055,100.43064941014774,2.280917841335217e-05
2024-08-22,43838,255,966,0.034,14.6,0.3,2.055,4.0,motociclismo_es,-5.0,0.5714285714285714,2024-08,-0.011405629818878597,100.41919596838851,-0.00011404329083319897
2024-08-23,43841,256,966,0.034,14.6,0.3,2.055,2.0,motociclismo_es,3.0,0.2857142857142857,2024-08,0.006842909605164116,100.42606803344405,6.843377891319058e-05
2024-08-24,43836,256,966,0.033,14.0,0.3,2.143,2.0,motociclismo_es,-5.0,0.2857142857142857,2024-08,-0.011406150196185783,100.4146145916848,-0.00011404849341944967
2024-08-25,43831,256,966,0.033,14.0,0.3,2.143,2.0,motociclismo_es,-5.0,0.2857142857142857,2024-08,-0.011407451347220003,100.40316114992555,-0.00011406150196180409
2024-08-26,43832,256,966,0.033,14.0,0.3,2.143,1.0,motociclismo_es,1.0,0.14285714285714285,2024-08,0.0022814382186530386,100.4054518382774,2.281490269440134e-05
2024-08-27,43833,256,969,0.033,14.0,0.3,2.143,1.0,motociclismo_es,1.0,0.14285714285714285,2024-08,0.002281386170237036,100.40774252662925,2.2814382186542304e-05
2024-08-28,43834,256,969,0.033,14.0,0.3,2.143,1.0,motociclismo_es,1.0,0.14285714285714285,2024-08,0.0022813341241958297,100.4100332149811,2.281386170244204e-05
2024-08-29,43833,256,969,0.033,14.2,0.3,2.113,0.0,motociclismo_es,-1.0,0.0,2024-08,-0.002281386170237036,100.40774252662925,-2.2813341241989527e-05
2024-08-30,43837,256,969,0.033,14.2,0.3,2.113,0.0,motociclismo_es,4.0,0.0,2024-08,0.00912471200127746,100.41690528003666,9.125544680954611e-05
2024-08-31,43835,256,969,0.033,14.2,0.3,2.113,0.0,motociclismo_es,-2.0,0.0,2024-08,-0.0045625641610585145,100.41232390333295,-4.5623560006369246e-05
2024-09-01,43837,256,969,0.033,14.2,0.3,2.113,0.0,motociclismo_es,2.0,0.0,2024-09,0.00456235600063873,100.41690528003666,4.562564161059157e-05
2024-09-02,43831,256,970,0.033,14.2,0.3,2.113,0.0,motociclismo_es,-6.0,0.0,2024-09,-0.013688941616664006,100.40316114992555,-0.00013687068001910774
2024-09-03,43835,256,970,0.033,14.3,0.3,2.098,0.0,motociclismo_es,4.0,0.0,2024-09,0.009125128322117029,100.41232390333295,9.12596107778274e-05
2024-09-04,43837,256,970,0.033,14.3,0.3,2.098,0.0,motociclismo_es,2.0,0.0,2024-09,0.00456235600063873,100.41690528003666,4.562564161059157e-05
2024-09-05,43839,256,970,0.033,14.3,0.3,2.098,0.0,motociclismo_es,2.0,0.0,2024-09,0.004562147859212117,100.42148665674036,4.5623560006369246e-05
2024-09-06,43830,256,973,0.033,14.3,0.3,2.098,3.0,motociclismo_es,-9.0,0.42857142857142855,2024-09,-0.02053388090349076,100.4008704615737,-0.00020529665366453287
2024-09-07,43830,256,973,0.027,11.8,0.1,0.847,3.0,motociclismo_es,0.0,0.42857142857142855,2024-09,0.0,100.4008704615737,0.0
2024-09-08,43834,256,973,0.038,16.3,0.3,1.84,3.0,motociclismo_es,4.0,0.42857142857142855,2024-09,0.009125336496783319,100.4100332149811,9.126169290429864e-05
2024-09-09,43837,256,973,0.042,18.2,0.3,1.648,3.0,motociclismo_es,3.0,0.42857142857142855,2024-09,0.006843534000958095,100.41690528003666,6.844002372585756e-05
2024-09-10,43838,256,973,0.044,18.8,0.3,1.596,3.0,motociclismo_es,1.0,0.42857142857142855,2024-09,0.0022811259637757196,100.41919596838851,2.2811780003184623e-05
2024-09-11,43841,256,973,0.047,20.2,0.6,2.97,3.0,motociclismo_es,3.0,0.42857142857142855,2024-09,0.006842909605164116,100.42606803344405,6.843377891319058e-05
2024-09-12,43843,256,973,0.048,20.4,0.6,2.941,3.0,motociclismo_es,2.0,0.42857142857142855,2024-09,0.004561731633328011,100.43064941014774,4.561939736769105e-05
2024-09-13,43843,256,973,0.048,20.5,0.6,2.927,0.0,motociclismo_es,0.0,0.0,2024-09,0.0,100.43064941014774,0.0
2024-09-14,43841,256,973,0.049,20.8,0.6,2.885,0.0,motociclismo_es,-2.0,0.0,2024-09,-0.004561939736776077,100.42606803344405,-4.561731633323518e-05
2024-09-15,43840,256,973,0.049,20.8,0.6,2.885,0.0,motociclismo_es,-1.0,0.0,2024-09,-0.002281021897810219,100.4237773450922,-2.2809698683845525e-05
2024-09-16,43842,256,973,0.051,21.6,0.6,2.778,0.0,motociclismo_es,2.0,0.0,2024-09,0.00456183568267871,100.4283587217959,4.56204379561953e-05
2024-09-17,43840,256,973,0.051,21.8,0.6,2.752,0.0,motociclismo_es,-2.0,0.0,2024-09,-0.004562043795620438,100.4237773450922,-4.5618356826815365e-05
2024-09-18,43839,256,974,0.051,21.9,0.5,2.283,1.0,motociclismo_es,-1.0,0.14285714285714285,2024-09,-0.0022810739296060586,100.42148665674036,-2.281021897809765e-05
2024-09-19,43840,256,982,0.061,26.3,0.6,2.281,3.0,motociclismo_es,1.0,0.42857142857142855,2024-09,0.002281021897810219,100.4237773450922,2.281073929610855e-05
2024-09-20,43844,256,982,0.064,27.3,0.6,2.198,3.0,motociclismo_es,4.0,0.42857142857142855,2024-09,0.009123255177447312,100.43294009849959,9.12408759123906e-05
2024-09-21,43845,256,983,0.065,27.9,0.6,2.151,3.0,motociclismo_es,1.0,0.42857142857142855,2024-09,0.0022807617744326604,100.43523078685146,2.2808137943641782e-05
2024-09-22,43844,256,983,0.066,28.3,0.6,2.12,3.0,motociclismo_es,-1.0,0.42857142857142855,2024-09,-0.002280813794361828,100.43294009849959,-2.2807617744313724e-05
2024-09-23,43850,256,984,0.066,28.4,0.6,2.113,4.0,motociclismo_es,6.0,0.5714285714285714,2024-09,0.013683010262257697,100.44668422861069,0.00013684882766162865
2024-09-24,43854,256,986,0.066,28.5,0.6,2.105,6.0,motociclismo_es,4.0,0.8571428571428571,2024-09,0.009121174807315183,100.4558469820181,9.122006841510988e-05
2024-09-25,43896,256,983,0.067,28.8,0.6,2.083,5.0,motociclismo_es,42.0,0.7142857142857143,2024-09,0.09568069983597594,100.55205589279579,0.0009577233547681807
2024-09-26,43932,256,983,0.068,29.2,0.6,2.055,3.0,motociclismo_es,36.0,0.42857142857142855,2024-09,0.08194482381862879,100.63452067346236,0.0008201202843083344
2024-09-27,43951,256,983,0.068,29.4,0.6,2.041,3.0,motociclismo_es,19.0,0.42857142857142855,2024-09,0.043229960637983206,100.67804375214753,0.00043248657015393377
2024-09-28,43968,256,983,0.069,29.9,0.6,2.007,3.0,motociclismo_es,17.0,0.42857142857142855,2024-09,0.03866448326055313,100.71698545412897,0.0003867943846556088
2024-09-29,43976,256,983,0.069,29.9,0.6,2.007,3.0,motociclismo_es,8.0,0.42857142857142855,2024-09,0.01819174094960888,100.73531096094376,0.00018195050946134828
2024-09-30,43988,256,984,0.07,30.0,0.6,2.0,2.0,motociclismo_es,12.0,0.2857142857142857,2024-09,0.027280167318359555,100.76279922116595,0.00027287611424409164
2024-10-01,43998,256,984,0.07,30.0,0.6,2.0,0.0,motociclismo_es,10.0,0.0,2024-10,0.022728305832083275,100.78570610468445,0.00022733472765290585
2024-10-02,44001,256,984,0.07,30.1,0.6,1.993,0.0,motociclismo_es,3.0,0.0,2024-10,0.0068180268630258405,100.79257816974001,6.818491749616129e-05
2024-10-03,44008,256,985,0.07,30.2,0.6,1.987,1.0,motociclismo_es,7.0,0.14285714285714285,2024-10,0.015906198872932195,100.80861298820297,0.0001590872934706944
2024-10-04,44007,256,986,0.07,30.2,0.6,1.987,2.0,motociclismo_es,-1.0,0.2857142857142857,2024-10,-0.002272365759992728,100.80632229985112,-2.2723141247071865e-05
2024-10-05,44007,256,986,0.069,29.9,0.6,2.007,2.0,motociclismo_es,0.0,0.2857142857142857,2024-10,0.0,100.80632229985112,0.0
2024-10-06,44023,256,986,0.075,32.3,0.7,2.167,2.0,motociclismo_es,16.0,0.2857142857142857,2024-10,0.03634463803012062,100.84297331348071,0.0003635785215987397
2024-10-07,44028,256,986,0.076,32.8,0.7,2.134,2.0,motociclismo_es,5.0,0.2857142857142857,2024-10,0.011356409557554284,100.85442675523994,0.00011357699384406672
2024-10-08,44025,256,986,0.077,33.0,0.7,2.121,2.0,motociclismo_es,-3.0,0.2857142857142857,2024-10,-0.006814310051107325,100.84755469018441,-6.813845734532364e-05
2024-10-09,44030,256,986,0.077,33.1,0.8,2.417,2.0,motociclismo_es,5.0,0.2857142857142857,2024-10,0.011355893708834885,100.85900813194364,0.00011357183418514438
2024-10-10,44028,256,986,0.077,33.3,0.8,2.402,1.0,motociclismo_es,-2.0,0.14285714285714285,2024-10,-0.004542563823021714,100.85442675523994,-4.542357483539039e-05
2024-10-11,44032,256,986,0.078,33.4,0.8,2.395,0.0,motociclismo_es,4.0,0.0,2024-10,0.009084302325581396,100.86358950864735,9.085127646035751e-05
2024-10-12,44035,256,986,0.079,33.8,0.8,2.367,0.0,motociclismo_es,3.0,0.0,2024-10,0.006812762575224254,100.8704615737029,6.813226744184497e-05
2024-10-13,44039,256,986,0.079,33.8,0.8,2.367,0.0,motociclismo_es,4.0,0.0,2024-10,0.00908285837553078,100.8796243271103,9.083683433641632e-05
2024-10-14,44050,256,991,0.079,34.2,0.8,2.339,2.0,motociclismo_es,11.0,0.2857142857142857,2024-10,0.02497162315550511,100.90482189898064,0.00024977860532704454
2024-10-15,44056,256,991,0.079,34.2,0.8,2.339,2.0,motociclismo_es,6.0,0.2857142857142857,2024-10,0.013619030325040858,100.91856602909175,0.0001362088535754591
2024-10-16,44066,256,991,0.052,22.7,0.3,1.322,2.0,motociclismo_es,10.0,0.2857142857142857,2024-10,0.022693232877955796,100.94147291261024,0.00022698383875074946
2024-10-17,44072,256,992,0.052,22.7,0.3,1.322,3.0,motociclismo_es,6.0,0.42857142857142855,2024-10,0.01361408604102378,100.95521704272134,0.0001361593972677433
2024-10-18,44072,255,992,0.051,22.0,0.3,1.364,3.0,motociclismo_es,0.0,0.42857142857142855,2024-10,0.0,100.95521704272134,0.0
2024-10-19,44073,254,992,0.051,22.1,0.3,1.357,3.0,motociclismo_es,1.0,0.42857142857142855,2024-10,0.00226896285707803,100.95750773107319,2.2690143401726814e-05
2024-10-20,44084,254,992,0.051,22.1,0.3,1.357,3.0,motociclismo_es,11.0,0.42857142857142855,2024-10,0.024952363669358497,100.98270530294353,0.0002495859142785939
2024-10-21,44090,254,992,0.051,22.1,0.3,1.357,1.0,motociclismo_es,6.0,0.14285714285714285,2024-10,0.013608528010886821,100.99644943305464,0.0001361038018328209
2024-10-22,44091,255,992,0.051,22.2,0.3,1.351,1.0,motociclismo_es,1.0,0.14285714285714285,2024-10,0.0022680365607493595,100.99874012140648,2.2680880018111083e-05
2024-10-23,44097,255,992,0.051,22.2,0.3,1.351,1.0,motociclismo_es,6.0,0.14285714285714285,2024-10,0.013606367780121097,101.01248425151759,0.00013608219364491525
2024-10-24,44098,255,992,0.051,22.2,0.3,1.351,0.0,motociclismo_es,1.0,0.0,2024-10,0.0022676765386185314,101.01477493986944,2.2677279633454006e-05
2024-10-25,44108,255,992,0.051,22.2,0.3,1.351,0.0,motociclismo_es,10.0,0.0,2024-10,0.02267162419515734,101.03768182338793,0.00022676765386187014
2024-10-26,44114,255,992,0.051,22.2,0.3,1.351,0.0,motociclismo_es,6.0,0.0,2024-10,0.013601124359613727,101.05142595349903,0.00013602974517090693
2024-10-27,44118,255,992,0.051,22.2,0.3,1.351,0.0,motociclismo_es,4.0,0.0,2024-10,0.009066594133913596,101.06058870690642,9.067416239738613e-05
2024-10-28,44117,255,992,0.051,22.3,0.3,1.345,0.0,motociclismo_es,-1.0,0.0,2024-10,-0.0022666999115987037,101.05829801855457,-2.2666485334776887e-05
2024-10-29,44116,255,992,0.051,22.3,0.3,1.345,0.0,motociclismo_es,-1.0,0.0,2024-10,-0.0022667512920482363,101.05600733020272,-2.2666999116016662e-05
2024-10-30,44116,255,994,0.051,22.3,0.3,1.345,2.0,motociclismo_es,0.0,0.2857142857142857,2024-10,0.0,101.05600733020272,0.0
2024-10-31,44121,255,994,0.049,21.4,0.3,1.402,2.0,motociclismo_es,5.0,0.2857142857142857,2024-10,0.011332472065456359,101.06746077196198,0.00011333756460252253
2024-11-01,44124,255,997,0.035,15.3,0.2,1.307,4.0,motociclismo_es,3.0,0.5714285714285714,2024-11,0.006799020940984498,101.07433283701752,6.799483239272597e-05
2024-11-02,44126,255,999,0.033,14.3,0.2,1.399,6.0,motociclismo_es,2.0,0.8571428571428571,2024-11,0.004532475184698364,101.07891421372122,4.532680627322705e-05
2024-11-03,44121,255,1002,0.034,14.8,0.2,1.351,9.0,motociclismo_es,-5.0,1.2857142857142858,2024-11,-0.011332472065456359,101.06746077196198,-0.00011331187961749478
2024-11-04,44119,255,1004,0.082,35.6,0.4,1.124,11.0,motociclismo_es,-2.0,1.5714285714285714,2024-11,-0.004533194315374329,101.06287939525826,-4.5329888261780305e-05
2024-11-05,44174,255,1011,0.141,61.8,0.4,0.647,18.0,motociclismo_es,55.0,2.5714285714285716,2024-11,0.12450762892199031,101.18886725461,0.001246628436727848
2024-11-06,46079,255,1026,0.232,105.2,1.8,1.711,55.0,motociclismo_es,1905.0,7.857142857142857,2024-11,4.134204301308622,105.55262856488375,0.04312491510843475
2024-11-07,48361,255,1041,1.229,586.0,8.5,1.451,92.0,motociclismo_es,2282.0,13.142857142857142,2024-11,4.718678273815678,110.77997938380484,0.04952364417630584
2024-11-08,50485,255,1058,0.353,178.0,0.0,0.0,121.0,motociclismo_es,2124.0,17.285714285714285,2024-11,4.2071902545310484,115.64540144313366,0.04391968735137808
2024-11-09,51451,255,1066,0.879,448.6,3.4,0.758,90.0,motociclismo_es,966.0,12.857142857142858,2024-11,1.8775145283862316,117.85820639102049,0.019134396355352967
2024-11-10,52480,255,1074,0.427,220.8,3.1,1.404,79.0,motociclismo_es,1029.0,11.285714285714286,2024-11,1.9607469512195121,120.21532470507388,0.019999611280635987
2024-11-11,53395,255,1076,0.694,365.2,5.4,1.479,57.0,motociclismo_es,915.0,8.142857142857142,2024-11,1.7136435995879762,122.31130454701638,0.017435213414634054
2024-11-12,53907,255,1077,0.686,362.5,7.1,1.959,44.0,motociclismo_es,512.0,6.285714285714286,2024-11,0.9497838870647597,123.48413698316345,0.00958891281955232
2024-11-13,54263,255,1077,0.7,372.7,7.4,1.986,35.0,motociclismo_es,356.0,5.0,2024-11,0.6560639846672687,124.29962203642195,0.006603966089747226
2024-11-14,54622,255,1078,0.696,372.2,8.0,2.149,30.0,motociclismo_es,359.0,4.285714285714286,2024-11,0.6572443337849219,125.121979154736,0.006615926137515382
2024-11-15,54850,255,1079,0.705,378.1,8.4,2.222,26.0,motociclismo_es,228.0,3.7142857142857144,2024-11,0.41567912488605285,125.64425609895773,0.004174142286990534
2024-11-16,55050,255,1082,0.653,348.4,11.1,3.186,17.0,motociclismo_es,200.0,2.4285714285714284,2024-11,0.36330608537693004,126.10239376932768,0.003646308113035568
2024-11-17,55278,255,1084,0.389,207.4,7.6,3.664,11.0,motociclismo_es,228.0,1.5714285714285714,2024-11,0.4124606534245089,126.62467071354942,0.004141689373297064
2024-11-18,55567,255,1085,0.324,174.9,5.4,3.087,9.0,motociclismo_es,289.0,1.2857142857142858,2024-11,0.5200928608706606,127.286679647234,0.005228119685950938
2024-11-19,55835,254,1086,0.524,283.3,9.3,3.283,9.0,motociclismo_es,268.0,1.2857142857142858,2024-11,0.4799856720694905,127.90058412552972,0.0048230064606691325
2024-11-20,56046,254,1087,0.526,285.4,9.3,3.259,9.0,motociclismo_es,211.0,1.2857142857142858,2024-11,0.37647646576026833,128.38391936777,0.0037789916718904415
2024-11-21,56174,254,1087,0.759,416.2,10.0,2.403,8.0,motociclismo_es,128.0,1.1428571428571428,2024-11,0.2278634243600242,128.6771274768068,0.0022838382757019993
2024-11-22,56265,254,1088,0.765,420.4,10.2,2.426,7.0,motociclismo_es,91.0,1.0,2024-11,0.1617346485381676,128.8855801168251,0.0016199665325595802
2024-11-23,56349,255,1089,0.771,423.9,10.3,2.43,5.0,motociclismo_es,84.0,0.7142857142857143,2024-11,0.14907096842889847,129.0779979383805,0.0014929352172754484
2024-11-24,56496,255,1090,0.743,409.8,9.8,2.391,4.0,motociclismo_es,147.0,0.5714285714285714,2024-11,0.260195412064571,129.4147291261024,0.0026087419475058216
2024-11-25,56664,255,1092,0.746,413.0,9.8,2.373,5.0,motociclismo_es,168.0,0.7142857142857143,2024-11,0.29648454044896233,129.79956476921316,0.0029736618521665203
2024-11-26,56788,255,1095,0.758,420.6,9.8,2.33,7.0,motociclismo_es,124.0,1.0,2024-11,0.21835599070226105,130.0836101248425,0.0021883382747422964
2024-11-27,56910,255,1098,0.727,404.4,9.5,2.349,9.0,motociclismo_es,122.0,1.2857142857142858,2024-11,0.21437357230715165,130.36307410376818,0.002148341198844772
2024-11-28,57015,256,1100,0.722,404.8,6.8,1.68,10.0,motociclismo_es,105.0,1.4285714285714286,2024-11,0.1841620626151013,130.6035963807124,0.0018450184501845879
2024-11-29,57086,256,1102,0.73,409.7,6.8,1.66,10.0,motociclismo_es,71.0,1.4285714285714286,2024-11,0.1243737518831237,130.76623525369374,0.0012452863281593451
2024-11-30,57153,256,1103,0.613,343.7,6.7,1.949,9.0,motociclismo_es,67.0,1.2857142857142858,2024-11,0.11722919181845223,130.9197113732677,0.0011736677994604872
2024-12-01,57225,256,1104,0.615,345.2,6.8,1.97,9.0,motociclismo_es,72.0,1.2857142857142858,2024-12,0.12581913499344693,131.08464093460083,0.001259776389690881
2024-12-02,57291,256,1106,0.483,273.8,2.8,1.023,8.0,motociclismo_es,66.0,1.1428571428571428,2024-12,0.11520134052468974,131.23582636582293,0.0011533420707732223
2024-12-03,57353,256,1107,0.245,138.4,2.2,1.59,6.0,motociclismo_es,62.0,0.8571428571428571,2024-12,0.10810245322825311,131.3778490436376,0.0010821944109895565
2024-12-05,57420,256,1109,0.241,135.9,2.2,1.619,4.0,motociclismo_es,67.0,0.5714285714285714,2024-12,0.11668408220132359,131.53132516321156,0.0011682039300473512
2024-12-06,57476,256,1109,0.223,126.0,2.3,1.825,4.0,motociclismo_es,56.0,0.5714285714285714,2024-12,0.09743197160553971,131.65960371091515,0.0009752699407872267
2024-12-07,57542,256,1110,0.225,127.1,2.3,1.81,5.0,motociclismo_es,66.0,0.7142857142857143,2024-12,0.11469882868165862,131.81078914213722,0.001148305379636616
2024-12-08,57646,256,1111,0.28,158.8,2.5,1.574,5.0,motociclismo_es,104.0,0.7142857142857143,2024-12,0.18041147694549492,132.04902073072958,0.0018073754822565125
2024-12-09,57730,256,1112,0.283,160.6,2.6,1.619,5.0,motociclismo_es,84.0,0.7142857142857143,2024-12,0.14550493677464058,132.24143855228496,0.001457169621482901
2024-12-10,57822,256,1114,0.323,183.8,3.1,1.687,5.0,motociclismo_es,92.0,0.7142857142857143,2024-12,0.15910898965791567,132.45218188065513,0.0015936254980080111
2024-12-11,57923,256,1116,0.346,197.2,3.2,1.623,5.0,motociclismo_es,101.0,0.7142857142857143,2024-12,0.17436942147333528,132.68354140419197,0.0017467399951576201
2024-12-12,57976,256,1118,0.36,202.2,6.5,3.215,7.0,motociclismo_es,53.0,1.0,2024-12,0.09141713812612115,132.80494788683998,0.0009150078552562224
2024-12-13,58040,257,1120,0.363,203.9,6.6,3.237,9.0,motociclismo_es,64.0,1.2857142857142858,2024-12,0.11026878015161956,132.95155194135836,0.0011039050641645787
2024-12-14,58069,258,1120,0.287,161.3,5.5,3.41,8.0,motociclismo_es,29.0,1.1428571428571428,2024-12,0.04994058792126608,133.01798190356203,0.0004996554100620276
2024-12-15,58108,258,1120,0.289,162.7,5.5,3.38,7.0,motociclismo_es,39.0,1.0,2024-12,0.0671164039374957,133.10731874928416,0.0006716148030792013
2024-12-16,58123,258,1121,0.292,164.3,5.6,3.408,7.0,motociclismo_es,15.0,1.0,2024-12,0.025807339607384343,133.14167907456192,0.000258140015144237
2024-12-17,58161,258,1122,0.294,165.4,5.7,3.446,7.0,motociclismo_es,38.0,1.0,2024-12,0.06533587799384467,133.22872523193217,0.0006537859367203858
2024-12-18,58198,259,1122,0.267,150.1,5.2,3.464,6.0,motociclismo_es,37.0,0.8571428571428571,2024-12,0.0635760679061136,133.31348070095063,0.0006361651278348202
2024-12-19,58221,260,1124,0.27,151.9,5.2,3.423,5.0,motociclismo_es,23.0,0.7142857142857143,2024-12,0.039504646089898836,133.36616653304318,0.0003952025842812734
2024-12-20,58196,261,1126,0.271,152.7,5.2,3.405,3.0,motociclismo_es,-25.0,0.42857142857142855,2024-12,-0.04295827891951337,133.30889932424694,-0.0004293983270641233
2024-12-21,58218,261,1128,0.278,156.7,5.3,3.382,4.0,motociclismo_es,22.0,0.5714285714285714,2024-12,0.037788999965646365,133.3592944679876,0.00037803285449178325
2024-12-22,58242,261,1129,0.28,157.7,5.3,3.361,5.0,motociclismo_es,24.0,0.7142857142857143,2024-12,0.04120737612032554,133.414270988432,0.000412243635988796
2024-12-23,58279,261,1130,0.193,107.6,4.8,4.461,5.0,motociclismo_es,37.0,0.7142857142857143,2024-12,0.06348770569158702,133.49902645745047,0.0006352803818550079
2024-12-24,58326,260,1131,0.204,112.7,6.1,5.413,4.0,motociclismo_es,47.0,0.5714285714285714,2024-12,0.08058155882453795,133.60668880998742,0.0008064654506769742
2024-12-25,58358,260,1131,0.196,108.5,6.1,5.622,4.0,motociclismo_es,32.0,0.5714285714285714,2024-12,0.054833955927207925,133.6799908372466,0.0005486404005075052
2024-12-26,58395,259,1131,0.199,110.2,6.2,5.626,3.0,motociclismo_es,37.0,0.42857142857142855,2024-12,0.06336158917715558,133.76474630626504,0.0006340176154082666
2024-12-27,58455,259,1131,0.201,111.3,6.2,5.571,3.0,motociclismo_es,60.0,0.42857142857142855,2024-12,0.10264305876315115,133.90218760737602,0.001027485229899927
2024-12-28,58530,259,1131,0.202,112.1,6.2,5.531,2.0,motociclismo_es,75.0,0.2857142857142857,2024-12,0.12813941568426446,134.07398923376473,0.0012830382345394575
2024-12-29,58605,259,1132,0.204,113.4,6.2,5.467,2.0,motociclismo_es,75.0,0.2857142857142857,2024-12,0.12797542871768622,134.24579086015348,0.0012813941568425857
2024-12-30,58700,259,1133,0.189,105.0,6.1,5.81,2.0,motociclismo_es,95.0,0.2857142857142857,2024-12,0.16183986371379896,134.4634062535792,0.0016210220970906963
2024-12-31,58801,259,1133,0.147,84.2,2.3,2.732,2.0,motociclismo_es,101.0,0.2857142857142857,2024-12,0.17176578629615144,134.69476577711603,0.0017206132879046265
2025-01-01,58880,259,1133,0.148,84.6,2.3,2.719,2.0,motociclismo_es,79.0,0.2857142857142857,2025-01,0.13417119565217392,134.87573015691214,0.0013435145660787295
2025-01-02,59014,259,1134,0.148,85.0,2.3,2.706,3.0,motociclismo_es,134.0,0.42857142857142855,2025-01,0.22706476429321856,135.18268239606002,0.002275815217391397
2025-01-03,59137,259,1136,0.149,86.0,2.3,2.674,5.0,motociclismo_es,123.0,0.7142857142857143,2025-01,0.20799161269594332,135.46443706333753,0.0020842511946317366
2025-01-04,59227,259,1137,0.152,87.5,2.3,2.629,6.0,motociclismo_es,90.0,0.8571428571428571,2025-01,0.15195772198490554,135.670599015004,0.0015218898489948174
2025-01-05,59324,259,1138,0.196,113.7,2.4,2.111,6.0,motociclismo_es,97.0,0.8571428571428571,2025-01,0.16350886656327962,135.89279578513342,0.0016377665591706947
2025-01-06,59401,260,1140,0.238,138.7,2.4,1.73,7.0,motociclismo_es,77.0,1.0,2025-01,0.1296274473493712,136.06917878822586,0.0012979569819970838
2025-01-07,59446,260,1143,0.286,167.6,2.4,1.432,7.0,motociclismo_es,45.0,1.0,2025-01,0.07569895367224035,136.17225976405908,0.0007575630039897696
2025-01-08,59549,261,1147,0.317,186.2,2.3,1.235,10.0,motociclismo_es,103.0,1.4285714285714286,2025-01,0.17296680045004953,136.4082006642996,0.0017326649396089966
2025-01-09,59605,261,1151,0.447,265.2,1.3,0.49,13.0,motociclismo_es,56.0,1.8571428571428572,2025-01,0.09395184967704051,136.5364792120032,0.000940402021864406
2025-01-10,59664,261,1154,0.524,310.7,2.1,0.676,14.0,motociclismo_es,59.0,2.0,2025-01,0.09888710109949048,136.67162982476233,0.0009898498448117632
2025-01-11,59709,261,1155,1.1,641.3,15.3,2.386,14.0,motociclismo_es,45.0,2.0,2025-01,0.07536552278550972,136.77471080059559,0.0007542236524538115
2025-01-12,59770,261,1157,1.114,649.5,16.2,2.494,15.0,motociclismo_es,61.0,2.142857142857143,2025-01,0.10205788857286263,136.91444279005842,0.0010216215310925314
2025-01-13,59823,261,1158,1.133,661.6,16.1,2.433,14.0,motociclismo_es,53.0,2.0,2025-01,0.08859468766193604,137.03584927270646,0.0008867324744854521
2025-01-14,59891,262,1160,1.17,685.7,15.2,2.217,16.0,motociclismo_es,68.0,2.2857142857142856,2025-01,0.11353959693443089,137.19161608063223,0.0011366865586814878
2025-01-15,59956,262,1162,1.17,684.7,16.8,2.454,15.0,motociclismo_es,65.0,2.142857142857143,2025-01,0.10841283607979184,137.34051082350248,0.0010853049706966988
2025-01-16,60011,262,1167,1.118,655.4,15.6,2.38,16.0,motociclismo_es,55.0,2.2857142857142856,2025-01,0.09164986419156487,137.4664986828542,0.0009173393822137221
2025-01-17,60049,262,1168,1.137,666.7,16.0,2.4,14.0,motociclismo_es,38.0,2.0,2025-01,0.06328165331645823,137.55354484022448,0.0006332172435052907
2025-01-18,60083,262,1168,0.497,296.3,2.5,0.844,13.0,motociclismo_es,34.0,1.8571428571428572,2025-01,0.05658838606594211,137.63142824418736,0.0005662042665157685
2025-01-19,60120,262,1169,0.46,273.7,2.6,0.95,12.0,motociclismo_es,37.0,1.7142857142857142,2025-01,0.061543579507651366,137.71618371320582,0.0006158147895412025
2025-01-20,60182,262,1171,0.434,258.6,2.3,0.889,13.0,motociclismo_es,62.0,1.8571428571428572,2025-01,0.103020836795055,137.8582063910205,0.0010312707917499164
2025-01-21,60207,262,1173,0.44,262.7,2.3,0.876,13.0,motociclismo_es,25.0,1.8571428571428572,2025-01,0.04152341089906489,137.91547359981675,0.00041540659997996165
2025-01-22,60223,262,1174,0.377,225.7,1.6,0.709,12.0,motociclismo_es,16.0,1.7142857142857142,2025-01,0.02656792255450575,137.95212461344636,0.00026574982975402506
2025-01-23,60273,262,1176,0.365,218.4,1.7,0.778,9.0,motociclismo_es,50.0,1.2857142857142858,2025-01,0.08295588406085644,138.06665903103882,0.0008302475798283027
2025-01-24,60284,262,1177,0.386,230.5,2.3,0.998,9.0,motociclismo_es,11.0,1.2857142857142858,2025-01,0.018246964368655035,138.09185660290916,0.00018250294493382668
2025-01-25,60324,262,1178,0.336,200.2,2.6,1.299,10.0,motociclismo_es,40.0,1.4285714285714286,2025-01,0.06630860022544924,138.18348413698317,0.000663525977042001
2025-01-26,60365,262,1178,0.421,250.2,3.9,1.559,9.0,motociclismo_es,41.0,1.2857142857142858,2025-01,0.06792015240619564,138.277402359409,0.0006796631523109387
2025-01-27,60416,262,1178,0.38,225.7,3.8,1.684,7.0,motociclismo_es,51.0,1.0,2025-01,0.0844147245762712,138.39422746535334,0.0008448604323696429
2025-01-28,60456,262,1178,0.384,228.5,3.8,1.663,5.0,motociclismo_es,40.0,0.7142857142857143,2025-01,0.0661638216223369,138.48585499942735,0.0006620762711864181
2025-01-29,60506,262,1179,0.388,230.6,4.0,1.735,5.0,motociclismo_es,50.0,0.7142857142857143,2025-01,0.08263643275047103,138.6003894170198,0.000827047770279199
2025-01-30,60669,262,1182,0.391,233.1,4.3,1.845,6.0,motociclismo_es,163.0,0.8571428571428571,2025-01,0.2686709851818886,138.97377161837133,0.0026939477076652896
2025-01-31,60788,262,1185,1.048,630.1,7.0,1.111,7.0,motociclismo_es,119.0,1.0,2025-01,0.19576232151082448,139.24636353224145,0.0019614630206530315
2025-02-01,60837,262,1186,1.09,656.0,7.2,1.098,7.0,motociclismo_es,49.0,1.0,2025-02,0.08054309055344609,139.3586072614821,0.0008060801473974699
2025-02-02,60906,262,1186,1.164,701.3,7.5,1.069,7.0,motociclismo_es,69.0,1.0,2025-02,0.11328933110038421,139.5166647577597,0.0011341782139158152
2025-02-03,60958,262,1187,1.209,729.0,7.9,1.084,8.0,motociclismo_es,52.0,1.1428571428571428,2025-02,0.0853046359788707,139.6357805520559,0.000853774669162366
2025-02-04,60999,262,1188,1.222,737.3,7.9,1.071,9.0,motociclismo_es,41.0,1.2857142857142858,2025-02,0.06721421662650208,139.72969877448173,0.0006725942452179279
2025-02-05,61039,262,1191,1.191,719.8,7.4,1.028,11.0,motociclismo_es,40.0,1.5714285714285714,2025-02,0.06553187306476187,139.82132630855574,0.0006557484548928016
2025-02-06,61072,263,1194,1.213,733.4,7.1,0.968,11.0,motociclismo_es,33.0,1.5714285714285714,2025-02,0.054034582132564846,139.89691902416678,0.0005406379527843619
2025-02-07,61125,263,1197,1.206,731.3,5.8,0.793,12.0,motociclismo_es,53.0,1.7142857142857142,2025-02,0.08670756646216768,140.0183255068148,0.0008678281372804797
2025-02-08,61157,263,1200,0.309,186.9,2.2,1.177,14.0,motociclismo_es,32.0,2.0,2025-02,0.05232434553689684,140.09162753407398,0.0005235173824131856
2025-02-09,61205,263,1200,0.547,332.5,2.1,0.632,14.0,motociclismo_es,48.0,2.0,2025-02,0.07842496528061434,140.20158057496278,0.0007848651830535402
2025-02-10,61350,263,1203,0.788,481.3,2.1,0.436,16.0,motociclismo_es,145.0,2.2857142857142856,2025-02,0.23634881825590873,140.533730385981,0.002369087492851918
2025-02-11,61481,263,1204,1.25,753.2,15.2,2.018,16.0,motociclismo_es,131.0,2.2857142857142856,2025-02,0.21307395780810331,140.8338105600733,0.0021352893235533354
2025-02-12,61586,263,1206,1.575,947.8,21.9,2.311,15.0,motociclismo_es,105.0,2.142857142857143,2025-02,0.17049329393043874,141.07433283701752,0.0017078446999885255
2025-02-13,61693,263,1208,1.76,1058.6,27.1,2.56,14.0,motociclismo_es,107.0,2.0,2025-02,0.17343945018073365,141.31943649066545,0.0017374078524339254
2025-02-14,61783,263,1209,2.01,1212.5,29.3,2.416,12.0,motociclismo_es,90.0,1.7142857142857142,2025-02,0.14567113931016623,141.52559844233193,0.0014588364968473044
2025-02-15,61855,263,1209,1.216,722.4,29.8,4.125,9.0,motociclismo_es,72.0,1.2857142857142858,2025-02,0.11640126101366097,141.6905280036651,0.001165369114481285
2025-02-16,61905,263,1209,1.289,766.3,31.6,4.124,9.0,motociclismo_es,50.0,1.2857142857142858,2025-02,0.080768920119538,141.8050624212576,0.0008083420903726157
2025-02-17,61966,266,1210,1.37,815.3,33.4,4.097,7.0,motociclismo_es,61.0,1.0,2025-02,0.09844108059258302,141.94479441072042,0.000985380825458293
2025-02-18,62046,266,1211,1.444,861.7,34.2,3.969,7.0,motociclismo_es,80.0,1.0,2025-02,0.1289365954291977,142.12804947886838,0.0012910305651485654
2025-02-19,62100,266,1213,1.492,891.8,34.5,3.869,6.0,motociclismo_es,54.0,0.8571428571428571,2025-02,0.08695652173913043,142.2517466498683,0.0008703220191470518
2025-02-20,62146,266,1214,1.524,911.2,36.2,3.973,5.0,motociclismo_es,46.0,0.7142857142857143,2025-02,0.07401924500370095,142.35711831405337,0.0007407407407407085
2025-02-21,62190,266,1217,1.547,925.9,36.3,3.921,5.0,motociclismo_es,44.0,0.7142857142857143,2025-02,0.0707509245859463,142.45790860153477,0.000708010169600648
2025-02-22,62248,266,1218,0.464,286.9,2.2,0.767,5.0,motociclismo_es,58.0,0.7142857142857143,2025-02,0.09317568435933685,142.59076852594202,0.0009326258240873742
2025-02-23,62312,266,1223,0.474,293.1,2.2,0.751,9.0,motociclismo_es,64.0,1.2857142857142858,2025-02,0.10270894851713956,142.73737258046043,0.001028145482585785
2025-02-24,62361,266,1224,0.551,340.8,2.8,0.822,9.0,motociclismo_es,49.0,1.2857142857142858,2025-02,0.07857475024454386,142.84961630970105,0.0007863653870843201
2025-02-25,62397,266,1226,0.36,218.8,5.8,2.651,10.0,motociclismo_es,36.0,1.4285714285714286,2025-02,0.057695081494302615,142.93208109036766,0.0005772838793476343
2025-02-26,62436,266,1227,0.371,224.3,7.3,3.255,10.0,motociclismo_es,39.0,1.4285714285714286,2025-02,0.06246396309821257,143.0214179360898,0.0006250300495216354
2025-02-27,62490,268,1229,0.378,227.3,8.8,3.872,10.0,motociclismo_es,54.0,1.4285714285714286,2025-02,0.08641382621219394,143.14511510708968,0.0008648856428983276
2025-02-28,62529,268,1233,0.366,220.1,8.8,3.998,13.0,motociclismo_es,39.0,1.8571428571428572,2025-02,0.0623710598282397,143.2344519528118,0.0006240998559770006
2025-03-01,62566,268,1237,0.417,252.7,8.1,3.205,17.0,motociclismo_es,37.0,2.4285714285714284,2025-03,0.05913755074641179,143.31920742183027,0.000591725439396118
2025-03-02,62659,268,1243,0.365,221.8,7.1,3.201,19.0,motociclismo_es,93.0,2.7142857142857144,2025-03,0.14842241338036036,143.5322414385523,0.0014864303295720749
2025-03-03,62984,268,1245,1.473,915.1,12.8,1.399,20.0,motociclismo_es,325.0,2.857142857142857,2025-03,0.5160040645243237,144.27671515290345,0.005186804768668507
2025-03-04,63154,268,1245,1.754,1090.8,16.8,1.54,18.0,motociclismo_es,170.0,2.5714285714285716,2025-03,0.2691832663014219,144.6661321727179,0.002699098183665649
2025-03-05,63250,268,1247,1.949,1212.4,20.6,1.699,17.0,motociclismo_es,96.0,2.4285714285714284,2025-03,0.1517786561264822,144.88603825449547,0.0015200937391139924
2025-03-06,63306,268,1248,2.013,1252.1,22.2,1.773,17.0,motociclismo_es,56.0,2.4285714285714284,2025-03,0.08845922977284934,145.01431680219906,0.0008853754940711944
2025-03-07,63350,268,1250,2.633,1638.3,29.8,1.819,15.0,motociclismo_es,44.0,2.142857142857143,2025-03,0.06945540647198106,145.11510708968046,0.0006950368053582068
2025-03-08,63384,268,1251,2.396,1490.3,28.3,1.899,12.0,motociclismo_es,34.0,1.7142857142857142,2025-03,0.05364129748832513,145.19299049364335,0.0005367008681926855
2025-03-09,63417,268,1251,1.964,1223.8,21.8,1.781,6.0,motociclismo_es,33.0,0.8571428571428571,2025-03,0.05203652017597805,145.2685832092544,0.0005206361226808287
2025-03-10,63449,268,1251,1.975,1231.1,22.0,1.787,4.0,motociclismo_es,32.0,0.5714285714285714,2025-03,0.05043420700089836,145.34188523651358,0.0005045965592822554
2025-03-11,63483,268,1253,1.989,1240.4,22.0,1.774,5.0,motociclismo_es,34.0,0.7142857142857143,2025-03,0.053557645353874264,145.41976864047646,0.0005358634493846104
2025-03-12,63508,268,1256,1.092,677.8,15.7,2.316,8.0,motociclismo_es,25.0,1.1428571428571428,2025-03,0.03936511935504188,145.47703584927268,0.00039380621583728903
2025-03-13,63561,268,1260,1.059,657.4,15.6,2.373,10.0,motociclismo_es,53.0,1.4285714285714286,2025-03,0.0833844653167823,145.59844233192075,0.0008345405303269438
2025-03-14,63597,269,1262,0.84,523.2,10.8,2.064,10.0,motociclismo_es,36.0,1.4285714285714286,2025-03,0.056606443700174536,145.68090711258733,0.0005663850474346699
2025-03-15,63603,269,1264,0.567,356.0,4.9,1.376,11.0,motociclismo_es,6.0,1.5714285714285714,2025-03,0.009433517286920429,145.69465124269843,9.434407283359647e-05
2025-03-16,63653,269,1270,0.393,243.8,6.3,2.584,17.0,motociclismo_es,50.0,2.4285714285714284,2025-03,0.07855089312365482,145.8091856602909,0.0007861264405766288
2025-03-17,63877,269,1278,0.469,293.0,6.9,2.355,26.0,motociclismo_es,224.0,3.7142857142857144,2025-03,0.35067395150054015,146.32229985110524,0.0035190800119397903
2025-03-18,63979,269,1278,0.885,557.4,8.8,1.579,24.0,motociclismo_es,102.0,3.4285714285714284,2025-03,0.15942731208677846,146.55595006299393,0.0015968188862971466
2025-03-19,64034,269,1279,0.981,616.2,12.0,1.947,22.0,motociclismo_es,55.0,3.142857142857143,2025-03,0.0858918699440922,146.68193792234567,0.0008596570749777044
2025-03-20,64096,268,1281,1.014,637.1,12.6,1.978,21.0,motociclismo_es,62.0,3.0,2025-03,0.09672990514228656,146.82396060016035,0.0009682356248243984
2025-03-21,64124,268,1282,1.064,670.4,11.9,1.775,20.0,motociclismo_es,28.0,2.857142857142857,2025-03,0.04366539829081155,146.88809987401214,0.00043684473290062087
2025-03-22,64148,268,1284,1.019,641.3,12.1,1.887,20.0,motociclismo_es,24.0,2.857142857142857,2025-03,0.03741348132443724,146.94307639445654,0.000374274842492639
2025-03-23,64170,269,1284,0.787,494.4,10.7,2.164,14.0,motociclismo_es,22.0,2.0,2025-03,0.03428393330216612,146.9934715381972,0.0003429569121407017
2025-03-24,64217,269,1285,0.422,262.7,8.6,3.274,7.0,motociclismo_es,47.0,1.0,2025-03,0.07318934238597256,147.10113389073416,0.0007324294841826173
2025-03-25,64264,269,1287,0.396,245.7,8.5,3.46,9.0,motociclismo_es,47.0,1.2857142857142858,2025-03,0.0731358147640981,147.2087962432711,0.0007318934238598196
2025-03-26,64311,269,1290,0.4,248.9,8.1,3.254,11.0,motociclismo_es,47.0,1.5714285714285714,2025-03,0.07308236538072803,147.31645859580803,0.0007313581476409148
2025-03-27,64352,269,1291,0.22,139.8,2.0,1.431,10.0,motociclismo_es,41.0,1.4285714285714286,2025-03,0.0637120835405271,147.41037681823389,0.0006375270171510294
2025-03-28,64390,269,1295,0.154,97.3,1.6,1.644,13.0,motociclismo_es,38.0,1.8571428571428572,2025-03,0.05901537505823886,147.49742297560417,0.0005905022376926361
2025-03-29,64418,269,1303,0.176,111.3,1.9,1.707,19.0,motociclismo_es,28.0,2.7142857142857144,2025-03,0.04346611195628551,147.56156224945596,0.0004348501320081688
2025-03-30,64452,269,1310,0.221,140.7,1.9,1.35,30.0,motociclismo_es,34.0,4.285714285714286,2025-03,0.052752435921305775,147.63944565341885,0.0005278027880406544
2025-03-31,64486,269,1320,0.431,272.9,4.9,1.796,60.0,motociclismo_es,34.0,8.571428571428571,2025-03,0.05272462239866017,147.71732905738176,0.0005275243592131051
2025-04-01,64537,269,1320,0.526,330.5,8.7,2.632,45.0,motociclismo_es,51.0,6.428571428571429,2025-04,0.07902443559508499,147.83415416332608,0.0007908693359799379
2025-04-02,64574,269,1322,0.573,360.0,9.9,2.75,36.0,motociclismo_es,37.0,5.142857142857143,2025-04,0.05729860315297178,147.9189096323445,0.00057331453274867
2025-04-03,64597,269,1322,0.576,362.0,9.8,2.707,30.0,motociclismo_es,23.0,4.285714285714286,2025-04,0.03560536867037169,147.97159546443706,0.0003561805060861012
2025-04-04,64628,269,1324,0.58,364.6,10.0,2.743,26.0,motociclismo_es,31.0,3.7142857142857144,2025-04,0.04796682552454044,148.0426068033444,0.0004798984472962342
2025-04-05,64653,269,1324,0.645,405.5,11.7,2.885,20.0,motociclismo_es,25.0,2.857142857142857,2025-04,0.03866796591032125,148.09987401214065,0.00038682923810107184
2025-04-06,64665,269,1324,0.683,427.9,13.8,3.225,13.0,motociclismo_es,12.0,1.8571428571428572,2025-04,0.01855717930874507,148.12736227236286,0.0001856062363696509
2025-04-07,64678,269,1324,0.675,422.3,14.0,3.315,3.0,motociclismo_es,13.0,0.42857142857142855,2025-04,0.020099570178422337,148.1571412209369,0.00020103610917798775
2025-04-08,64707,269,1327,0.676,423.3,14.0,3.307,6.0,motociclismo_es,29.0,0.8571428571428571,2025-04,0.04481740769932156,148.22357118314054,0.0004483750270571907
2025-04-09,64769,269,1329,0.666,418.1,13.5,3.229,6.0,motociclismo_es,62.0,0.8571428571428571,2025-04,0.09572480662045114,148.36559386095522,0.0009581652680543673
2025-04-10,64882,269,1332,0.652,409.5,13.6,3.321,9.0,motociclismo_es,113.0,1.2857142857142858,2025-04,0.17416232545235968,148.62444164471424,0.0017446617980825252
2025-04-11,64937,269,1340,0.917,583.5,11.9,2.039,16.0,motociclismo_es,55.0,2.2857142857142856,2025-04,0.08469747601521475,148.75042950406595,0.0008476927345026919
2025-04-12,64979,269,1345,0.641,411.3,5.5,1.337,21.0,motociclismo_es,42.0,3.0,2025-04,0.064636267101679,148.84663841484368,0.0006467807259342706
2025-04-13,65106,269,1354,0.347,222.5,3.2,1.438,53.0,motociclismo_es,127.0,7.571428571428571,2025-04,0.19506650692716493,149.13755583552856,0.0019544776004556397
2025-04-14,65348,269,1365,0.964,623.5,6.6,1.059,78.0,motociclismo_es,242.0,11.142857142857142,2025-04,0.3703250290751056,149.69190241667621,0.003717015328848383
2025-04-15,65727,269,1369,0.962,618.1,14.2,2.297,59.0,motociclismo_es,379.0,8.428571428571429,2025-04,0.5766275655362332,150.56007330202726,0.005799718430556489
2025-04-16,65938,269,1370,1.271,818.7,19.4,2.37,45.0,motociclismo_es,211.0,6.428571428571429,2025-04,0.3199975734781158,151.04340854426755,0.0032102484519298535
2025-04-17,66019,269,1371,1.361,876.9,21.3,2.429,36.0,motociclismo_es,81.0,5.142857142857143,2025-04,0.1226919523167573,151.22895430076738,0.0012284267038733532
2025-04-18,66076,269,1372,1.333,859.0,21.9,2.549,30.0,motociclismo_es,57.0,4.285714285714286,2025-04,0.08626430171317875,151.3595235368228,0.0008633878125994254
2025-04-19,66135,269,1373,1.361,878.3,21.7,2.471,28.0,motociclismo_es,59.0,4.0,2025-04,0.0892114614047025,151.49467414958195,0.000892911193171475
2025-04-20,66215,269,1374,1.51,970.7,29.2,3.008,20.0,motociclismo_es,80.0,2.857142857142857,2025-04,0.12081854564675679,151.67792921772994,0.001209646934301034
2025-04-21,66263,269,1375,1.834,1185.4,30.0,2.531,10.0,motociclismo_es,48.0,1.4285714285714286,2025-04,0.07243861581878272,151.7878822586187,0.0007249112738805241
2025-04-22,66313,269,1378,1.876,1214.1,30.1,2.479,9.0,motociclismo_es,50.0,1.2857142857142858,2025-04,0.07539999698400011,151.9024166762112,0.0007545689147789858
2025-04-23,66380,269,1380,1.21,785.4,17.8,2.266,10.0,motociclismo_es,67.0,1.4285714285714286,2025-04,0.10093401626996085,152.05589279578513,0.0010103599595856494
2025-04-24,66563,269,1386,1.254,816.5,18.4,2.254,15.0,motociclismo_es,183.0,2.142857142857143,2025-04,0.2749275122815979,152.47508876417365,0.0027568544742391232
2025-04-25,66756,269,1391,1.148,752.9,13.4,1.78,19.0,motociclismo_es,193.0,2.7142857142857144,2025-04,0.28911258913056503,152.91719161608063,0.0028995087360845773
2025-04-26,66855,269,1403,1.102,610.6,126.1,20.652,44.0,motociclismo_es,99.0,6.285714285714286,2025-04,0.1480816692842719,153.14396976291377,0.0014830127628977507
2025-04-27,66976,269,1416,0.134,90.0,0.0,0.0,89.0,motociclismo_es,121.0,12.714285714285714,2025-04,0.18066172957477306,153.42114305348758,0.0018098870690299584
2025-04-28,67082,269,1420,0.925,612.4,7.8,1.274,80.0,motociclismo_es,106.0,11.428571428571429,2025-04,0.15801556304224681,153.66395601878364,0.0015826564739607196
2025-04-29,67128,269,1422,1.016,670.0,11.8,1.761,56.0,motociclismo_es,46.0,8.0,2025-04,0.06852580145393875,153.76932768296874,0.0006857279150889184
2025-04-30,67183,268,1423,0.936,617.3,11.4,1.847,43.0,motociclismo_es,55.0,6.142857142857143,2025-04,0.08186594823095128,153.89531554232047,0.0008193302347754283
2025-05-01,67223,268,1423,0.893,590.0,10.5,1.78,35.0,motociclismo_es,40.0,5.0,2025-05,0.05950344376180771,153.98694307639445,0.000595388714407008
2025-05-02,67278,268,1423,0.872,576.5,10.1,1.752,29.0,motociclismo_es,55.0,4.142857142857143,2025-05,0.081750349296947,154.1129309357462,0.0008181723517248773
2025-05-03,67311,268,1423,0.834,550.9,10.4,1.888,20.0,motociclismo_es,33.0,2.857142857142857,2025-05,0.04902616214288898,154.18852365135723,0.0004905020957817197
2025-05-04,67340,268,1423,0.993,656.4,12.3,1.874,7.0,motociclismo_es,29.0,1.0,2025-05,0.043065043065043065,154.25495361356087,0.00043083597034665466
2025-05-05,67342,268,1424,1.0,660.8,12.4,1.877,4.0,motociclismo_es,2.0,0.5714285714285714,2025-05,0.002969914763446289,154.25953499026457,2.9700029700041597e-05
2025-05-06,67347,269,1426,1.004,663.5,12.5,1.884,3.0,motociclismo_es,5.0,0.42857142857142855,2025-05,0.007424235674937265,154.2709884320238,7.424786908605263e-05
2025-05-07,67341,269,1429,1.041,685.8,15.0,2.187,3.0,motociclismo_es,-6.0,0.42857142857142855,2025-05,-0.008909876598209115,154.25724430191272,-8.909082809926971e-05
2025-05-08,67351,269,1435,1.052,693.1,15.3,2.207,8.0,motociclismo_es,10.0,1.1428571428571428,2025-05,0.014847589493845674,154.2801511854312,0.00014849794330351607
2025-05-09,67361,274,1445,0.412,273.2,4.4,1.611,18.0,motociclismo_es,10.0,2.5714285714285716,2025-05,0.014845385311975772,154.30305806894972,0.00014847589493838242
2025-05-10,67381,274,1455,0.334,222.6,2.6,1.168,76.0,motociclismo_es,20.0,10.857142857142858,2025-05,0.029681957821937936,154.3488718359867,0.00029690770623957974
2025-05-11,67478,274,1470,1.445,970.0,5.0,0.515,88.0,motociclismo_es,97.0,12.571428571428571,2025-05,0.14375055573668455,154.57106860611614,0.0014395749543640868
2025-05-12,67677,274,1477,2.959,1957.3,45.6,2.33,82.0,motociclismo_es,199.0,11.714285714285714,2025-05,0.2940437667154277,155.02691558813424,0.002949109339340339
2025-05-13,67922,275,1480,2.003,1339.9,20.5,1.53,59.0,motociclismo_es,245.0,8.428571428571429,2025-05,0.3607078707929684,155.58813423433742,0.0036201368263959477
2025-05-14,68115,275,1484,3.007,2010.9,37.4,1.86,45.0,motociclismo_es,193.0,6.428571428571429,2025-05,0.2833443441239081,156.03023708624443,0.0028414946556343246
2025-05-15,68256,275,1487,2.09,1396.7,29.9,2.141,42.0,motociclismo_es,141.0,6.0,2025-05,0.20657524613220818,156.35322414385521,0.002070028628055498
2025-05-16,68317,275,1488,2.34,1562.4,36.0,2.304,34.0,motociclismo_es,61.0,4.857142857142857,2025-05,0.08928963508350776,156.49295613331807,0.0008936943272386255
2025-05-17,68353,275,1489,2.303,1537.8,36.6,2.38,29.0,motociclismo_es,36.0,4.142857142857143,2025-05,0.05266776878849502,156.57542091398463,0.0005269552234437036
2025-05-18,68386,279,1492,2.77,1847.1,47.1,2.55,21.0,motociclismo_es,33.0,3.0,2025-05,0.04825549088994824,156.6510136295957,0.00048278788056110855
2025-05-19,68411,279,1493,3.063,2041.3,54.1,2.65,15.0,motociclismo_es,25.0,2.142857142857143,2025-05,0.036543830670506205,156.70828083839194,0.0003655719006814273
2025-05-20,68428,279,1495,1.322,870.9,33.7,3.87,14.0,motociclismo_es,17.0,2.0,2025-05,0.024843631262056468,156.7472225403734,0.00024849804855953117
2025-05-21,68453,279,1495,1.16,774.8,19.2,2.478,10.0,motociclismo_es,25.0,1.4285714285714286,2025-05,0.03652140884986779,156.80448974916962,0.0003653475185596555
2025-05-22,68470,279,1499,1.18,788.3,19.8,2.512,11.0,motociclismo_es,17.0,1.5714285714285714,2025-05,0.024828391996494815,156.84343145115108,0.00024834558017916564
2025-05-23,68494,279,1510,1.199,801.4,19.9,2.483,20.0,motociclismo_es,24.0,2.857142857142857,2025-05,0.035039565509387686,156.89840797159547,0.0003505184752445878
2025-05-24,68517,279,1523,0.439,289.7,11.3,3.901,76.0,motociclismo_es,23.0,10.857142857142858,2025-05,0.033568311513930846,156.95109380368802,0.000335795836131636
2025-05-25,68580,279,1536,0.322,217.5,3.0,1.379,90.0,motociclismo_es,63.0,12.857142857142858,2025-05,0.09186351706036745,157.09540716985455,0.0009194798371208179
2025-05-26,68732,279,1541,1.23,822.3,23.1,2.809,79.0,motociclismo_es,152.0,11.285714285714286,2025-05,0.2211488098702206,157.44359179933568,0.0022163896179643316
2025-05-27,68783,279,1543,1.128,753.4,22.2,2.947,57.0,motociclismo_es,51.0,8.142857142857142,2025-05,0.07414622799238184,157.56041690528005,0.000742012454169716
2025-05-28,68844,279,1546,1.258,838.0,28.4,3.389,44.0,motociclismo_es,61.0,6.285714285714286,2025-05,0.08860612399047121,157.70014889474285,0.000886847040693084
2025-05-29,68899,279,1550,0.77,511.6,19.1,3.733,36.0,motociclismo_es,55.0,5.142857142857143,2025-05,0.07982699313487858,157.8261367540946,0.0007989076753238677
2025-05-30,68964,279,1551,0.753,500.1,19.5,3.899,30.0,motociclismo_es,65.0,4.285714285714286,2025-05,0.09425207354561801,157.97503149696485,0.0009434099188667666
2025-05-31,69007,281,1551,0.854,560.5,29.1,5.192,26.0,motociclismo_es,43.0,3.7142857142857144,2025-05,0.06231251901980959,158.07353109609437,0.000623513717301849
2025-06-01,69042,282,1552,0.82,527.5,38.6,7.318,14.0,motociclismo_es,35.0,2.0,2025-06,0.05069378059731757,158.15370518840913,0.0005071949222543726
2025-06-02,69059,282,1554,0.958,619.3,42.5,6.863,11.0,motociclismo_es,17.0,1.5714285714285714,2025-06,0.02461663215511374,158.19264689039056,0.00024622693432974074
2025-06-03,69069,282,1556,0.975,629.9,43.2,6.858,11.0,motociclismo_es,10.0,1.5714285714285714,2025-06,0.014478275347840566,158.21555377390905,0.00014480371855940533
2025-06-04,69052,282,1556,0.932,601.0,42.7,7.105,9.0,motociclismo_es,-17.0,1.2857142857142858,2025-06,-0.02461912761397208,158.17661207192762,-0.0002461306809132813
2025-06-05,69052,282,1560,0.837,543.3,34.5,6.35,9.0,motociclismo_es,0.0,1.2857142857142858,2025-06,0.0,158.17661207192762,0.0
2025-06-06,69064,282,1564,0.857,557.3,34.7,6.226,12.0,motociclismo_es,12.0,1.7142857142857142,2025-06,0.01737518823120584,158.20410033214984,0.00017378207727514194
2025-06-07,69074,282,1574,0.819,540.9,24.5,4.529,22.0,motociclismo_es,10.0,3.142857142857143,2025-06,0.014477227321423402,158.22700721566832,0.0001447932352600656
2025-06-08,69113,282,1583,0.45,304.6,6.6,2.167,57.0,motociclismo_es,39.0,8.142857142857142,2025-06,0.056429325886591525,158.31634406139045,0.0005646118655355803
2025-06-09,69188,282,1589,0.885,594.6,17.6,2.96,59.0,motociclismo_es,75.0,8.428571428571429,2025-06,0.10840030063016708,158.4881456877792,0.0010851793439730084
2025-06-10,69269,282,1593,1.259,851.5,20.4,2.396,55.0,motociclismo_es,81.0,7.857142857142857,2025-06,0.11693542565938586,158.673691444279,0.0011707232468058937
2025-06-11,69286,282,1594,1.241,839.3,20.3,2.419,42.0,motociclismo_es,17.0,6.0,2025-06,0.02453598129492249,158.71263314626046,0.0002454200291617248
2025-06-12,69302,282,1594,1.116,755.3,17.9,2.37,38.0,motociclismo_es,16.0,5.428571428571429,2025-06,0.023087356786239938,158.74928415989004,0.00023092688277581708
2025-06-13,69308,282,1594,1.177,797.2,18.3,2.296,29.0,motociclismo_es,6.0,4.142857142857143,2025-06,0.00865700929185664,158.76302829000116,8.657758794838877e-05
2025-06-14,69313,282,1595,1.215,822.8,19.3,2.346,27.0,motociclismo_es,5.0,3.857142857142857,2025-06,0.007213654004299337,158.77448173176037,7.214174409875262e-05
2025-06-15,69315,282,1595,1.306,889.3,15.8,1.777,11.0,motociclismo_es,2.0,1.5714285714285714,2025-06,0.002885378345235519,158.7790631084641,2.8854616017204293e-05
2025-06-16,69318,282,1595,1.333,907.8,16.1,1.774,6.0,motociclismo_es,3.0,0.8571428571428571,2025-06,0.004327880204275946,158.78593517351965,4.328067517844758e-05
2025-06-17,69324,282,1595,1.337,910.7,15.9,1.746,5.0,motociclismo_es,6.0,0.7142857142857143,2025-06,0.008655011251514626,158.79967930363074,8.655760408560198e-05
2025-06-18,69329,282,1595,1.355,923.2,16.1,1.744,1.0,motociclismo_es,5.0,0.14285714285714285,2025-06,0.00721198921086414,158.81113274538998,7.212509376253173e-05
2025-06-19,69339,282,1602,1.36,926.8,16.1,1.737,2.0,motociclismo_es,10.0,0.2857142857142857,2025-06,0.01442189821024243,158.8340396289085,0.00014423978421729267
2025-06-20,69351,282,1610,1.37,933.8,16.0,1.713,9.0,motociclismo_es,12.0,1.2857142857142858,2025-06,0.017303283298005796,158.86152788913068,0.00017306277852280338
2025-06-21,69380,282,1620,0.548,374.1,6.3,1.684,59.0,motociclismo_es,29.0,8.428571428571429,2025-06,0.04179878927644854,158.92795785133433,0.00041816267970173904
2025-06-22,69430,282,1632,0.463,291.5,30.2,10.36,86.0,motociclismo_es,50.0,12.285714285714286,2025-06,0.07201497911565605,159.04249226892682,0.0007206687806284862
2025-06-23,69693,282,1639,1.239,841.0,22.8,2.711,75.0,motociclismo_es,263.0,10.714285714285714,2025-06,0.37736931973081944,159.64494330546327,0.0037879879014834916
2025-06-24,69844,282,1640,1.461,962.4,58.3,6.058,54.0,motociclismo_es,151.0,7.714285714285714,2025-06,0.21619609415268315,159.9908372465926,0.0021666451437016843
2025-06-25,69913,282,1641,1.504,990.8,61.0,6.157,42.0,motociclismo_es,69.0,6.0,2025-06,0.09869409122766866,160.14889474287025,0.0009879159269228222
2025-06-26,69954,282,1642,1.465,966.1,59.0,6.107,38.0,motociclismo_es,41.0,5.428571428571429,2025-06,0.05860994367727363,160.24281296529608,0.0005864431507731638
2025-06-27,69974,282,1655,1.298,845.7,62.8,7.426,32.0,motociclismo_es,20.0,4.571428571428571,2025-06,0.028582044759482096,160.28862673233306,0.00028590216427937243
2025-06-28,69984,282,1661,0.577,395.8,7.7,1.945,30.0,motociclismo_es,10.0,4.285714285714286,2025-06,0.014288980338363056,160.31153361585154,0.0001429102237973101
2025-06-29,70006,282,1671,0.787,543.0,8.1,1.492,77.0,motociclismo_es,22.0,11.0,2025-06,0.03142587778190441,160.36192875959225,0.00031435756744402354
2025-06-30,70085,282,1677,1.043,720.2,10.8,1.5,57.0,motociclismo_es,79.0,8.142857142857142,2025-06,0.11272026824570165,160.54289313938838,0.0011284747021684804
2025-07-01,70101,282,1678,1.01,695.3,12.6,1.812,44.0,motociclismo_es,16.0,6.285714285714286,2025-07,0.02282421078158657,160.579544153018,0.0002282942141684785
2025-07-02,70108,282,1682,1.08,744.3,12.7,1.706,41.0,motociclismo_es,7.0,5.857142857142857,2025-07,0.00998459519598334,160.59557897148093,9.985592216943395e-05
2025-07-03,70130,282,1684,1.036,714.4,12.2,1.708,37.0,motociclismo_es,22.0,5.285714285714286,2025-07,0.03137031227719948,160.64597411522163,0.00031380156330240716
2025-07-04,70158,282,1684,1.134,778.9,16.6,2.131,29.0,motociclismo_es,28.0,4.142857142857143,2025-07,0.03990991761452721,160.71011338907343,0.00039925851989153216
2025-07-05,70174,282,1684,1.163,797.1,19.3,2.421,27.0,motociclismo_es,16.0,3.857142857142857,2025-07,0.022800467409581894,160.746764402703,0.00022805667208292135
2025-07-06,70182,282,1684,0.992,671.3,24.7,3.679,12.0,motociclismo_es,8.0,1.7142857142857142,2025-07,0.011398934199652332,160.7650899095178,0.00011400233704783602
2025-07-07,70191,282,1684,0.997,674.9,25.1,3.719,7.0,motociclismo_es,9.0,1.0,2025-07,0.012822156686754713,160.78570610468446,0.00012823800974604005
2025-07-08,70203,282,1686,1.005,680.3,25.2,3.704,7.0,motociclismo_es,12.0,1.0,2025-07,0.01709328661168326,160.81319436490668,0.0001709620891567898
2025-07-09,70207,282,1689,1.014,686.9,25.3,3.683,5.0,motociclismo_es,4.0,0.7142857142857143,2025-07,0.005697437577449543,160.82235711831405,5.697762203893397e-05
2025-07-10,70221,282,1694,0.937,632.4,25.8,4.08,10.0,motociclismo_es,14.0,1.4285714285714286,2025-07,0.01993705586647869,160.85442675523996,0.00019941031521075736
2025-07-11,70280,282,1703,0.804,543.7,21.3,3.918,13.0,motociclismo_es,59.0,1.8571428571428572,2025-07,0.08394991462720547,160.9895773679991,0.0008402044972302125
2025-07-12,70309,282,1712,0.815,561.9,11.0,1.958,58.0,motociclismo_es,29.0,8.285714285714286,2025-07,0.04124649760343626,161.05600733020273,0.00041263517359135804
2025-07-13,70373,282,1722,1.597,1072.4,51.3,4.784,76.0,motociclismo_es,64.0,10.857142857142858,2025-07,0.0909439699884899,161.2026113847211,0.0009102675333172439
2025-07-14,70405,282,1723,1.12,758.3,30.3,3.996,63.0,motociclismo_es,32.0,9.0,2025-07,0.04545131737802713,161.2759134119803,0.0004547198499424976
2025-07-15,70441,282,1725,0.918,631.0,15.9,2.52,48.0,motociclismo_es,36.0,6.857142857142857,2025-07,0.05110659984951945,161.35837819264688,0.0005113273205028523
2025-07-16,70477,282,1728,1.074,738.8,17.9,2.423,38.0,motociclismo_es,36.0,5.428571428571429,2025-07,0.051080494345673064,161.44084297331347,0.0005110659984952637
2025-07-17,70483,282,1734,0.974,666.8,19.8,2.969,32.0,motociclismo_es,6.0,4.571428571428571,2025-07,0.008512691003504392,161.4545871034246,8.513415724276108e-05
2025-07-18,70504,282,1743,0.986,677.4,17.8,2.628,34.0,motociclismo_es,21.0,4.857142857142857,2025-07,0.029785544082605246,161.50269155881344,0.0002979441851227449
2025-07-19,70538,282,1756,0.302,203.0,9.7,4.778,83.0,motociclismo_es,34.0,11.857142857142858,2025-07,0.048200969690096115,161.58057496277632,0.00048224214228986817
2025-07-20,70605,282,1766,0.509,352.6,6.7,1.9,68.0,motociclismo_es,67.0,9.714285714285714,2025-07,0.09489412931095531,161.73405108235025,0.0009498426380107894
2025-07-21,70695,284,1772,1.411,978.3,19.2,1.963,81.0,motociclismo_es,90.0,11.571428571428571,2025-07,0.1273074474856779,161.94021303401672,0.001274697259400881
2025-07-22,70782,284,1774,1.331,917.7,24.5,2.67,66.0,motociclismo_es,87.0,9.428571428571429,2025-07,0.12291260489955073,162.13950292062765,0.0012306386590281715
2025-07-23,70847,284,1776,1.287,882.5,29.2,3.309,43.0,motociclismo_es,65.0,6.142857142857143,2025-07,0.0917470041074428,162.28839766349788,0.0009183125653413615
2025-07-24,70896,284,1777,1.218,836.2,27.2,3.253,39.0,motociclismo_es,49.0,5.571428571428571,2025-07,0.06911532385466035,162.40064139273852,0.0006916312617331055
2025-07-25,70919,284,1778,1.538,1053.7,36.7,3.483,29.0,motociclismo_es,23.0,4.142857142857143,2025-07,0.032431365360481676,162.45332722483107,0.00032441886707279544
2025-07-26,70924,284,1778,1.356,926.4,35.6,3.843,21.0,motociclismo_es,5.0,3.0,2025-07,0.007049799785686086,162.46478066659031,7.050296817490143e-05
2025-07-27,70934,284,1778,1.412,964.0,37.4,3.88,20.0,motociclismo_es,10.0,2.857142857142857,2025-07,0.014097611864550144,162.4876875501088,0.0001409959957137108
2025-07-28,70935,284,1778,1.615,1104.9,40.4,3.656,8.0,motociclismo_es,1.0,1.1428571428571428,2025-07,0.0014097413124691618,162.48997823846065,1.409761186454972e-05
2025-07-29,70935,284,1778,1.627,1113.3,40.7,3.656,5.0,motociclismo_es,0.0,0.7142857142857143,2025-07,0.0,162.48997823846065,0.0
2025-07-30,70942,284,1778,1.637,1120.8,40.5,3.613,3.0,motociclismo_es,7.0,0.42857142857142855,2025-07,0.00986721547179386,162.5060130569236,9.868189187289822e-05
2025-07-31,70943,284,1778,1.645,1126.4,40.7,3.613,2.0,motociclismo_es,1.0,0.2857142857142857,2025-07,0.001409582340752435,162.50830374527544,1.4096022102672023e-05
2025-08-01,70952,284,1778,1.655,1133.6,41.0,3.617,0.0,motociclismo_es,9.0,0.0,2025-08,0.01268463186379524,162.5289199404421,0.0001268624106676164
2025-08-02,70953,284,1779,1.66,1136.7,41.0,3.607,1.0,motociclismo_es,1.0,0.14285714285714285,2025-08,0.0014093836765182585,162.53121062879393,1.4094035404310645e-05
2025-08-03,70949,284,1779,1.665,1139.8,41.3,3.623,1.0,motociclismo_es,-4.0,0.14285714285714285,2025-08,-0.0056378525419667645,162.52204787538656,-5.63753470607109e-05
2025-08-04,70945,284,1780,1.421,967.1,40.8,4.219,2.0,motociclismo_es,-4.0,0.2857142857142857,2025-08,-0.005638170413700754,162.51288512197914,-5.6378525419620296e-05
2025-08-05,70946,284,1782,1.421,967.2,40.8,4.218,2.0,motociclismo_es,1.0,0.2857142857142857,2025-08,0.0014095227356017252,162.51517581033102,1.4095426034144154e-05
2025-08-06,70939,284,1782,1.377,936.0,41.1,4.391,4.0,motociclismo_es,-7.0,0.5714285714285714,2025-08,-0.009867632754902099,162.49914099186807,-9.866659149215806e-05
2025-08-07,70933,284,1782,1.454,987.7,43.4,4.394,4.0,motociclismo_es,-6.0,0.5714285714285714,2025-08,-0.008458686366007358,162.48539686175695,-8.457970932773673e-05
2025-08-08,70931,284,1782,1.458,990.6,43.4,4.381,4.0,motociclismo_es,-2.0,0.5714285714285714,2025-08,-0.0028196416235496467,162.48081548505326,-2.81956212200285e-05
2025-08-09,70929,284,1782,1.464,994.9,43.5,4.372,4.0,motociclismo_es,-2.0,0.5714285714285714,2025-08,-0.0028197211295802847,162.47623410834956,-2.8196416235526378e-05
2025-08-10,70929,284,1782,1.474,1001.8,43.6,4.352,3.0,motociclismo_es,0.0,0.42857142857142855,2025-08,0.0,162.47623410834956,0.0
2025-08-11,70923,284,1783,1.477,1004.2,43.6,4.342,3.0,motociclismo_es,-6.0,0.42857142857142855,2025-08,-0.00845987902372996,162.46248997823847,-8.459163388740976e-05
2025-08-12,70925,283,1784,1.484,1008.6,43.6,4.323,2.0,motociclismo_es,2.0,0.2857142857142857,2025-08,0.0028198801550934085,162.46707135494216,2.8199596745714928e-05
2025-08-13,70933,283,1784,1.533,1043.0,44.4,4.257,2.0,motociclismo_es,8.0,0.2857142857142857,2025-08,0.01127824848800981,162.48539686175695,0.00011279520620366412
2025-08-14,70947,283,1789,1.549,1065.5,33.8,3.172,2.0,motociclismo_es,14.0,0.2857142857142857,2025-08,0.019733040156736718,162.51746649868286,0.0001973693485401995
2025-08-15,70983,284,1793,1.719,1185.6,34.3,2.893,11.0,motociclismo_es,36.0,1.5714285714285714,2025-08,0.05071636870800051,162.59993127934945,0.000507421032601707
2025-08-16,70992,284,1804,1.379,964.8,14.3,1.482,22.0,motociclismo_es,9.0,3.142857142857143,2025-08,0.012677484787018255,162.6205474745161,0.0001267909217699259
2025-08-17,71070,284,1819,0.106,68.0,7.0,10.294,130.0,motociclismo_es,78.0,18.571428571428573,2025-08,0.10975094976783453,162.79922116596038,0.0010987153482082679
2025-08-18,71288,285,1822,0.572,379.5,28.2,7.431,75.0,motociclismo_es,218.0,10.714285714285714,2025-08,0.3058018179777803,163.2985912266636,0.003067398339665184
2025-08-19,71386,285,1823,1.004,677.2,39.2,5.789,63.0,motociclismo_es,98.0,9.0,2025-08,0.13728181996469896,163.5230786851449,0.001374705420267075
2025-08-20,71441,285,1825,1.191,804.4,46.6,5.793,48.0,motociclismo_es,55.0,6.857142857142857,2025-08,0.07698660433084643,163.64906654449663,0.0007704591936794625
2025-08-21,71475,285,1829,1.259,852.2,48.0,5.632,39.0,motociclismo_es,34.0,5.571428571428571,2025-08,0.04756908009793634,163.72694994845952,0.00047591719040895875
2025-08-22,71526,285,1839,1.827,1237.8,69.3,5.599,34.0,motociclismo_es,51.0,4.857142857142857,2025-08,0.07130274305846825,163.84377505440384,0.0007135362014689672
2025-08-23,71555,285,1848,0.917,637.7,18.7,2.932,44.0,motociclismo_es,29.0,6.285714285714286,2025-08,0.04052826497100133,163.91020501660748,0.00040544697033251254
2025-08-24,71622,285,1861,0.486,341.8,6.3,1.843,65.0,motociclismo_es,67.0,9.285714285714286,2025-08,0.09354667560246852,164.06368113618143,0.0009363426734678715
2025-08-25,71749,285,1865,0.429,300.8,7.2,2.394,70.0,motociclismo_es,127.0,10.0,2025-08,0.1770059513024572,164.35459855686634,0.0017731981793303042
2025-08-26,71821,285,1867,0.815,576.4,8.9,1.544,62.0,motociclismo_es,72.0,8.857142857142858,2025-08,0.10024923072638921,164.51952811819953,0.0010034983065965175
2025-08-27,71878,285,1869,0.969,687.0,9.3,1.354,43.0,motociclismo_es,57.0,6.142857142857143,2025-08,0.0793010378697237,164.65009735425497,0.0007936397432506404
2025-08-28,71942,285,1869,1.03,727.4,13.3,1.828,38.0,motociclismo_es,64.0,5.428571428571429,2025-08,0.08896055155541965,164.79670140877334,0.0008903976181864337
2025-08-29,71973,285,1869,1.079,760.8,15.9,2.09,32.0,motociclismo_es,31.0,4.571428571428571,2025-08,0.04307170744584775,164.86771274768068,0.0004309026715965114
2025-08-30,71993,285,1870,1.194,843.1,16.6,1.969,22.0,motociclismo_es,20.0,3.142857142857143,2025-08,0.02778047865764727,164.91352651471766,0.00027788198352163285
2025-08-31,71998,285,1870,1.465,1032.8,21.8,2.111,9.0,motociclismo_es,5.0,1.2857142857142858,2025-08,0.006944637351037528,164.92497995647693,6.945119664414356e-05
2025-09-01,71998,285,1870,1.524,1074.8,22.8,2.121,5.0,motociclismo_es,0.0,0.7142857142857143,2025-09,0.0,164.92497995647693,0.0
2025-09-02,72009,285,1872,1.535,1082.4,22.8,2.106,5.0,motociclismo_es,11.0,0.7142857142857143,2025-09,0.015275868294240998,164.95017752834727,0.0001527820217228637
2025-09-03,72024,285,1872,1.566,1104.1,23.5,2.128,2.0,motociclismo_es,15.0,0.2857142857142857,2025-09,0.020826391202932358,164.984537853625,0.0002083072949214948
2025-09-04,72037,285,1879,1.441,1014.8,23.2,2.286,9.0,motociclismo_es,13.0,1.2857142857142858,2025-09,0.018046281771867234,165.01431680219906,0.00018049539042541696
2025-09-05,72054,284,1885,1.445,1018.3,23.2,2.278,11.0,motociclismo_es,17.0,1.5714285714285714,2025-09,0.023593416049074306,165.05325850418052,0.00023598983855510625
2025-09-06,72079,285,1901,1.016,709.8,22.3,3.142,20.0,motociclismo_es,25.0,2.857142857142857,2025-09,0.03468416598454473,165.11052571297677,0.0003469620007217067
2025-09-07,72114,285,1907,1.317,938.8,11.0,1.172,76.0,motociclismo_es,35.0,10.857142857142858,2025-09,0.048534265191225,165.19069980529147,0.00048557832378359755
2025-09-08,72158,285,1911,1.28,915.9,7.8,0.852,71.0,motociclismo_es,44.0,10.142857142857142,2025-09,0.06097729981429641,165.29149009277288,0.0006101450481181825
2025-09-09,72181,285,1913,1.078,770.6,7.3,0.947,51.0,motociclismo_es,23.0,7.285714285714286,2025-09,0.0318643410315734,165.34417592486543,0.00031874497630202114
2025-09-10,72189,285,1913,1.037,741.7,7.1,0.957,40.0,motociclismo_es,8.0,5.714285714285714,2025-09,0.011082020806494064,165.36250143168022,0.00011083249054455457
2025-09-11,72202,285,1917,1.019,729.0,6.9,0.947,32.0,motociclismo_es,13.0,4.571428571428571,2025-09,0.018005041411595247,165.39228038025428,0.00018008283810555525
2025-09-12,72220,285,1923,0.692,496.0,3.8,0.766,29.0,motociclismo_es,18.0,4.142857142857143,2025-09,0.024923843810578786,165.43351277058755,0.00024930057339123124
2025-09-13,72231,285,1934,0.498,350.5,9.5,2.71,34.0,motociclismo_es,11.0,4.857142857142857,2025-09,0.015228918331464331,165.45871034245792,0.0001523123788425007
2025-09-14,72311,285,1947,0.552,388.3,10.9,2.807,39.0,motociclismo_es,80.0,5.571428571428571,2025-09,0.11063323699022277,165.6419654106059,0.0011075576968337941
2025-09-15,72568,284,1950,2.107,1497.8,31.2,2.083,95.0,motociclismo_es,257.0,13.571428571428571,2025-09,0.3541505897916437,166.23067231703126,0.0035540927383108656
2025-09-16,72597,285,1950,2.38,1695.8,31.9,1.881,53.0,motociclismo_es,29.0,7.571428571428571,2025-09,0.03994655426532777,166.2971022792349,0.00039962517914227114
2025-09-17,72615,285,1951,2.421,1725.1,32.8,1.901,42.0,motociclismo_es,18.0,6.0,2025-09,0.024788266887006815,166.3383346695682,0.0002479441299227947
2025-09-18,72639,285,1951,2.439,1738.6,32.9,1.892,34.0,motociclismo_es,24.0,4.857142857142857,2025-09,0.03304010242431751,166.39331119001258,0.00033051022516006334
2025-09-19,72665,285,1952,2.352,1677.4,31.8,1.896,31.0,motociclismo_es,26.0,4.428571428571429,2025-09,0.035780637170577306,166.45286908716068,0.0003579344429300857
2025-09-20,72684,285,1952,2.086,1487.7,28.2,1.896,19.0,motociclismo_es,19.0,2.7142857142857144,2025-09,0.0261405536294095,166.49639216584583,0.0002614738870156952
2025-09-21,72689,285,1952,2.348,1675.7,31.0,1.85,16.0,motociclismo_es,5.0,2.2857142857142856,2025-09,0.006878619873708539,166.50784560760508,6.879093060363495e-05
2025-09-22,72688,285,1953,2.331,1665.3,28.8,1.729,3.0,motociclismo_es,-1.0,0.42857142857142855,2025-09,-0.00137574290116663,166.50555491925323,-1.3757239747391736e-05
2025-09-23,72693,285,1955,2.338,1670.9,28.9,1.73,5.0,motociclismo_es,5.0,0.7142857142857143,2025-09,0.0068782413712462,166.51700836101247,6.878714505842431e-05
2025-09-24,72705,285,1957,2.305,1625.1,51.0,3.138,6.0,motociclismo_es,12.0,0.8571428571428571,2025-09,0.016505054672993603,166.54449662123469,0.00016507779290986235
2025-09-25,72713,285,1964,2.033,1428.1,49.8,3.487,13.0,motociclismo_es,8.0,1.8571428571428572,2025-09,0.011002159173737846,166.56282212804948,0.00011003369781992234
2025-09-26,72707,285,1971,1.914,1342.0,49.3,3.674,13.0,motociclismo_es,-6.0,1.8571428571428572,2025-09,-0.00825230032871663,166.54907799793838,-8.251619380306163e-05
2025-09-27,72743,285,1983,0.613,435.8,10.3,2.363,75.0,motociclismo_es,36.0,10.714285714285714,2025-09,0.04948929793932062,166.63154277860497,0.0004951380197228961
2025-09-28,73005,285,2002,0.507,360.2,9.6,2.665,92.0,motociclismo_es,262.0,13.142857142857142,2025-09,0.3588795287993973,167.2317031267896,0.003601721127806101
2025-09-29,73240,285,2003,2.921,2062.0,77.0,3.734,91.0,motociclismo_es,235.0,13.0,2025-09,0.3208629164391043,167.77001488947428,0.003218957605643391
2025-09-30,73411,285,2006,3.072,2229.5,25.9,1.162,64.0,motociclismo_es,171.0,9.142857142857142,2025-09,0.2329351187151789,168.1617225976406,0.002334789732386655
2025-10-01,73607,285,2007,3.25,2363.9,28.2,1.193,47.0,motociclismo_es,196.0,6.714285714285714,2025-10,0.26627902237558926,168.61069751460315,0.0026698996063261315
2025-10-02,73747,285,2011,2.971,2165.9,24.8,1.145,39.0,motociclismo_es,140.0,5.571428571428571,2025-10,0.18983823070768982,168.93139388386209,0.001901993016968584
2025-10-03,73805,285,2020,3.487,2550.2,23.7,0.929,35.0,motociclismo_es,58.0,5.0,2025-10,0.07858546168958742,169.0642538082694,0.0007864726700748115
2025-10-04,73886,285,2035,0.753,553.8,2.8,0.506,84.0,motociclismo_es,81.0,12.0,2025-10,0.10962834637143706,169.24979956476923,0.0010974866201476363
2025-10-05,73991,285,2047,0.291,211.0,4.3,2.038,73.0,motociclismo_es,105.0,10.428571428571429,2025-10,0.1419091511129732,169.49032184171344,0.0014211081937038905
2025-10-06,74152,285,2051,0.302,222.1,1.9,0.855,73.0,motociclismo_es,161.0,10.428571428571429,2025-10,0.21712158808933005,169.85912266636126,0.0021759403170655833
2025-10-07,74214,285,2053,0.6,430.3,15.3,3.556,52.0,motociclismo_es,62.0,7.428571428571429,2025-10,0.0835421888053467,170.0011453441759,0.0008361204013378476
2025-10-08,74252,285,2055,0.623,447.7,15.2,3.395,46.0,motociclismo_es,38.0,6.571428571428571,2025-10,0.0511770726714432,170.08819150154622,0.0005120327700973704
2025-10-09,74279,285,2056,0.63,452.1,16.1,3.561,38.0,motociclismo_es,27.0,5.428571428571429,2025-10,0.036349439276242276,170.15004008704614,0.0003636265689812568
2025-10-10,74295,285,2059,0.639,459.0,15.6,3.399,31.0,motociclismo_es,16.0,4.428571428571429,2025-10,0.02153576956726563,170.18669110067574,0.00021540408459985727
2025-10-11,74318,285,2060,0.678,485.4,18.2,3.749,24.0,motociclismo_es,23.0,3.4285714285714284,2025-10,0.03094808794639253,170.2393769327683,0.0003095766875294004
2025-10-12,74346,285,2060,0.67,477.9,20.4,4.269,22.0,motociclismo_es,28.0,3.142857142857143,2025-10,0.037661743738735105,170.3035162066201,0.0003767593315213702
2025-10-13,74356,285,2062,0.676,489.6,13.2,2.696,12.0,motociclismo_es,10.0,1.7142857142857142,2025-10,0.013448813814621551,170.32642309013858,0.0001345062276383313
2025-10-14,74368,285,2063,0.696,504.4,13.3,2.637,10.0,motociclismo_es,12.0,1.4285714285714286,2025-10,0.016135972461273667,170.3539113503608,0.00016138576577540142
2025-10-15,74375,292,2064,0.684,495.7,13.3,2.683,9.0,motociclismo_es,7.0,1.2857142857142858,2025-10,0.009411764705882354,170.36994616882373,9.412650602413919e-05
2025-10-16,74387,292,2069,0.637,461.3,12.8,2.775,9.0,motociclismo_es,12.0,1.2857142857142858,2025-10,0.01613185099546964,170.39743442904594,0.00016134453781502245
2025-10-17,74387,292,2072,0.635,460.7,11.3,2.453,13.0,motociclismo_es,0.0,1.8571428571428572,2025-10,0.0,170.39743442904594,0.0
2025-10-18,74390,293,2078,0.582,420.1,13.1,3.118,15.0,motociclismo_es,3.0,2.142857142857143,2025-10,0.0040328001075413365,170.4043064941015,4.0329627488677744e-05
2025-10-19,74410,294,2085,0.305,219.7,7.3,3.323,28.0,motociclismo_es,20.0,4.0,2025-10,0.026878107781212204,170.4501202611385,0.00026885334050286147
2025-10-20,74443,293,2086,0.255,184.1,5.9,3.205,24.0,motociclismo_es,33.0,3.4285714285714284,2025-10,0.044329218328116815,170.52571297674953,0.0004434887783899555
2025-10-21,74460,294,2087,0.316,224.5,10.7,4.766,24.0,motociclismo_es,17.0,3.4285714285714284,2025-10,0.0228310502283105,170.56465467873096,0.0002283626398720262
2025-10-22,74468,296,2089,0.357,253.3,12.3,4.856,26.0,motociclismo_es,8.0,3.7142857142857144,2025-10,0.010742869420422194,170.58298018554575,0.00010744023636855005
2025-10-23,74476,296,2093,0.372,264.3,12.7,4.805,23.0,motociclismo_es,8.0,3.2857142857142856,2025-10,0.010741715451957677,170.60130569236057,0.00010742869420421464
2025-10-24,74481,298,2097,0.374,265.5,12.7,4.783,23.0,motociclismo_es,5.0,3.2857142857142856,2025-10,0.006713121467219828,170.61275913411978,6.713572157468484e-05
2025-10-25,74475,298,2108,0.318,228.6,8.1,3.543,29.0,motociclismo_es,-6.0,4.142857142857143,2025-10,-0.008056394763343404,170.59901500400872,-8.055745760660038e-05
2025-10-26,74569,298,2113,0.253,181.2,7.4,4.084,27.0,motociclismo_es,94.0,3.857142857142857,2025-10,0.12605774517560916,170.81433970908256,0.0012621685129237115
2025-10-27,75386,297,2119,0.236,173.1,5.0,2.889,56.0,motociclismo_es,817.0,8.0,2025-10,1.0837556044888972,172.6858320925438,0.010956295511539649
2025-10-28,75528,298,2120,1.083,793.9,23.7,2.985,43.0,motociclismo_es,142.0,6.142857142857143,2025-10,0.1880097447304311,173.01110983850648,0.0018836388719389863
2025-10-29,75542,298,2121,1.085,795.6,24.2,3.042,39.0,motociclismo_es,14.0,5.571428571428571,2025-10,0.018532736755712053,173.04317947543237,0.00018536172015681807
2025-10-30,75543,300,2125,1.376,1008.9,30.7,3.043,33.0,motociclismo_es,1.0,4.714285714285714,2025-10,0.001323749387765908,173.04547016378422,1.3237669111321182e-05
2025-10-31,75560,300,2127,1.468,1075.8,33.6,3.123,28.0,motociclismo_es,17.0,4.0,2025-10,0.022498676548438328,173.08441186576567,0.00022503739592028005
2025-11-01,75565,300,2128,1.354,993.4,30.0,3.02,27.0,motociclismo_es,5.0,3.857142857142857,2025-11,0.006616819956328988,173.09586530752492,6.617257808372301e-05
2025-11-02,75563,300,2128,0.827,608.9,15.9,2.611,15.0,motociclismo_es,-2.0,2.142857142857143,2025-11,-0.0026467980360758573,173.0912839308212,-2.646727982535957e-05
2025-11-03,75563,300,2128,0.865,636.6,16.8,2.639,11.0,motociclismo_es,0.0,1.5714285714285714,2025-11,0.0,173.0912839308212,0.0
2025-11-04,75561,300,2133,0.875,644.7,16.8,2.606,8.0,motociclismo_es,-2.0,1.1428571428571428,2025-11,-0.002646868093328569,173.08670255411752,-2.646798036076703e-05
2025-11-05,75690,300,2145,0.88,649.3,16.8,2.587,18.0,motociclismo_es,129.0,2.5714285714285716,2025-11,0.17043202536662702,173.38220135150613,0.0017072299201970065
2025-11-06,75809,300,2152,0.788,584.5,12.8,2.19,29.0,motociclismo_es,119.0,4.142857142857143,2025-11,0.156973446424567,173.65479326537624,0.001572202404544809
2025-11-07,75884,300,2158,0.567,422.1,8.1,1.919,66.0,motociclismo_es,75.0,9.428571428571429,2025-11,0.0988350640451215,173.82659489176498,0.0009893284438522443
2025-11-08,75992,300,2167,0.295,221.0,3.1,1.403,55.0,motociclismo_es,108.0,7.857142857142857,2025-11,0.1421202231813875,174.07398923376473,0.0014232249222496662
2025-11-09,76049,299,2174,0.445,332.4,6.2,1.865,56.0,motociclismo_es,57.0,8.0,2025-11,0.07495167589317413,174.20455846982017,0.0007500789556795784
2025-11-10,76080,299,2176,0.474,354.5,5.8,1.636,44.0,motociclismo_es,31.0,6.285714285714286,2025-11,0.0407465825446898,174.2755698087275,0.0004076319215242652
2025-11-11,76116,299,2179,0.505,377.6,6.6,1.748,36.0,motociclismo_es,36.0,5.142857142857143,2025-11,0.04729623206684534,174.35803458939412,0.0004731861198739029
2025-11-12,76160,299,2183,0.42,314.5,5.3,1.685,36.0,motociclismo_es,44.0,5.142857142857143,2025-11,0.05777310924369748,174.4588248768755,0.0005780650585947011
2025-11-13,76203,299,2186,0.676,505.4,10.1,1.998,34.0,motociclismo_es,43.0,4.857142857142857,2025-11,0.056428224610579635,174.55732447600505,0.0005646008403361602
2025-11-14,76318,299,2192,0.725,542.6,10.8,1.99,32.0,motociclismo_es,115.0,4.571428571428571,2025-11,0.15068529049503393,174.82075363646777,0.001509126937259797
2025-11-15,76430,299,2199,0.96,721.6,12.0,1.663,30.0,motociclismo_es,112.0,4.285714285714286,2025-11,0.14653931702211173,175.07731073187495,0.0014675436987341417
2025-11-16,76530,299,2206,1.067,720.1,96.5,13.401,36.0,motociclismo_es,100.0,5.142857142857143,2025-11,0.13066771200836272,175.3063795670599,0.0013083867591259235
2025-11-17,76670,299,2211,1.057,712.4,98.0,13.756,49.0,motociclismo_es,140.0,7.0,2025-11,0.18260075648884833,175.62707593631885,0.0018293479681170677
2025-11-18,76796,299,2213,0.622,401.2,76.8,19.143,36.0,motociclismo_es,126.0,5.142857142857143,2025-11,0.1640710453669462,175.91570266865193,0.0016434068083996944
2025-11-19,76875,299,2217,0.592,443.1,11.8,2.663,39.0,motociclismo_es,79.0,5.571428571428571,2025-11,0.10276422764227643,176.09666704844807,0.0010286994114276915
2025-11-20,76967,299,2217,0.6,450.4,11.3,2.509,30.0,motociclismo_es,92.0,4.285714285714286,2025-11,0.11953174737225043,176.30741037681824,0.0011967479674797055
2025-11-21,77007,299,2218,0.52,393.7,7.1,1.803,26.0,motociclismo_es,40.0,3.7142857142857144,2025-11,0.051943329827158574,176.39903791089222,0.0005197032494446141
2025-11-22,77033,299,2218,0.539,408.3,6.8,1.665,24.0,motociclismo_es,26.0,3.4285714285714284,2025-11,0.03375176872249556,176.45859580804031,0.0003376316438765681
2025-11-23,77055,299,2218,0.589,445.5,8.1,1.818,16.0,motociclismo_es,22.0,2.2857142857142856,2025-11,0.028551034975017847,176.50899095178102,0.00028559188919041745
2025-11-24,77071,299,2218,0.715,543.3,7.8,1.436,8.0,motociclismo_es,16.0,1.1428571428571428,2025-11,0.02076007836929584,176.5456419654106,0.00020764389072747136
2025-11-25,77100,299,2218,0.722,548.6,7.9,1.44,7.0,motociclismo_es,29.0,1.0,2025-11,0.03761348897535668,176.61207192761427,0.00037627642044357756
2025-11-26,77112,299,2220,0.733,557.0,8.0,1.436,3.0,motociclismo_es,12.0,0.42857142857142855,2025-11,0.015561780267662622,176.63956018783645,0.00015564202334639177
2025-11-27,77131,299,2221,0.734,558.0,8.0,1.434,3.0,motociclismo_es,19.0,0.42857142857142855,2025-11,0.02463341587688478,176.68308326652158,0.0002463948542379413
2025-11-28,77139,299,2222,0.699,531.3,7.7,1.449,4.0,motociclismo_es,8.0,0.5714285714285714,2025-11,0.01037088891481611,176.70140877333637,0.00010371964579736215
2025-11-29,77157,299,2222,0.676,514.8,6.9,1.34,3.0,motociclismo_es,18.0,0.42857142857142855,2025-11,0.023329056339671063,176.7426411636697,0.0002333450005833626
2025-11-30,77165,299,2223,0.682,519.3,6.9,1.329,4.0,motociclismo_es,8.0,0.5714285714285714,2025-11,0.010367394544158621,176.7609666704845,0.00010368469484300924
2025-12-01,77166,299,2223,0.684,521.2,6.9,1.324,4.0,motociclismo_es,1.0,0.5714285714285714,2025-12,0.0012959075240390847,176.76325735883634,1.295924318012176e-05
2025-12-02,77182,299,2223,0.691,525.8,7.6,1.445,4.0,motociclismo_es,16.0,0.5714285714285714,2025-12,0.02073022207250395,176.79990837246592,0.0002073452038462431
2025-12-03,77184,299,2224,0.692,526.5,7.6,1.443,5.0,motociclismo_es,2.0,0.7142857142857143,2025-12,0.002591210613598673,176.80448974916962,2.5912777590564318e-05
2025-12-04,77187,299,2227,0.527,400.6,6.5,1.623,4.0,motociclismo_es,3.0,0.5714285714285714,2025-12,0.003886664852889735,176.81136181422517,3.886815920406406e-05
2025-12-05,77198,299,2228,0.528,401.1,6.5,1.621,4.0,motociclismo_es,11.0,0.5714285714285714,2025-12,0.014249073810202337,176.83655938609553,0.0001425110446060529
2025-12-06,77203,299,2228,0.549,416.5,7.0,1.681,5.0,motociclismo_es,5.0,0.7142857142857143,2025-12,0.006476432262994962,176.84801282785477,6.476851731918032e-05
2025-12-07,77204,299,2228,0.532,403.7,6.7,1.66,4.0,motociclismo_es,1.0,0.5714285714285714,2025-12,0.0012952696751463654,176.85030351620662,1.295286452607236e-05
2025-12-08,77239,299,2229,0.534,405.9,6.7,1.651,4.0,motociclismo_es,35.0,0.5714285714285714,2025-12,0.0453138958298269,176.93047760852136,0.0004533443863012909
2025-12-09,77249,299,2229,0.535,406.8,6.7,1.647,4.0,motociclismo_es,10.0,0.5714285714285714,2025-12,0.012945151393545547,176.95338449203985,0.00012946827379956005
2025-12-10,77255,299,2230,0.537,408.5,6.7,1.64,4.0,motociclismo_es,6.0,0.5714285714285714,2025-12,0.007766487605980196,176.96712862215097,7.767090836119372e-05
2025-12-11,77259,299,2232,0.566,429.3,8.1,1.887,4.0,motociclismo_es,4.0,0.5714285714285714,2025-12,0.005177390336400937,176.97629137555836,5.177658403976437e-05
2025-12-12,77268,299,2234,0.57,432.2,8.3,1.92,5.0,motociclismo_es,9.0,0.7142857142857143,2025-12,0.011647771393073459,176.996907570725,0.0001164912825690756
2025-12-13,77273,299,2234,0.571,432.9,8.3,1.917,5.0,motociclismo_es,5.0,0.7142857142857143,2025-12,0.006470565398004477,177.00836101248424,6.47098410726521e-05
2025-12-14,77282,298,2234,0.332,250.3,6.3,2.517,5.0,motociclismo_es,9.0,0.7142857142857143,2025-12,0.011645661344168112,177.02897720765088,0.00011647017716409636
2025-12-15,77285,298,2234,0.335,252.4,6.3,2.496,5.0,motociclismo_es,3.0,0.7142857142857143,2025-12,0.0038817364300963966,177.03584927270646,3.881887114731697e-05
2025-12-16,77295,298,2234,0.336,253.5,6.4,2.525,5.0,motociclismo_es,10.0,0.7142857142857143,2025-12,0.012937447441619768,177.05875615622494,0.00012939121433652723
2025-12-17,77293,298,2235,0.339,254.9,6.8,2.668,4.0,motociclismo_es,-2.0,0.5714285714285714,2025-12,-0.002587556441074871,177.05417477952125,-2.587489488325989e-05
2025-12-18,77289,299,2236,0.34,255.8,6.8,2.658,5.0,motociclismo_es,-4.0,0.7142857142857143,2025-12,-0.00517538071394377,177.04501202611385,-5.1751128821497794e-05
2025-12-19,77296,300,2236,0.345,257.9,8.6,3.335,3.0,motociclismo_es,7.0,0.42857142857142855,2025-12,0.009056096046367212,177.0610468445768,9.056916249394753e-05
2025-12-20,77294,300,2237,0.332,248.5,8.3,3.34,3.0,motociclismo_es,-2.0,0.42857142857142855,2025-12,-0.002587522964266308,177.0564654678731,-2.5874560132477242e-05
2025-12-21,77299,300,2237,0.335,250.7,8.4,3.351,3.0,motociclismo_es,5.0,0.42857142857142855,2025-12,0.006468388983039883,177.06791890963234,6.468807410664468e-05
2025-12-22,77308,300,2240,0.477,356.8,11.8,3.307,6.0,motociclismo_es,9.0,0.8571428571428571,2025-12,0.011641744709473793,177.08853510479898,0.00011643100169478338
2025-12-23,77314,301,2241,0.482,360.9,11.9,3.297,6.0,motociclismo_es,6.0,0.8571428571428571,2025-12,0.007760560829862638,177.1022792349101,7.76116313965236e-05
2025-12-24,77319,301,2242,0.538,387.0,29.2,7.545,8.0,motociclismo_es,5.0,1.1428571428571428,2025-12,0.0064667158137068515,177.11373267666934,6.467134024878973e-05
2025-12-25,77325,301,2243,0.669,485.2,31.8,6.554,7.0,motociclismo_es,6.0,1.0,2025-12,0.007759456838021338,177.12747680678044,7.760058976447048e-05
2025-12-26,77334,301,2243,0.697,506.8,32.3,6.373,7.0,motociclismo_es,9.0,1.0,2025-12,0.011637830708355962,177.1480930019471,0.00011639185257039664
2025-12-27,77341,301,2243,0.712,518.2,32.6,6.291,6.0,motociclismo_es,7.0,0.8571428571428571,2025-12,0.009050826857682213,177.16412782041002,9.051646106494893e-05
2025-12-28,77347,301,2244,0.727,529.5,32.8,6.195,7.0,motociclismo_es,6.0,1.0,2025-12,0.007757249796372193,177.17787195052114,7.75785159230491e-05
2025-12-29,77348,300,2244,0.775,556.3,43.2,7.766,6.0,motociclismo_es,1.0,0.8571428571428571,2025-12,0.001292858251021358,177.18016263887299,1.2928749660634509e-05
2025-12-30,77361,301,2244,0.786,564.6,43.8,7.758,4.0,motociclismo_es,13.0,0.5714285714285714,2025-12,0.016804332932614626,177.20994158744702,0.00016807157263287742
2025-12-31,77420,302,2245,0.796,572.3,44.0,7.688,3.0,motociclismo_es,59.0,0.42857142857142855,2025-12,0.0762076982691811,177.34509220020615,0.000762658186941767
2026-01-01,77466,302,2247,0.81,582.5,44.7,7.674,3.0,motociclismo_es,46.0,0.42857142857142855,2026-01,0.05938088968063408,177.45046386439125,0.0005941617153191192
2026-01-02,77495,302,2247,1.494,1102.3,55.3,5.017,4.0,motociclismo_es,29.0,0.5714285714285714,2026-01,0.03742176914639654,177.5168938265949,0.00037435778276928566
2026-01-03,77519,302,2248,1.53,1131.2,54.5,4.818,4.0,motociclismo_es,24.0,0.5714285714285714,2026-01,0.030960151704743352,177.5718703470393,0.00030969739983222055
2026-01-04,77533,302,2248,1.548,1145.2,55.1,4.811,4.0,motociclismo_es,14.0,0.5714285714285714,2026-01,0.01805682741542311,177.60393998396518,0.00018060088494431525
2026-01-05,77541,302,2249,1.642,1217.3,55.6,4.567,4.0,motociclismo_es,8.0,0.5714285714285714,2026-01,0.010317122554519545,177.62226549077997,0.00010318187094537912
2026-01-06,77550,302,2250,1.654,1226.9,55.8,4.548,4.0,motociclismo_es,9.0,0.5714285714285714,2026-01,0.01160541586073501,177.6428816859466,0.00011606762873839216
2026-01-07,77555,302,2251,1.678,1244.7,56.3,4.523,5.0,motociclismo_es,5.0,0.7142857142857143,2026-01,0.006447037586229128,177.65433512770588,6.447453255953306e-05
2026-01-08,77555,302,2252,1.693,1258.8,54.2,4.306,4.0,motociclismo_es,0.0,0.5714285714285714,2026-01,0.0,177.65433512770588,0.0
2026-01-09,77567,302,2253,1.705,1268.0,54.4,4.29,5.0,motociclismo_es,12.0,0.7142857142857143,2026-01,0.015470496474016012,177.68182338792806,0.00015472890206957857
2026-01-10,77573,302,2256,1.546,1148.4,50.8,4.424,7.0,motociclismo_es,6.0,1.0,2026-01,0.00773464994263468,177.69556751803916,7.735248237006331e-05
2026-01-11,77573,302,2258,1.475,1110.7,33.4,3.007,8.0,motociclismo_es,0.0,1.1428571428571428,2026-01,0.0,177.69556751803916,0.0
2026-01-12,77613,302,2258,1.464,1105.6,30.8,2.786,9.0,motociclismo_es,40.0,1.2857142857142858,2026-01,0.05153775784984474,177.78719505211316,0.0005156433295090412
2026-01-13,77625,302,2258,1.703,1279.1,42.6,3.33,9.0,motociclismo_es,12.0,1.2857142857142858,2026-01,0.015458937198067632,177.81468331233538,0.0001546132735494865
2026-01-14,77634,302,2260,1.836,1377.8,47.3,3.433,9.0,motociclismo_es,9.0,1.2857142857142858,2026-01,0.011592858798979828,177.83529950750201,0.00011594202898557171
2026-01-15,77625,302,2261,0.929,687.3,34.1,4.961,9.0,motociclismo_es,-9.0,1.2857142857142858,2026-01,-0.011594202898550725,177.81468331233538,-0.00011592858798981087
2026-01-16,77639,302,2262,0.932,689.3,34.3,4.976,9.0,motociclismo_es,14.0,1.2857142857142858,2026-01,0.01803217455144966,177.84675294926126,0.00018035426731088933
2026-01-17,77652,302,2264,0.968,717.3,34.7,4.838,8.0,motociclismo_es,13.0,1.1428571428571428,2026-01,0.016741358883222583,177.8765318978353,0.0001674416208348184
2026-01-18,77663,302,2264,0.808,594.3,33.3,5.603,7.0,motociclismo_es,11.0,1.0,2026-01,0.014163758804063712,177.90172946970563,0.0001416576520887336
2026-01-19,77683,302,2270,0.816,600.5,33.4,5.562,12.0,motociclismo_es,20.0,1.7142857142857142,2026-01,0.025745658638312113,177.94754323674263,0.00025752288734670614
2026-01-20,77689,302,2275,0.818,601.7,33.5,5.568,13.0,motociclismo_es,6.0,1.8571428571428572,2026-01,0.007723101082521335,177.96128736685375,7.723697591499601e-05
2026-01-21,77688,302,2278,0.457,350.2,5.0,1.428,15.0,motociclismo_es,-1.0,2.142857142857143,2026-01,-0.0012872000823808051,177.95899667850188,-1.2871835137540089e-05
2026-01-22,77700,302,2281,0.597,456.6,6.9,1.511,18.0,motociclismo_es,12.0,2.5714285714285716,2026-01,0.015444015444015444,177.9864849387241,0.00015446400988561315
2026-01-23,77707,302,2283,0.538,411.8,6.1,1.481,18.0,motociclismo_es,7.0,2.5714285714285716,2026-01,0.009008197459688316,178.00251975718703,9.009009009020019e-05
2026-01-24,77717,302,2283,0.576,440.4,7.4,1.68,19.0,motociclismo_es,10.0,2.7142857142857144,2026-01,0.012867197653023148,178.02542664070552,0.00012868853513836598
2026-01-25,77728,302,2284,0.588,449.4,7.6,1.691,18.0,motociclismo_es,11.0,2.5714285714285716,2026-01,0.014151914368052698,178.05062421257588,0.00014153917418324724
2026-01-26,77734,302,2284,0.502,383.0,7.6,1.984,12.0,motociclismo_es,6.0,1.7142857142857142,2026-01,0.007718630200427097,178.06436834268698,7.719226018942926e-05
2026-01-27,77728,302,2286,0.519,395.4,7.9,1.998,10.0,motociclismo_es,-6.0,1.4285714285714286,2026-01,-0.007719226018937835,178.05062421257588,-7.71863020042618e-05
2026-01-28,77742,302,2288,0.522,398.2,7.9,1.984,10.0,motociclismo_es,14.0,1.4285714285714286,2026-01,0.018008283810552854,178.08269384950177,0.00018011527377526093
2026-01-29,77752,302,2290,0.417,317.9,6.4,2.013,8.0,motociclismo_es,10.0,1.1428571428571428,2026-01,0.012861405494392426,178.10560073302025,0.00012863059864676174
2026-01-30,77765,302,2291,0.291,220.4,6.0,2.722,9.0,motociclismo_es,13.0,1.2857142857142858,2026-01,0.016717032083842343,178.13537968159432,0.00016719827142708255
2026-01-31,77765,302,2291,0.275,207.1,6.6,3.187,8.0,motociclismo_es,0.0,1.1428571428571428,2026-01,0.0,178.13537968159432,0.0
2026-02-01,77778,302,2292,0.282,212.7,6.5,3.056,8.0,motociclismo_es,13.0,1.1428571428571428,2026-02,0.016714237959320116,178.16515863016838,0.00016717032083835015
2026-02-02,77787,302,2295,0.288,217.5,6.7,3.08,11.0,motociclismo_es,9.0,1.5714285714285714,2026-02,0.011570056693277797,178.18577482533502,0.00011571395510290294
2026-02-03,77796,302,2300,0.278,209.8,6.4,3.051,11.0,motociclismo_es,9.0,1.5714285714285714,2026-02,0.01156871818602499,178.20639102050166,0.00011570056693277486
2026-02-04,77794,302,2304,0.199,150.2,4.4,2.929,16.0,motociclismo_es,-2.0,2.2857142857142856,2026-02,-0.0025708923567370236,178.20180964379796,-2.5708262635593115e-05
2026-02-05,77804,302,2307,0.298,227.9,3.6,1.58,16.0,motociclismo_es,10.0,2.2857142857142856,2026-02,0.012852809624183847,178.22471652731647,0.00012854461783695648
2026-02-06,77818,302,2310,0.354,271.5,4.2,1.547,18.0,motociclismo_es,14.0,2.5714285714285716,2026-02,0.017990696239944485,178.25678616424236,0.00017993933473858803
2026-02-07,77831,302,2310,0.39,297.9,5.8,1.947,18.0,motociclismo_es,13.0,2.5714285714285716,2026-02,0.016702856188408218,178.2865651128164,0.00016705646508530236
2026-02-08,77848,302,2312,0.381,290.9,5.4,1.856,19.0,motociclismo_es,17.0,2.7142857142857144,2026-02,0.02183742678039256,178.32550681479785,0.00021842196554078264
2026-02-09,77857,302,2312,0.389,297.5,5.4,1.815,19.0,motociclismo_es,9.0,2.7142857142857144,2026-02,0.011559654237897683,178.3461230099645,0.00011560990648451508
2026-02-10,77865,302,2313,0.463,351.9,8.6,2.444,17.0,motociclismo_es,8.0,2.4285714285714284,2026-02,0.010274192512682207,178.36444851677928,0.00010275248211466526
2026-02-11,77878,302,2313,0.466,351.1,12.1,3.446,8.0,motociclismo_es,13.0,1.1428571428571428,2026-02,0.016692775880222912,178.39422746535334,0.0001669556283310225
2026-02-12,77884,302,2313,0.47,353.9,12.3,3.476,8.0,motociclismo_es,6.0,1.1428571428571428,2026-02,0.007703764572954651,178.40797159546443,7.704358098559183e-05
2026-02-13,77876,302,2315,0.482,362.3,12.8,3.533,5.0,motociclismo_es,-8.0,0.7142857142857143,2026-02,-0.010272741281010838,178.38964608864964,-0.00010271686097274024
2026-02-14,77886,302,2315,0.484,364.3,12.8,3.514,5.0,motociclismo_es,10.0,0.7142857142857143,2026-02,0.012839277919009837,178.41255297216813,0.00012840926601254132
2026-02-15,77889,302,2315,0.381,285.9,10.9,3.813,3.0,motociclismo_es,3.0,0.42857142857142855,2026-02,0.0038516350190655937,178.41942503722368,3.8517833756968045e-05
2026-02-16,77883,302,2315,0.387,290.5,11.0,3.787,3.0,motociclismo_es,-6.0,0.42857142857142855,2026-02,-0.0077038634875390005,178.40568090711258,-7.70327003812854e-05
2026-02-17,77888,302,2316,0.393,294.6,11.2,3.802,2.0,motociclismo_es,5.0,0.2857142857142857,2026-02,0.006419474116680362,178.41713434887183,6.419886239616979e-05
2026-02-18,77872,302,2316,0.4,300.0,11.4,3.8,3.0,motociclismo_es,-16.0,0.42857142857142855,2026-02,-0.02054653790836244,178.38048333524225,-0.00020542317173377622
2026-02-19,77876,302,2318,0.419,314.6,12.0,3.814,3.0,motociclismo_es,4.0,0.42857142857142855,2026-02,0.005136370640505419,178.38964608864964,5.136634477098667e-05
2026-02-20,77870,302,2319,0.428,320.9,12.2,3.802,4.0,motociclismo_es,-6.0,0.5714285714285714,2026-02,-0.007705149608321562,178.37590195853855,-7.704555960763582e-05
2026-02-21,77877,302,2321,0.413,306.3,15.5,5.06,4.0,motociclismo_es,7.0,0.5714285714285714,2026-02,0.00898853319978941,178.3919367770015,8.989341209697521e-05
2026-02-22,77887,302,2321,0.259,189.3,12.7,6.709,6.0,motociclismo_es,10.0,0.8571428571428571,2026-02,0.012839113074068842,178.41484366051998,0.0001284076171399473
2026-02-23,77889,302,2322,0.334,247.2,12.6,5.097,7.0,motociclismo_es,2.0,1.0,2026-02,0.002567756679377062,178.41942503722368,2.567822614807369e-05
2026-02-24,77884,302,2324,0.335,248.4,12.6,5.072,8.0,motociclismo_es,-5.0,1.1428571428571428,2026-02,-0.006419803810795542,178.40797159546443,-6.4193916984423e-05
2026-02-25,77897,302,2325,0.406,302.9,13.3,4.391,8.0,motociclismo_es,13.0,1.1428571428571428,2026-02,0.01668870431467194,178.43775054403847,0.00016691489908060575
2026-02-26,77895,302,2331,0.36,271.6,9.0,3.314,10.0,motociclismo_es,-2.0,1.4285714285714286,2026-02,-0.0025675588933821167,178.43316916733477,-2.5674929714836203e-05
2026-02-27,77902,302,2334,0.372,280.4,9.1,3.245,15.0,motociclismo_es,7.0,2.142857142857143,2026-02,0.008985648635465072,178.44920398579774,8.986456126836018e-05
2026-02-28,77918,302,2344,0.473,361.0,7.2,1.994,23.0,motociclismo_es,16.0,3.2857142857142856,2026-02,0.02053440796735029,178.48585499942732,0.00020538625452481973
2026-03-01,77985,302,2351,0.437,333.4,7.2,2.16,24.0,motociclismo_es,67.0,3.4285714285714284,2026-03,0.08591395781239981,178.63933111900124,0.0008598783336328797
2026-03-02,78002,302,2356,0.789,582.5,33.1,5.682,49.0,motociclismo_es,17.0,7.0,2026-03,0.021794312966334196,178.6782728209827,0.0002179906392254516
2026-03-03,78010,302,2360,0.795,585.6,34.9,5.96,45.0,motociclismo_es,8.0,6.428571428571429,2026-03,0.01025509550057685,178.6965983277975,0.0001025614727827584
2026-03-04,78020,302,2362,0.7,515.7,30.5,5.914,40.0,motociclismo_es,10.0,5.714285714285714,2026-03,0.01281722635221738,178.719505211316,0.00012818869375719188
2026-03-05,78017,302,2366,0.631,474.3,17.9,3.774,33.0,motociclismo_es,-3.0,4.714285714285714,2026-03,-0.0038453157645128625,178.71263314626046,-3.8451679056694665e-05
2026-03-06,78023,302,2367,0.602,453.0,16.6,3.664,31.0,motociclismo_es,6.0,4.428571428571429,2026-03,0.0076900401163759406,178.72637727637155,7.690631529033709e-05
2026-03-07,78029,302,2367,0.445,334.9,12.5,3.732,27.0,motociclismo_es,6.0,3.857142857142857,2026-03,0.0076894487946789014,178.74012140648264,7.690040116381525e-05
2026-03-08,78030,302,2367,0.331,246.3,12.2,4.953,22.0,motociclismo_es,1.0,3.142857142857143,2026-03,0.0012815583749839806,178.7424120948345,1.2815747991057336e-05
2026-03-09,78026,302,2368,0.297,218.7,13.3,6.081,15.0,motociclismo_es,-4.0,2.142857142857143,2026-03,-0.005126496296106426,178.7332493414271,-5.126233499941346e-05
2026-03-10,78021,302,2372,0.292,213.5,14.2,6.651,11.0,motociclismo_es,-5.0,1.5714285714285714,2026-03,-0.00640853103651581,178.72179589966785,-6.40812037013827e-05
2026-03-11,78023,302,2373,0.294,214.7,14.5,6.754,10.0,motociclismo_es,2.0,1.4285714285714286,2026-03,0.0025633467054586466,178.72637727637155,2.5634124146023396e-05
2026-03-12,78024,302,2376,0.317,232.6,14.4,6.191,10.0,motociclismo_es,1.0,1.4285714285714286,2026-03,0.0012816569260740286,178.7286679647234,1.2816733527376556e-05
2026-03-13,78034,302,2379,0.357,264.0,14.7,5.568,11.0,motociclismo_es,10.0,1.5714285714285714,2026-03,0.012814926826767818,178.7515748482419,0.00012816569260731825
2026-03-14,78033,302,2379,0.404,306.8,8.2,2.673,11.0,motociclismo_es,-1.0,1.5714285714285714,2026-03,-0.0012815091051221919,178.74928415989004,-1.2814926826809625e-05
2026-03-15,78044,302,2379,0.58,435.1,17.4,3.999,11.0,motociclismo_es,11.0,1.5714285714285714,2026-03,0.014094613295064323,178.7744817317604,0.0001409660015634362
2026-03-16,78041,302,2379,0.641,479.6,20.5,4.274,11.0,motociclismo_es,-3.0,1.5714285714285714,2026-03,-0.0038441332120295745,178.76760966670483,-3.843985444107467e-05
2026-03-17,78043,302,2380,0.669,501.3,20.9,4.169,8.0,motociclismo_es,2.0,1.1428571428571428,2026-03,0.002562689799213254,178.77219104340853,2.5627554746776582e-05
2026-03-18,78051,302,2383,0.694,520.4,21.2,4.074,9.0,motociclismo_es,8.0,1.2857142857142858,2026-03,0.010249708523913851,178.79051655022334,0.00010250759196850368
2026-03-19,78092,302,2386,0.615,463.8,16.3,3.514,8.0,motociclismo_es,41.0,1.1428571428571428,2026-03,0.05250217691953081,178.88443477264917,0.0005252975618506017
2026-03-20,78132,302,2387,0.645,486.2,17.7,3.64,9.0,motociclismo_es,40.0,1.2857142857142858,2026-03,0.05119541289100497,178.97606230672315,0.0005122163601904983
2026-03-21,78150,301,2391,0.973,740.3,20.3,2.742,7.0,motociclismo_es,18.0,1.0,2026-03,0.023032629558541268,179.01729469705649,0.00023037935800962472
2026-03-22,78190,301,2400,1.063,810.1,20.8,2.568,17.0,motociclismo_es,40.0,2.4285714285714284,2026-03,0.05115743701240568,179.10892223113046,0.0005118362124121312
2026-03-23,78220,301,2409,1.21,933.4,12.8,1.371,43.0,motociclismo_es,30.0,6.142857142857143,2026-03,0.0383533623114293,179.17764288168593,0.00038368077759298735
2026-03-24,78257,301,2412,0.624,480.2,8.0,1.666,39.0,motociclismo_es,37.0,5.571428571428571,2026-03,0.04728011551682278,179.2623983507044,0.00047302480184097107
2026-03-25,78275,301,2414,0.679,514.9,16.4,3.185,44.0,motociclismo_es,18.0,6.285714285714286,2026-03,0.022995847971893964,179.30363074103767,0.0002300113727844444
2026-03-26,78292,301,2415,0.641,486.4,15.8,3.248,35.0,motociclismo_es,17.0,5.0,2026-03,0.021713585040617177,179.34257244301912,0.00021718300862350048
2026-03-27,78294,301,2423,0.453,337.5,17.5,5.185,34.0,motociclismo_es,2.0,4.857142857142857,2026-03,0.0025544741614938566,179.34715381972285,2.5545394165327195e-05
2026-03-28,78324,301,2427,0.434,323.2,16.4,5.074,30.0,motociclismo_es,30.0,4.285714285714286,2026-03,0.038302436034931824,179.4158744702783,0.00038317112422414645
2026-03-29,78363,301,2440,0.369,277.3,12.0,4.327,59.0,motociclismo_es,39.0,8.428571428571429,2026-03,0.04976838559013821,179.50521131600047,0.0004979316684541324
2026-03-30,78417,302,2453,0.363,281.3,3.7,1.315,100.0,motociclismo_es,54.0,14.285714285714286,2026-03,0.0688626190749455,179.62890848700036,0.0006891007235556579
2026-03-31,78444,302,2455,0.756,571.1,22.3,3.905,73.0,motociclismo_es,27.0,10.428571428571429,2026-03,0.03441945846718678,179.69075707250028,0.0003443130953746376
2026-04-01,78465,302,2456,0.786,595.6,21.0,3.526,52.0,motociclismo_es,21.0,7.428571428571429,2026-04,0.026763525138596825,179.73886152788913,0.00026770689918920176
2026-04-02,78489,302,2460,0.763,578.9,20.3,3.507,41.0,motociclismo_es,24.0,5.857142857142857,2026-04,0.030577533157512514,179.79383804833353,0.0003058688587267433
2026-04-03,78500,301,2460,0.59,444.9,18.5,4.158,33.0,motociclismo_es,11.0,4.714285714285714,2026-04,0.014012738853503185,179.81903562020386,0.00014014702697195958
2026-04-04,78522,301,2460,0.593,444.5,21.3,4.792,26.0,motociclismo_es,22.0,3.7142857142857144,2026-04,0.028017625633580397,179.86943076394456,0.00028025477707016577
2026-04-05,78529,301,2460,0.61,458.9,19.9,4.336,20.0,motociclismo_es,7.0,2.857142857142857,2026-04,0.008913904417476345,179.88546558240753,8.914699065232234e-05
2026-04-06,78541,301,2462,0.417,311.0,16.2,5.209,11.0,motociclismo_es,12.0,1.5714285714285714,2026-04,0.015278644274964668,179.91295384262972,0.00015280979001386363
2026-04-07,78539,301,2462,0.428,319.6,16.8,5.257,7.0,motociclismo_es,-2.0,1.0,2026-04,-0.0025465055577483797,179.90837246592602,-2.546440712491993e-05
2026-04-08,78553,301,2462,0.373,276.0,17.1,6.196,7.0,motociclismo_es,14.0,1.0,2026-04,0.017822361972171654,179.9404421028519,0.00017825538904236993
2026-04-09,78563,302,2464,0.38,281.3,17.3,6.15,5.0,motociclismo_es,10.0,0.7142857142857143,2026-04,0.01272863816300294,179.96334898637042,0.00012730258551552076
2026-04-10,78558,302,2465,0.386,285.3,17.8,6.239,4.0,motociclismo_es,-5.0,0.5714285714285714,2026-04,-0.006364724152855216,179.95189554461115,-6.364319081497705e-05
2026-04-11,78570,302,2466,0.401,296.9,18.0,6.063,6.0,motociclismo_es,12.0,0.8571428571428571,2026-04,0.015273004963726612,179.97938380483336,0.00015275337966857983
2026-04-12,78587,302,2466,0.36,265.3,17.5,6.596,6.0,motociclismo_es,17.0,0.8571428571428571,2026-04,0.021632076552101493,180.0183255068148,0.00021636757031950893
2026-04-13,78599,302,2468,0.373,275.7,17.8,6.456,6.0,motociclismo_es,12.0,0.8571428571428571,2026-04,0.015267369813865315,180.04581376703698,0.0001526970109559933
2026-04-14,78604,302,2470,0.378,279.6,17.9,6.402,8.0,motociclismo_es,5.0,1.1428571428571428,2026-04,0.006360999440232049,180.05726720879625,6.361404089116895e-05
2026-04-15,78638,302,2471,0.532,398.0,20.3,5.101,8.0,motociclismo_es,34.0,1.1428571428571428,2026-04,0.043236094509016,180.13515061275913,0.00043254796193581413
2026-04-16,78640,302,2473,0.636,479.5,20.9,4.359,7.0,motociclismo_es,2.0,1.0,2026-04,0.00254323499491353,180.13973198946283,2.5432996769936267e-05
2026-04-17,78652,302,2474,0.655,494.1,20.9,4.23,7.0,motociclismo_es,12.0,1.0,2026-04,0.015257081828815543,180.16722024968504,0.00015259409969470283
2026-04-18,78665,302,2475,0.63,477.7,18.1,3.789,7.0,motociclismo_es,13.0,1.0,2026-04,0.016525773851140915,180.19699919825908,0.00016528505314550301
2026-04-19,78684,302,2476,0.474,366.2,6.7,1.83,7.0,motociclismo_es,19.0,1.0,2026-04,0.024147221798586752,180.24052227694423,0.00024153054090136905
2026-04-20,78696,302,2478,0.567,436.1,10.3,2.362,8.0,motociclismo_es,12.0,1.1428571428571428,2026-04,0.015248551387618176,180.26801053716642,0.00015250876925421153
2026-04-21,78703,302,2478,0.636,488.5,11.7,2.395,7.0,motociclismo_es,7.0,1.0,2026-04,0.008894197171645298,180.28404535562936,8.894988309449126e-05
2026-04-22,78738,302,2480,0.749,575.6,13.8,2.397,8.0,motociclismo_es,35.0,1.1428571428571428,2026-04,0.044451217963372196,180.3642194479441,0.00044470985858224843
2026-04-23,78752,302,2484,0.767,590.0,14.1,2.39,8.0,motociclismo_es,14.0,1.1428571428571428,2026-04,0.017777326290125964,180.39628908487,0.00017780487185348193
2026-04-24,78781,302,2488,0.877,661.0,30.3,4.584,11.0,motociclismo_es,29.0,1.5714285714285714,2026-04,0.0368109061829629,180.46271904707365,0.0003682446160098163
2026-04-25,78824,302,2498,0.811,603.8,35.8,5.929,17.0,motociclismo_es,43.0,2.4285714285714284,2026-04,0.05455191312290673,180.56121864620317,0.0005458168847818357
2026-04-26,78932,302,2511,0.432,327.2,13.8,4.218,82.0,motociclismo_es,108.0,11.714285714285714,2026-04,0.13682663558506056,180.80861298820295,0.0013701410737845254
2026-04-27,78988,302,2515,0.909,683.0,35.2,5.154,71.0,motociclismo_es,56.0,10.142857142857142,2026-04,0.07089684509039348,180.93689153590654,0.0007094714437743121
2026-04-28,78992,302,2517,0.937,709.1,30.9,4.358,53.0,motociclismo_es,4.0,7.571428571428571,2026-04,0.00506380392951185,180.94605428931393,5.064060363602074e-05
2026-04-29,79014,302,2521,0.918,695.0,30.5,4.388,48.0,motociclismo_es,22.0,6.857142857142857,2026-04,0.02784316703369023,180.99644943305464,0.00027850921612304624
2026-04-30,79038,302,2523,0.93,704.6,30.6,4.343,38.0,motociclismo_es,24.0,5.428571428571429,2026-04,0.030365140818340547,181.05142595349903,0.0003037436403674487
2026-05-01,79045,302,2523,0.904,691.7,22.8,3.296,29.0,motociclismo_es,7.0,4.142857142857143,2026-05,0.008855715098994243,181.06746077196198,8.856499405340834e-05
2026-05-02,79054,302,2524,0.805,614.2,22.0,3.582,24.0,motociclismo_es,9.0,3.4285714285714284,2026-05,0.011384623168973108,181.08807696712864,0.00011385919412987278
2026-05-03,79060,302,2525,0.667,511.6,15.9,3.108,20.0,motociclismo_es,6.0,2.857142857142857,2026-05,0.007589172780166962,181.1018210972397,7.589748779324168e-05
2026-05-04,79054,302,2525,0.735,564.1,17.2,3.049,8.0,motociclismo_es,-6.0,1.1428571428571428,2026-05,-0.007589748779315405,181.08807696712864,-7.589172780164688e-05
2026-05-05,79064,302,2528,0.631,483.7,14.8,3.06,9.0,motociclismo_es,10.0,1.2857142857142858,2026-05,0.012647981382171405,181.11098385064713,0.0001264958129885141
2026-05-06,78840,302,2530,0.637,487.3,14.9,3.058,7.0,motociclismo_es,-224.0,1.0,2026-05,-0.2841197361745307,180.59786965983278,-0.0028331478296064194
2026-05-07,78835,302,2534,0.582,445.1,13.7,3.078,7.0,motociclismo_es,-5.0,1.0,2026-05,-0.006342360626625229,180.58641621807354,-6.341958396749448e-05
2026-05-08,78741,301,2539,0.581,444.2,13.5,3.039,14.0,motociclismo_es,-94.0,2.0,2026-05,-0.11937872264766768,180.37109151299967,-0.001192363797805518
2026-05-09,78752,301,2551,0.523,401.3,10.8,2.691,17.0,motociclismo_es,11.0,2.4285714285714284,2026-05,0.013967899227956116,180.39628908487,0.00013969850522599359
2026-05-10,78890,301,2561,0.322,243.5,10.8,4.435,74.0,motociclismo_es,138.0,10.571428571428571,2026-05,0.1749271137026239,180.71240407742525,0.0017523364485980686
2026-05-11,78940,301,2564,0.498,376.3,17.0,4.518,56.0,motociclismo_es,50.0,8.0,2026-05,0.06333924499619964,180.82693849501777,0.0006337938902269968
2026-05-12,78945,301,2566,0.785,601.8,18.0,2.991,44.0,motociclismo_es,5.0,6.285714285714286,2026-05,0.006333523339033504,180.838391936777,6.33392449962411e-05
2026-05-13,78963,306,2566,0.856,656.0,19.9,3.034,40.0,motociclismo_es,18.0,5.714285714285714,2026-05,0.022795486493674254,180.8796243271103,0.00022800684020518602
2026-05-14,78987,306,2574,0.974,750.8,18.5,2.464,35.0,motociclismo_es,24.0,5.0,2026-05,0.03038474685707775,180.9346008475547,0.0003039398199156107
2026-05-15,79004,306,2584,1.08,837.0,16.2,1.935,34.0,motociclismo_es,17.0,4.857142857142857,2026-05,0.021517897827958078,180.97354254953612,0.0002152252902376528
2026-05-16,79038,307,2591,0.563,436.5,8.5,1.947,32.0,motociclismo_es,34.0,4.571428571428571,2026-05,0.04301728282598244,181.05142595349903,0.00043035795655921305
2026-05-17,79306,307,2607,0.446,347.3,6.5,1.872,64.0,motociclismo_es,268.0,9.142857142857142,2026-05,0.33793155625047283,181.66533043179476,0.003390774058048107
2026-05-18,79452,307,2611,0.859,663.4,19.0,2.864,75.0,motociclismo_es,146.0,10.714285714285714,2026-05,0.1837587474198258,181.99977093116482,0.001840970418379495
2026-05-19,79485,307,2612,1.454,1121.2,34.4,3.068,66.0,motociclismo_es,33.0,9.428571428571429,2026-05,0.04151726740894508,182.07536364677586,0.0004153451140311848
2026-05-20,79492,307,2614,1.58,1215.5,40.1,3.299,43.0,motociclismo_es,7.0,6.142857142857143,2026-05,0.008805917576611482,182.0913984652388,8.806693086738093e-05
2026-05-21,79486,307,2615,1.53,1177.6,38.9,3.303,38.0,motociclismo_es,-6.0,5.428571428571429,2026-05,-0.007548499106760939,182.0776543351277,-7.547929351381377e-05
2026-05-22,79486,308,2616,1.494,1149.8,37.9,3.296,32.0,motociclismo_es,0.0,4.571428571428571,2026-05,0.0,182.0776543351277,0.0
2026-05-23,79503,308,2616,1.453,1116.6,38.2,3.421,27.0,motociclismo_es,17.0,3.857142857142857,2026-05,0.02138284089908557,182.11659603710913,0.0002138741413582057
2026-05-24,79508,308,2616,1.458,1121.0,38.6,3.443,24.0,motociclismo_es,5.0,3.4285714285714284,2026-05,0.006288675353423555,182.1280494788684,6.289070852671941e-05
2026-05-25,79504,308,2618,1.611,1236.8,44.1,3.566,6.0,motociclismo_es,-4.0,0.8571428571428571,2026-05,-0.00503119339907426,182.11888672546098,-5.030940282735319e-05
2026-05-26,79503,308,2621,1.617,1241.1,44.1,3.553,5.0,motociclismo_es,-1.0,0.7142857142857143,2026-05,-0.0012578141705344452,182.11659603710913,-1.2577983497630285e-05
2026-05-27,79507,308,2622,1.627,1249.2,44.1,3.53,6.0,motociclismo_es,4.0,0.8571428571428571,2026-05,0.005031003559435018,182.12575879051656,5.0312566821419935e-05
2026-05-28,79576,308,2631,0.78,595.4,25.3,4.249,6.0,motociclismo_es,69.0,0.8571428571428571,2026-05,0.08670956067155926,182.28381628679418,0.000867848114002534
2026-05-29,79696,308,2639,0.569,444.3,8.9,2.003,14.0,motociclismo_es,120.0,2.0,2026-05,0.15057217426219635,182.55869888901614,0.0015079923595053835
2026-05-30,79759,308,2648,1.072,825.7,29.1,3.524,21.0,motociclismo_es,63.0,3.0,2026-05,0.07898795120299903,182.70301225518267,0.0007905039148765614
2026-05-31,79858,308,2657,1.001,773.0,26.2,3.389,67.0,motociclismo_es,99.0,9.571428571428571,2026-05,0.1239700468331288,182.9297904020158,0.0012412392331899724
2026-06-01,79891,308,2657,1.0,773.0,26.2,3.389,67.0,motociclismo_es,33.0,9.571428571428571,2026-06,0.041306279806235996,183.00538311762685,0.00041323348944377614
2024-01-01,22126,1956,1685,,,,,1.0,motorspain_77,20.0,0.14285714285714285,2024-01,0.09039139473922084,100.0,
2024-01-02,22142,1956,1685,,,,,2.0,motorspain_77,16.0,0.2857142857142857,2024-01,0.0722608617107759,100.07231311579136,0.0007231311579136701
2024-01-03,22155,1956,1686,,,,,2.0,motorspain_77,13.0,0.2857142857142857,2024-01,0.05867749943579328,100.13106752237186,0.0005871195014000019
2024-01-04,22155,1957,1686,,,,,2.0,motorspain_77,0.0,0.2857142857142857,2024-01,0.0,100.13106752237186,0.0
2024-01-05,22162,1956,1686,,,,,1.0,motorspain_77,7.0,0.14285714285714285,2024-01,0.03158559696778269,100.1627045105306,0.00031595576619269927
2024-01-06,22176,1956,1687,,,,,2.0,motorspain_77,14.0,0.2857142857142857,2024-01,0.06313131313131314,100.22597848684805,0.0006317119393557391
2024-01-07,22200,1957,1687,,,,,2.0,motorspain_77,24.0,0.2857142857142857,2024-01,0.10810810810810811,100.33444816053512,0.0010822510822510178
2024-01-08,22216,1959,1687,53.961,11919.0,69.0,0.579,3.0,motorspain_77,16.0,0.42857142857142855,2024-01,0.07202016564638099,100.40676127632648,0.0007207207207207134
2024-01-09,22216,1958,1688,54.695,12081.0,70.0,0.579,2.0,motorspain_77,0.0,0.2857142857142857,2024-01,0.0,100.40676127632648,0.0
2024-01-10,22224,1958,1688,55.548,12273.0,72.0,0.587,2.0,motorspain_77,8.0,0.2857142857142857,2024-01,0.03599712023038157,100.44291783422219,0.0003601008282319018
2024-01-11,22224,1958,1688,56.088,12393.0,72.0,0.581,2.0,motorspain_77,0.0,0.2857142857142857,2024-01,0.0,100.44291783422219,0.0
2024-01-12,22226,1958,1688,56.704,12530.0,73.0,0.583,2.0,motorspain_77,2.0,0.2857142857142857,2024-01,0.008998470260055791,100.45195697369611,8.999280057597758e-05
2024-01-13,22240,1958,1688,57.918,12808.0,73.0,0.57,2.0,motorspain_77,14.0,0.2857142857142857,2024-01,0.06294964028776978,100.51523095001356,0.0006298929182038115
2024-01-14,22258,1957,1689,58.752,13004.0,73.0,0.561,2.0,motorspain_77,18.0,0.2857142857142857,2024-01,0.08086979962260761,100.59658320527886,0.0008093525179855288
2024-01-15,22262,1958,1689,59.271,13122.0,73.0,0.556,1.0,motorspain_77,4.0,0.14285714285714285,2024-01,0.017967837570748362,100.6146614842267,0.00017971066582811446
2024-01-16,22259,1958,1689,59.509,13173.0,73.0,0.554,1.0,motorspain_77,-3.0,0.14285714285714285,2024-01,-0.013477694415741948,100.60110277501582,-0.0001347587817805973
2024-01-17,22257,1957,1689,59.878,13254.0,73.0,0.551,1.0,motorspain_77,-2.0,0.14285714285714285,2024-01,-0.008985937008581569,100.59206363554189,-8.985129610494802e-05
2024-01-18,22262,1957,1689,60.332,13358.0,73.0,0.546,1.0,motorspain_77,5.0,0.14285714285714285,2024-01,0.02245979696343545,100.6146614842267,0.00022464842521463524
2024-01-19,22267,1957,1690,60.848,13475.0,74.0,0.549,2.0,motorspain_77,5.0,0.2857142857142857,2024-01,0.022454753671352225,100.6372593329115,0.00022459796963425482
2024-01-20,22268,1956,1690,61.433,13606.0,74.0,0.544,2.0,motorspain_77,1.0,0.2857142857142857,2024-01,0.004490749056942698,100.64177890264847,4.490950734270527e-05
2024-01-21,22296,1956,1691,61.921,13731.0,75.0,0.546,2.0,motorspain_77,28.0,0.2857142857142857,2024-01,0.12558306422676715,100.76832685528339,0.001257409735943904
2024-01-22,22303,1957,1691,62.18,13793.0,75.0,0.544,3.0,motorspain_77,7.0,0.42857142857142855,2024-01,0.03138591220911985,100.7999638434421,0.0003139576605668548
2024-01-23,22301,1958,1692,62.23,13803.0,75.0,0.543,3.0,motorspain_77,-2.0,0.42857142857142855,2024-01,-0.008968207703690417,100.79092470396817,-8.967403488324699e-05
2024-01-24,22306,1958,1694,62.221,13804.0,75.0,0.543,6.0,motorspain_77,5.0,0.8571428571428571,2024-01,0.022415493589168833,100.81352255265298,0.0002242051925922528
2024-01-25,22312,1959,1695,62.222,13808.0,75.0,0.543,6.0,motorspain_77,6.0,0.8571428571428571,2024-01,0.026891358910003587,100.84063997107475,0.0002689859230700087
2024-01-26,22327,1960,1695,62.185,13809.0,75.0,0.543,6.0,motorspain_77,15.0,0.8571428571428571,2024-01,0.06718323106552604,100.90843351712917,0.0006722839727499874
2024-01-27,22330,1960,1696,62.176,13809.0,75.0,0.543,6.0,motorspain_77,3.0,0.8571428571428571,2024-01,0.013434841021047918,100.92199222634007,0.0001343664621309415
2024-01-28,22334,1960,1697,62.174,13811.0,75.0,0.543,6.0,motorspain_77,4.0,0.8571428571428571,2024-01,0.017909913136921286,100.9400705052879,0.00017913121361390338
2024-01-29,22350,1962,1700,62.139,13813.0,75.0,0.543,8.0,motorspain_77,16.0,1.1428571428571428,2024-01,0.07158836689038031,101.01238362107927,0.0007163965254768367
2024-01-30,22361,1963,1700,62.108,13813.0,75.0,0.543,8.0,motorspain_77,11.0,1.1428571428571428,2024-01,0.0491927910200796,101.06209888818584,0.000492170022371452
2024-01-31,22381,1962,1700,62.053,13813.0,75.0,0.543,6.0,motorspain_77,20.0,0.8571428571428571,2024-01,0.089361511996783,101.15249028292506,0.000894414382183184
2024-02-01,22400,2020,1704,62.004,13814.0,75.0,0.543,10.0,motorspain_77,19.0,1.4285714285714286,2024-02,0.08482142857142858,101.23836210792732,0.0008489343639694891
2024-02-02,22434,2020,1708,,,,,13.0,motorspain_77,34.0,1.8571428571428572,2024-02,0.15155567442275117,101.39202747898399,0.0015178571428571264
2024-02-03,22478,2021,1712,,,,,15.0,motorspain_77,44.0,2.142857142857143,2024-02,0.19574695257585195,101.5908885474103,0.0019613087278238517
2024-02-04,22501,2023,1712,,,,,16.0,motorspain_77,23.0,2.2857142857142856,2024-02,0.10221767921425715,101.6948386513604,0.0010232227066464539
2024-02-05,22511,2023,1714,,,,,16.0,motorspain_77,10.0,2.2857142857142856,2024-02,0.044422726666962814,101.74003434873,0.00044442469223593406
2024-02-06,22552,1937,1720,,,,,22.0,motorspain_77,41.0,3.142857142857143,2024-02,0.18180205746718694,101.92533670794542,0.0018213317933455375
2024-02-07,22585,1937,1722,,,,,27.0,motorspain_77,33.0,3.857142857142857,2024-02,0.14611467788355104,102.07448250926512,0.0014632848527846853
2024-02-08,22631,1937,1726,,,,,29.0,motorspain_77,46.0,4.142857142857143,2024-02,0.20326101365383767,102.28238271716532,0.0020367500553464257
2024-02-09,22721,1937,1733,,,,,28.0,motorspain_77,90.0,4.0,2024-02,0.39610932617402406,102.68914399349183,0.0039768459193141315
2024-02-10,22932,1780,1735,,,,,29.0,motorspain_77,211.0,4.142857142857143,2024-02,0.9201116343973488,103.6427732079906,0.00928656309141318
2024-02-11,23052,1781,1737,83.893,19283.0,56.0,0.29,29.0,motorspain_77,120.0,4.142857142857143,2024-02,0.5205622071837585,104.18512157642593,0.005232862375719627
2024-02-12,23168,1781,1740,49.346,11395.0,37.5,0.329,27.0,motorspain_77,116.0,3.857142857142857,2024-02,0.5006906077348067,104.7093916659134,0.005032101336109651
2024-02-13,23308,1783,1746,34.994,8129.7,26.7,0.328,27.0,motorspain_77,140.0,3.857142857142857,2024-02,0.6006521366054574,105.34213142908794,0.006042817679557944
2024-02-14,23401,1785,1747,35.828,8356.3,27.7,0.331,27.0,motorspain_77,93.0,3.857142857142857,2024-02,0.39741891372163585,105.76245141462533,0.003990046336022068
2024-02-15,23494,1785,1752,27.9,6531.5,23.3,0.357,21.0,motorspain_77,93.0,3.0,2024-02,0.39584574785051496,106.18277140016271,0.003974189137216255
2024-02-16,23544,1785,1754,28.265,6630.8,23.8,0.359,21.0,motorspain_77,50.0,3.0,2024-02,0.21236833163438668,106.40874988701077,0.002128202945432811
2024-02-17,23582,1785,1756,6.461,1511.0,12.7,0.841,21.0,motorspain_77,38.0,3.0,2024-02,0.16113985242981937,106.58049353701529,0.0016139993204213887
2024-02-18,23618,1785,1758,6.614,1548.7,13.3,0.859,20.0,motorspain_77,36.0,2.857142857142857,2024-02,0.15242611567448555,106.74319804754589,0.0015265880756509809
2024-02-19,23662,1786,1760,3.7,867.0,8.5,0.98,19.0,motorspain_77,44.0,2.7142857142857144,2024-02,0.1859521595807624,106.94205911597217,0.0018629858582437375
2024-02-20,23725,1787,1763,3.709,869.0,11.0,1.266,19.0,motorspain_77,63.0,2.7142857142857144,2024-02,0.2655426765015806,107.22679200940071,0.0026624968303610164
2024-02-21,23770,1788,1767,3.732,876.0,11.0,1.256,15.0,motorspain_77,45.0,2.142857142857143,2024-02,0.18931426167437948,107.43017264756396,0.001896733403582651
2024-02-22,23797,1789,1767,3.778,888.0,11.0,1.239,13.0,motorspain_77,27.0,1.8571428571428572,2024-02,0.11345967979157036,107.5522010304619,0.001135885570046291
2024-02-23,23835,1789,1769,3.78,890.0,11.0,1.236,13.0,motorspain_77,38.0,1.8571428571428572,2024-02,0.15942941053073212,107.72394468046642,0.0015968399378072373
2024-02-24,23879,1789,1769,3.773,890.0,11.0,1.236,11.0,motorspain_77,44.0,1.5714285714285714,2024-02,0.18426232254282005,107.9228057488927,0.0018460247535136975
2024-02-25,23919,1788,1769,3.771,891.0,11.0,1.235,9.0,motorspain_77,40.0,1.2857142857142858,2024-02,0.16723107153309083,108.10358853837114,0.0016751120231166539
2024-02-26,23938,1789,1769,3.781,894.0,11.0,1.23,8.0,motorspain_77,19.0,1.1428571428571428,2024-02,0.079371710251483,108.1894603633734,0.0007943475897822516
2024-02-27,23966,1789,1771,3.78,895.0,11.0,1.229,6.0,motorspain_77,28.0,0.8571428571428571,2024-02,0.11683217892013686,108.31600831600832,0.001169688361600807
2024-02-28,24013,1789,1772,3.785,898.0,11.0,1.225,5.0,motorspain_77,47.0,0.7142857142857143,2024-02,0.19572731437138216,108.52842809364549,0.0019611115747308894
2024-02-29,24029,1789,1772,,,,,6.0,motorspain_77,16.0,0.8571428571428571,2024-02,0.06658620833159931,108.60074120943686,0.0006663057510514214
2024-03-01,24049,1789,1769,,,,,5.0,motorspain_77,20.0,0.7142857142857143,2024-03,0.0831635411035802,108.69113260417609,0.0008323276041450889
2024-03-02,24081,1789,1769,,,,,7.0,motorspain_77,32.0,1.0,2024-03,0.1328848469747934,108.83575883575884,0.0013306166576572132
2024-03-03,24105,1790,1771,,,,,8.0,motorspain_77,24.0,1.1428571428571428,2024-03,0.09956440572495331,108.94422850944589,0.0009966363523108424
2024-03-04,24120,1790,1772,,,,,7.0,motorspain_77,15.0,1.0,2024-03,0.06218905472636816,109.01202205550031,0.000622277535780924
2024-03-05,24142,1792,1774,,,,,8.0,motorspain_77,22.0,1.1428571428571428,2024-03,0.09112749565073315,109.11145258971347,0.00091210613598669
2024-03-06,24170,1791,1775,,,,,8.0,motorspain_77,28.0,1.1428571428571428,2024-03,0.11584609019445595,109.23800054234837,0.0011598044901002247
2024-03-07,24187,1790,1775,,,,,8.0,motorspain_77,17.0,1.1428571428571428,2024-03,0.07028569066027204,109.31483322787669,0.0007033512618948023
2024-03-08,24236,1790,1776,,,,,9.0,motorspain_77,49.0,1.2857142857142858,2024-03,0.20217857732299058,109.53629214498778,0.002025881671972485
2024-03-09,24308,1793,1778,,,,,10.0,motorspain_77,72.0,1.4285714285714286,2024-03,0.296198782293895,109.86170116604899,0.0029707872586235418
2024-03-10,24402,1792,1783,,,,,13.0,motorspain_77,94.0,1.8571428571428572,2024-03,0.3852143266945332,110.28654072132333,0.003867039657725835
2024-03-11,24437,1792,1785,,,,,16.0,motorspain_77,35.0,2.2857142857142856,2024-03,0.14322543683758235,110.44472566211697,0.0014343086632242485
2024-03-12,24486,1791,1789,,,,,17.0,motorspain_77,49.0,2.4285714285714284,2024-03,0.2001143510577473,110.66618457922806,0.002005156115726159
2024-03-13,24526,1617,1792,,,,,19.0,motorspain_77,40.0,2.7142857142857144,2024-03,0.16309222865530457,110.8469673687065,0.001633586539246945
2024-03-14,24546,1544,1794,,,,,20.0,motorspain_77,20.0,2.857142857142857,2024-03,0.08147967082212988,110.93735876344573,0.0008154611432764636
2024-03-15,24569,1543,1796,,,,,20.0,motorspain_77,23.0,2.857142857142857,2024-03,0.09361390369978428,111.04130886739583,0.0009370162144544114
2024-03-16,24580,1543,1798,,,,,17.0,motorspain_77,11.0,2.4285714285714284,2024-03,0.044751830756712775,111.0910241345024,0.0004477186698685909
2024-03-17,24602,1544,1800,,,,,16.0,motorspain_77,22.0,2.2857142857142856,2024-03,0.08942362409560199,111.19045466871553,0.0008950366151343481
2024-03-18,24642,1544,1803,,,,,15.0,motorspain_77,40.0,2.142857142857143,2024-03,0.162324486648811,111.37123745819397,0.0016258840744654002
2024-03-19,24666,1547,1804,,,,,15.0,motorspain_77,24.0,2.142857142857143,2024-03,0.09729992702505473,111.47970713188104,0.0009739469198928319
2024-03-20,24689,1413,1808,,,,,15.0,motorspain_77,23.0,2.142857142857143,2024-03,0.09315889667463242,111.58365723583114,0.0009324576339901913
2024-03-21,24718,1414,1809,,,,,16.0,motorspain_77,29.0,2.2857142857142856,2024-03,0.11732340804272191,111.714724758203,0.0011746121754627747
2024-03-22,24771,1415,1812,,,,,18.0,motorspain_77,53.0,2.5714285714285716,2024-03,0.21395987243147227,111.95426195426195,0.0021441864228497476
2024-03-23,24818,1416,1812,,,,,20.0,motorspain_77,47.0,2.857142857142857,2024-03,0.18937867676686276,112.16668173189912,0.0018973800008073027
2024-03-24,24883,1416,1824,,,,,29.0,motorspain_77,65.0,4.142857142857143,2024-03,0.26122252140015273,112.46045376480158,0.0026190668063501565
2024-03-25,24958,1413,1824,,,,,29.0,motorspain_77,75.0,4.142857142857143,2024-03,0.30050484814488343,112.79942149507367,0.0030141060161557043
2024-03-26,25011,1475,1824,,,,,32.0,motorspain_77,53.0,4.571428571428571,2024-03,0.2119067610251489,113.0389586911326,0.0021235675935571408
2024-03-27,25080,1481,1834,,,,,27.0,motorspain_77,69.0,3.857142857142857,2024-03,0.2751196172248804,113.35080900298291,0.0027587861341009656
2024-03-28,25111,1481,1834,,,,,23.0,motorspain_77,31.0,3.2857142857142856,2024-03,0.12345187368085699,113.49091566482872,0.0012360446570973682
2024-03-29,25158,1481,1834,,,,,20.0,motorspain_77,47.0,2.857142857142857,2024-03,0.18681930201128866,113.70333544246587,0.001871689697741985
2024-03-30,25174,1481,1837,,,,,19.0,motorspain_77,16.0,2.7142857142857144,2024-03,0.06355763883371733,113.77564855825726,0.0006359806025915127
2024-03-31,25193,1482,1837,,,,,16.0,motorspain_77,19.0,2.2857142857142856,2024-03,0.07541777477870837,113.86152038325952,0.0007547469611504098
2024-04-01,25218,1479,1837,,,,,14.0,motorspain_77,25.0,2.0,2024-04,0.09913553810770084,113.97450962668354,0.0009923391418251715
2024-04-02,25267,1483,1837,,,,,11.0,motorspain_77,49.0,1.5714285714285714,2024-04,0.19392883998891836,114.19596854379463,0.0019430565469109595
2024-04-03,25305,1498,1841,,,,,9.0,motorspain_77,38.0,1.2857142857142858,2024-04,0.15016795099782654,114.36771219379915,0.0015039379427712607
2024-04-04,25345,1500,1841,,,,,7.0,motorspain_77,40.0,1.0,2024-04,0.1578220556322746,114.54849498327759,0.0015807152736613261
2024-04-05,25358,1501,1841,,,,,9.0,motorspain_77,13.0,1.2857142857142858,2024-04,0.05126587270289455,114.60724938985808,0.0005129216808048565
2024-04-06,25375,1501,1841,,,,,8.0,motorspain_77,17.0,1.1428571428571428,2024-04,0.06699507389162562,114.68408207538643,0.000670399873807126
2024-04-07,25390,1503,1841,,,,,6.0,motorspain_77,15.0,0.8571428571428571,2024-04,0.059078377313903106,114.75187562144085,0.000591133004926192
2024-04-08,25417,1502,1844,,,,,4.0,motorspain_77,27.0,0.5714285714285714,2024-04,0.10622811504111421,114.87390400433878,0.0010634107916502877
2024-04-09,25427,1503,1844,,,,,5.0,motorspain_77,10.0,0.7142857142857143,2024-04,0.03932827309552838,114.91909970170839,0.0003934374631151538
2024-04-10,25478,1503,1844,18.569,4628.0,103.0,2.226,7.0,motorspain_77,51.0,1.0,2024-04,0.20017269801397286,115.14959775829341,0.0020057419278718402
2024-04-11,25535,1504,1848,37.427,9398.0,159.0,1.692,7.0,motorspain_77,57.0,1.0,2024-04,0.22322302721754453,115.40721323330018,0.002237224271920857
2024-04-12,25566,1504,1848,41.833,10527.0,168.0,1.596,6.0,motorspain_77,31.0,0.8571428571428571,2024-04,0.12125479151998748,115.54731989514598,0.001214019972586744
2024-04-13,25590,1504,1848,44.322,11166.0,176.0,1.576,7.0,motorspain_77,24.0,1.0,2024-04,0.09378663540445487,115.65578956883304,0.0009387467730579413
2024-04-14,25652,1566,1848,47.427,11976.0,190.0,1.587,11.0,motorspain_77,62.0,1.5714285714285714,2024-04,0.24169655387494154,115.93600289252464,0.0024228214146151394
2024-04-15,25743,1567,1848,50.056,12693.0,193.0,1.521,16.0,motorspain_77,91.0,2.2857142857142856,2024-04,0.3534941537505341,116.34728373858809,0.0035474816778418017
2024-04-16,25796,1568,1861,53.283,13543.0,202.0,1.492,15.0,motorspain_77,53.0,2.142857142857143,2024-04,0.205458210575283,116.58682093464702,0.0020588121042612872
2024-04-17,25806,1569,1861,57.281,14570.0,212.0,1.455,17.0,motorspain_77,10.0,2.4285714285714284,2024-04,0.038750678136867396,116.63201663201663,0.00038765700108545076
2024-04-18,25846,1629,1861,31.08,7920.0,113.0,1.427,19.0,motorspain_77,40.0,2.7142857142857144,2024-04,0.15476282596920218,116.81279942149507,0.0015500271254746956
2024-04-19,25882,1635,1861,33.346,8513.0,117.5,1.38,19.0,motorspain_77,36.0,2.7142857142857144,2024-04,0.13909280581098832,116.97550393202567,0.0013928654337227453
2024-04-20,25899,1637,1861,34.945,8929.0,121.5,1.361,18.0,motorspain_77,17.0,2.5714285714285716,2024-04,0.06563959998455539,117.052336617554,0.0006568271385518631
2024-04-21,25942,1697,1888,35.793,9162.5,123.0,1.342,16.0,motorspain_77,43.0,2.2857142857142856,2024-04,0.16575437514455324,117.24667811624334,0.001660295764315256
2024-04-22,25986,1698,1888,12.158,3138.7,20.8,0.663,12.0,motorspain_77,44.0,1.7142857142857142,2024-04,0.16932194258446856,117.44553918466963,0.001696091280548817
2024-04-23,26024,1699,1888,11.804,3049.1,22.7,0.744,13.0,motorspain_77,38.0,1.8571428571428572,2024-04,0.14601905932984938,117.61728283467414,0.0014623258677750606
2024-04-24,26074,1701,1888,11.889,3077.6,22.4,0.728,10.0,motorspain_77,50.0,1.4285714285714286,2024-04,0.19176190841451254,117.84326132152219,0.0019213034122349537
2024-04-25,26106,1701,1893,11.713,3028.4,29.3,0.968,8.0,motorspain_77,32.0,1.1428571428571428,2024-04,0.12257718532138207,117.98788755310494,0.0012272762138529902
2024-04-26,26130,1701,1893,11.454,2963.8,29.1,0.982,10.0,motorspain_77,24.0,1.4285714285714286,2024-04,0.09184845005740529,118.09635722679201,0.0009193288899103091
2024-04-27,26194,1703,1898,11.795,3061.4,28.2,0.921,13.0,motorspain_77,64.0,1.8571428571428572,2024-04,0.24433076277010002,118.3856096899575,0.0024492920015308783
2024-04-28,26335,1702,1898,12.415,3241.0,28.4,0.876,16.0,motorspain_77,141.0,2.2857142857142856,2024-04,0.5354091513195367,119.02286902286903,0.005382912117278815
2024-04-29,26804,1704,1898,15.134,4022.9,33.5,0.833,18.0,motorspain_77,469.0,2.5714285714285716,2024-04,1.7497388449485154,121.14254722950375,0.017808999430415806
2024-04-30,27009,1701,1898,19.007,5100.3,33.4,0.655,16.0,motorspain_77,205.0,2.2857142857142856,2024-04,0.7590062571735348,122.06905902558076,0.0076481122220564135
2024-05-01,27055,1701,1898,19.23,5169.2,33.4,0.646,16.0,motorspain_77,46.0,2.2857142857142856,2024-05,0.17002402513398632,122.27695923348097,0.0017031359917065725
2024-05-02,27075,1701,1898,19.389,5216.2,33.4,0.64,17.0,motorspain_77,20.0,2.4285714285714284,2024-05,0.07386888273314865,122.3673506282202,0.0007392348918868752
2024-05-03,27095,1701,1898,19.487,5246.6,33.4,0.637,14.0,motorspain_77,20.0,2.0,2024-05,0.07381435689241557,122.45774202295941,0.000738688827331524
2024-05-04,27101,1701,1910,19.614,5282.2,33.4,0.632,11.0,motorspain_77,6.0,1.5714285714285714,2024-05,0.022139404450020293,122.48485944138119,0.0002214430706772852
2024-05-05,27113,1701,1910,19.738,5317.9,33.6,0.632,7.0,motorspain_77,12.0,1.0,2024-05,0.04425921144838269,122.53909427822471,0.0004427880890003344
2024-05-06,27114,1700,1910,21.202,5713.9,34.9,0.611,4.0,motorspain_77,1.0,0.5714285714285714,2024-05,0.0036881315925352217,122.54361384796167,3.6882676206939635e-05
2024-05-07,27121,1699,1911,21.327,5749.1,34.9,0.607,3.0,motorspain_77,7.0,0.42857142857142855,2024-05,0.025810257733859372,122.5752508361204,0.00025816921147736593
2024-05-08,27127,1699,1911,21.437,5780.4,34.9,0.604,2.0,motorspain_77,6.0,0.2857142857142857,2024-05,0.022118184834297932,122.60236825454216,0.00022123078057600942
2024-05-09,27126,1699,1911,21.546,5809.8,34.9,0.601,1.0,motorspain_77,-1.0,0.14285714285714285,2024-05,-0.0036865000368650003,122.59784868480521,-3.686364139054987e-05
2024-05-10,27125,1699,1912,14.142,3801.3,34.7,0.913,2.0,motorspain_77,-1.0,0.2857142857142857,2024-05,-0.003686635944700461,122.59332911506824,-3.6865000368702106e-05
2024-05-11,27135,1700,1912,14.166,3809.3,34.7,0.911,2.0,motorspain_77,10.0,0.2857142857142857,2024-05,0.03685277317118113,122.63852481243786,0.00036866359446996455
2024-05-12,27147,1699,1912,14.189,3817.3,34.7,0.909,2.0,motorspain_77,12.0,0.2857142857142857,2024-05,0.044203779423140674,122.69275964928138,0.0004422332780542604
2024-05-13,27165,1700,1912,14.202,3823.3,34.7,0.908,1.0,motorspain_77,18.0,0.14285714285714285,2024-05,0.06626173384870238,122.77411190454669,0.0006630566913470304
2024-05-14,27162,1699,1912,14.215,3826.4,34.7,0.907,1.0,motorspain_77,-3.0,0.14285714285714285,2024-05,-0.01104484205875856,122.7605531953358,-0.00011043622308115619
2024-05-15,27157,1700,1912,14.222,3827.7,34.7,0.907,1.0,motorspain_77,-5.0,0.14285714285714285,2024-05,-0.018411459292263503,122.73795534665099,-0.0001840807009793055
2024-05-16,27172,1700,1912,14.218,3828.6,34.7,0.906,1.0,motorspain_77,15.0,0.14285714285714285,2024-05,0.055203886353599296,122.80574889270541,0.0005523437787680052
2024-05-17,27172,1700,1912,14.221,3829.3,34.7,0.906,0.0,motorspain_77,0.0,0.0,2024-05,0.0,122.80574889270541,0.0
2024-05-18,27174,1701,1912,14.227,3831.3,34.7,0.906,0.0,motorspain_77,2.0,0.0,2024-05,0.007359976448075366,122.81478803217934,7.360518180488107e-05
2024-05-19,27178,1700,1912,14.23,3832.6,34.7,0.905,0.0,motorspain_77,4.0,0.0,2024-05,0.014717786444918684,122.83286631112718,0.00014719952896147248
2024-05-20,27183,1699,1912,14.23,3833.4,34.7,0.905,0.0,motorspain_77,5.0,0.0,2024-05,0.01839384909686201,122.85546415981199,0.0001839723305614438
2024-05-21,27190,1698,1912,14.23,3834.4,34.7,0.905,0.0,motorspain_77,7.0,0.0,2024-05,0.025744759102611255,122.88710114797072,0.00025751388735617553
2024-05-22,27195,1697,1912,14.231,3835.3,34.7,0.905,0.0,motorspain_77,5.0,0.0,2024-05,0.01838573267144696,122.90969899665552,0.00018389113644712296
2024-05-23,27196,1697,1912,14.241,3838.3,34.7,0.904,0.0,motorspain_77,1.0,0.0,2024-05,0.0036770113251948814,122.91421856639249,3.677146534286635e-05
2024-05-24,27188,1698,1912,14.248,3839.1,34.7,0.904,0.0,motorspain_77,-8.0,0.0,2024-05,-0.029424746211563924,122.87806200849678,-0.00029416090601563916
2024-05-25,27187,1698,1912,15.746,4241.8,39.2,0.924,1.0,motorspain_77,-1.0,0.14285714285714285,2024-05,-0.0036782285651230364,122.87354243875983,-3.678093276449079e-05
2024-05-26,27228,1700,1912,15.727,4243.0,39.2,0.924,1.0,motorspain_77,41.0,0.14285714285714285,2024-05,0.15058028500073453,123.05884479797524,0.001508073711700364
2024-05-27,27250,1700,1912,15.714,4243.0,39.2,0.924,1.0,motorspain_77,22.0,0.14285714285714285,2024-05,0.08073394495412844,123.15827533218837,0.0008079917731746988
2024-05-28,27245,1700,1913,15.72,4243.8,39.2,0.924,1.0,motorspain_77,-5.0,0.14285714285714285,2024-05,-0.018351991191044227,123.13567748350358,-0.00018348623853214896
2024-05-29,27241,1702,1913,15.725,4244.5,39.2,0.924,1.0,motorspain_77,-4.0,0.14285714285714285,2024-05,-0.014683748761058697,123.11759920455572,-0.00014681592952836553
2024-05-30,27242,1703,1913,15.728,4245.5,39.2,0.923,1.0,motorspain_77,1.0,0.14285714285714285,2024-05,0.0036708024374128186,123.12211877429269,3.670937190269896e-05
2024-05-31,27247,1703,1913,15.728,4246.3,39.2,0.923,1.0,motorspain_77,5.0,0.14285714285714285,2024-05,0.01835064410760818,123.1447166229775,0.00018354012187060675
2024-06-01,27253,1704,1913,17.638,4766.2,40.6,0.852,1.0,motorspain_77,6.0,0.14285714285714285,2024-06,0.02201592485230984,123.17183404139926,0.0002202077292912108
2024-06-02,27246,1703,1913,19.128,5169.8,41.8,0.809,2.0,motorspain_77,-7.0,0.2857142857142857,2024-06,-0.025691844674447625,123.14019705324053,-0.00025685245661033473
2024-06-03,27254,1703,1915,18.68,5042.0,49.0,0.972,3.0,motorspain_77,8.0,0.42857142857142855,2024-06,0.02935348939605196,123.17635361113621,0.0002936210819937113
2024-06-04,27293,1703,1915,46.873,12760.0,33.0,0.259,5.0,motorspain_77,39.0,0.7142857142857143,2024-06,0.1428937822884989,123.35261683087771,0.0014309826080576293
2024-06-05,27298,1703,1915,46.864,12760.0,33.0,0.259,8.0,motorspain_77,5.0,1.1428571428571428,2024-06,0.01831636017290644,123.37521467956249,0.0001831971567800572
2024-06-06,27311,1703,1915,46.846,12761.0,33.0,0.259,8.0,motorspain_77,13.0,1.1428571428571428,2024-06,0.04759986818498041,123.433969086143,0.00047622536449565267
2024-06-07,27309,1703,1915,46.853,12762.0,33.0,0.259,9.0,motorspain_77,-2.0,1.2857142857142858,2024-06,-0.007323592954703578,123.42492994666907,-7.323056643848691e-05
2024-06-08,27307,1704,1922,46.856,12762.0,33.0,0.259,8.0,motorspain_77,-2.0,1.1428571428571428,2024-06,-0.007324129344124217,123.41589080719515,-7.323592954699976e-05
2024-06-09,27305,1703,1922,46.863,12763.0,33.0,0.259,7.0,motorspain_77,-2.0,1.0,2024-06,-0.007324665812122322,123.40685166772123,-7.324129344121744e-05
2024-06-10,27307,1706,1922,46.856,12762.0,33.0,0.259,6.0,motorspain_77,2.0,0.8571428571428571,2024-06,0.007324129344124217,123.41589080719515,7.324665812125097e-05
2024-06-11,27307,1705,1922,46.856,12762.0,33.0,0.259,4.0,motorspain_77,0.0,0.5714285714285714,2024-06,0.0,123.41589080719515,0.0
2024-06-12,27314,1706,1922,46.84,12761.0,33.0,0.259,1.0,motorspain_77,7.0,0.14285714285714285,2024-06,0.025627883136852894,123.44752779535388,0.00025634452704426103
2024-06-13,27315,1705,1922,46.839,12761.0,33.0,0.259,1.0,motorspain_77,1.0,0.14285714285714285,2024-06,0.003660992128866923,123.45204736509083,3.6611261624130975e-05
2024-06-14,27318,1706,1923,46.823,12758.0,33.0,0.259,1.0,motorspain_77,3.0,0.14285714285714285,2024-06,0.010981770261366132,123.46560607430173,0.0001098297638659762
2024-06-15,27316,1707,1923,46.822,12757.0,33.0,0.259,1.0,motorspain_77,-2.0,0.14285714285714285,2024-06,-0.00732171621027969,123.4565669348278,-7.321180174246766e-05
2024-06-16,27315,1707,1923,46.824,12757.0,33.0,0.259,1.0,motorspain_77,-1.0,0.14285714285714285,2024-06,-0.003660992128866923,123.45204736509083,-3.660858105136722e-05
2024-06-17,27313,1709,1923,46.824,12756.0,33.0,0.259,1.0,motorspain_77,-2.0,0.14285714285714285,2024-06,-0.007322520411525647,123.44300822561691,-7.321984257735448e-05
2024-06-18,27311,1709,1923,46.827,12756.0,33.0,0.259,1.0,motorspain_77,-2.0,0.14285714285714285,2024-06,-0.00732305664384314,123.433969086143,-7.322520411523481e-05
2024-06-19,27305,1709,1923,46.838,12756.0,33.0,0.259,1.0,motorspain_77,-6.0,0.14285714285714285,2024-06,-0.021973997436366965,123.40685166772123,-0.0002196916993153497
2024-06-20,27295,1708,1924,46.855,12756.0,33.0,0.259,2.0,motorspain_77,-10.0,0.2857142857142857,2024-06,-0.03663674665689687,123.36165597035162,-0.00036623329060614385
2024-06-21,27297,1709,1924,46.851,12756.0,33.0,0.259,1.0,motorspain_77,2.0,0.14285714285714285,2024-06,0.0073268124702348236,123.37069510982555,7.327349331376354e-05
2024-06-22,27294,1709,1924,46.856,12756.0,33.0,0.259,1.0,motorspain_77,-3.0,0.14285714285714285,2024-06,-0.010991426687183996,123.35713640061465,-0.00010990218705353438
2024-06-23,27291,1709,1924,46.862,12756.0,33.0,0.259,1.0,motorspain_77,-3.0,0.14285714285714285,2024-06,-0.010992634934593822,123.34357769140378,-0.00010991426687179118
2024-06-24,27297,1708,1924,46.851,12756.0,33.0,0.259,1.0,motorspain_77,6.0,0.14285714285714285,2024-06,0.021980437410704472,123.37069510982555,0.00021985269869184698
2024-06-25,27291,1710,1924,46.862,12756.0,33.0,0.259,1.0,motorspain_77,-6.0,0.14285714285714285,2024-06,-0.021985269869187644,123.34357769140378,-0.00021980437410706877
2024-06-26,27284,1711,1924,46.874,12756.0,33.0,0.259,1.0,motorspain_77,-7.0,0.14285714285714285,2024-06,-0.025656062160973464,123.31194070324504,-0.00025649481514056216
2024-06-27,27283,1713,1923,46.875,12756.0,33.0,0.259,0.0,motorspain_77,-1.0,0.0,2024-06,-0.0036652860755781985,123.3074211335081,-3.665151737286543e-05
2024-06-28,27280,1713,1923,46.877,12755.0,33.0,0.259,0.0,motorspain_77,-3.0,0.0,2024-06,-0.010997067448680353,123.2938624242972,-0.00010995858226736654
2024-06-29,27282,1713,1923,46.87,12754.0,33.0,0.259,0.0,motorspain_77,2.0,0.0,2024-06,0.007330840847445202,123.30290156377113,7.331378299113567e-05
2024-06-30,27276,1712,1923,46.88,12754.0,33.0,0.259,0.0,motorspain_77,-6.0,0.0,2024-06,-0.02199736031676199,123.27578414534936,-0.00021992522542335635
2024-07-01,27272,1714,1923,46.88,12752.0,33.0,0.259,0.0,motorspain_77,-4.0,0.0,2024-07,-0.014667057788207686,123.25770586640152,-0.00014664906877837058
2024-07-02,27294,1769,1923,46.845,12753.0,33.0,0.259,0.0,motorspain_77,22.0,0.0,2024-07,0.08060379570601597,123.35713640061465,0.0008066881783515001
2024-07-03,27296,1772,1923,46.842,12753.0,33.0,0.259,1.0,motorspain_77,2.0,0.14285714285714285,2024-07,0.0073270808909730355,123.36617554008858,7.327617791452745e-05
2024-07-04,27296,1770,1925,,,,,3.0,motorspain_77,0.0,0.42857142857142855,2024-07,0.0,123.36617554008858,0.0
2024-07-05,27292,1771,1925,,,,,3.0,motorspain_77,-4.0,0.42857142857142855,2024-07,-0.01465630954125751,123.34809726114074,-0.0001465416178194623
2024-07-06,27287,1770,1925,,,,,3.0,motorspain_77,-5.0,0.42857142857142855,2024-07,-0.018323743907355153,123.32549941245594,-0.00018320386926573562
2024-07-07,27273,1769,1926,,,,,4.0,motorspain_77,-14.0,0.5714285714285714,2024-07,-0.05133282000513328,123.26222543613848,-0.0005130648294059403
2024-07-08,27287,1769,1927,,,,,5.0,motorspain_77,14.0,0.7142857142857143,2024-07,0.05130648294059442,123.32549941245594,0.0005133282000513439
2024-07-09,27317,1771,1928,,,,,6.0,motorspain_77,30.0,0.8571428571428571,2024-07,0.10982172273675735,123.46108650456478,0.0010994246344413483
2024-07-10,27326,1773,1929,,,,,6.0,motorspain_77,9.0,0.8571428571428571,2024-07,0.0329356656663983,123.50176263219741,0.0003294651682101968
2024-07-11,27351,1773,1930,,,,,5.0,motorspain_77,25.0,0.7142857142857143,2024-07,0.09140433622171036,123.61475187562144,0.0009148796018443317
2024-07-12,27374,1773,1930,,,,,5.0,motorspain_77,23.0,0.7142857142857143,2024-07,0.08402133411266165,123.71870197957155,0.0008409198932397555
2024-07-13,27392,1772,1930,,,,,5.0,motorspain_77,18.0,0.7142857142857143,2024-07,0.0657126168224299,123.80005423483684,0.0006575582669685609
2024-07-14,27411,1771,1930,,,,,4.0,motorspain_77,19.0,0.5714285714285714,2024-07,0.06931523840793842,123.88592605983911,0.0006936331775699855
2024-07-15,27416,1773,1930,,,,,3.0,motorspain_77,5.0,0.42857142857142855,2024-07,0.018237525532535746,123.90852390852392,0.00018240852212625391
2024-07-16,27434,1774,1930,,,,,2.0,motorspain_77,18.0,0.2857142857142857,2024-07,0.06561201428883867,123.9898761637892,0.0006565509191713836
2024-07-17,27440,1772,1930,,,,,1.0,motorspain_77,6.0,0.14285714285714285,2024-07,0.021865889212827987,124.01699358221097,0.00021870671429602417
2024-07-18,27457,1772,1930,,,,,0.0,motorspain_77,17.0,0.0,2024-07,0.06191499435480934,124.0938262677393,0.0006195335276968361
2024-07-19,27450,1773,1930,,,,,0.0,motorspain_77,-7.0,0.0,2024-07,-0.025500910746812384,124.0621892795806,-0.00025494409440218746
2024-07-20,27444,1773,1930,,,,,0.0,motorspain_77,-6.0,0.0,2024-07,-0.021862702229995628,124.03507186115881,-0.00021857923497270448
2024-07-21,27446,1773,1930,,,,,0.0,motorspain_77,2.0,0.0,2024-07,0.0072870363623114475,124.04411100063275,7.287567409997031e-05
2024-07-22,27444,1773,1930,,,,,0.0,motorspain_77,-2.0,0.0,2024-07,-0.007287567409998542,124.03507186115881,-7.287036362313426e-05
2024-07-23,27447,1773,1930,,,,,0.0,motorspain_77,3.0,0.0,2024-07,0.010930156301235108,124.0486305703697,0.00010931351115006649
2024-07-24,27441,1774,1930,,,,,0.0,motorspain_77,-6.0,0.0,2024-07,-0.021865092380015307,124.02151315194794,-0.0002186031260247301
2024-07-25,27443,1775,1930,,,,,0.0,motorspain_77,2.0,0.0,2024-07,0.007287832962868491,124.03055229142186,7.288364126667446e-05
2024-07-26,27439,1774,1930,,,,,0.0,motorspain_77,-4.0,0.0,2024-07,-0.014577790735813988,124.01247401247402,-0.00014575665925742332
2024-07-27,27433,1774,1930,,,,,0.0,motorspain_77,-6.0,0.0,2024-07,-0.02187146866912113,123.98535659405225,-0.00021866686103722
2024-07-28,27418,1775,1930,,,,,0.0,motorspain_77,-15.0,0.0,2024-07,-0.05470858560070027,123.91756304799783,-0.0005467867167280316
2024-07-29,27410,1775,1930,,,,,0.0,motorspain_77,-8.0,0.0,2024-07,-0.02918642831083546,123.88140649010215,-0.00029177912320377253
2024-07-30,27408,1775,1930,,,,,0.0,motorspain_77,-2.0,0.0,2024-07,-0.0072971395213076475,123.87236735062821,-7.296607077711403e-05
2024-07-31,27402,1775,1930,,,,,0.0,motorspain_77,-6.0,0.0,2024-07,-0.02189621195533173,123.84524993220644,-0.0002189141856392407
2024-08-01,27404,1775,1931,,,,,1.0,motorspain_77,2.0,0.14285714285714285,2024-08,0.007298204641658152,123.85428907168037,7.298737318439663e-05
2024-08-02,27413,1777,1931,,,,,1.0,motorspain_77,9.0,0.14285714285714285,2024-08,0.03283113851092547,123.89496519931302,0.0003284192088746085
2024-08-03,27415,1776,1932,,,,,2.0,motorspain_77,2.0,0.2857142857142857,2024-08,0.007295276308590188,123.90400433878695,7.295808557983285e-05
2024-08-04,27420,1777,1933,,,,,3.0,motorspain_77,5.0,0.42857142857142855,2024-08,0.01823486506199854,123.92660218747176,0.00018238190771469043
2024-08-05,27423,1778,1933,,,,,3.0,motorspain_77,3.0,0.42857142857142855,2024-08,0.01093972213105787,123.94016089668263,0.00010940919037194519
2024-08-06,27417,1779,1934,,,,,3.0,motorspain_77,-6.0,0.42857142857142855,2024-08,-0.0218842324105482,123.91304347826086,-0.00021879444262118408
2024-08-07,27419,1779,1934,,,,,3.0,motorspain_77,2.0,0.42857142857142855,2024-08,0.007294212042744083,123.92208261773479,7.29474413685427e-05
2024-08-08,27421,1779,1935,,,,,3.0,motorspain_77,2.0,0.42857142857142855,2024-08,0.007293680026257248,123.9311217572087,7.294212042752157e-05
2024-08-09,27413,1778,1935,,,,,3.0,motorspain_77,-8.0,0.42857142857142855,2024-08,-0.029183234231933756,123.89496519931302,-0.0002917472010502964
2024-08-10,27412,1778,1935,,,,,2.0,motorspain_77,-1.0,0.2857142857142857,2024-08,-0.0036480373559025243,123.89044562957608,-3.647904278991643e-05
2024-08-11,27406,1778,1936,,,,,2.0,motorspain_77,-6.0,0.2857142857142857,2024-08,-0.021893016127855214,123.86332821115428,-0.0002188822413541347
2024-08-12,27401,1780,1936,,,,,2.0,motorspain_77,-5.0,0.2857142857142857,2024-08,-0.018247509214992155,123.8407303624695,-0.00018244180106541386
2024-08-13,27392,1780,1936,,,,,2.0,motorspain_77,-9.0,0.2857142857142857,2024-08,-0.03285630841121495,123.80005423483684,-0.00032845516586987866
2024-08-14,27389,1781,1937,,,,,3.0,motorspain_77,-3.0,0.42857142857142855,2024-08,-0.010953302420679835,123.78649552562595,-0.00010952102803740704
2024-08-15,27385,1782,1937,,,,,2.0,motorspain_77,-4.0,0.2857142857142857,2024-08,-0.01460653642505021,123.76841724667811,-0.00014604403227569396
2024-08-16,27384,1783,1938,,,,,3.0,motorspain_77,-1.0,0.42857142857142855,2024-08,-0.003651767455448437,123.76389767694116,-3.651634106260904e-05
2024-08-17,27376,1783,1938,,,,,3.0,motorspain_77,-8.0,0.42857142857142855,2024-08,-0.029222676797194622,123.72774111904548,-0.00029214139643585213
2024-08-18,27378,1783,1938,,,,,2.0,motorspain_77,2.0,0.2857142857142857,2024-08,0.007305135510263716,123.7367802585194,7.305669199308973e-05
2024-08-19,27376,1784,1938,,,,,2.0,motorspain_77,-2.0,0.2857142857142857,2024-08,-0.007305669199298656,123.72774111904548,-7.305135510260463e-05
2024-08-20,27374,1784,1939,,,,,3.0,motorspain_77,-2.0,0.42857142857142855,2024-08,-0.007306202966318404,123.71870197957155,-7.30566919929787e-05
2024-08-21,27377,1784,1939,,,,,2.0,motorspain_77,3.0,0.2857142857142857,2024-08,0.01095810351755123,123.73226068878242,0.00010959304449476015
2024-08-22,27369,1784,1939,,,,,2.0,motorspain_77,-8.0,0.2857142857142857,2024-08,-0.029230150900654023,123.69610413088674,-0.00029221609380136737
2024-08-23,27367,1784,1939,,,,,1.0,motorspain_77,-2.0,0.14285714285714285,2024-08,-0.007308071765264735,123.68706499141283,-7.307537725165236e-05
2024-08-24,27357,1784,1939,,,,,1.0,motorspain_77,-10.0,0.14285714285714285,2024-08,-0.0365537156851994,123.64186929404322,-0.0003654035882632023
2024-08-25,27353,1785,1939,,,,,1.0,motorspain_77,-4.0,0.14285714285714285,2024-08,-0.014623624465323731,123.62379101509535,-0.0001462148627408011
2024-08-26,27358,1784,1940,,,,,2.0,motorspain_77,5.0,0.2857142857142857,2024-08,0.018276189779954675,123.64638886378016,0.0001827953058164411
2024-08-27,27354,1785,1940,,,,,1.0,motorspain_77,-4.0,0.14285714285714285,2024-08,-0.014623089858887184,123.62831058483232,-0.00014620951823962614
2024-08-28,27344,1786,1940,,,,,1.0,motorspain_77,-10.0,0.14285714285714285,2024-08,-0.03657109420713868,123.58311488746271,-0.0003655772464721263
2024-08-29,27346,1787,1940,,,,,1.0,motorspain_77,2.0,0.14285714285714285,2024-08,0.00731368390258173,123.59215402693664,7.31421884143657e-05
2024-08-30,27343,1787,1940,,,,,1.0,motorspain_77,-3.0,0.14285714285714285,2024-08,-0.01097172951029514,123.57859531772574,-0.00010970525853870594
2024-08-31,27380,1786,1941,,,,,2.0,motorspain_77,37.0,0.2857142857142857,2024-08,0.13513513513513514,123.74581939799332,0.0013531799729364913
2024-09-01,27373,1786,1943,,,,,4.0,motorspain_77,-7.0,0.5714285714285714,2024-09,-0.025572644576772732,123.71418240983458,-0.0002556610664719017
2024-09-02,27360,1788,1943,,,,,3.0,motorspain_77,-13.0,0.42857142857142855,2024-09,-0.04751461988304093,123.65542800325409,-0.00047492054214004487
2024-09-03,27362,1787,1943,,,,,3.0,motorspain_77,2.0,0.42857142857142855,2024-09,0.007309407207075506,123.664467142728,7.309941520472485e-05
2024-09-04,27358,1787,1943,,,,,3.0,motorspain_77,-4.0,0.42857142857142855,2024-09,-0.014620951823963741,123.64638886378016,-0.00014618814414146808
2024-09-05,27351,1787,1943,,,,,3.0,motorspain_77,-7.0,0.42857142857142855,2024-09,-0.025593214142078897,123.61475187562144,-0.00025586665691934574
2024-09-06,27342,1787,1943,,,,,3.0,motorspain_77,-9.0,0.42857142857142855,2024-09,-0.03291639236339697,123.5740757479888,-0.00032905561039819897
2024-09-07,27339,1786,1943,,,,,2.0,motorspain_77,-3.0,0.2857142857142857,2024-09,-0.01097333479644464,123.5605170387779,-0.00010972130787800793
2024-09-08,27338,1788,1944,,,,,1.0,motorspain_77,-1.0,0.14285714285714285,2024-09,-0.0036579120637939867,123.55599746904096,-3.657778265486744e-05
2024-09-09,27354,1789,1945,,,,,2.0,motorspain_77,16.0,0.2857142857142857,2024-09,0.05849235943554874,123.62831058483232,0.000585265930207024
2024-09-10,27358,1789,1946,,,,,3.0,motorspain_77,4.0,0.42857142857142855,2024-09,0.014620951823963741,123.64638886378016,0.00014623089858889493
2024-09-11,27356,1789,1946,,,,,3.0,motorspain_77,-2.0,0.42857142857142855,2024-09,-0.007311010381634742,123.63734972430625,-7.310475911981307e-05
2024-09-12,27366,1789,1946,,,,,3.0,motorspain_77,10.0,0.42857142857142855,2024-09,0.03654169407293722,123.68254542167585,0.00036555051908182534
2024-09-13,27367,1791,1946,,,,,3.0,motorspain_77,1.0,0.42857142857142855,2024-09,0.0036540358826323673,123.68706499141283,3.654169407285579e-05
2024-09-14,27366,1791,1946,,,,,3.0,motorspain_77,-1.0,0.42857142857142855,2024-09,-0.0036541694072937223,123.68254542167585,-3.654035882627582e-05
2024-09-15,27369,1792,1946,,,,,2.0,motorspain_77,3.0,0.2857142857142857,2024-09,0.01096130658774526,123.69610413088674,0.00010962508221878942
2024-09-16,27373,1792,1946,,,,,1.0,motorspain_77,4.0,0.14285714285714285,2024-09,0.014612939758155847,123.71418240983458,0.00014615075450330473
2024-09-17,27363,1793,1946,,,,,0.0,motorspain_77,-10.0,0.0,2024-09,-0.03654570039834813,123.66898671246499,-0.0003653234939539063
2024-09-18,27367,1793,1946,,,,,0.0,motorspain_77,4.0,0.0,2024-09,0.01461614353052947,123.68706499141283,0.00014618280159339747
2024-09-19,27371,1793,1946,,,,,0.0,motorspain_77,4.0,0.0,2024-09,0.014614007526213876,123.70514327036067,0.00014616143530532533
2024-09-20,27365,1792,1946,,,,,0.0,motorspain_77,-6.0,0.0,2024-09,-0.02192581765028321,123.6780258519389,-0.0002192101128931645
2024-09-21,27359,1777,1946,,,,,0.0,motorspain_77,-6.0,0.0,2024-09,-0.02193062611937571,123.65090843351713,-0.00021925817650281232
2024-09-22,27355,1777,1947,,,,,1.0,motorspain_77,-4.0,0.14285714285714285,2024-09,-0.014622555291537196,123.63283015456929,-0.00014620417412913866
2024-09-23,27355,1777,1947,,,,,1.0,motorspain_77,0.0,0.14285714285714285,2024-09,0.0,123.63283015456929,0.0
2024-09-24,27360,1777,1947,,,,,1.0,motorspain_77,5.0,0.14285714285714285,2024-09,0.01827485380116959,123.65542800325409,0.00018278194114418334
2024-09-25,27363,1777,1947,,,,,1.0,motorspain_77,3.0,0.14285714285714285,2024-09,0.01096371011950444,123.66898671246499,0.00010964912280697625
2024-09-26,27346,1776,1947,,,,,1.0,motorspain_77,-17.0,0.14285714285714285,2024-09,-0.0621663131719447,123.59215402693664,-0.0006212769067719393
2024-09-27,27346,1775,1948,1.47,402.0,0.0,0.0,2.0,motorspain_77,0.0,0.2857142857142857,2024-09,0.0,123.59215402693664,0.0
2024-09-28,27346,1777,1948,5.573,1521.0,3.0,0.197,2.0,motorspain_77,0.0,0.2857142857142857,2024-09,0.0,123.59215402693664,0.0
2024-09-29,27354,1777,1948,6.511,1778.0,3.0,0.169,1.0,motorspain_77,8.0,0.14285714285714285,2024-09,0.02924617971777437,123.62831058483232,0.00029254735610328986
2024-09-30,27366,1839,1948,6.778,1852.0,3.0,0.162,1.0,motorspain_77,12.0,0.14285714285714285,2024-09,0.04385003288752467,123.68254542167585,0.0004386926957666848
2024-10-01,27363,1842,1948,6.977,1906.0,3.0,0.157,1.0,motorspain_77,-3.0,0.14285714285714285,2024-10,-0.01096371011950444,123.66898671246499,-0.00010962508221878942
2024-10-02,27362,1843,1948,7.149,1953.0,3.0,0.154,1.0,motorspain_77,-1.0,0.14285714285714285,2024-10,-0.003654703603537753,123.664467142728,-3.654570039834937e-05
2024-10-03,27359,1844,1948,7.325,2001.0,3.0,0.15,1.0,motorspain_77,-3.0,0.14285714285714285,2024-10,-0.010965313059687854,123.65090843351713,-0.00010964110810618433
2024-10-04,27357,1845,1950,7.523,2055.0,3.0,0.146,2.0,motorspain_77,-2.0,0.2857142857142857,2024-10,-0.007310743137039879,123.64186929404322,-7.310208706456933e-05
2024-10-05,27354,1844,1952,7.578,2070.0,3.0,0.145,4.0,motorspain_77,-3.0,0.5714285714285714,2024-10,-0.010967317394165389,123.62831058483232,-0.00010966114705557306
2024-10-06,27350,1844,1955,4.402,1199.3,4.7,0.392,7.0,motorspain_77,-4.0,1.0,2024-10,-0.014625228519195614,123.61023230588448,-0.00014623089858889493
2024-10-07,27357,1845,1955,4.231,1151.4,6.1,0.53,7.0,motorspain_77,7.0,1.0,2024-10,0.025587600979639576,123.64186929404322,0.000255941499085921
2024-10-08,27364,1845,1955,4.121,1121.6,6.0,0.535,7.0,motorspain_77,7.0,1.0,2024-10,0.025581055401257127,123.67350628220193,0.00025587600979637415
2024-10-09,27375,1844,1955,4.233,1152.8,6.1,0.529,7.0,motorspain_77,11.0,1.0,2024-10,0.04018264840182648,123.7232215493085,0.0004019880134482623
2024-10-10,27372,1844,1956,4.317,1175.6,6.1,0.519,8.0,motorspain_77,-3.0,1.1428571428571428,2024-10,-0.010960105217010083,123.70966284009761,-0.00010958904109592549
2024-10-11,27371,1845,1957,4.375,1191.3,6.1,0.512,7.0,motorspain_77,-1.0,1.0,2024-10,-0.003653501881553469,123.70514327036067,-3.653368405664992e-05
2024-10-12,27378,1845,1958,4.508,1228.1,6.0,0.489,5.0,motorspain_77,7.0,0.7142857142857143,2024-10,0.025567974285923004,123.7367802585194,0.0002557451317086734
2024-10-13,27383,1845,1958,4.394,1197.0,6.3,0.526,2.0,motorspain_77,5.0,0.2857142857142857,2024-10,0.01825950407186941,123.75937810720418,0.0001826283877566226
2024-10-14,27384,1845,1958,4.47,1217.7,6.3,0.517,2.0,motorspain_77,1.0,0.2857142857142857,2024-10,0.003651767455448437,123.76389767694116,3.6519008143720555e-05
2024-10-15,27385,1845,1959,4.547,1238.8,6.3,0.509,3.0,motorspain_77,1.0,0.42857142857142855,2024-10,0.0036516341062625525,123.76841724667811,3.6517674554481516e-05
2024-10-16,27386,1845,1959,4.613,1257.1,6.3,0.501,3.0,motorspain_77,1.0,0.42857142857142855,2024-10,0.0036515007668151606,123.77293681641508,3.651634106272006e-05
2024-10-17,27385,1845,1959,4.556,1236.0,11.6,0.939,2.0,motorspain_77,-1.0,0.2857142857142857,2024-10,-0.0036516341062625525,123.76841724667811,-3.6515007668103117e-05
2024-10-18,27380,1845,1959,4.644,1259.5,11.9,0.945,1.0,motorspain_77,-5.0,0.14285714285714285,2024-10,-0.018261504747991236,123.74581939799332,-0.0001825817053131562
2024-10-19,27381,1844,1959,4.715,1279.0,11.9,0.93,1.0,motorspain_77,1.0,0.14285714285714285,2024-10,0.003652167561447719,123.75033896773027,3.6523009496081116e-05
2024-10-20,27386,1844,1959,4.786,1298.6,12.0,0.924,1.0,motorspain_77,5.0,0.14285714285714285,2024-10,0.018257503834075806,123.77293681641508,0.00018260837807249075
2024-10-21,27387,1842,1960,4.837,1312.7,12.0,0.914,2.0,motorspain_77,1.0,0.2857142857142857,2024-10,0.003651367437105196,123.77745638615202,3.651500766821414e-05
2024-10-22,27393,1843,1961,5.112,1387.9,12.3,0.886,2.0,motorspain_77,6.0,0.2857142857142857,2024-10,0.021903405979629833,123.80457380457382,0.00021908204622622662
2024-10-23,27400,1843,1962,5.182,1407.5,12.3,0.874,3.0,motorspain_77,7.0,0.42857142857142855,2024-10,0.025547445255474456,123.83621079273253,0.0002555397364290002
2024-10-24,27406,1843,1963,4.675,1265.6,15.7,1.241,3.0,motorspain_77,6.0,0.42857142857142855,2024-10,0.021893016127855214,123.86332821115428,0.00021897810218973746
2024-10-25,27408,1845,1964,4.731,1281.0,15.7,1.226,3.0,motorspain_77,2.0,0.42857142857142855,2024-10,0.0072971395213076475,123.87236735062821,7.297672042616554e-05
2024-10-26,27409,1846,1964,4.813,1303.3,15.8,1.212,3.0,motorspain_77,1.0,0.42857142857142855,2024-10,0.003648436644897662,123.87688692036518,3.648569760650311e-05
2024-10-27,27410,1846,1965,4.88,1321.8,15.8,1.195,4.0,motorspain_77,1.0,0.5714285714285714,2024-10,0.0036483035388544323,123.88140649010215,3.648436644887454e-05
2024-10-28,27405,1846,1966,4.913,1330.5,15.8,1.188,4.0,motorspain_77,-5.0,0.5714285714285714,2024-10,-0.018244845831052726,123.85880864141734,-0.00018241517694272957
2024-10-29,27383,1848,1966,4.913,1330.0,15.3,1.15,3.0,motorspain_77,-22.0,0.42857142857142855,2024-10,-0.0803418179162254,123.75937810720418,-0.0008027732165662993
2024-10-30,27375,1849,1967,4.96,1341.2,16.6,1.238,2.0,motorspain_77,-8.0,0.2857142857142857,2024-10,-0.029223744292237445,123.7232215493085,-0.00029215206514987546
2024-10-31,27382,1847,1968,5.03,1360.7,16.7,1.227,3.0,motorspain_77,7.0,0.42857142857142855,2024-10,0.025564239281279672,123.75485853746724,0.00025570776255712246
2024-11-01,27378,1848,1968,5.076,1373.0,16.7,1.216,3.0,motorspain_77,-4.0,0.42857142857142855,2024-11,-0.014610271020527432,123.7367802585194,-0.00014608136732163768
2024-11-02,27382,1848,1969,5.211,1410.7,16.2,1.148,4.0,motorspain_77,4.0,0.5714285714285714,2024-11,0.014608136732159813,123.75485853746724,0.00014610271020520926
2024-11-03,27388,1847,1970,5.317,1439.8,16.3,1.132,4.0,motorspain_77,6.0,0.5714285714285714,2024-11,0.021907404702789544,123.781975955889,0.000219122050982401
2024-11-04,27387,1847,1970,5.368,1453.8,16.3,1.121,3.0,motorspain_77,-1.0,0.42857142857142855,2024-11,-0.003651367437105196,123.77745638615202,-3.6512341171301976e-05
2024-11-05,27414,1913,1971,5.407,1466.0,16.3,1.112,4.0,motorspain_77,27.0,0.5714285714285714,2024-11,0.0984898227183191,123.89948476904999,0.000985869208018464
2024-11-06,27412,1915,1971,5.44,1474.9,16.3,1.105,4.0,motorspain_77,-2.0,0.5714285714285714,2024-11,-0.0072960747118050485,123.89044562957608,-7.295542423579882e-05
2024-11-07,27413,1916,1971,5.474,1484.3,16.3,1.098,3.0,motorspain_77,1.0,0.42857142857142855,2024-11,0.0036479042789917195,123.89496519931302,3.648037355907796e-05
2024-11-08,27408,1917,1971,5.501,1491.4,16.3,1.093,3.0,motorspain_77,-5.0,0.42857142857142855,2024-11,-0.018242848803269117,123.87236735062821,-0.00018239521394958214
2024-11-09,27400,1918,1971,5.522,1496.7,16.3,1.089,2.0,motorspain_77,-8.0,0.2857142857142857,2024-11,-0.029197080291970805,123.83621079273253,-0.00029188558085235794
2024-11-10,27399,1917,1971,5.537,1500.8,16.3,1.086,1.0,motorspain_77,-1.0,0.14285714285714285,2024-11,-0.003649768239716778,123.83169122299557,-3.649635036495624e-05
2024-11-11,27402,1917,1971,5.544,1502.8,16.3,1.085,1.0,motorspain_77,3.0,0.14285714285714285,2024-11,0.010948105977665865,123.84524993220644,0.00010949304719143349
2024-11-12,27403,1917,1972,5.551,1504.8,16.3,1.083,1.0,motorspain_77,1.0,0.14285714285714285,2024-11,0.003649235485165858,123.84976950194341,3.6493686592198316e-05
2024-11-13,27403,1919,1973,5.558,1506.7,16.3,1.082,2.0,motorspain_77,0.0,0.2857142857142857,2024-11,0.0,123.84976950194341,0.0
2024-11-14,27410,1920,1973,5.56,1507.6,16.3,1.081,2.0,motorspain_77,7.0,0.2857142857142857,2024-11,0.025538124771981027,123.88140649010215,0.00025544648396169656
2024-11-15,27404,1920,1974,5.565,1508.8,16.3,1.08,2.0,motorspain_77,-6.0,0.2857142857142857,2024-11,-0.02189461392497446,123.85428907168037,-0.00021889821233123108
2024-11-16,27394,1919,1976,5.575,1510.8,16.3,1.079,4.0,motorspain_77,-10.0,0.5714285714285714,2024-11,-0.036504344016938015,123.80909337431076,-0.00036491023208296003
2024-11-17,27401,1921,1977,5.576,1511.5,16.3,1.078,4.0,motorspain_77,7.0,0.5714285714285714,2024-11,0.025546512900989013,123.8407303624695,0.0002555304081186538
2024-11-18,27435,1922,1984,5.837,1583.2,18.3,1.156,11.0,motorspain_77,34.0,1.5714285714285714,2024-11,0.12392928740659741,123.99439573352618,0.0012408306266193936
2024-11-19,27670,1922,1997,6.244,1716.7,11.0,0.641,23.0,motorspain_77,235.0,3.2857142857142856,2024-11,0.849295265630647,125.05649462171202,0.008565700747220628
2024-11-20,27747,1922,1999,8.526,2351.9,13.9,0.591,24.0,motorspain_77,77.0,3.4285714285714284,2024-11,0.2775074782859408,125.404501491458,0.0027827972533429612
2024-11-21,27751,1922,2001,6.939,1918.0,7.7,0.401,35.0,motorspain_77,4.0,5.0,2024-11,0.014413894994774962,125.42257977040585,0.0001441597289797425
2024-11-22,27775,1921,2002,7.005,1937.6,8.0,0.413,36.0,motorspain_77,24.0,5.142857142857143,2024-11,0.08640864086408641,125.53104944409293,0.0008648336996865957
2024-11-23,27792,1921,2004,7.112,1968.4,8.2,0.417,30.0,motorspain_77,17.0,4.285714285714286,2024-11,0.06116868163500288,125.60788212962126,0.0006120612061206732
2024-11-24,27802,1921,2005,7.49,2073.7,8.6,0.415,26.0,motorspain_77,10.0,3.7142857142857144,2024-11,0.03596863534997482,125.65307782699087,0.0003598157743236463
2024-11-25,27823,1921,2006,8.332,2309.8,8.5,0.368,22.0,motorspain_77,21.0,3.142857142857143,2024-11,0.07547712324335981,125.74798879146705,0.0007553413423495581
2024-11-26,27836,1921,2007,7.101,1971.3,5.3,0.269,10.0,motorspain_77,13.0,1.4285714285714286,2024-11,0.04670211237246731,125.80674319804754,0.00046723933436365606
2024-11-27,27845,1920,2009,7.262,2016.8,5.4,0.268,10.0,motorspain_77,9.0,1.4285714285714286,2024-11,0.03232178128927995,125.84741932568019,0.0003233223164247345
2024-11-28,27873,1920,2011,8.173,2270.8,7.2,0.317,10.0,motorspain_77,28.0,1.4285714285714286,2024-11,0.10045563807268681,125.97396727831511,0.0010055665289998572
2024-11-29,27914,1920,2013,8.175,2271.2,10.7,0.471,11.0,motorspain_77,41.0,1.5714285714285714,2024-11,0.14687970194167801,126.1592696375305,0.0014709575574929357
2024-11-30,27937,1920,2015,8.394,2328.5,16.6,0.713,11.0,motorspain_77,23.0,1.5714285714285714,2024-11,0.08232809535741131,126.2632197414806,0.0008239593035752613
2024-12-01,27953,1921,2015,9.682,2688.5,17.8,0.662,10.0,motorspain_77,16.0,1.4285714285714286,2024-12,0.057238936786749184,126.335532857272,0.0005727171850951063
2024-12-02,27964,1920,2016,9.746,2705.0,20.3,0.75,10.0,motorspain_77,11.0,1.4285714285714286,2024-12,0.039336289515090835,126.38524812437856,0.0003935176904088511
2024-12-03,27980,1923,2017,9.784,2717.4,20.3,0.747,10.0,motorspain_77,16.0,1.4285714285714286,2024-12,0.057183702644746245,126.45756124016994,0.0005721642111284897
2024-12-05,28021,1924,2017,10.091,2803.3,24.4,0.87,6.0,motorspain_77,41.0,0.8571428571428571,2024-12,0.14631883230434317,126.64286359938535,0.0014653323802715779
2024-12-06,28037,1924,2018,10.277,2856.4,24.9,0.872,5.0,motorspain_77,16.0,0.7142857142857143,2024-12,0.05706744658843671,126.71517671517671,0.0005710003211876202
2024-12-07,28048,1923,2018,10.412,2895.0,25.4,0.877,3.0,motorspain_77,11.0,0.42857142857142855,2024-12,0.039218482601254996,126.76489198228329,0.00039233869529553544
2024-12-08,28052,1923,2018,10.993,3057.0,26.8,0.877,3.0,motorspain_77,4.0,0.42857142857142855,2024-12,0.014259232853272493,126.78297026123113,0.00014261266400450445
2024-12-09,28056,1923,2018,11.104,3088.2,27.1,0.878,2.0,motorspain_77,4.0,0.2857142857142857,2024-12,0.014257199885942403,126.80104854017897,0.0001425923285327535
2024-12-10,28060,1922,2018,11.227,3123.1,27.3,0.874,1.0,motorspain_77,4.0,0.14285714285714285,2024-12,0.014255167498218105,126.81912681912681,0.00014257199885947536
2024-12-11,28060,1922,2018,11.312,3146.8,27.4,0.871,1.0,motorspain_77,0.0,0.14285714285714285,2024-12,0.0,126.81912681912681,0.0
2024-12-12,28064,1922,2018,11.383,3166.9,27.6,0.872,1.0,motorspain_77,4.0,0.14285714285714285,2024-12,0.014253135689851768,126.83720509807466,0.00014255167498222754
2024-12-13,28053,1922,2019,11.457,3186.3,27.6,0.866,1.0,motorspain_77,-11.0,0.14285714285714285,2024-12,-0.03921149253199301,126.78748983096808,-0.00039196123147089423
2024-12-14,28057,1921,2019,11.513,3202.5,27.8,0.868,1.0,motorspain_77,4.0,0.14285714285714285,2024-12,0.014256691734682966,126.80556810991594,0.00014258724557092428
2024-12-15,28093,1920,2019,11.568,3222.0,27.8,0.863,1.0,motorspain_77,36.0,0.14285714285714285,2024-12,0.12814580144519988,126.96827262044654,0.0012831022561214933
2024-12-16,28216,1922,2020,11.581,3239.7,27.9,0.861,2.0,motorspain_77,123.0,0.2857142857142857,2024-12,0.43592288063510065,127.52417969809274,0.00437831488271101
2024-12-17,28229,1922,2021,11.453,3204.3,28.8,0.899,3.0,motorspain_77,13.0,0.42857142857142855,2024-12,0.04605193240993305,127.58293410467323,0.0004607314998581469
2024-12-18,28251,1922,2021,11.911,3335.3,29.6,0.887,3.0,motorspain_77,22.0,0.42857142857142855,2024-12,0.0778733496159428,127.68236463888638,0.0007793403946296795
2024-12-19,28256,1921,2021,12.187,3413.8,29.7,0.87,3.0,motorspain_77,5.0,0.42857142857142855,2024-12,0.017695356738391847,127.7049624875712,0.00017698488549067193
2024-12-20,28252,1920,2021,12.419,3478.8,29.7,0.854,2.0,motorspain_77,-4.0,0.2857142857142857,2024-12,-0.014158289678606824,127.68688420862333,-0.00014156285390709566
2024-12-21,28254,1920,2021,12.627,3538.0,29.7,0.839,2.0,motorspain_77,2.0,0.2857142857142857,2024-12,0.007078643731860976,127.69592334809725,7.07914483930594e-05
2024-12-22,28264,1920,2021,12.83,3596.5,29.9,0.831,2.0,motorspain_77,10.0,0.2857142857142857,2024-12,0.035380696292103025,127.74111904546687,0.00035393218659307557
2024-12-23,28267,1921,2021,13.016,3649.2,30.0,0.822,1.0,motorspain_77,3.0,0.14285714285714285,2024-12,0.01061308239289631,127.75467775467774,0.00010614208887638199
2024-12-24,28262,1922,2021,13.181,3695.0,30.1,0.815,0.0,motorspain_77,-5.0,0.0,2024-12,-0.01769160002830656,127.73207990599296,-0.00017688470654830812
2024-12-25,28258,1922,2021,13.345,3741.0,30.1,0.805,0.0,motorspain_77,-4.0,0.0,2024-12,-0.014155283459551277,127.71400162704512,-0.00014153280022644044
2024-12-26,28257,1922,2021,13.481,3779.1,30.1,0.796,0.0,motorspain_77,-1.0,0.0,2024-12,-0.003538946101850869,127.70948205730815,-3.538820864890102e-05
2024-12-27,28259,1922,2021,13.622,3819.0,30.3,0.793,0.0,motorspain_77,2.0,0.0,2024-12,0.0070773912735765596,127.71852119678206,7.07789220371069e-05
2024-12-28,28261,1923,2021,13.719,3846.7,30.3,0.788,0.0,motorspain_77,2.0,0.0,2024-12,0.0070768904143519345,127.72756033625599,7.077391273568878e-05
2024-12-29,28258,1923,2021,13.805,3870.8,30.3,0.783,0.0,motorspain_77,-3.0,0.0,2024-12,-0.010616462594663457,127.71400162704512,-0.00010615335621533273
2024-12-30,28257,1923,2021,13.885,3893.1,30.3,0.778,0.0,motorspain_77,-1.0,0.0,2024-12,-0.003538946101850869,127.70948205730815,-3.538820864890102e-05
2024-12-31,28261,1923,2021,13.961,3915.3,30.3,0.774,0.0,motorspain_77,4.0,0.0,2024-12,0.014153780828703869,127.72756033625599,0.00014155784407399175
2025-01-01,28250,1923,2021,14.037,3935.2,30.3,0.77,0.0,motorspain_77,-11.0,0.0,2025-01,-0.03893805309734513,127.67784506914941,-0.0003892289727893683
2025-01-02,28256,1924,2021,14.105,3955.3,30.3,0.766,0.0,motorspain_77,6.0,0.0,2025-01,0.021234428086070217,127.7049624875712,0.00021238938053103062
2025-01-03,28273,1924,2021,14.17,3975.8,30.4,0.765,0.0,motorspain_77,17.0,0.0,2025-01,0.060128037350122024,127.78179517309951,0.0006016421291052954
2025-01-04,28270,1988,2022,14.227,3991.8,30.1,0.754,1.0,motorspain_77,-3.0,0.14285714285714285,2025-01,-0.010611956137247967,127.76823646388864,-0.00010610830120605375
2025-01-05,28269,1990,2022,14.284,4007.9,30.1,0.751,1.0,motorspain_77,-1.0,0.14285714285714285,2025-01,-0.0035374438430789915,127.76371689415167,-3.5373187124210226e-05
2025-01-06,28264,1993,2022,14.336,4021.8,30.1,0.748,1.0,motorspain_77,-5.0,0.14285714285714285,2025-01,-0.017690348146051513,127.74111904546687,-0.0001768721921538985
2025-01-07,28259,1994,2022,14.38,4033.4,30.3,0.751,1.0,motorspain_77,-5.0,0.14285714285714285,2025-01,-0.0176934781839414,127.71852119678206,-0.00017690348146048862
2025-01-08,28258,1993,2022,14.409,4041.4,30.3,0.75,1.0,motorspain_77,-1.0,0.14285714285714285,2025-01,-0.003538820864887819,127.71400162704512,-3.538695636784439e-05
2025-01-09,28263,1994,2023,14.44,4050.8,30.3,0.748,1.0,motorspain_77,5.0,0.14285714285714285,2025-01,0.01769097406503202,127.7365994757299,0.00017694104324439408
2025-01-10,28266,1996,2023,14.47,4059.7,30.3,0.746,1.0,motorspain_77,3.0,0.14285714285714285,2025-01,0.010613457864572278,127.7501581849408,0.00010614584439028185
2025-01-11,28270,1997,2023,14.493,4066.9,30.3,0.745,0.0,motorspain_77,4.0,0.0,2025-01,0.014149274849663954,127.76823646388864,0.00014151277152762987
2025-01-12,28262,1999,2023,14.519,4073.1,30.3,0.744,0.0,motorspain_77,-8.0,0.0,2025-01,-0.028306560045290495,127.73207990599296,-0.0002829854969932377
2025-01-13,28264,1999,2023,14.542,4079.8,30.3,0.743,0.0,motorspain_77,2.0,0.0,2025-01,0.007076139258420605,127.74111904546687,7.076640011316471e-05
2025-01-14,28265,1998,2024,14.564,4086.3,30.3,0.742,1.0,motorspain_77,1.0,0.14285714285714285,2025-01,0.0035379444542720678,127.74563861520383,3.5380696292053315e-05
2025-01-15,28256,1997,2025,14.59,4092.3,30.3,0.74,2.0,motorspain_77,-9.0,0.2857142857142857,2025-01,-0.03185164212910532,127.7049624875712,-0.0003184150008844755
2025-01-16,28251,1997,2026,14.617,4099.1,30.3,0.739,3.0,motorspain_77,-5.0,0.42857142857142855,2025-01,-0.017698488549077906,127.68236463888638,-0.00017695356738389734
2025-01-17,28260,1997,2027,14.629,4103.8,30.3,0.738,4.0,motorspain_77,9.0,0.5714285714285714,2025-01,0.03184713375796178,127.72304076651903,0.0003185727938834759
2025-01-18,28270,1997,2027,14.644,4109.7,30.3,0.737,4.0,motorspain_77,10.0,0.5714285714285714,2025-01,0.035373187124159884,127.76823646388864,0.00035385704175516786
2025-01-19,28276,1997,2029,14.659,4114.7,30.3,0.736,6.0,motorspain_77,6.0,0.8571428571428571,2025-01,0.021219408685811292,127.79535388231041,0.0002122391227450393
2025-01-20,28285,1998,2030,14.668,4118.5,30.3,0.736,7.0,motorspain_77,9.0,1.0,2025-01,0.03181898532791232,127.83603000994306,0.00031829113028725153
2025-01-21,28280,1998,2030,14.685,4122.6,30.3,0.735,6.0,motorspain_77,-5.0,0.8571428571428571,2025-01,-0.01768033946251768,127.81343216125825,-0.00017677214071065706
2025-01-22,28285,1997,2030,14.701,4127.9,30.4,0.736,5.0,motorspain_77,5.0,0.7142857142857143,2025-01,0.017677214071062403,127.83603000994306,0.00017680339462522454
2025-01-23,28286,1996,2031,14.717,4132.5,30.4,0.736,5.0,motorspain_77,1.0,0.7142857142857143,2025-01,0.003535317825072474,127.84054957968,3.535442814217582e-05
2025-01-24,28289,1995,2031,14.723,4134.6,30.4,0.735,4.0,motorspain_77,3.0,0.5714285714285714,2025-01,0.010604828732015978,127.8541082888909,0.00010605953475217866
2025-01-25,28292,1995,2031,14.729,4136.7,30.4,0.735,4.0,motorspain_77,3.0,0.5714285714285714,2025-01,0.010603704227343419,127.86766699810177,0.00010604828732008187
2025-01-26,28295,1995,2031,14.737,4139.3,30.4,0.734,2.0,motorspain_77,3.0,0.2857142857142857,2025-01,0.010602579961123872,127.88122570731267,0.00010603704227341026
2025-01-27,28297,1995,2031,14.749,4143.1,30.3,0.731,1.0,motorspain_77,2.0,0.14285714285714285,2025-01,0.007067887055164858,127.89026484678658,7.068386640751712e-05
2025-01-28,28300,1994,2031,14.757,4146.0,30.3,0.731,1.0,motorspain_77,3.0,0.14285714285714285,2025-01,0.01060070671378092,127.90382355599748,0.00010601830582745997
2025-01-29,28297,1996,2031,14.767,4148.2,30.3,0.73,1.0,motorspain_77,-3.0,0.14285714285714285,2025-01,-0.010601830582747288,127.89026484678658,-0.00010600706713781438
2025-01-30,28297,1998,2032,14.776,4151.0,30.3,0.73,1.0,motorspain_77,0.0,0.14285714285714285,2025-01,0.0,127.89026484678658,0.0
2025-01-31,28293,1998,2038,15.599,4388.5,25.0,0.57,8.0,motorspain_77,-4.0,1.1428571428571428,2025-01,-0.014137772593927827,127.87218656783874,-0.00014135774110324295
2025-02-01,28305,1998,2042,22.672,6398.3,19.0,0.297,12.0,motorspain_77,12.0,1.7142857142857142,2025-02,0.04239533651298357,127.92642140468227,0.00042413317781786475
2025-02-02,28328,1997,2042,22.682,6406.3,19.0,0.297,12.0,motorspain_77,23.0,1.7142857142857142,2025-02,0.08119175374188083,128.03037150863236,0.0008125772831655276
2025-02-03,28329,1996,2043,13.191,3728.0,9.0,0.241,15.0,motorspain_77,1.0,2.142857142857143,2025-02,0.003529951639662537,128.03489107836933,3.530076249647074e-05
2025-02-04,28335,1996,2045,0.579,164.0,0.0,0.0,17.0,motorspain_77,6.0,2.4285714285714284,2025-02,0.021175224986765485,128.0620084967911,0.00021179709837970684
2025-02-05,28373,1997,2054,0.58,164.5,0.0,0.0,34.0,motorspain_77,38.0,4.857142857142857,2025-02,0.1339301448560251,128.2337521467956,0.001341097582495232
2025-02-06,28439,1997,2060,0.609,173.3,0.0,0.0,33.0,motorspain_77,66.0,4.714285714285714,2025-02,0.23207567073385138,128.53204374943505,0.0023261551474993425
2025-02-07,28464,1998,2061,0.879,248.0,2.3,0.927,29.0,motorspain_77,25.0,4.142857142857143,2025-02,0.08783024170882518,128.6450329928591,0.0008790745103555153
2025-02-08,28480,1999,2062,1.036,293.5,1.5,0.511,31.0,motorspain_77,16.0,4.428571428571429,2025-02,0.05617977528089888,128.71734610865047,0.0005621135469364713
2025-02-09,28513,1999,2063,1.281,363.0,2.3,0.634,29.0,motorspain_77,33.0,4.142857142857143,2025-02,0.11573668151369551,128.86649190997016,0.0011587078651684735
2025-02-10,28531,1999,2063,1.292,366.3,2.3,0.628,26.0,motorspain_77,18.0,3.7142857142857144,2025-02,0.06308927131891627,128.94784416523547,0.000631290990074751
2025-02-11,28543,1998,2063,1.309,371.3,2.3,0.619,24.0,motorspain_77,12.0,3.4285714285714284,2025-02,0.04204183162246435,129.002079002079,0.00042059514212611226
2025-02-12,28564,1998,2068,1.416,404.5,0.0,0.0,19.0,motorspain_77,21.0,2.7142857142857144,2025-02,0.07351911496989218,129.09698996655518,0.0007357320533931677
2025-02-13,28598,1999,2072,1.181,337.3,0.3,0.089,17.0,motorspain_77,34.0,2.4285714285714284,2025-02,0.11888943282747046,129.25065533761187,0.001190309480464835
2025-02-14,28628,1999,2073,1.185,339.0,0.3,0.088,17.0,motorspain_77,30.0,2.4285714285714284,2025-02,0.10479251082855946,129.3862424297207,0.0010490244073011468
2025-02-15,28635,1997,2075,0.86,245.6,0.6,0.244,18.0,motorspain_77,7.0,2.5714285714285716,2025-02,0.024445608521040687,129.41787941787942,0.0002445158585999696
2025-02-16,28653,1999,2076,0.862,246.4,0.6,0.244,17.0,motorspain_77,18.0,2.4285714285714284,2025-02,0.06282064705266464,129.49923167314472,0.0006286013619696273
2025-02-17,28669,1999,2076,0.865,247.4,0.6,0.243,16.0,motorspain_77,16.0,2.2857142857142856,2025-02,0.055809410861906585,129.57154478893608,0.0005584057515792828
2025-02-18,28676,1998,2076,0.866,247.6,0.6,0.242,16.0,motorspain_77,7.0,2.2857142857142856,2025-02,0.024410656995396848,129.60318177709482,0.00024416617252076556
2025-02-19,28682,1998,2076,0.865,247.6,0.6,0.242,10.0,motorspain_77,6.0,1.4285714285714286,2025-02,0.020919043302419636,129.63029919551659,0.00020923420281770966
2025-02-20,28692,1999,2076,0.866,247.8,0.6,0.242,4.0,motorspain_77,10.0,0.5714285714285714,2025-02,0.03485292067475254,129.67549489288618,0.00034865072170697786
2025-02-21,28693,1999,2076,0.866,247.8,0.6,0.242,4.0,motorspain_77,1.0,0.5714285714285714,2025-02,0.003485170599100826,129.68001446262315,3.48529206748438e-05
2025-02-22,28703,1999,2077,0.865,247.8,0.6,0.242,3.0,motorspain_77,10.0,0.42857142857142855,2025-02,0.034839563808661114,129.72521015999277,0.000348517059910014
2025-02-23,28710,1998,2079,0.483,137.7,1.0,0.726,4.0,motorspain_77,7.0,0.5714285714285714,2025-02,0.024381748519679555,129.7568471481515,0.000243876946660615
2025-02-24,28704,1996,2081,0.483,137.7,1.0,0.726,6.0,motorspain_77,-6.0,0.8571428571428571,2025-02,-0.020903010033444816,129.72972972972974,-0.0002089864158829613
2025-02-25,28714,1993,2082,0.484,138.0,1.0,0.725,7.0,motorspain_77,10.0,1.0,2025-02,0.03482621717629031,129.77492542709933,0.0003483835005573255
2025-02-26,28735,1993,2082,0.484,138.0,1.0,0.725,7.0,motorspain_77,21.0,1.0,2025-02,0.0730816077953715,129.86983639157552,0.0007313505607020598
2025-02-27,28751,1992,2086,0.374,106.5,1.0,0.939,11.0,motorspain_77,16.0,1.5714285714285714,2025-02,0.05565023825258252,129.94214950736688,0.0005568122498695871
2025-02-28,28761,1993,2090,0.374,106.5,1.0,0.939,14.0,motorspain_77,10.0,2.0,2025-02,0.03476930565696603,129.98734520473653,0.00034781398907868244
2025-03-01,28776,1993,2096,0.007,2.0,0.0,0.0,20.0,motorspain_77,15.0,2.857142857142857,2025-03,0.05212677231025855,130.05513875079095,0.000521539584854569
2025-03-02,28820,1994,2101,0.007,2.0,0.0,0.0,24.0,motorspain_77,44.0,3.4285714285714284,2025-03,0.15267175572519084,130.25399981921723,0.001529051987767538
2025-03-03,28933,1997,2105,1.754,505.0,2.5,0.495,41.0,motorspain_77,113.0,5.857142857142857,2025-03,0.390557494902015,130.7647111994938,0.003920888272033407
2025-03-04,29129,1997,2107,13.825,3971.4,55.7,1.403,34.0,motorspain_77,196.0,4.857142857142857,2025-03,0.6728689622026159,131.65054686793817,0.0067742715929905994
2025-03-05,29262,1998,2109,15.65,4513.9,65.6,1.453,33.0,motorspain_77,133.0,4.714285714285714,2025-03,0.45451438725992754,132.251649642954,0.004565896529232116
2025-03-06,29320,1998,2110,10.819,3127.3,44.7,1.429,28.0,motorspain_77,58.0,4.0,2025-03,0.19781718963165074,132.51378468769772,0.001982092816622316
2025-03-07,29357,1998,2111,10.786,3122.2,44.2,1.416,23.0,motorspain_77,37.0,3.2857142857142856,2025-03,0.12603467656776918,132.6810087679653,0.0012619372442019827
2025-03-08,29393,1996,2111,13.1,3794.5,55.9,1.473,16.0,motorspain_77,36.0,2.2857142857142856,2025-03,0.12247814105399243,132.8437132784959,0.0012262833395781936
2025-03-09,29414,1996,2111,15.104,4377.4,65.3,1.492,10.0,motorspain_77,21.0,1.4285714285714286,2025-03,0.07139457401237506,132.93862424297208,0.00071445582281493
2025-03-10,29549,1997,2112,15.211,4428.9,65.7,1.483,6.0,motorspain_77,135.0,0.8571428571428571,2025-03,0.456868252732749,133.5487661574618,0.00458965118650978
2025-03-11,29658,1995,2111,18.463,5394.3,81.4,1.509,5.0,motorspain_77,109.0,0.7142857142857143,2025-03,0.367523096634972,134.04139925879056,0.0036887881146570045
2025-03-12,29714,1997,2111,18.921,5538.3,84.0,1.517,3.0,motorspain_77,56.0,0.42857142857142855,2025-03,0.1884633506091405,134.29449516406038,0.0018881920561062415
2025-03-13,29754,1995,2113,20.216,5928.5,86.5,1.459,4.0,motorspain_77,40.0,0.5714285714285714,2025-03,0.1344357061235464,134.4752779535388,0.001346166790065384
2025-03-14,29772,1995,2116,19.129,5611.4,83.8,1.493,7.0,motorspain_77,18.0,1.0,2025-03,0.06045949214026602,134.55663020880414,0.000604960677555999
2025-03-15,29783,1996,2124,19.438,5709.8,79.5,1.392,16.0,motorspain_77,11.0,2.2857142857142856,2025-03,0.036933821307457274,134.60634547591067,0.000369474674190462
2025-03-16,29828,1996,2127,10.008,2949.0,36.1,1.224,20.0,motorspain_77,45.0,2.857142857142857,2025-03,0.1508649590988333,134.80972611407392,0.0015109290534869313
2025-03-17,29988,1997,2134,5.462,1629.1,8.8,0.54,29.0,motorspain_77,160.0,4.142857142857143,2025-03,0.5335467520341469,135.53285727198772,0.005364087434625242
2025-03-18,30116,1997,2136,3.394,1016.7,5.3,0.521,34.0,motorspain_77,128.0,4.857142857142857,2025-03,0.4250232434586267,136.11136219831872,0.004268374016273224
2025-03-19,30200,1997,2137,4.648,1372.6,31.0,2.258,30.0,motorspain_77,84.0,4.285714285714286,2025-03,0.2781456953642384,136.49100605622345,0.0027892150351971345
2025-03-20,30283,1995,2138,4.928,1458.3,34.1,2.338,28.0,motorspain_77,83.0,4.0,2025-03,0.27408116765181784,136.86613034439122,0.002748344370860911
2025-03-21,30366,1995,2140,5.944,1753.1,52.0,2.966,26.0,motorspain_77,83.0,3.7142857142857144,2025-03,0.27333201607060525,137.241254632559,0.0027408116765181845
2025-03-22,30531,1995,2141,6.554,1938.6,62.5,3.224,17.0,motorspain_77,165.0,2.4285714285714284,2025-03,0.5404343126658151,137.98698363915756,0.005433708753210809
2025-03-23,30606,1995,2141,10.012,2978.1,86.2,2.894,14.0,motorspain_77,75.0,2.0,2025-03,0.2450499901980004,138.32595136942962,0.002456519603026397
2025-03-24,30632,1993,2141,10.412,3100.3,89.1,2.874,7.0,motorspain_77,26.0,1.0,2025-03,0.08487855837033167,138.44346018259063,0.0008495066326863476
2025-03-25,30654,1995,2142,10.674,3181.0,90.9,2.858,6.0,motorspain_77,22.0,0.8571428571428571,2025-03,0.0717687740588504,138.54289071680375,0.0007182031862105198
2025-03-26,30669,1994,2142,10.914,3255.0,92.3,2.836,5.0,motorspain_77,15.0,0.7142857142857143,2025-03,0.04890932211679546,138.61068426285817,0.0004893325504011781
2025-03-27,30678,1995,2142,11.393,3401.8,93.4,2.746,4.0,motorspain_77,9.0,0.5714285714285714,2025-03,0.029336984158028552,138.65136039049082,0.0002934559327008035
2025-03-28,30681,1995,2143,11.55,3449.8,93.9,2.722,3.0,motorspain_77,3.0,0.42857142857142855,2025-03,0.00977803852547179,138.6649190997017,9.778994719344958e-05
2025-03-29,30695,1996,2145,11.701,3497.4,94.2,2.693,4.0,motorspain_77,14.0,0.5714285714285714,2025-03,0.04561003420752566,138.72819307601915,0.0004563084645219373
2025-03-30,30722,1998,2147,11.937,3573.2,94.0,2.631,6.0,motorspain_77,27.0,0.8571428571428571,2025-03,0.08788490332660634,138.8502214589171,0.0008796220882880679
2025-03-31,30759,1998,2151,12.152,3643.1,94.8,2.602,10.0,motorspain_77,37.0,1.4285714285714286,2025-03,0.12028999642381091,139.01744553918468,0.00120434867521646
2025-04-01,30766,1998,2153,12.277,3682.1,94.9,2.577,11.0,motorspain_77,7.0,1.5714285714285714,2025-04,0.02275238900084509,139.04908252734342,0.00022757566890985181
2025-04-02,30779,1997,2154,12.544,3763.3,97.6,2.593,12.0,motorspain_77,13.0,1.7142857142857142,2025-04,0.04223658988271224,139.1078369339239,0.000422544367158606
2025-04-03,30781,1998,2154,12.62,3786.6,98.1,2.591,12.0,motorspain_77,2.0,1.7142857142857142,2025-04,0.006497514700627011,139.11687607339783,6.497936905036639e-05
2025-04-04,30777,1857,2154,12.905,3872.9,98.8,2.551,11.0,motorspain_77,-4.0,1.5714285714285714,2025-04,-0.012996718328622023,139.09879779444995,-0.00012995029401252634
2025-04-05,30782,1857,2155,12.997,3901.8,98.9,2.535,11.0,motorspain_77,5.0,1.5714285714285714,2025-04,0.01624325904749529,139.12139564313478,0.0001624589791078268
2025-04-06,30785,1856,2155,13.06,3921.3,99.2,2.53,9.0,motorspain_77,3.0,1.2857142857142858,2025-04,0.00974500568458665,139.13495435234566,9.745955428486219e-05
2025-04-07,30778,1857,2155,13.117,3937.8,99.4,2.524,5.0,motorspain_77,-7.0,0.7142857142857143,2025-04,-0.022743518097342257,139.10331736418692,-0.0002273834659737295
2025-04-08,30778,1856,2155,13.17,3953.9,99.6,2.519,3.0,motorspain_77,0.0,0.42857142857142855,2025-04,0.0,139.10331736418692,0.0
2025-04-09,30779,1857,2156,13.223,3970.3,99.6,2.509,3.0,motorspain_77,1.0,0.42857142857142855,2025-04,0.0032489684525163257,139.1078369339239,3.249074013900177e-05
2025-04-10,30776,1858,2156,13.27,3984.3,99.7,2.502,3.0,motorspain_77,-3.0,0.42857142857142855,2025-04,-0.009747855471796206,139.094278224713,-9.746905357543856e-05
2025-04-11,30777,1858,2158,13.193,3959.9,100.6,2.54,5.0,motorspain_77,1.0,0.7142857142857143,2025-04,0.0032491795821555057,139.09879779444995,3.2492851572696324e-05
2025-04-12,30784,1858,2163,13.017,3940.6,66.4,1.685,8.0,motorspain_77,7.0,1.1428571428571428,2025-04,0.02273908523908524,139.1304347826087,0.00022744257075091312
2025-04-13,30811,1859,2165,6.577,2002.0,24.3,1.214,10.0,motorspain_77,27.0,1.4285714285714286,2025-04,0.08763104086202979,139.25246316550664,0.0008770790020788954
2025-04-14,30855,1857,2168,5.963,1800.4,39.4,2.188,13.0,motorspain_77,44.0,1.8571428571428572,2025-04,0.14260249554367202,139.45132423393295,0.001428061406640424
2025-04-15,30874,1856,2170,6.091,1839.3,41.3,2.245,15.0,motorspain_77,19.0,2.142857142857143,2025-04,0.061540454751570904,139.5371960589352,0.0006157835034841241
2025-04-16,30890,1856,2171,5.522,1672.9,32.9,1.967,15.0,motorspain_77,16.0,2.142857142857143,2025-04,0.05179669796050502,139.60950917472655,0.0005182354084343199
2025-04-17,30905,1855,2171,5.763,1746.7,34.4,1.969,15.0,motorspain_77,15.0,2.142857142857143,2025-04,0.04853583562530335,139.67730272078097,0.00048559404337966683
2025-04-18,30914,1855,2172,5.884,1784.3,34.6,1.939,14.0,motorspain_77,9.0,2.0,2025-04,0.029113023225722973,139.71797884841365,0.0002912150137517333
2025-04-19,30928,1855,2172,6.011,1823.6,35.5,1.947,9.0,motorspain_77,14.0,1.2857142857142858,2025-04,0.045266425245732024,139.7812528247311,0.0004528692501779563
2025-04-20,30920,1854,2172,5.872,1781.6,34.1,1.914,7.0,motorspain_77,-8.0,1.0,2025-04,-0.0258732212160414,139.7450962668354,-0.0002586652871184869
2025-04-21,30929,1854,2172,5.957,1808.0,34.5,1.908,4.0,motorspain_77,9.0,0.5714285714285714,2025-04,0.029098903941284875,139.78577239446807,0.0002910737386805362
2025-04-22,30977,1854,2173,6.019,1829.8,34.8,1.902,3.0,motorspain_77,48.0,0.42857142857142855,2025-04,0.15495367530748622,140.00271174184218,0.001551941543535218
2025-04-23,31047,1855,2173,6.065,1847.9,35.1,1.899,2.0,motorspain_77,70.0,0.2857142857142857,2025-04,0.2254646181595645,140.31908162342944,0.002259741098234125
2025-04-24,31079,1854,2174,6.112,1864.3,35.3,1.893,3.0,motorspain_77,32.0,0.42857142857142855,2025-04,0.10296341581131954,140.46370785501222,0.0010306953973009403
2025-04-25,31101,1854,2179,6.29,1921.9,34.3,1.785,7.0,motorspain_77,22.0,1.0,2025-04,0.07073727532876757,140.56313838922534,0.0007078734837027145
2025-04-26,31148,1853,2185,6.676,2040.6,38.8,1.901,13.0,motorspain_77,47.0,1.8571428571428572,2025-04,0.15089251316296393,140.7755581668625,0.0015112054274781794
2025-04-27,31202,1854,2187,6.905,2126.3,28.3,1.331,15.0,motorspain_77,54.0,2.142857142857143,2025-04,0.17306582911351837,141.0196149326584,0.0017336586618723615
2025-04-28,31353,1855,2189,6.774,2097.2,26.6,1.268,17.0,motorspain_77,151.0,2.4285714285714284,2025-04,0.48161260485439994,141.70206996293953,0.0048394333696557545
2025-04-29,31399,1854,2190,8.575,2667.1,25.4,0.952,17.0,motorspain_77,46.0,2.4285714285714284,2025-04,0.1465014809388834,141.90997017083973,0.0014671642267087837
2025-04-30,31419,1854,2190,8.643,2693.5,22.0,0.817,17.0,motorspain_77,20.0,2.4285714285714284,2025-04,0.06365574970559215,142.00036156557897,0.0006369629606037819
2025-05-01,31434,1854,2191,8.871,2766.4,22.2,0.802,17.0,motorspain_77,15.0,2.4285714285714284,2025-05,0.047719030349303304,142.0681551116334,0.000477418122792006
2025-05-02,31459,1856,2192,9.028,2817.7,22.5,0.799,13.0,motorspain_77,25.0,1.8571428571428572,2025-05,0.07946851457452557,142.1811443550574,0.0007953171724883745
2025-05-03,31496,1857,2193,9.011,2816.5,21.7,0.77,8.0,motorspain_77,37.0,1.1428571428571428,2025-05,0.11747523495046991,142.34836843532497,0.0011761340157030453
2025-05-04,31511,1859,2193,9.116,2850.8,21.9,0.768,6.0,motorspain_77,15.0,0.8571428571428571,2025-05,0.047602424550157084,142.41616198137936,0.00047625095250181104
2025-05-05,31530,1858,2193,9.205,2880.3,21.9,0.76,4.0,motorspain_77,19.0,0.5714285714285714,2025-05,0.06026006977481763,142.50203380638163,0.0006029640443019346
2025-05-06,31533,1858,2193,9.258,2897.5,21.9,0.756,3.0,motorspain_77,3.0,0.42857142857142855,2025-05,0.009513842641042717,142.51559251559252,9.514747859173944e-05
2025-05-07,31544,1858,2194,8.76,2741.3,22.1,0.806,4.0,motorspain_77,11.0,0.5714285714285714,2025-05,0.03487192493025615,142.56530778269908,0.0003488408968381762
2025-05-08,31549,1856,2196,8.84,2766.4,22.5,0.813,5.0,motorspain_77,5.0,0.7142857142857143,2025-05,0.015848362864116138,142.58790563138388,0.0001585087496829285
2025-05-09,31561,1856,2199,9.425,2950.9,23.8,0.807,7.0,motorspain_77,12.0,1.0,2025-05,0.03802160894775197,142.64214046822744,0.00038036070873870287
2025-05-10,31583,1857,2208,10.179,3184.6,30.3,0.951,15.0,motorspain_77,22.0,2.142857142857143,2025-05,0.06965772725833518,142.74157100244057,0.0006970628307088056
2025-05-11,31643,1858,2214,6.153,1926.6,20.4,1.059,21.0,motorspain_77,60.0,3.0,2025-05,0.18961539677021774,143.01274518665824,0.0018997561979545718
2025-05-12,31713,1860,2215,5.719,1757.6,56.1,3.192,22.0,motorspain_77,70.0,3.142857142857143,2025-05,0.22072966922082426,143.3291150682455,0.0022121796289857887
2025-05-13,31806,1862,2218,7.645,2385.5,46.0,1.928,26.0,motorspain_77,93.0,3.7142857142857144,2025-05,0.29239766081871343,143.7494350537829,0.0029325513196480912
2025-05-14,31894,1863,2218,10.136,3161.9,70.9,2.242,24.0,motorspain_77,88.0,3.4285714285714284,2025-05,0.2759139650090926,144.14715719063545,0.0027667735647363134
2025-05-15,31975,1864,2219,11.666,3656.1,74.1,2.027,23.0,motorspain_77,81.0,3.2857142857142856,2025-05,0.253322908522283,144.51324233932928,0.0025396626324700744
2025-05-16,32025,1864,2216,13.346,4189.4,84.5,2.017,23.0,motorspain_77,50.0,3.2857142857142856,2025-05,0.156128024980484,144.73922082617733,0.0015637216575450363
2025-05-17,32049,1862,2218,14.605,4588.9,92.0,2.005,15.0,motorspain_77,24.0,2.142857142857143,2025-05,0.07488533183562669,144.8476904998644,0.0007494145199062885
2025-05-18,32079,1862,2220,14.944,4696.1,97.8,2.083,10.0,motorspain_77,30.0,1.4285714285714286,2025-05,0.09351912466099317,144.98327759197323,0.0009360666479454327
2025-05-19,32261,1862,2220,15.134,4783.9,98.6,2.061,9.0,motorspain_77,182.0,1.2857142857142858,2025-05,0.564148662471715,145.80583928410016,0.005673493562766918
2025-05-20,32344,1861,2220,18.474,5876.3,99.0,1.685,7.0,motorspain_77,83.0,1.0,2025-05,0.25661637397971804,146.18096357226793,0.0025727658783050167
2025-05-21,32388,1862,2222,19.129,6094.1,101.4,1.664,8.0,motorspain_77,44.0,1.1428571428571428,2025-05,0.13585278498209213,146.3798246406942,0.0013603759584466246
2025-05-22,32410,1863,2225,19.61,6249.8,105.8,1.693,10.0,motorspain_77,22.0,1.4285714285714286,2025-05,0.06788028386300525,146.47925517490734,0.000679263924910467
2025-05-23,32426,1862,2227,19.124,6097.7,103.6,1.699,9.0,motorspain_77,16.0,1.2857142857142858,2025-05,0.049343119718744215,146.55156829069873,0.0004936747917310136
2025-05-24,32453,1861,2230,19.001,6060.7,105.6,1.742,11.0,motorspain_77,27.0,1.5714285714285714,2025-05,0.08319723908421409,146.67359667359668,0.0008326651452537082
2025-05-25,32492,1862,2233,18.83,6019.1,99.3,1.65,13.0,motorspain_77,39.0,1.8571428571428572,2025-05,0.12002954573433461,146.84985989333816,0.0012017378978830262
2025-05-26,32543,1862,2235,19.332,6189.8,101.3,1.637,15.0,motorspain_77,51.0,2.142857142857143,2025-05,0.15671572995728728,147.08035794992315,0.0015696171365258138
2025-05-27,32636,1862,2236,16.504,5310.3,76.1,1.433,16.0,motorspain_77,93.0,2.2857142857142856,2025-05,0.2849613923274911,147.50067793546054,0.0028577574286328122
2025-05-28,32720,1864,2237,19.667,6319.9,115.3,1.824,15.0,motorspain_77,84.0,2.142857142857143,2025-05,0.2567237163814181,147.88032179336528,0.0025738448339256426
2025-05-29,32760,1864,2238,19.952,6410.7,125.5,1.958,13.0,motorspain_77,40.0,1.8571428571428572,2025-05,0.1221001221001221,148.0611045828437,0.0012224938875304847
2025-05-30,32820,1864,2240,19.274,6200.3,125.5,2.024,13.0,motorspain_77,60.0,1.8571428571428572,2025-05,0.18281535648994515,148.33227876706135,0.001831501831501825
2025-05-31,32866,1864,2240,19.6,6316.4,125.4,1.985,10.0,motorspain_77,46.0,1.4285714285714286,2025-05,0.13996227103998052,148.54017897496158,0.0014015843997563504
2025-06-01,32897,1864,2241,20.196,6518.5,125.4,1.924,8.0,motorspain_77,31.0,1.1428571428571428,2025-06,0.0942335167340487,148.68028563680738,0.000943224000486742
2025-06-02,32920,1864,2241,20.461,6608.5,127.3,1.926,6.0,motorspain_77,23.0,0.8571428571428571,2025-06,0.06986634264884568,148.78423574075748,0.0006991518983494593
2025-06-03,32939,1864,2241,20.445,6605.3,129.2,1.956,5.0,motorspain_77,19.0,0.7142857142857143,2025-06,0.05768238258599229,148.87010756575972,0.0005771567436207992
2025-06-04,32925,1864,2243,13.687,4417.6,89.0,2.015,6.0,motorspain_77,-14.0,0.8571428571428571,2025-06,-0.042520880789673504,148.80683358944228,-0.00042502808221256405
2025-06-05,32942,1866,2243,13.874,4481.2,89.3,1.993,5.0,motorspain_77,17.0,0.7142857142857143,2025-06,0.05160585271082508,148.88366627497064,0.0005163249810173909
2025-06-06,32968,1865,2245,14.127,4566.3,91.0,1.993,5.0,motorspain_77,26.0,0.7142857142857143,2025-06,0.07886435331230283,149.0011750881316,0.0007892659826360671
2025-06-07,32990,1866,2247,15.597,5042.0,103.3,2.049,7.0,motorspain_77,22.0,1.0,2025-06,0.06668687481054866,149.10060562234474,0.0006673137587964728
2025-06-08,33008,1866,2248,14.704,4758.5,95.1,1.999,7.0,motorspain_77,18.0,1.0,2025-06,0.05453223460979156,149.18195787761007,0.0005456198848134974
2025-06-09,33025,1866,2253,18.487,5983.8,121.5,2.03,12.0,motorspain_77,17.0,1.7142857142857142,2025-06,0.05147615442846329,149.2587905631384,0.0005150266602036435
2025-06-10,33053,1866,2253,18.665,6047.6,121.9,2.016,12.0,motorspain_77,28.0,1.7142857142857142,2025-06,0.08471243154932986,149.3853385157733,0.0008478425435276549
2025-06-11,33113,1866,2254,16.09,5234.8,93.2,1.78,11.0,motorspain_77,60.0,1.5714285714285714,2025-06,0.18119771690876693,149.65651269999097,0.0018152663903427957
2025-06-12,33148,1865,2254,16.167,5265.3,93.8,1.781,11.0,motorspain_77,35.0,1.5714285714285714,2025-06,0.10558706407626402,149.8146976407846,0.001056986681967853
2025-06-13,33160,1863,2254,16.467,5366.5,93.8,1.748,11.0,motorspain_77,12.0,1.5714285714285714,2025-06,0.03618817852834741,149.86893247762814,0.0003620127911185822
2025-06-14,33172,1863,2255,16.545,5392.8,95.4,1.769,8.0,motorspain_77,12.0,1.1428571428571428,2025-06,0.03617508742312794,149.92316731447167,0.0003618817852835132
2025-06-15,33177,1863,2255,16.607,5414.0,95.6,1.766,8.0,motorspain_77,5.0,1.1428571428571428,2025-06,0.015070681496217257,149.94576516315647,0.0001507295309297607
2025-06-16,33178,1863,2255,16.772,5467.7,96.8,1.77,2.0,motorspain_77,1.0,0.2857142857142857,2025-06,0.0030140454518054133,149.95028473289344,3.0141362992397447e-05
2025-06-17,33183,1862,2255,16.803,5479.0,96.8,1.767,2.0,motorspain_77,5.0,0.2857142857142857,2025-06,0.015067956483741674,149.97288258157823,0.0001507022725901752
2025-06-18,33183,1862,2255,16.89,5507.6,97.1,1.763,1.0,motorspain_77,0.0,0.14285714285714285,2025-06,0.0,149.97288258157823,0.0
2025-06-19,33175,1863,2256,16.917,5515.0,97.1,1.761,1.0,motorspain_77,-8.0,0.14285714285714285,2025-06,-0.024114544084400905,149.93672602368255,-0.00024108730373983978
2025-06-20,33183,1864,2259,16.973,5534.5,97.8,1.767,5.0,motorspain_77,8.0,0.7142857142857143,2025-06,0.02410873037398668,149.97288258157823,0.0002411454408439706
2025-06-21,33199,1863,2261,16.979,5539.2,97.8,1.766,5.0,motorspain_77,16.0,0.7142857142857143,2025-06,0.048194222717551735,150.0451956973696,0.00048217460747967955
2025-06-22,33220,1864,2263,10.288,3375.5,42.3,1.253,8.0,motorspain_77,21.0,1.1428571428571428,2025-06,0.06321493076459964,150.14010666184578,0.0006325491731677957
2025-06-23,33229,1863,2265,10.377,3405.5,42.7,1.254,8.0,motorspain_77,9.0,1.1428571428571428,2025-06,0.027084775346835597,150.18078278947843,0.0002709211318483451
2025-06-24,33247,1864,2267,9.108,2990.5,37.5,1.254,11.0,motorspain_77,18.0,1.5714285714285714,2025-06,0.054140223178031105,150.26213504474376,0.0005416955069366125
2025-06-25,33283,1864,2268,9.412,3086.1,46.6,1.51,12.0,motorspain_77,36.0,1.7142857142857142,2025-06,0.10816332662320104,150.42483955527436,0.0010828044635606826
2025-06-26,33303,1864,2269,10.002,3274.3,56.8,1.735,13.0,motorspain_77,20.0,1.8571428571428572,2025-06,0.06005464973125544,150.51523095001355,0.0006009073701289669
2025-06-27,33347,1864,2274,10.898,3569.0,65.3,1.83,15.0,motorspain_77,44.0,2.142857142857143,2025-06,0.13194590218010616,150.71409201843983,0.001321202294087609
2025-06-28,33363,1864,2277,10.626,3478.5,66.5,1.912,16.0,motorspain_77,16.0,2.2857142857142856,2025-06,0.04795731798699158,150.78640513423122,0.0004798032806550001
2025-06-29,33400,1864,2278,9.539,3125.5,60.6,1.939,16.0,motorspain_77,37.0,2.2857142857142856,2025-06,0.11077844311377245,150.95362921449876,0.0011090129784492309
2025-06-30,33425,1864,2279,10.71,3509.3,70.4,2.006,14.0,motorspain_77,25.0,2.0,2025-06,0.07479431563201197,151.0666184579228,0.0007485029940119681
2025-07-01,33453,1864,2280,8.474,2784.4,50.5,1.814,13.0,motorspain_77,28.0,1.8571428571428572,2025-07,0.08369951872776732,151.19316641055772,0.0008376963350784639
2025-07-02,33470,1864,2283,8.53,2804.0,51.1,1.822,15.0,motorspain_77,17.0,2.142857142857143,2025-07,0.050791753809381536,151.26999909608605,0.0005081756494185186
2025-07-03,33514,1865,2285,8.668,2851.6,53.3,1.869,16.0,motorspain_77,44.0,2.2857142857142856,2025-07,0.13128841678104672,151.46886016451234,0.001314610098595681
2025-07-04,33565,1864,2286,9.221,3040.6,54.5,1.792,12.0,motorspain_77,51.0,1.7142857142857142,2025-07,0.15194398927454192,151.69935822109736,0.001521752103598395
2025-07-05,33593,1864,2286,9.129,3010.2,56.6,1.88,9.0,motorspain_77,28.0,1.2857142857142858,2025-07,0.08335069806209627,151.82590617373225,0.0008342022940563965
2025-07-06,33612,1863,2286,9.273,3058.4,58.3,1.906,9.0,motorspain_77,19.0,1.2857142857142858,2025-07,0.056527430679519215,151.91177799873452,0.0005655940225641753
2025-07-07,33629,1861,2286,9.558,3153.6,60.6,1.922,7.0,motorspain_77,17.0,1.0,2025-07,0.05055160724374795,151.98861068426285,0.0005057717481851132
2025-07-08,33642,1861,2288,9.682,3195.1,62.1,1.944,8.0,motorspain_77,13.0,1.1428571428571428,2025-07,0.03864217347363415,152.04736509084336,0.0003865711142168049
2025-07-09,33655,1862,2291,9.727,3211.3,62.2,1.937,8.0,motorspain_77,13.0,1.1428571428571428,2025-07,0.038627247065814885,152.10611949742386,0.000386421734736242
2025-07-10,33666,1863,2292,8.658,2858.7,56.0,1.959,8.0,motorspain_77,11.0,1.1428571428571428,2025-07,0.032673914334937326,152.1558347645304,0.00032684593671072903
2025-07-11,33674,1864,2295,8.78,2900.0,56.6,1.952,8.0,motorspain_77,8.0,1.1428571428571428,2025-07,0.023757201401674883,152.1919913224261,0.00023762846789043834
2025-07-12,33689,1864,2298,8.562,2825.8,58.5,2.07,12.0,motorspain_77,15.0,1.7142857142857142,2025-07,0.04452491911306361,152.25978486848052,0.00044544752628139506
2025-07-13,33719,1864,2300,8.62,2848.0,58.7,2.061,12.0,motorspain_77,30.0,1.7142857142857142,2025-07,0.08897061004181618,152.39537196058933,0.0008904983822612955
2025-07-14,33728,1864,2301,7.824,2593.8,45.2,1.743,15.0,motorspain_77,9.0,2.142857142857143,2025-07,0.02668406072106262,152.436048088222,0.0002669118301255047
2025-07-15,33741,1863,2303,7.913,2623.9,46.1,1.757,15.0,motorspain_77,13.0,2.142857142857143,2025-07,0.03852879286328206,152.49480249480249,0.0003854364326376647
2025-07-16,33802,1863,2304,7.943,2638.6,46.3,1.755,14.0,motorspain_77,61.0,2.0,2025-07,0.18046269451511746,152.77049624875713,0.0018078895112769722
2025-07-17,33889,1863,2306,9.821,3124.1,204.3,6.539,13.0,motorspain_77,87.0,1.8571428571428572,2025-07,0.2567204697689516,153.16369881587272,0.0025738122004614894
2025-07-18,33929,1863,2309,10.159,3197.3,249.4,7.8,13.0,motorspain_77,40.0,1.8571428571428572,2025-07,0.11789324766424004,153.34448160535118,0.001180323998937638
2025-07-19,33994,1864,2314,9.96,3141.2,244.5,7.784,14.0,motorspain_77,65.0,2.0,2025-07,0.19121021356710008,153.63825363825362,0.0019157652745438458
2025-07-20,34049,1863,2315,9.095,2841.9,254.7,8.962,14.0,motorspain_77,55.0,2.0,2025-07,0.1615319098945637,153.8868299737865,0.0016179325763370223
2025-07-21,34101,1863,2316,9.089,2856.2,243.1,8.511,14.0,motorspain_77,52.0,2.0,2025-07,0.15248819682707251,154.12184760010848,0.001527210784457722
2025-07-22,34149,1862,2316,9.526,2988.3,264.8,8.861,12.0,motorspain_77,48.0,1.7142857142857142,2025-07,0.140560484933673,154.3387869474826,0.001407583355326869
2025-07-23,34174,1862,2317,9.899,3102.3,280.5,9.042,13.0,motorspain_77,25.0,1.8571428571428572,2025-07,0.07315503013987242,154.45177619090663,0.0007320858590296186
2025-07-24,34219,1863,2318,10.961,3430.0,320.9,9.356,12.0,motorspain_77,45.0,1.7142857142857142,2025-07,0.13150588854145356,154.65515682906988,0.001316790542517765
2025-07-25,34259,1864,2319,11.285,3538.0,328.1,9.274,10.0,motorspain_77,40.0,1.4285714285714286,2025-07,0.11675764032808897,154.8359396185483,0.0011689412314794811
2025-07-26,34280,1864,2319,11.434,3588.4,331.3,9.233,9.0,motorspain_77,21.0,1.2857142857142858,2025-07,0.06126021003500583,154.9308505830245,0.0006129776117225205
2025-07-27,34292,1864,2319,11.715,3680.1,337.2,9.163,5.0,motorspain_77,12.0,0.7142857142857143,2025-07,0.03499358450950659,154.98508541986803,0.0003500583430571247
2025-07-28,34306,1865,2319,11.877,3731.9,342.5,9.178,3.0,motorspain_77,14.0,0.42857142857142855,2025-07,0.04080918789716085,155.04835939618548,0.00040825848594416847
2025-07-29,34319,1865,2321,11.997,3771.8,345.6,9.163,3.0,motorspain_77,13.0,0.42857142857142855,2025-07,0.03787989160523325,155.10711380276598,0.00037894245904501744
2025-07-30,34325,1864,2322,11.223,3529.3,322.9,9.149,5.0,motorspain_77,6.0,0.7142857142857143,2025-07,0.01747997086671522,155.13423122118775,0.00017483026894726805
2025-07-31,34333,1863,2323,11.344,3567.0,327.8,9.19,6.0,motorspain_77,8.0,0.8571428571428571,2025-07,0.023301197099000963,155.17038777908343,0.00023306627822283765
2025-08-01,34337,1863,2323,11.352,3565.8,332.2,9.316,4.0,motorspain_77,4.0,0.5714285714285714,2025-08,0.011649241343157526,155.18846605803128,0.00011650598549506341
2025-08-02,34342,1864,2324,11.383,3576.3,332.8,9.306,4.0,motorspain_77,5.0,0.5714285714285714,2025-08,0.014559431599790344,155.21106390671608,0.0001456155167893769
2025-08-03,34356,1866,2325,11.458,3602.1,334.4,9.283,5.0,motorspain_77,14.0,0.7142857142857143,2025-08,0.040749796251018745,155.27433788303352,0.00040766408479409044
2025-08-04,34360,1866,2325,11.538,3627.8,336.5,9.276,6.0,motorspain_77,4.0,0.8571428571428571,2025-08,0.011641443538998836,155.29241616198138,0.00011642798928868103
2025-08-05,34369,1866,2326,5.041,1678.7,53.8,3.205,6.0,motorspain_77,9.0,0.8571428571428571,2025-08,0.02618638889697111,155.33309228961403,0.00026193247962758015
2025-08-06,34376,1867,2326,5.098,1698.2,54.4,3.203,5.0,motorspain_77,7.0,0.7142857142857143,2025-08,0.020363043984175006,155.36472927777277,0.00020367191364312198
2025-08-07,34386,1866,2327,4.769,1593.3,46.7,2.931,4.0,motorspain_77,10.0,0.5714285714285714,2025-08,0.029081602977956148,155.40992497514236,0.00029090062834535857
2025-08-08,34390,1866,2327,4.812,1608.2,46.8,2.91,4.0,motorspain_77,4.0,0.5714285714285714,2025-08,0.011631288165164292,155.4280032540902,0.00011632641191172688
2025-08-09,34394,1867,2327,4.849,1620.3,47.5,2.932,3.0,motorspain_77,4.0,0.42857142857142855,2025-08,0.011629935453858231,155.44608153303804,0.00011631288165170339
2025-08-10,34403,1867,2327,4.87,1627.5,47.9,2.943,2.0,motorspain_77,9.0,0.2857142857142857,2025-08,0.026160509257913554,155.48675766067072,0.00026167354771189366
2025-08-11,34407,1867,2327,4.881,1631.5,47.9,2.936,2.0,motorspain_77,4.0,0.2857142857142857,2025-08,0.011625541314267445,155.50483593961854,0.00011626893003513494
2025-08-12,34408,1867,2327,4.889,1634.2,48.0,2.937,1.0,motorspain_77,1.0,0.14285714285714285,2025-08,0.0029063008602650546,155.50935550935552,2.906385328560468e-05
2025-08-13,34399,1867,2327,4.898,1636.8,48.0,2.933,1.0,motorspain_77,-9.0,0.14285714285714285,2025-08,-0.026163551266025174,155.46867938172286,-0.0002615670774238632
2025-08-14,34396,1867,2327,4.905,1639.0,48.0,2.929,0.0,motorspain_77,-3.0,0.0,2025-08,-0.008721944412140947,155.45512067251198,-8.721183755344697e-05
2025-08-15,34389,1865,2328,4.91,1640.3,48.1,2.932,1.0,motorspain_77,-7.0,0.14285714285714285,2025-08,-0.020355346186280494,155.42348368435327,-0.00020351203628332648
2025-08-16,34388,1866,2328,4.912,1641.2,48.0,2.925,1.0,motorspain_77,-1.0,0.14285714285714285,2025-08,-0.002907991159706875,155.4189641146163,-2.907906598037524e-05
2025-08-17,34398,1866,2328,4.912,1641.8,48.0,2.924,1.0,motorspain_77,10.0,0.14285714285714285,2025-08,0.02907145764288621,155.4641598119859,0.00029079911597063024
2025-08-18,34405,1865,2328,4.912,1642.1,48.0,2.923,1.0,motorspain_77,7.0,0.14285714285714285,2025-08,0.02034587995930824,155.49579680014463,0.00020350020350012876
2025-08-19,34417,1865,2328,4.913,1642.8,48.0,2.922,1.0,motorspain_77,12.0,0.14285714285714285,2025-08,0.034866490397187436,155.55003163698814,0.0003487865135880508
2025-08-20,34431,1864,2328,4.914,1644.0,48.0,2.92,1.0,motorspain_77,14.0,0.14285714285714285,2025-08,0.04066103220934623,155.6133056133056,0.00040677572130043416
2025-08-21,34435,1864,2328,4.916,1644.8,48.1,2.924,1.0,motorspain_77,4.0,0.14285714285714285,2025-08,0.011616088282270945,155.63138389225347,0.00011617437774091854
2025-08-22,34444,1865,2328,4.916,1645.3,48.1,2.923,1.0,motorspain_77,9.0,0.14285714285714285,2025-08,0.02612936941121821,155.67206001988612,0.0002613619863511829
2025-08-23,34454,1865,2328,4.918,1646.4,48.2,2.928,0.0,motorspain_77,10.0,0.0,2025-08,0.02902420618796076,155.7172557172557,0.00029032632679126813
2025-08-24,34467,1866,2328,4.918,1646.8,48.4,2.939,0.0,motorspain_77,13.0,0.0,2025-08,0.03771723677720719,155.77601012383622,0.0003773146804435523
2025-08-25,34483,1864,2328,4.918,1647.5,48.4,2.938,0.0,motorspain_77,16.0,0.0,2025-08,0.04639967520227359,155.84832323962758,0.0004642121449502934
2025-08-26,34496,1864,2328,4.917,1647.8,48.4,2.937,0.0,motorspain_77,13.0,0.0,2025-08,0.037685528756957326,155.90707764620808,0.0003769973610183719
2025-08-27,34506,1864,2328,4.916,1647.9,48.4,2.937,0.0,motorspain_77,10.0,0.0,2025-08,0.0289804671651307,155.95227334357767,0.00028988868274582025
2025-08-28,34517,1865,2328,4.915,1648.1,48.4,2.937,0.0,motorspain_77,11.0,0.0,2025-08,0.031868354723759304,156.00198861068426,0.00031878513881644643
2025-08-29,34529,1863,2328,4.914,1648.3,48.4,2.936,0.0,motorspain_77,12.0,0.0,2025-08,0.03475339569637116,156.0562234475278,0.00034765477880460693
2025-08-30,34531,1864,2328,4.914,1648.3,48.4,2.936,0.0,motorspain_77,2.0,0.0,2025-08,0.005791897135906866,156.0652625870017,5.792232616053106e-05
2025-08-31,34532,1864,2328,4.913,1648.3,48.4,2.936,0.0,motorspain_77,1.0,0.0,2025-08,0.002895864705200973,156.06978215673868,2.8959485679491692e-05
2025-09-01,34527,1863,2329,4.914,1648.3,48.4,2.936,0.0,motorspain_77,-5.0,0.0,2025-09,-0.014481420337706722,156.04718430805386,-0.0001447932352600656
2025-09-02,34529,1863,2330,4.914,1648.3,48.4,2.936,2.0,motorspain_77,2.0,0.2857142857142857,2025-09,0.005792232616061862,156.0562234475278,5.792568135087883e-05
2025-09-03,34540,1864,2331,4.913,1648.4,48.4,2.936,3.0,motorspain_77,11.0,0.42857142857142855,2025-09,0.03184713375796178,156.10593871463436,0.0003185727938834759
2025-09-04,34536,1863,2331,4.905,1645.1,48.8,2.966,3.0,motorspain_77,-4.0,0.42857142857142855,2025-09,-0.011582117211026175,156.0878604356865,-0.00011580775911990138
2025-09-05,34546,1864,2333,4.912,1648.1,48.8,2.961,3.0,motorspain_77,10.0,0.42857142857142855,2025-09,0.0289469113645574,156.13305613305613,0.0002895529302755495
2025-09-06,34562,1864,2333,4.736,1585.0,51.9,3.274,5.0,motorspain_77,16.0,0.7142857142857143,2025-09,0.04629361726751924,156.20536924884752,0.00046315058183288293
2025-09-07,34567,1862,2333,4.815,1612.1,52.4,3.25,5.0,motorspain_77,5.0,0.7142857142857143,2025-09,0.014464662828709462,156.22796709753231,0.0001446675539609199
2025-09-08,34570,1862,2333,4.855,1625.8,52.5,3.229,4.0,motorspain_77,3.0,0.5714285714285714,2025-09,0.008678044547295342,156.2415258067432,8.678797697214691e-05
2025-09-09,34583,1863,2333,4.868,1631.0,52.5,3.219,4.0,motorspain_77,13.0,0.5714285714285714,2025-09,0.037590723766012205,156.3002802133237,0.0003760485970494276
2025-09-10,34597,1864,2333,4.888,1638.5,52.5,3.204,2.0,motorspain_77,14.0,0.2857142857142857,2025-09,0.04046593635286296,156.36355418964115,0.00040482317901857634
2025-09-11,34609,1865,2333,4.892,1640.4,52.5,3.2,2.0,motorspain_77,12.0,0.2857142857142857,2025-09,0.03467306192030974,156.41778902648468,0.000346850883024441
2025-09-12,34617,1864,2333,4.908,1646.5,52.6,3.195,0.0,motorspain_77,8.0,0.0,2025-09,0.023110032642921108,156.45394558438036,0.00023115374613547068
2025-09-13,34618,1864,2336,4.91,1647.3,52.6,3.193,0.0,motorspain_77,1.0,0.0,2025-09,0.002888670633774337,156.45846515411733,2.8887540803657075e-05
2025-09-14,34638,1863,2336,4.916,1645.5,57.3,3.482,3.0,motorspain_77,20.0,0.42857142857142855,2025-09,0.057740054275651015,156.54885654885655,0.0005777341267547698
2025-09-15,34656,1863,2336,4.924,1649.3,57.3,3.474,3.0,motorspain_77,18.0,0.42857142857142855,2025-09,0.051939058171745156,156.63020880412185,0.0005196604884809553
2025-09-16,34664,1864,2336,4.945,1656.6,57.4,3.465,3.0,motorspain_77,8.0,0.42857142857142855,2025-09,0.02307869836141242,156.66636536201756,0.00023084025854114287
2025-09-17,34676,1863,2336,4.949,1658.7,57.4,3.461,3.0,motorspain_77,12.0,0.42857142857142855,2025-09,0.034606067597185375,156.72060019886106,0.00034618047542123165
2025-09-18,34672,1863,2336,4.965,1664.0,57.5,3.456,3.0,motorspain_77,-4.0,0.42857142857142855,2025-09,-0.011536686663590217,156.70252191991324,-0.00011535355865732733
2025-09-19,34673,1863,2338,4.865,1623.6,63.4,3.905,5.0,motorspain_77,1.0,0.7142857142857143,2025-09,0.002884088483834684,156.70704148965018,2.8841716658956074e-05
2025-09-20,34682,1863,2339,4.486,1508.9,47.1,3.121,3.0,motorspain_77,9.0,0.42857142857142855,2025-09,0.025950060550141287,156.74771761728283,0.00025956796354509315
2025-09-21,34689,1864,2339,4.196,1415.6,40.0,2.826,3.0,motorspain_77,7.0,0.42857142857142855,2025-09,0.02017930756147482,156.77935460544157,0.00020183380427885034
2025-09-22,34689,1863,2339,4.211,1420.6,40.0,2.816,3.0,motorspain_77,0.0,0.42857142857142855,2025-09,0.0,156.77935460544157,0.0
2025-09-23,34694,1863,2339,4.123,1393.5,37.0,2.655,3.0,motorspain_77,5.0,0.42857142857142855,2025-09,0.014411713841009973,156.80195245412636,0.0001441379111533081
2025-09-24,34693,1863,2339,4.129,1395.6,37.0,2.651,3.0,motorspain_77,-1.0,0.42857142857142855,2025-09,-0.002882425849595019,156.79743288438942,-2.882342768206758e-05
2025-09-25,34694,1862,2339,4.132,1396.4,37.0,2.65,3.0,motorspain_77,1.0,0.42857142857142855,2025-09,0.0028823427682019946,156.80195245412636,2.8824258496040756e-05
2025-09-26,34682,1861,2339,4.137,1397.8,37.0,2.647,1.0,motorspain_77,-12.0,0.14285714285714285,2025-09,-0.034600080733521714,156.74771761728283,-0.00034588113218425587
2025-09-27,34682,1862,2339,4.142,1399.5,37.0,2.644,0.0,motorspain_77,0.0,0.0,2025-09,0.0,156.74771761728283,0.0
2025-09-28,34701,1861,2342,4.092,1392.9,27.1,1.946,3.0,motorspain_77,19.0,0.42857142857142855,2025-09,0.05475346531800236,156.8335894422851,0.0005478346116141175
2025-09-29,34740,1861,2344,4.094,1394.1,28.0,2.008,5.0,motorspain_77,39.0,0.7142857142857143,2025-09,0.11226252158894647,157.0098526620266,0.0011238869196852352
2025-09-30,34757,1861,2346,4.716,1618.9,20.3,1.254,6.0,motorspain_77,17.0,0.8571428571428571,2025-09,0.048911010731651175,157.08668534755492,0.0004893494530799902
2025-10-01,34760,1862,2347,4.871,1672.9,20.4,1.219,7.0,motorspain_77,3.0,1.0,2025-10,0.00863060989643268,157.1002440567658,8.631354834998106e-05
2025-10-02,34758,1862,2348,5.143,1765.9,21.7,1.229,9.0,motorspain_77,-2.0,1.2857142857142858,2025-10,-0.005754071005236205,157.09120491729186,-5.7537399309581794e-05
2025-10-03,34769,1861,2351,5.172,1776.6,21.8,1.227,9.0,motorspain_77,11.0,1.2857142857142858,2025-10,0.03163737812419109,157.14092018439845,0.000316473905287884
2025-10-04,34779,1861,2354,5.573,1925.0,13.2,0.686,13.0,motorspain_77,10.0,1.8571428571428572,2025-10,0.028752983121998907,157.18611588176805,0.0002876125284017039
2025-10-05,34792,1861,2353,5.696,1965.8,16.0,0.814,15.0,motorspain_77,13.0,2.142857142857143,2025-10,0.03736491147390204,157.24487028834855,0.00037378878058591525
2025-10-06,34808,1862,2355,5.235,1789.3,33.0,1.844,10.0,motorspain_77,16.0,1.4285714285714286,2025-10,0.04596644449551827,157.3171834041399,0.00045987583352502526
2025-10-07,34815,1859,2357,5.847,1992.8,42.7,2.143,11.0,motorspain_77,7.0,1.5714285714285714,2025-10,0.020106276030446648,157.34882039229865,0.00020110319466781768
2025-10-08,34818,1859,2359,5.946,2026.8,43.5,2.146,12.0,motorspain_77,3.0,1.7142857142857142,2025-10,0.008616232982939858,157.36237910150953,8.616975441610997e-05
2025-10-09,34837,1859,2360,6.28,2143.3,44.6,2.081,12.0,motorspain_77,19.0,1.7142857142857142,2025-10,0.05453971352297844,157.4482509265118,0.0005456947555861902
2025-10-10,34853,1859,2362,6.659,2268.3,52.6,2.319,11.0,motorspain_77,16.0,1.5714285714285714,2025-10,0.04590709551545061,157.52056404230316,0.0004592817980881847
2025-10-11,34869,1859,2363,6.712,2287.1,53.3,2.33,11.0,motorspain_77,16.0,1.5714285714285714,2025-10,0.04588603057156787,157.59287715809455,0.0004590709551544059
2025-10-12,34879,1861,2365,5.685,1924.8,58.1,3.018,12.0,motorspain_77,10.0,1.7142857142857142,2025-10,0.02867054674732647,157.63807285546417,0.00028678769107237656
2025-10-13,34899,1862,2366,6.327,2152.9,55.0,2.555,12.0,motorspain_77,20.0,1.7142857142857142,2025-10,0.05730823232757386,157.72846425020336,0.00057341093494645
2025-10-14,34914,1862,2368,6.139,2086.9,56.6,2.712,11.0,motorspain_77,15.0,1.5714285714285714,2025-10,0.04296270836913559,157.79625779625778,0.0004298117424568204
2025-10-15,34940,1861,2370,6.34,2158.1,57.1,2.646,11.0,motorspain_77,26.0,1.5714285714285714,2025-10,0.07441327990841443,157.9137666094188,0.0007446869450649096
2025-10-16,34962,1862,2371,6.408,2183.0,57.4,2.629,11.0,motorspain_77,22.0,1.5714285714285714,2025-10,0.06292546193009553,158.01319714363194,0.0006296508299943326
2025-10-17,34972,1862,2373,6.586,2244.4,58.9,2.624,11.0,motorspain_77,10.0,1.5714285714285714,2025-10,0.028594304014640283,158.05839284100153,0.0002860248269549448
2025-10-18,34971,1860,2380,6.797,2315.5,61.4,2.652,14.0,motorspain_77,-1.0,2.0,2025-10,-0.0028595121672242716,158.05387327126456,-2.8594304014695204e-05
2025-10-19,34970,1861,2384,7.283,2495.9,50.9,2.039,19.0,motorspain_77,-1.0,2.7142857142857144,2025-10,-0.0028595939376608523,158.04935370152762,-2.859512167219247e-05
2025-10-20,34977,1861,2385,7.907,2707.4,58.3,2.153,18.0,motorspain_77,7.0,2.5714285714285716,2025-10,0.020013151499556854,158.08099068968636,0.00020017157563634314
2025-10-21,34985,1862,2385,7.941,2719.3,59.0,2.17,18.0,motorspain_77,8.0,2.5714285714285716,2025-10,0.022866942975560956,158.11714724758204,0.00022872173142340912
2025-10-22,34987,1862,2385,7.767,2662.6,55.0,2.066,15.0,motorspain_77,2.0,2.142857142857143,2025-10,0.0057164089518964185,158.12618638705595,5.716735743899193e-05
2025-10-23,35000,1861,2386,7.823,2682.6,55.6,2.073,15.0,motorspain_77,13.0,2.142857142857143,2025-10,0.037142857142857144,158.18494079363646,0.00037156658187331715
2025-10-24,35008,1861,2391,9.09,3137.2,45.0,1.434,15.0,motorspain_77,8.0,2.142857142857143,2025-10,0.022851919561243144,158.22109735153214,0.00022857142857146684
2025-10-25,35022,1863,2395,5.898,2006.7,59.0,2.94,17.0,motorspain_77,14.0,2.4285714285714284,2025-10,0.03997487293701102,158.28437132784958,0.0003999085923218626
2025-10-26,35054,1862,2398,5.169,1769.3,42.7,2.413,14.0,motorspain_77,32.0,2.0,2025-10,0.0912877275061334,158.42899755943233,0.0009137113814174924
2025-10-27,35058,1863,2399,5.233,1791.0,43.7,2.44,15.0,motorspain_77,4.0,2.142857142857143,2025-10,0.01140966398539563,158.4470758383802,0.00011410965938263296
2025-10-28,35064,1863,2400,5.482,1878.0,44.3,2.359,15.0,motorspain_77,6.0,2.142857142857143,2025-10,0.017111567419575632,158.47419325680195,0.00017114495978098887
2025-10-29,35065,1863,2400,5.55,1901.3,44.7,2.351,15.0,motorspain_77,1.0,2.142857142857143,2025-10,0.002851846570654499,158.47871282653892,2.8519279032579448e-05
2025-10-30,35066,1865,2403,5.82,1995.7,45.0,2.255,17.0,motorspain_77,1.0,2.4285714285714284,2025-10,0.0028517652426852218,158.48323239627587,2.851846570650629e-05
2025-10-31,35075,1865,2403,5.965,2047.3,45.0,2.198,12.0,motorspain_77,9.0,1.7142857142857142,2025-10,0.02565930149679259,158.52390852390852,0.0002566588718415641
2025-11-01,35073,1865,2403,6.003,2060.0,45.3,2.199,10.0,motorspain_77,-2.0,1.4285714285714286,2025-11,-0.005702392153508397,158.5148693844346,-5.702066999291322e-05
2025-11-02,35073,1865,2403,5.26,1808.0,36.8,2.035,8.0,motorspain_77,0.0,1.1428571428571428,2025-11,0.0,158.5148693844346,0.0
2025-11-03,35075,1865,2405,5.291,1819.0,36.8,2.023,5.0,motorspain_77,2.0,0.7142857142857143,2025-11,0.005702066999287241,158.52390852390852,5.7023921535170885e-05
2025-11-04,35078,1865,2406,5.333,1834.0,36.8,2.007,6.0,motorspain_77,3.0,0.8571428571428571,2025-11,0.00855236900621472,158.5374672331194,8.55310049892033e-05
2025-11-05,35071,1865,2407,5.343,1837.0,36.8,2.003,6.0,motorspain_77,-7.0,0.8571428571428571,2025-11,-0.019959510706851813,158.5058302449607,-0.0001995552768117026
2025-11-06,35067,1864,2409,5.361,1843.0,36.8,1.997,7.0,motorspain_77,-4.0,1.0,2025-11,-0.011406735677417516,158.48775196601284,-0.00011405434689626404
2025-11-07,35105,1863,2414,4.309,1478.5,34.0,2.3,7.0,motorspain_77,38.0,1.0,2025-11,0.10824668850591085,158.65949561601735,0.0010836398893545596
2025-11-08,35182,1864,2419,3.747,1300.3,18.0,1.384,12.0,motorspain_77,77.0,1.7142857142857142,2025-11,0.21886191802626345,159.00750248576335,0.00219341974077758
2025-11-09,35227,1863,2424,12.312,4268.8,68.5,1.605,21.0,motorspain_77,45.0,3.0,2025-11,0.12774292446135066,159.2108831239266,0.0012790631572963118
2025-11-10,35277,1863,2427,12.82,4451.3,71.2,1.6,21.0,motorspain_77,50.0,3.0,2025-11,0.14173540833971143,159.43686161077466,0.0014193658273482512
2025-11-11,35498,1862,2429,15.276,5331.2,91.5,1.716,23.0,motorspain_77,221.0,3.2857142857142856,2025-11,0.6225702856498957,160.43568652264304,0.0062647050486153155
2025-11-12,35609,1862,2432,23.011,8028.2,165.7,2.064,26.0,motorspain_77,111.0,3.7142857142857144,2025-11,0.31171894745710355,160.93735876344573,0.003126936728829799
2025-11-13,35666,1863,2433,20.591,7192.6,151.3,2.104,24.0,motorspain_77,57.0,3.4285714285714284,2025-11,0.15981607132843606,161.19497423845252,0.0016007189193742999
2025-11-14,35674,1863,2434,21.234,7423.3,151.7,2.044,24.0,motorspain_77,8.0,3.4285714285714284,2025-11,0.022425295733587487,161.2311307963482,0.000224303258004932
2025-11-15,35698,1863,2434,21.959,7683.7,155.1,2.019,16.0,motorspain_77,24.0,2.2857142857142856,2025-11,0.06723065717967393,161.33960047003526,0.0006727588720076838
2025-11-16,35710,1863,2437,22.129,7746.1,156.1,2.015,13.0,motorspain_77,12.0,1.8571428571428572,2025-11,0.033604032483898066,161.3938353068788,0.00033615328589831073
2025-11-17,35777,1863,2443,12.861,4483.0,118.2,2.637,13.0,motorspain_77,67.0,1.8571428571428572,2025-11,0.18727115185733853,161.69664647925518,0.001876225147017685
2025-11-18,35819,1861,2451,14.811,5166.4,138.8,2.687,16.0,motorspain_77,42.0,2.2857142857142856,2025-11,0.1172562048075044,161.88646840820752,0.0011739385638818156
2025-11-19,35950,1862,2452,14.939,5239.6,130.8,2.496,21.0,motorspain_77,131.0,3.0,2025-11,0.36439499304589706,162.47853204374942,0.0036572768642340048
2025-11-20,36008,1861,2455,6.784,2414.3,28.6,1.185,21.0,motorspain_77,58.0,3.0,2025-11,0.1610753165963119,162.74066708849318,0.0016133518776078049
2025-11-21,36057,1859,2457,6.581,2343.8,29.0,1.237,21.0,motorspain_77,49.0,3.0,2025-11,0.13589594253543,162.96212600560426,0.0013608087091756538
2025-11-22,36087,1859,2459,6.333,2258.4,26.9,1.191,23.0,motorspain_77,30.0,3.2857142857142856,2025-11,0.08313242996092775,163.0977130977131,0.0008320159747066125
2025-11-23,36111,1863,2461,6.442,2299.2,27.1,1.179,23.0,motorspain_77,24.0,3.2857142857142856,2025-11,0.0664617429592091,163.20618277140017,0.000665059439687532
2025-11-24,36129,1861,2463,6.16,2199.0,26.7,1.214,21.0,motorspain_77,18.0,3.0,2025-11,0.04982147305488666,163.28753502666547,0.0004984630721940331
2025-11-25,36387,1862,2465,6.125,2205.5,23.3,1.056,18.0,motorspain_77,258.0,2.5714285714285716,2025-11,0.709044438947976,164.45358401880142,0.007141077804533769
2025-11-26,36510,1863,2467,11.282,4062.3,56.6,1.393,12.0,motorspain_77,123.0,1.7142857142857142,2025-11,0.3368940016433854,165.00949109644762,0.003380328139170663
2025-11-27,36538,1863,2467,12.03,4331.8,63.8,1.473,10.0,motorspain_77,28.0,1.4285714285714286,2025-11,0.076632546937435,165.1360390490825,0.0007669131744727498
2025-11-28,36561,1864,2469,12.284,4425.8,65.2,1.473,11.0,motorspain_77,23.0,1.5714285714285714,2025-11,0.06290856377013758,165.23998915303264,0.0006294816355574273
2025-11-29,36573,1865,2471,12.369,4458.2,65.5,1.469,10.0,motorspain_77,12.0,1.4285714285714286,2025-11,0.03281109014847018,165.29422398987617,0.0003282185935833404
2025-11-30,36631,1864,2473,12.623,4557.6,66.4,1.457,10.0,motorspain_77,58.0,1.4285714285714286,2025-11,0.1583358357675193,165.5563590346199,0.001585869357175973
2025-12-01,36687,1865,2474,12.668,4580.7,66.8,1.458,11.0,motorspain_77,56.0,1.5714285714285714,2025-12,0.1526426254531578,165.80945493988972,0.0015287597936173292
2025-12-02,36730,1863,2476,12.76,4622.3,64.3,1.391,9.0,motorspain_77,43.0,1.2857142857142858,2025-12,0.11707051456575007,166.00379643857906,0.001172077302586727
2025-12-03,36780,1862,2478,13.899,5046.3,65.7,1.302,10.0,motorspain_77,50.0,1.4285714285714286,2025-12,0.13594344752582926,166.2297749254271,0.0013612850530901888
2025-12-04,36827,1862,2480,14.262,5186.8,65.5,1.263,11.0,motorspain_77,47.0,1.5714285714285714,2025-12,0.12762375431069595,166.44219470306427,0.0012778684067427104
2025-12-05,36859,1861,2481,15.502,5648.0,65.9,1.167,11.0,motorspain_77,32.0,1.5714285714285714,2025-12,0.08681733090968285,166.58682093464702,0.0008689276889239927
2025-12-06,36891,1864,2483,15.673,5715.3,66.6,1.165,12.0,motorspain_77,32.0,1.7142857142857142,2025-12,0.08674202379984278,166.73144716622977,0.0008681733090967203
2025-12-07,36911,1866,2486,16.839,6139.3,76.2,1.241,12.0,motorspain_77,20.0,1.7142857142857142,2025-12,0.05418438947739156,166.82183856096898,0.0005421376487491081
2025-12-08,36942,1866,2488,17.673,6448.4,80.4,1.247,13.0,motorspain_77,31.0,1.8571428571428572,2025-12,0.08391532672838503,166.9619452228148,0.0008398580368995656
2025-12-09,36967,1866,2491,12.715,4655.0,45.3,0.973,15.0,motorspain_77,25.0,2.142857142857143,2025-12,0.06762788432926665,167.07493446623883,0.0006767365058739649
2025-12-10,36987,1866,2492,12.085,4424.5,45.2,1.022,14.0,motorspain_77,20.0,2.0,2025-12,0.054073052694189855,167.16532586097804,0.000541023074634106
2025-12-11,37023,1867,2493,11.171,4098.3,37.4,0.913,14.0,motorspain_77,36.0,2.0,2025-12,0.09723685276719876,167.32803037150862,0.0009733149484953962
2025-12-12,37038,1868,2495,10.171,3732.4,34.9,0.935,14.0,motorspain_77,15.0,2.0,2025-12,0.04049894702737729,167.39582391756304,0.0004051535531965911
2025-12-13,37063,1867,2498,9.585,3516.8,35.8,1.018,15.0,motorspain_77,25.0,2.142857142857143,2025-12,0.06745271564633193,167.50881316098707,0.000674982450456385
2025-12-14,37103,1867,2499,9.191,3372.3,37.9,1.124,13.0,motorspain_77,40.0,1.8571428571428572,2025-12,0.10780799396275234,167.6895959504655,0.0010792434503412718
2025-12-15,37124,1867,2500,9.433,3463.4,38.5,1.112,12.0,motorspain_77,21.0,1.7142857142857142,2025-12,0.056567180260747765,167.7845069149417,0.0005659919683045356
2025-12-16,37130,1867,2502,9.513,3493.5,38.6,1.105,11.0,motorspain_77,6.0,1.5714285714285714,2025-12,0.016159439806086723,167.81162433336348,0.00016162051503076924
2025-12-17,37145,1866,2505,7.213,2640.9,38.4,1.454,12.0,motorspain_77,15.0,1.7142857142857142,2025-12,0.04038228563736707,167.87941787941787,0.00040398599515212297
2025-12-18,37152,1865,2507,5.623,2065.1,24.0,1.162,14.0,motorspain_77,7.0,2.0,2025-12,0.018841515934539192,167.9110548675766,0.00018845066630768237
2025-12-19,37181,1865,2509,6.385,2347.4,26.6,1.133,14.0,motorspain_77,29.0,2.0,2025-12,0.07799682633603185,168.04212238994847,0.0007805770887165941
2025-12-20,37205,1865,2510,6.002,2206.1,26.8,1.215,12.0,motorspain_77,24.0,1.7142857142857142,2025-12,0.06450745867490928,168.15059206363554,0.0006454909765740702
2025-12-21,37217,1866,2512,6.244,2284.6,39.2,1.716,13.0,motorspain_77,12.0,1.8571428571428572,2025-12,0.032243329661176344,168.20482690047908,0.000322537293374614
2025-12-22,37221,1867,2514,6.24,2285.3,37.3,1.632,14.0,motorspain_77,4.0,2.0,2025-12,0.010746621530856237,168.22290517942693,0.00010747776553721167
2025-12-23,37230,1866,2515,6.307,2309.5,38.6,1.671,14.0,motorspain_77,9.0,2.0,2025-12,0.024174053182917002,168.26358130705955,0.00024179898444431913
2025-12-24,37232,1866,2515,6.929,2534.1,45.7,1.803,10.0,motorspain_77,2.0,1.4285714285714286,2025-12,0.005371723248818221,168.2726204465335,5.372011818427502e-05
2025-12-25,37237,1867,2515,6.462,2364.0,42.4,1.794,8.0,motorspain_77,5.0,1.1428571428571428,2025-12,0.013427504901039288,168.2952182952183,0.00013429308122048234
2025-12-26,37238,1867,2517,6.734,2458.4,49.1,1.997,9.0,motorspain_77,1.0,1.2857142857142858,2025-12,0.002685428862989419,168.29973786495523,2.6855009802151386e-05
2025-12-27,37247,1867,2518,6.99,2548.2,55.2,2.166,9.0,motorspain_77,9.0,1.2857142857142858,2025-12,0.02416301984052407,168.3404139925879,0.00024168859766904305
2025-12-28,37261,1868,2520,6.425,2348.9,45.0,1.916,8.0,motorspain_77,14.0,1.1428571428571428,2025-12,0.0375727972947586,168.40368796890536,0.00037586919751930736
2025-12-29,37287,1868,2523,6.574,2405.4,45.7,1.9,8.0,motorspain_77,26.0,1.1428571428571428,2025-12,0.069729396304342,168.52119678206634,0.0006977805211882959
2025-12-30,37294,1866,2523,8.433,3093.0,52.1,1.684,8.0,motorspain_77,7.0,1.1428571428571428,2025-12,0.018769775298975708,168.55283377022508,0.00018773299005014898
2025-12-31,37313,1867,2524,7.928,2910.4,47.7,1.639,8.0,motorspain_77,19.0,1.1428571428571428,2025-12,0.05092059067885187,168.63870559522732,0.0005094653295436569
2026-01-01,37318,1867,2525,8.245,3027.9,48.8,1.612,10.0,motorspain_77,5.0,1.4285714285714286,2026-01,0.013398360040731014,168.66130344391215,0.0001340015544180062
2026-01-02,37324,1866,2525,8.455,3106.6,49.1,1.581,9.0,motorspain_77,6.0,1.2857142857142858,2026-01,0.016075447433286892,168.6884208623339,0.00016078032048882918
2026-01-03,37330,1865,2525,8.739,3212.4,49.8,1.55,7.0,motorspain_77,6.0,1.0,2026-01,0.016072863648540048,168.71553828075568,0.00016075447433294698
2026-01-04,37334,1865,2525,8.903,3273.7,50.3,1.536,5.0,motorspain_77,4.0,0.7142857142857143,2026-01,0.010714094391171585,168.7336165597035,0.00010715242432368655
2026-01-05,37355,1864,2526,9.09,3344.0,51.4,1.537,3.0,motorspain_77,21.0,0.42857142857142855,2026-01,0.056217373845536066,168.8285275241797,0.0005624899555365381
2026-01-06,37388,1866,2526,9.194,3385.1,52.3,1.545,3.0,motorspain_77,33.0,0.42857142857142855,2026-01,0.0882636139937948,168.9776733254994,0.0008834158747155207
2026-01-07,37405,1866,2527,10.079,3719.2,50.8,1.366,4.0,motorspain_77,17.0,0.5714285714285714,2026-01,0.04544846945595509,169.05450601102777,0.00045469134481646023
2026-01-08,37413,1868,2527,10.311,3806.3,51.4,1.35,2.0,motorspain_77,8.0,0.2857142857142857,2026-01,0.021382941758212388,169.09066256892345,0.00021387515038107097
2026-01-09,37417,1868,2528,9.785,3611.9,49.5,1.37,3.0,motorspain_77,4.0,0.42857142857142855,2026-01,0.010690327925809123,169.10874084787127,0.00010691470879109488
2026-01-10,37431,1869,2528,9.97,3681.2,50.5,1.372,3.0,motorspain_77,14.0,0.42857142857142855,2026-01,0.03740215329539687,169.17201482418872,0.00037416147740332306
2026-01-11,37444,1869,2529,10.026,3703.6,50.7,1.369,4.0,motorspain_77,13.0,0.5714285714285714,2026-01,0.03471851297938255,169.23076923076923,0.0003473057091716303
2026-01-12,37458,1870,2530,10.715,3958.9,54.6,1.379,4.0,motorspain_77,14.0,0.5714285714285714,2026-01,0.03737519355010946,169.29404320708667,0.00037389167823942415
2026-01-13,37452,1870,2530,9.466,3498.9,46.4,1.326,4.0,motorspain_77,-6.0,0.5714285714285714,2026-01,-0.016020506247997435,169.2669257886649,-0.00016017940092905025
2026-01-14,37455,1869,2532,8.629,3187.4,44.5,1.396,4.0,motorspain_77,3.0,0.5714285714285714,2026-01,0.008009611533840609,169.28048449787582,8.010253124002276e-05
2026-01-15,37462,1868,2533,8.283,3062.5,40.6,1.326,6.0,motorspain_77,7.0,0.8571428571428571,2026-01,0.01868560140942822,169.31212148603453,0.00018689093578960758
2026-01-16,37459,1867,2534,8.44,3133.2,28.3,0.903,6.0,motorspain_77,-3.0,0.8571428571428571,2026-01,-0.008008756240155903,169.29856277682364,-8.008114889757056e-05
2026-01-17,37467,1869,2538,8.482,3149.6,28.5,0.905,6.0,motorspain_77,8.0,0.8571428571428571,2026-01,0.021352123201750874,169.33471933471932,0.00021356683307072188
2026-01-18,37488,1868,2539,8.598,3194.6,28.6,0.895,6.0,motorspain_77,21.0,0.8571428571428571,2026-01,0.056017925736235596,169.4296302991955,0.0005604932340459445
2026-01-19,37505,1868,2545,8.657,3218.1,28.6,0.889,7.0,motorspain_77,17.0,1.0,2026-01,0.045327289694707375,169.50646298472384,0.000453478446436284
2026-01-20,37529,1868,2548,9.876,3677.7,28.7,0.78,12.0,motorspain_77,24.0,1.7142857142857142,2026-01,0.06395054491193476,169.6149326584109,0.0006399146780429188
2026-01-21,37541,1868,2551,9.188,3422.3,27.1,0.792,12.0,motorspain_77,12.0,1.7142857142857142,2026-01,0.031965051543645616,169.66916749525444,0.000319752724559752
2026-01-22,37555,1867,2554,7.091,2641.2,21.7,0.822,15.0,motorspain_77,14.0,2.142857142857143,2026-01,0.037278657968313145,169.73244147157192,0.00037292560134249975
2026-01-23,37553,1867,2557,5.649,2103.8,17.4,0.827,18.0,motorspain_77,-2.0,2.5714285714285716,2026-01,-0.005325806193912604,169.723402332098,-5.3255225669013306e-05
2026-01-24,37563,1869,2557,5.825,2170.1,18.1,0.834,17.0,motorspain_77,10.0,2.4285714285714284,2026-01,0.026621941804435216,169.7685980294676,0.0002662903096957159
2026-01-25,37568,1870,2558,5.303,1975.8,16.3,0.825,17.0,motorspain_77,5.0,2.4285714285714284,2026-01,0.013309199318568995,169.7911958781524,0.00013310970902224994
2026-01-26,37574,1872,2561,5.323,1979.7,20.3,1.025,15.0,motorspain_77,6.0,2.142857142857143,2026-01,0.015968488848671955,169.81831329657416,0.0001597103918227205
2026-01-27,37571,1872,2562,5.448,2026.1,20.7,1.022,14.0,motorspain_77,-3.0,2.0,2026-01,-0.007984881956828404,169.80475458736328,-7.984244424330544e-05
2026-01-28,37596,1872,2565,5.311,1972.0,24.8,1.258,13.0,motorspain_77,25.0,1.8571428571428572,2026-01,0.0664964357910416,169.91774383078732,0.0006654068297355931
2026-01-29,37831,1873,2572,5.599,2093.0,25.3,1.209,13.0,motorspain_77,235.0,1.8571428571428572,2026-01,0.6211836853374217,170.97984271897315,0.006250664964357888
2026-01-30,37982,1873,2578,5.158,1930.4,28.9,1.497,18.0,motorspain_77,151.0,2.5714285714285716,2026-01,0.3975567374019272,171.66229774925426,0.003991435595146919
2026-01-31,38024,1873,2581,6.277,2353.9,32.8,1.393,21.0,motorspain_77,42.0,3.0,2026-01,0.11045655375552282,171.85211967820663,0.0011057869517139274
2026-02-01,38055,1873,2584,7.081,2665.8,28.9,1.084,22.0,motorspain_77,31.0,3.142857142857143,2026-02,0.08146104322690842,171.9922263400524,0.0008152745634335545
2026-02-02,38093,1873,2588,6.381,2406.6,24.2,1.006,23.0,motorspain_77,38.0,3.2857142857142856,2026-02,0.09975586065681359,172.16396999005696,0.0009985547234265812
2026-02-03,38236,1873,2595,6.714,2544.5,22.7,0.892,26.0,motorspain_77,143.0,3.7142857142857144,2026-02,0.3739930955120829,172.8102684624424,0.003753970545769647
2026-02-04,38383,1872,2605,9.007,3407.1,50.0,1.468,41.0,motorspain_77,147.0,5.857142857142857,2026-02,0.382982049344762,173.47464521377566,0.003844544408410977
2026-02-05,38494,1871,2614,5.388,2047.2,26.8,1.309,56.0,motorspain_77,111.0,8.0,2026-02,0.28835662700680625,173.97631745457832,0.0028919052705624892
2026-02-06,38596,1870,2616,6.479,2473.2,27.3,1.104,51.0,motorspain_77,102.0,7.285714285714286,2026-02,0.26427609078661,174.43731356774833,0.0026497635995219593
2026-02-07,38700,1870,2618,5.931,2271.6,23.8,1.048,45.0,motorspain_77,104.0,6.428571428571429,2026-02,0.268733850129199,174.9073488203923,0.002694579749196846
2026-02-08,38771,1870,2619,7.122,2732.9,28.5,1.043,36.0,motorspain_77,71.0,5.142857142857143,2026-02,0.1831265636687215,175.22823827171655,0.0018346253229974963
2026-02-09,38791,1869,2621,5.954,2284.2,25.3,1.108,29.0,motorspain_77,20.0,4.142857142857143,2026-02,0.051558351163929775,175.31862966645576,0.0005158494751231757
2026-02-10,38833,1869,2623,6.201,2380.8,27.3,1.147,26.0,motorspain_77,42.0,3.7142857142857144,2026-02,0.10815543481059924,175.5084515954081,0.0010827253744425391
2026-02-11,38903,1869,2624,5.657,2182.8,18.0,0.825,24.0,motorspain_77,70.0,3.4285714285714284,2026-02,0.17993470940544432,175.8248214769954,0.0018025905801766218
2026-02-12,38929,1872,2626,6.297,2430.7,20.6,0.847,17.0,motorspain_77,26.0,2.4285714285714284,2026-02,0.06678825554214081,175.94233029015638,0.0006683289206488308
2026-02-13,38974,1873,2628,7.329,2828.2,28.3,1.001,11.0,motorspain_77,45.0,1.5714285714285714,2026-02,0.11546158977780059,176.14571092831963,0.001155950576690934
2026-02-14,38977,1873,2629,7.481,2886.6,29.2,1.012,10.0,motorspain_77,3.0,1.4285714285714286,2026-02,0.007696846858403674,176.1592696375305,7.697439318521404e-05
2026-02-15,39002,1873,2629,7.091,2736.2,29.6,1.082,10.0,motorspain_77,25.0,1.4285714285714286,2026-02,0.06409927696015588,176.27225888095452,0.0006414039048669995
2026-02-16,39027,1873,2629,7.373,2846.9,30.4,1.068,7.0,motorspain_77,25.0,1.0,2026-02,0.06405821610679786,176.38524812437856,0.0006409927696016116
2026-02-17,39039,1873,2631,7.439,2873.5,30.7,1.068,6.0,motorspain_77,12.0,0.8571428571428571,2026-02,0.030738492276953813,176.4394829612221,0.00030747943731257443
2026-02-18,39054,1872,2632,6.707,2590.7,28.6,1.104,7.0,motorspain_77,15.0,1.0,2026-02,0.03840835765862652,176.50727650727652,0.000384231153461867
2026-02-19,39077,1872,2634,5.916,2283.1,28.8,1.261,8.0,motorspain_77,23.0,1.1428571428571428,2026-02,0.05885815185403178,176.6112266112266,0.0005889281507656108
2026-02-20,39101,1873,2634,6.138,2370.9,29.1,1.227,7.0,motorspain_77,24.0,1.0,2026-02,0.06137950436050229,176.71969628491368,0.0006141720193464373
2026-02-21,39143,1873,2637,6.955,2688.4,34.0,1.265,6.0,motorspain_77,42.0,0.8571428571428571,2026-02,0.10729887847124644,176.90951821386605,0.0010741413263088972
2026-02-22,39210,1872,2644,7.305,2829.0,35.4,1.251,10.0,motorspain_77,67.0,1.4285714285714286,2026-02,0.17087477684264218,177.21232938624243,0.0017116725851364922
2026-02-23,39251,1871,2647,8.071,3131.1,36.9,1.178,15.0,motorspain_77,41.0,2.142857142857143,2026-02,0.10445593742834577,177.39763174545783,0.0010456516194847776
2026-02-24,39282,1870,2648,6.919,2688.8,29.3,1.09,17.0,motorspain_77,31.0,2.4285714285714284,2026-02,0.07891655211038134,177.53773840730364,0.0007897887951899829
2026-02-25,39316,1870,2651,5.703,2215.5,26.7,1.205,18.0,motorspain_77,34.0,2.5714285714285716,2026-02,0.08647878726218333,177.6914037783603,0.0008655363779848102
2026-02-26,39336,1870,2653,6.184,2397.4,35.3,1.472,19.0,motorspain_77,20.0,2.7142857142857144,2026-02,0.0508440105755542,177.7817951730995,0.0005086987486011552
2026-02-27,39382,1870,2659,5.891,2296.2,23.6,1.028,28.0,motorspain_77,46.0,4.0,2026-02,0.11680463155756438,177.98969538099973,0.001169412243237744
2026-02-28,39465,1872,2668,6.734,2631.1,26.6,1.011,26.0,motorspain_77,83.0,3.7142857142857144,2026-02,0.21031293551247943,178.36481966916747,0.0021075618302777155
2026-03-01,39504,1870,2674,3.552,1378.6,24.6,1.784,27.0,motorspain_77,39.0,3.857142857142857,2026-03,0.09872417982989064,178.541082888909,0.0009882174078297279
2026-03-02,39542,1871,2677,3.934,1550.7,5.0,0.322,37.0,motorspain_77,38.0,5.285714285714286,2026-03,0.09610034899600425,178.7128265389135,0.0009619279060348873
2026-03-03,39566,1869,2680,3.971,1536.6,34.4,2.239,36.0,motorspain_77,24.0,5.142857142857143,2026-03,0.06065814082798362,178.82129621260057,0.00060694957260643
2026-03-04,39588,1869,2681,3.756,1456.2,30.8,2.115,33.0,motorspain_77,22.0,4.714285714285714,2026-03,0.05557239567545721,178.9207267468137,0.0005560329575897693
2026-03-05,39607,1868,2682,3.695,1422.4,41.0,2.882,27.0,motorspain_77,19.0,3.857142857142857,2026-03,0.04797131820132805,179.00659857181594,0.0004799434171971484
2026-03-06,39624,1868,2683,3.709,1410.3,59.2,4.198,24.0,motorspain_77,17.0,3.4285714285714284,2026-03,0.042903290934787,179.0834312573443,0.00042921705759080275
2026-03-07,39648,1868,2683,3.577,1357.3,61.0,4.494,19.0,motorspain_77,24.0,2.7142857142857144,2026-03,0.06053268765133172,179.19190093103137,0.0006056935190792423
2026-03-08,39658,1868,2683,3.726,1416.0,61.7,4.357,8.0,motorspain_77,10.0,1.1428571428571428,2026-03,0.02521559332291089,179.23709662840096,0.0002522195318805931
2026-03-09,39652,1868,2684,3.52,1345.5,50.1,3.724,6.0,motorspain_77,-6.0,0.8571428571428571,2026-03,-0.015131645314233834,179.2099792099792,-0.00015129355993748206
2026-03-10,39658,1867,2685,3.589,1372.6,50.9,3.708,6.0,motorspain_77,6.0,0.8571428571428571,2026-03,0.015129355993746534,179.23709662840096,0.0001513164531423694
2026-03-11,39659,1867,2685,3.603,1377.9,50.9,3.694,6.0,motorspain_77,1.0,0.8571428571428571,2026-03,0.002521495751279659,179.24161619813793,2.5215593322913676e-05
2026-03-12,39652,1868,2685,3.658,1399.4,51.1,3.652,4.0,motorspain_77,-7.0,0.5714285714285714,2026-03,-0.017653586199939474,179.2099792099792,-0.00017650470258956386
2026-03-13,39662,1868,2685,3.683,1409.3,51.3,3.64,3.0,motorspain_77,10.0,0.42857142857142855,2026-03,0.02521305027482225,179.25517490734882,0.00025219408857046766
2026-03-14,39658,1868,2685,3.693,1413.1,51.3,3.63,3.0,motorspain_77,-4.0,0.42857142857142855,2026-03,-0.010086237329164355,179.23709662840096,-0.00010085220109934401
2026-03-15,39661,1870,2685,3.723,1425.3,51.4,3.606,3.0,motorspain_77,3.0,0.42857142857142855,2026-03,0.007564105796626409,179.25065533761187,7.564677996874103e-05
2026-03-16,39660,1870,2685,3.728,1427.0,51.4,3.602,3.0,motorspain_77,-1.0,0.42857142857142855,2026-03,-0.0025214321734745334,179.2461357678749,-2.521368598873419e-05
2026-03-17,39647,1870,2685,3.743,1432.4,51.5,3.595,1.0,motorspain_77,-13.0,0.14285714285714285,2026-03,-0.03278936615632961,179.1873813612944,-0.00032778618255169256
2026-03-18,39646,1871,2685,3.757,1438.1,51.5,3.581,0.0,motorspain_77,-1.0,0.0,2026-03,-0.0025223225546082834,179.18286179155746,-2.5222589351003855e-05
2026-03-19,39641,1871,2685,3.773,1444.1,51.5,3.566,0.0,motorspain_77,-5.0,0.0,2026-03,-0.01261320350142529,179.16026394287263,-0.00012611612773039127
2026-03-20,39639,1871,2686,3.789,1450.3,51.5,3.551,1.0,motorspain_77,-2.0,0.14285714285714285,2026-03,-0.005045535962057569,179.15122480339872,-5.045281400573032e-05
2026-03-21,39658,1871,2689,3.804,1456.8,51.8,3.556,1.0,motorspain_77,19.0,0.14285714285714285,2026-03,0.04790962731353069,179.23709662840096,0.00047932591639554545
2026-03-22,39738,1871,2691,2.948,1139.3,32.3,2.835,6.0,motorspain_77,80.0,0.8571428571428571,2026-03,0.20131863707282702,179.59866220735785,0.002017247465832872
2026-03-23,39770,1871,2695,3.502,1345.5,47.3,3.515,10.0,motorspain_77,32.0,1.4285714285714286,2026-03,0.08046266029670607,179.7432884389406,0.0008052745482913792
2026-03-24,39782,1871,2695,3.644,1395.8,54.0,3.869,10.0,motorspain_77,12.0,1.4285714285714286,2026-03,0.030164395957970942,179.79752327578416,0.00030173497611274414
2026-03-25,39782,1871,2696,3.565,1363.3,54.9,4.027,11.0,motorspain_77,0.0,1.5714285714285714,2026-03,0.0,179.79752327578416,0.0
2026-03-26,39794,1872,2697,3.578,1368.4,55.3,4.041,12.0,motorspain_77,12.0,1.7142857142857142,2026-03,0.030155299793938783,179.8517581126277,0.0003016439595797671
2026-03-27,39795,1872,2699,3.478,1336.0,48.1,3.6,13.0,motorspain_77,1.0,1.8571428571428572,2026-03,0.0025128785023244126,179.85627768236463,2.5129416495017765e-05
2026-03-28,39828,1871,2700,3.479,1337.5,48.1,3.596,14.0,motorspain_77,33.0,2.0,2026-03,0.08285628201265442,180.00542348368435,0.0008292499057671598
2026-03-29,39844,1872,2703,3.276,1258.7,46.5,3.694,13.0,motorspain_77,16.0,1.8571428571428572,2026-03,0.040156610782049997,180.0777365994757,0.00040172742794020166
2026-03-30,39855,1873,2705,3.275,1268.3,36.8,2.902,10.0,motorspain_77,11.0,1.4285714285714286,2026-03,0.027600050181909423,180.1274518665823,0.0002760766991265484
2026-03-31,39856,1873,2705,3.278,1269.8,36.7,2.89,10.0,motorspain_77,1.0,1.4285714285714286,2026-03,0.002509032517061421,180.13197143631928,2.5090954710815794e-05
2026-04-01,39859,1875,2705,3.213,1246.1,34.7,2.785,10.0,motorspain_77,3.0,1.4285714285714286,2026-04,0.007526531021852028,180.14553014553013,7.527097551185413e-05
2026-04-02,39864,1875,2706,3.228,1252.0,34.8,2.78,8.0,motorspain_77,5.0,1.1428571428571428,2026-04,0.012542644992976118,180.16812799421496,0.0001254421836975883
2026-04-03,39858,1875,2707,2.94,1136.2,35.8,3.151,8.0,motorspain_77,-6.0,1.1428571428571428,2026-04,-0.015053439710973959,180.1410105757932,-0.0001505117399157596
2026-04-04,39862,1875,2708,3.097,1200.3,34.2,2.849,8.0,motorspain_77,4.0,1.1428571428571428,2026-04,0.01003461943705785,180.15908885474104,0.00010035626473992032
2026-04-05,39858,1875,2709,3.12,1210.2,33.4,2.76,6.0,motorspain_77,-4.0,0.8571428571428571,2026-04,-0.010035626473982638,180.1410105757932,-0.0001003461943706041
2026-04-06,39858,1875,2709,3.156,1224.7,33.4,2.727,4.0,motorspain_77,0.0,0.5714285714285714,2026-04,0.0,180.1410105757932,0.0
2026-04-07,39863,1876,2709,3.17,1230.1,33.4,2.715,4.0,motorspain_77,5.0,0.5714285714285714,2026-04,0.012542959636755889,180.16360842447799,0.00012544533092473387
2026-04-08,39857,1875,2709,3.355,1306.3,30.8,2.358,4.0,motorspain_77,-6.0,0.5714285714285714,2026-04,-0.015053817397194972,180.13649100605622,-0.0001505155156410476
2026-04-09,39848,1873,2709,3.371,1312.3,30.9,2.355,4.0,motorspain_77,-9.0,0.5714285714285714,2026-04,-0.02258582613932945,180.09581487842357,-0.00022580726095788872
2026-04-10,39844,1873,2709,3.422,1332.3,31.2,2.342,2.0,motorspain_77,-4.0,0.2857142857142857,2026-04,-0.010039152695512499,180.0777365994757,-0.00010038144950808014
2026-04-11,39842,1873,2709,3.439,1339.0,31.2,2.33,2.0,motorspain_77,-2.0,0.2857142857142857,2026-04,-0.005019828321871392,180.0686974600018,-5.019576347753407e-05
2026-04-12,39842,1873,2709,3.492,1359.9,31.3,2.302,0.0,motorspain_77,0.0,0.0,2026-04,0.0,180.0686974600018,0.0
2026-04-13,39831,1873,2709,3.503,1363.9,31.3,2.295,0.0,motorspain_77,-11.0,0.0,2026-04,-0.027616680475006903,180.01898219289524,-0.000276090557702946
2026-04-14,39822,1872,2709,3.52,1370.5,31.3,2.284,0.0,motorspain_77,-9.0,0.0,2026-04,-0.02260057254783788,179.9783060652626,-0.00022595465843189277
2026-04-15,39828,1873,2709,3.539,1378.4,31.3,2.271,0.0,motorspain_77,6.0,0.0,2026-04,0.015064778547755347,180.00542348368435,0.00015067048365224878
2026-04-16,39820,1873,2709,3.554,1384.1,31.3,2.261,0.0,motorspain_77,-8.0,0.0,2026-04,-0.020090406830738324,179.96926692578867,-0.00020086371397010083
2026-04-17,39819,1873,2709,3.564,1387.8,31.4,2.263,0.0,motorspain_77,-1.0,0.0,2026-04,-0.0025113639217459,179.9647473560517,-2.5113008538468762e-05
2026-04-18,39817,1873,2709,3.567,1388.8,31.4,2.261,0.0,motorspain_77,-2.0,0.0,2026-04,-0.00502298013411357,179.9557082165778,-5.022727843495556e-05
2026-04-19,39823,1874,2709,3.578,1393.5,31.3,2.246,0.0,motorspain_77,6.0,0.0,2026-04,0.015066670014815558,179.98282563499956,0.00015068940402329645
2026-04-20,39815,1875,2709,3.585,1396.1,31.3,2.242,0.0,motorspain_77,-8.0,0.0,2026-04,-0.02009292980032651,179.94666907710385,-0.0002008889335308739
2026-04-21,39811,1874,2709,3.589,1397.4,31.3,2.24,0.0,motorspain_77,-4.0,0.0,2026-04,-0.01004747431614378,179.92859079815602,-0.00010046464900159702
2026-04-22,39805,1875,2709,3.602,1402.2,31.4,2.239,0.0,motorspain_77,-6.0,0.0,2026-04,-0.015073483230749907,179.90147337973426,-0.0001507121147421575
2026-04-23,39798,1874,2709,3.608,1404.6,31.4,2.236,0.0,motorspain_77,-7.0,0.0,2026-04,-0.017588823558972812,179.86983639157552,-0.0001758573043587619
2026-04-24,39790,1873,2709,3.612,1406.0,31.4,2.233,0.0,motorspain_77,-8.0,0.0,2026-04,-0.020105554159336517,179.83367983367984,-0.0002010151263882598
2026-04-25,39792,1873,2709,3.62,1409.2,31.4,2.228,0.0,motorspain_77,2.0,0.0,2026-04,0.005026135906714918,179.84271897315375,5.0263885398305064e-05
2026-04-26,39788,1874,2709,3.64,1417.0,31.4,2.216,0.0,motorspain_77,-4.0,0.0,2026-04,-0.010053282396702523,179.82464069420593,-0.00010052271813432156
2026-04-27,39784,1875,2709,3.643,1417.8,31.4,2.215,0.0,motorspain_77,-4.0,0.0,2026-04,-0.010054293183189221,179.80656241525807,-0.00010053282396704777
2026-04-28,39781,1875,2709,3.643,1417.9,31.4,2.215,0.0,motorspain_77,-3.0,0.0,2026-04,-0.007541288554837736,179.7930037060472,-7.540719887388914e-05
2026-04-29,39773,1875,2709,3.644,1418.1,31.4,2.214,0.0,motorspain_77,-8.0,0.0,2026-04,-0.020114147788700878,179.7568471481515,-0.00020110102812898045
2026-04-30,39764,1875,2709,3.646,1418.3,31.4,2.214,0.0,motorspain_77,-9.0,0.0,2026-04,-0.022633537873453374,179.71617102051886,-0.00022628416262293616
2026-05-01,39760,1875,2709,3.646,1418.4,31.4,2.214,0.0,motorspain_77,-4.0,0.0,2026-05,-0.01006036217303823,179.698092741571,-0.00010059350165980696
2026-05-02,39757,1875,2709,3.647,1418.5,31.4,2.214,0.0,motorspain_77,-3.0,0.0,2026-05,-0.007545840983977664,179.68453403236012,-7.545271629783024e-05
2026-05-03,39757,1875,2709,3.647,1418.5,31.4,2.214,0.0,motorspain_77,0.0,0.0,2026-05,0.0,179.68453403236012,0.0
2026-05-04,39744,1874,2709,3.648,1418.6,31.4,2.213,0.0,motorspain_77,-13.0,0.0,2026-05,-0.032709339774557165,179.62577962577964,-0.0003269864426390656
2026-05-05,39740,1873,2709,3.649,1418.6,31.4,2.213,0.0,motorspain_77,-4.0,0.0,2026-05,-0.010065425264217413,179.60770134683176,-0.00010064412238319775
2026-05-06,39641,1874,2709,3.658,1418.5,31.4,2.214,0.0,motorspain_77,-99.0,0.0,2026-05,-0.2497414293282208,179.16026394287263,-0.0024911927528937783
2026-05-07,39636,1874,2709,3.658,1418.5,31.4,2.214,0.0,motorspain_77,-5.0,0.0,2026-05,-0.012614794631143407,179.13766609418784,-0.00012613203501421477
2026-05-08,39602,1874,2709,3.661,1418.5,31.4,2.214,0.0,motorspain_77,-34.0,0.0,2026-05,-0.08585424978536438,178.98400072313117,-0.0008578060349176964
2026-05-09,39590,1874,2710,3.662,1418.4,31.4,2.214,1.0,motorspain_77,-12.0,0.14285714285714285,2026-05,-0.030310684516291993,178.9297658862876,-0.0003030149992424569
2026-05-10,39602,1875,2713,3.661,1418.4,31.4,2.214,1.0,motorspain_77,12.0,0.14285714285714285,2026-05,0.030301499924246248,178.98400072313117,0.00030310684516288156
2026-05-11,39605,1876,2714,4.006,1549.7,36.8,2.375,4.0,motorspain_77,3.0,0.5714285714285714,2026-05,0.007574801161469512,178.99755943234203,7.575374981061422e-05
2026-05-12,39604,1876,2714,3.585,1396.1,23.8,1.705,5.0,motorspain_77,-1.0,0.7142857142857143,2026-05,-0.0025249974750025253,178.9930398626051,-2.5249337204935607e-05
2026-05-13,39593,1876,2714,3.587,1396.3,23.8,1.705,5.0,motorspain_77,-11.0,0.7142857142857143,2026-05,-0.027782688859141768,178.9433245954985,-0.0002777497222502534
2026-05-14,39596,1875,2714,3.589,1397.2,23.8,1.703,5.0,motorspain_77,3.0,0.7142857142857143,2026-05,0.0075765228810991,178.9568833047094,7.577096961575158e-05
2026-05-15,39555,1874,2715,3.592,1397.2,23.8,1.703,5.0,motorspain_77,-41.0,0.7142857142857143,2026-05,-0.10365314119580331,178.77158094549398,-0.0010354581270834995
2026-05-16,39555,1873,2716,3.767,1464.0,25.9,1.769,6.0,motorspain_77,0.0,0.8571428571428571,2026-05,0.0,178.77158094549398,0.0
2026-05-17,39572,1873,2719,3.765,1464.1,25.9,1.769,6.0,motorspain_77,17.0,0.8571428571428571,2026-05,0.04295966845244112,178.84841363102234,0.0004297813171534326
2026-05-18,39583,1873,2721,3.846,1495.0,27.4,1.833,7.0,motorspain_77,11.0,1.0,2026-05,0.02778970770280171,178.8981288981289,0.0002779743252805389
2026-05-19,39580,1873,2721,3.466,1341.1,30.6,2.282,7.0,motorspain_77,-3.0,1.0,2026-05,-0.007579585649317837,178.88457018891802,-7.579011191671814e-05
2026-05-20,39580,1873,2721,3.487,1349.3,30.7,2.275,7.0,motorspain_77,0.0,1.0,2026-05,0.0,178.88457018891802,0.0
2026-05-21,39583,1873,2721,3.488,1349.8,30.7,2.274,7.0,motorspain_77,3.0,1.0,2026-05,0.007579011191673194,178.8981288981289,7.579585649319931e-05
2026-05-22,39586,1872,2721,3.493,1352.0,30.7,2.271,7.0,motorspain_77,3.0,1.0,2026-05,0.007578436821098368,178.9116876073398,7.579011191682916e-05
2026-05-23,39581,1872,2721,3.501,1355.2,30.7,2.265,5.0,motorspain_77,-5.0,0.7142857142857143,2026-05,-0.012632323589601072,178.889089758655,-0.00012630728035167849
2026-05-24,39570,1873,2721,3.507,1356.8,30.9,2.277,3.0,motorspain_77,-11.0,0.42857142857142855,2026-05,-0.027798837503158962,178.8393744915484,-0.0002779111189712413
2026-05-25,39562,1871,2721,3.509,1357.2,30.9,2.277,2.0,motorspain_77,-8.0,0.2857142857142857,2026-05,-0.020221424599363026,178.80321793365272,-0.00020217336365935257
2026-05-26,39560,1871,2721,3.51,1357.7,31.0,2.283,0.0,motorspain_77,-2.0,0.0,2026-05,-0.005055611729019211,178.7941787941788,-5.055356149841206e-05
2026-05-27,39548,1871,2721,3.512,1358.1,31.0,2.283,0.0,motorspain_77,-12.0,0.0,2026-05,-0.03034287448164256,178.73994395733524,-0.00030333670374116384
2026-05-28,39548,1871,2721,3.514,1358.6,31.0,2.282,0.0,motorspain_77,0.0,0.0,2026-05,0.0,178.73994395733524,0.0
2026-05-29,39545,1870,2721,3.515,1358.9,31.0,2.281,0.0,motorspain_77,-3.0,0.0,2026-05,-0.007586294095334429,178.7263852481244,-7.585718620406467e-05
2026-05-30,39542,1870,2721,3.515,1359.0,31.0,2.281,0.0,motorspain_77,-3.0,0.0,2026-05,-0.007586869657579283,178.7128265389135,-7.586294095329738e-05
2026-05-31,39536,1870,2721,3.518,1359.8,31.0,2.28,0.0,motorspain_77,-6.0,0.0,2026-05,-0.01517604208822339,178.68570912049174,-0.000151737393151552
2026-06-01,39534,1870,2721,3.518,1359.9,31.0,2.28,0.0,motorspain_77,-2.0,0.0,2026-06,-0.0050589366115242574,178.67666998101782,-5.0586806960795094e-05
2024-01-01,836455,462,9894,1.427,11769.7,166.4,1.414,11.0,motorsportcom,-9.0,1.5714285714285714,2024-01,-0.0010759694185580814,100.0,
2024-01-02,836314,462,9894,1.638,13504.7,195.2,1.445,11.0,motorsportcom,-141.0,1.5714285714285714,2024-01,-0.016859696238494155,99.98314314577593,-0.00016856854224078788
2024-01-03,836299,462,9894,1.714,14168.3,163.5,1.154,12.0,motorsportcom,-15.0,1.7142857142857142,2024-01,-0.001793616876260763,99.98134986341167,-1.793584706222262e-05
2024-01-04,836254,462,9894,1.761,14556.9,172.3,1.184,13.0,motorsportcom,-45.0,1.8571428571428572,2024-01,-0.005381140179897496,99.97597001631887,-5.3808506287778e-05
2024-01-05,836225,462,9894,2.242,18457.0,288.8,1.565,14.0,motorsportcom,-29.0,2.0,2024-01,-0.0034679661574337052,99.97250300374796,-3.467845893712074e-05
2024-01-06,836269,462,9894,2.271,18730.5,265.2,1.416,13.0,motorsportcom,44.0,1.8571428571428572,2024-01,0.005261464911410084,99.97776329868313,5.261741756101834e-05
2024-01-07,836279,463,9894,2.379,19659.3,236.8,1.205,13.0,motorsportcom,10.0,1.8571428571428572,2024-01,0.0011957731809599428,99.97895882025931,1.1957874798573798e-05
2024-01-08,836276,463,9894,2.283,18819.1,274.9,1.461,13.0,motorsportcom,-3.0,1.8571428571428572,2024-01,-0.00035873324117874963,99.97860016378645,-3.5873195428637317e-06
2024-01-09,836315,463,9894,2.067,17013.7,270.7,1.591,15.0,motorsportcom,39.0,2.142857142857143,2024-01,0.004663314660145998,99.98326269793354,4.66353213532944e-05
2024-01-10,836323,463,9894,2.01,16586.5,222.8,1.343,17.0,motorsportcom,8.0,2.4285714285714284,2024-01,0.0009565682158687492,99.98421911519448,9.565773661845967e-06
2024-01-11,836274,464,9894,2.155,17767.9,251.9,1.418,19.0,motorsportcom,-49.0,2.7142857142857144,2024-01,-0.005859323618813929,99.97836105947123,-5.858980322193119e-05
2024-01-12,836262,464,9894,1.957,16162.1,202.0,1.25,20.0,motorsportcom,-12.0,2.857142857142857,2024-01,-0.0014349569871643097,99.9769264335798,-1.4349363964494266e-05
2024-01-13,836258,466,9894,1.886,15586.7,182.0,1.168,24.0,motorsportcom,-4.0,3.4285714285714284,2024-01,-0.00047832128362299676,99.97644822494934,-4.7831899572248204e-06
2024-01-14,836329,468,9894,1.975,16392.9,126.9,0.774,23.0,motorsportcom,71.0,3.2857142857142856,2024-01,0.0084894820100702,99.98493642814019,8.4902027843059e-05
2024-01-15,836297,469,9894,1.574,13070.7,94.7,0.725,24.0,motorsportcom,-32.0,3.4285714285714284,2024-01,-0.0038263918201308865,99.98111075909642,-3.826245412985596e-05
2024-01-16,836374,468,9894,1.586,13179.2,84.2,0.639,29.0,motorsportcom,77.0,4.142857142857143,2024-01,0.009206407659731172,99.99031627523298,9.207255317189578e-05
2024-01-17,836422,472,9894,1.624,13498.6,88.3,0.654,28.0,motorsportcom,48.0,4.0,2024-01,0.005738729971234616,99.99605477879861,5.739059320353235e-05
2024-01-18,836450,472,9894,1.812,15071.1,87.1,0.578,27.0,motorsportcom,28.0,3.857142857142857,2024-01,0.0033474804232171682,99.9994022392119,3.347592483216033e-05
2024-01-19,836467,471,9894,1.851,15391.5,92.4,0.6,29.0,motorsportcom,17.0,4.142857142857143,2024-01,0.0020323575227713707,100.00143462589142,2.0323988283887928e-05
2024-01-20,836497,471,9894,1.721,14308.8,90.6,0.633,24.0,motorsportcom,30.0,3.4285714285714284,2024-01,0.003586384649317332,100.00502119061994,3.586513275477543e-05
2024-01-21,836500,471,9894,1.751,14565.7,82.5,0.566,24.0,motorsportcom,3.0,3.4285714285714284,2024-01,0.00035863717872086073,100.0053798470928,3.5863846492567575e-06
2024-01-22,836506,471,9894,1.806,14999.6,104.8,0.699,23.0,motorsportcom,6.0,3.2857142857142856,2024-01,0.0007172692126535853,100.0060971600385,7.17274357442399e-06
2024-01-23,836538,474,9894,1.791,14880.7,99.6,0.669,21.0,motorsportcom,32.0,3.0,2024-01,0.0038252894668263726,100.00992282908226,3.825435800819399e-05
2024-01-24,836647,475,9894,1.811,14963.5,189.5,1.266,22.0,motorsportcom,109.0,3.142857142857143,2024-01,0.013028194686648013,100.02295401426258,0.00013029892246385621
2024-01-25,836669,477,9894,2.209,18251.7,232.7,1.275,24.0,motorsportcom,22.0,3.4285714285714284,2024-01,0.0026294747385166655,100.02558416173015,2.6295438817047767e-05
2024-01-26,836720,478,9894,2.607,21329.9,481.7,2.258,24.0,motorsportcom,51.0,3.4285714285714284,2024-01,0.006095228989387131,100.03168132176864,6.0956005301981975e-05
2024-01-27,836650,477,9894,2.418,19825.8,407.2,2.054,24.0,motorsportcom,-70.0,3.4285714285714284,2024-01,-0.008366700531883105,100.02331267073544,-8.366000573667431e-05
2024-01-28,836624,477,9894,2.244,18412.4,362.7,1.97,24.0,motorsportcom,-26.0,3.4285714285714284,2024-01,-0.003107728202872497,100.02020431463737,-3.1076316261313686e-05
2024-01-29,836615,463,9894,,,,,27.0,motorsportcom,-9.0,3.857142857142857,2024-01,-0.001075763642774753,100.0191283452188,-1.075752070223146e-05
2024-01-30,836606,464,9894,,,,,27.0,motorsportcom,-9.0,3.857142857142857,2024-01,-0.0010757752155734002,100.01805237580027,-1.0757636427771722e-05
2024-01-31,836671,464,9894,,,,,27.0,motorsportcom,65.0,3.857142857142857,2024-01,0.007768884065540696,100.02582326604539,7.769487668030095e-05
2024-02-01,838852,464,9894,2.706,22602.0,94.5,0.418,29.0,motorsportcom,2181.0,4.142857142857143,2024-02,0.2599981879997902,100.28656652180929,0.0026067594072221034
2024-02-02,839550,463,9894,12.668,106041.0,317.0,0.299,39.0,motorsportcom,698.0,5.571428571428571,2024-02,0.08313977726162826,100.37001392782636,0.0008320895700313358
2024-02-03,839831,463,9894,,,,,33.0,motorsportcom,281.0,4.714285714285714,2024-02,0.0334591126071793,100.4036080841169,0.0003347031147638013
2024-02-04,840081,464,9894,4.264,35367.3,455.5,1.288,32.0,motorsportcom,250.0,4.571428571428571,2024-02,0.029759035140659054,100.43349612352128,0.00029767893778620547
2024-02-05,840478,464,9894,4.17,34635.9,414.9,1.198,40.0,motorsportcom,397.0,5.714285714285714,2024-02,0.047235025782947325,100.48095833009548,0.0004725734780337554
2024-02-06,840895,464,9894,3.146,25940.1,514.0,1.981,39.0,motorsportcom,417.0,5.571428571428571,2024-02,0.04959002015709452,100.53081157982197,0.0004961462405916883
2024-02-07,841250,465,9894,3.011,25078.8,247.5,0.987,34.0,motorsportcom,355.0,4.857142857142857,2024-02,0.04219910846953937,100.57325259577622,0.00042216923634930126
2024-02-08,841458,465,9894,2.991,25018.7,151.3,0.605,50.0,motorsportcom,208.0,7.142857142857143,2024-02,0.02471899964109914,100.59811944456068,0.0002472511144131495
2024-02-09,841869,465,9894,2.953,24678.3,184.2,0.746,43.0,motorsportcom,411.0,6.142857142857143,2024-02,0.048819947046393204,100.6472553813415,0.0004884379256004934
2024-02-10,842557,465,9894,2.68,22432.3,147.5,0.658,35.0,motorsportcom,688.0,5.0,2024-02,0.08165619655406103,100.72950726578239,0.0008172292838910522
2024-02-11,842815,465,9894,2.938,24605.7,160.0,0.65,33.0,motorsportcom,258.0,4.714285714285714,2024-02,0.03061170007652925,100.76035172244771,0.00030621073707770563
2024-02-12,843115,464,9894,2.778,23277.7,141.9,0.61,33.0,motorsportcom,300.0,4.714285714285714,2024-02,0.03558233455697028,100.79621736973299,0.0003559500008898375
2024-02-13,843410,466,9894,3.265,27401.6,133.3,0.486,32.0,motorsportcom,295.0,4.571428571428571,2024-02,0.03497705742165732,100.83148525623015,0.000349892956476916
2024-02-14,843676,467,9894,3.715,31181.8,158.6,0.509,33.0,motorsportcom,266.0,4.714285714285714,2024-02,0.03152869110890911,100.86328613015642,0.0003153863482765473
2024-02-15,844273,468,9894,2.724,22825.7,172.1,0.754,53.0,motorsportcom,597.0,7.571428571428571,2024-02,0.07071172476201418,100.93465876825411,0.000707617616241274
2024-02-16,844646,470,9894,3.872,32614.1,91.6,0.281,53.0,motorsportcom,373.0,7.571428571428571,2024-02,0.04416051221458457,100.97925172304546,0.0004418002233874674
2024-02-17,844896,467,9894,2.708,22787.7,94.6,0.415,51.0,motorsportcom,250.0,7.285714285714286,2024-02,0.02958944059387191,101.00913976244988,0.0002959819853525225
2024-02-18,845061,467,9894,2.203,18413.8,203.4,1.105,40.0,motorsportcom,165.0,5.714285714285714,2024-02,0.019525217706177423,101.02886586845676,0.00019529030791964885
2024-02-19,845187,467,9894,2.001,16675.8,235.3,1.411,34.0,motorsportcom,126.0,4.857142857142857,2024-02,0.014907943449201183,101.04392944031657,0.00014910166248349732
2024-02-20,845169,467,9894,2.165,18040.7,257.1,1.425,33.0,motorsportcom,-18.0,4.714285714285714,2024-02,-0.0021297515644800036,101.04177750147947,-2.1297062070324557e-05
2024-02-21,845242,467,9894,2.416,20072.4,347.2,1.73,30.0,motorsportcom,73.0,4.285714285714286,2024-02,0.00863657981974393,101.05050480898554,8.637325789284667e-05
2024-02-22,845466,467,9894,2.128,17775.2,219.0,1.232,29.0,motorsportcom,224.0,4.142857142857143,2024-02,0.02649426470135996,101.07728449229188,0.0002650128602221802
2024-02-23,845526,467,9894,2.983,25083.5,141.4,0.564,40.0,motorsportcom,60.0,5.714285714285714,2024-02,0.007096174452352737,101.08445762174894,7.096678045015459e-05
2024-02-24,845710,467,9894,2.786,23469.2,95.4,0.406,40.0,motorsportcom,184.0,5.714285714285714,2024-02,0.021756867011150396,101.10645521875057,0.00021761601653880192
2024-02-25,845821,466,9894,2.674,22505.4,107.7,0.479,34.0,motorsportcom,111.0,4.857142857142857,2024-02,0.013123344064524292,101.1197255082461,0.00013125066512165162
2024-02-26,846177,466,9894,2.767,23256.7,157.1,0.676,34.0,motorsportcom,356.0,4.857142857142857,2024-02,0.04207157604141923,101.16228607635796,0.0004208928366640219
2024-02-27,847124,466,9894,2.408,20184.4,213.3,1.057,34.0,motorsportcom,947.0,4.857142857142857,2024-02,0.1117900094909364,101.2755019696218,0.0011191511941355259
2024-02-28,847740,466,9894,3.807,32054.9,220.9,0.689,35.0,motorsportcom,616.0,5.0,2024-02,0.07266378842569655,101.34914609871421,0.0007271662708174809
2024-02-29,848139,466,9894,3.214,27144.8,117.8,0.434,52.0,motorsportcom,399.0,7.428571428571429,2024-02,0.04704417554198074,101.39684740960362,0.0004706631750299728
2024-03-01,848436,466,9894,2.475,20824.0,173.5,0.833,54.0,motorsportcom,297.0,7.714285714285714,2024-03,0.035005586750208616,101.43235440041605,0.0003501784495230087
2024-03-02,848870,466,9894,2.716,22929.5,129.3,0.564,60.0,motorsportcom,434.0,8.571428571428571,2024-03,0.051126792088305624,101.48424003682206,0.000511529449481074
2024-03-03,849890,466,9894,2.176,18398.6,96.6,0.525,51.0,motorsportcom,1020.0,7.285714285714286,2024-03,0.1200155314217134,101.60618323759198,0.0012015974177435051
2024-03-04,850772,467,9894,2.833,23951.3,149.2,0.623,51.0,motorsportcom,882.0,7.285714285714286,2024-03,0.10367054863112563,101.71162824061066,0.0010377813599407038
2024-03-05,851193,467,9894,3.403,28733.4,228.8,0.796,43.0,motorsportcom,421.0,6.142857142857143,2024-03,0.049459993209530616,101.76195969896766,0.0004948446822414798
2024-03-06,851586,467,9894,3.553,29898.6,359.2,1.201,41.0,motorsportcom,393.0,5.857142857142857,2024-03,0.046149185167440515,101.80894369691138,0.0004617049247350735
2024-03-07,851957,467,9894,2.653,22343.8,258.8,1.158,53.0,motorsportcom,371.0,7.571428571428571,2024-03,0.04354679872340975,101.85329754738748,0.00043565770221687394
2024-03-08,852442,467,9894,2.325,19629.7,185.5,0.945,56.0,motorsportcom,485.0,8.0,2024-03,0.056895366488277206,101.911280343832,0.0005692775574355213
2024-03-09,852947,467,9894,2.131,17730.0,449.0,2.532,80.0,motorsportcom,505.0,11.428571428571429,2024-03,0.05920649231429385,101.97165418342888,0.0005924156716821116
2024-03-10,853797,467,9894,3.069,26125.8,79.4,0.304,78.0,motorsportcom,850.0,11.142857142857142,2024-03,0.09955528070489823,102.0732735174038,0.0009965449201416732
2024-03-11,854155,468,9894,4.456,37950.0,107.0,0.282,72.0,motorsportcom,358.0,10.285714285714286,2024-03,0.04191276758902073,102.11607318983089,0.0004193034175570265
2024-03-12,854361,468,9894,3.377,28743.7,111.3,0.387,53.0,motorsportcom,206.0,7.571428571428571,2024-03,0.02411158749053386,102.14070093430013,0.00024117402579149072
2024-03-13,854699,468,9894,2.797,23782.4,126.3,0.531,43.0,motorsportcom,338.0,6.142857142857143,2024-03,0.03954608581500622,102.18110956357485,0.00039561730931070294
2024-03-14,854903,468,9894,2.766,23460.0,186.9,0.797,35.0,motorsportcom,204.0,5.0,2024-03,0.02386235631410815,102.20549820372884,0.00023868051793662914
2024-03-15,855106,469,9894,2.966,25123.0,236.7,0.942,33.0,motorsportcom,203.0,4.714285714285714,2024-03,0.023739746885181486,102.2297672917252,0.00023745383979245638
2024-03-16,855613,469,9894,3.01,25547.6,203.9,0.798,29.0,motorsportcom,507.0,4.142857142857143,2024-03,0.059255761658600324,102.2903802356373,0.000592908949299753
2024-03-17,855769,469,9894,3.162,26777.1,285.6,1.067,28.0,motorsportcom,156.0,4.0,2024-03,0.018229218398890353,102.30903037222565,0.00018232542048801648
2024-03-18,855850,469,9894,3.481,29403.4,390.4,1.328,23.0,motorsportcom,81.0,3.2857142857142856,2024-03,0.009464275281883507,102.31871409699266,9.465171091727065e-05
2024-03-19,855896,470,9894,3.114,26265.2,388.1,1.478,28.0,motorsportcom,46.0,4.0,2024-03,0.0053744847504837035,102.32421349624308,5.374773616861894e-05
2024-03-20,856095,470,9894,2.822,23759.1,399.6,1.682,29.0,motorsportcom,199.0,4.142857142857143,2024-03,0.023245083781589657,102.34800437560895,0.00023250488377102307
2024-03-21,857125,470,9894,3.078,26081.6,296.6,1.137,41.0,motorsportcom,1030.0,5.857142857142857,2024-03,0.12016917019104564,102.47114309795506,0.0012031375022631963
2024-03-22,857973,470,9894,5.232,44580.9,306.0,0.686,56.0,motorsportcom,848.0,8.0,2024-03,0.09883760910891135,102.57252332761475,0.000989353944873761
2024-03-23,858397,471,9894,1.727,14749.0,76.0,0.515,72.0,motorsportcom,424.0,10.285714285714286,2024-03,0.04939439443520889,102.62321344244461,0.0004941880455444636
2024-03-24,858991,471,9894,3.61,30921.0,90.0,0.291,101.0,motorsportcom,594.0,14.428571428571429,2024-03,0.06915089913631225,102.69422742406944,0.0006919875069459902
2024-03-25,859350,471,9894,2.574,22043.2,80.1,0.363,77.0,motorsportcom,359.0,11.0,2024-03,0.04177576074940362,102.73714664865415,0.00041793220185071256
2024-03-26,859636,470,9894,3.284,28169.4,60.0,0.213,65.0,motorsportcom,286.0,9.285714285714286,2024-03,0.033269895630243504,102.77133856573278,0.0003328096817361015
2024-03-27,859958,471,9894,4.036,34607.8,96.9,0.28,52.0,motorsportcom,322.0,7.428571428571429,2024-03,0.037443689110398415,102.80983436048562,0.0003745771466061587
2024-03-28,860315,469,9894,3.962,33962.1,123.9,0.365,53.0,motorsportcom,357.0,7.571428571428571,2024-03,0.041496428633698124,102.8525144807551,0.00041513655318059506
2024-03-29,860630,469,9894,3.29,28090.9,221.3,0.788,50.0,motorsportcom,315.0,7.142857142857143,2024-03,0.03660109454701788,102.89017341040463,0.0003661449585325993
2024-03-30,860999,469,9894,3.02,25829.6,170.1,0.659,40.0,motorsportcom,369.0,5.714285714285714,2024-03,0.042857192633208634,102.93428815656551,0.0004287556789792646
2024-03-31,861182,469,9894,3.26,27915.2,157.1,0.563,34.0,motorsportcom,183.0,4.857142857142857,2024-03,0.02124986355961922,102.95616620140953,0.00021254380086377367
2024-04-01,861305,469,9894,3.256,27881.1,164.2,0.589,33.0,motorsportcom,123.0,4.714285714285714,2024-04,0.014280655516919094,102.97087111679647,0.00014282695179423932
2024-04-02,861407,469,9894,3.216,27539.1,165.8,0.602,33.0,motorsportcom,102.0,4.714285714285714,2024-04,0.011841092538138186,102.98306543687347,0.00011842494818914417
2024-04-03,861648,469,9894,2.93,25040.6,208.5,0.833,33.0,motorsportcom,241.0,4.714285714285714,2024-04,0.027969658143464617,103.01187750685929,0.00027977483349905796
2024-04-04,861868,469,9894,2.944,25237.7,137.0,0.543,50.0,motorsportcom,220.0,7.142857142857143,2024-04,0.025525950609606114,103.03817898153518,0.00025532468014777265
2024-04-05,862048,469,9894,3.067,26388.5,53.8,0.204,68.0,motorsportcom,180.0,9.714285714285714,2024-04,0.020880507813950035,103.05969836990634,0.00020884868680592916
2024-04-06,862298,469,9894,1.73,14892.0,30.0,0.201,75.0,motorsportcom,250.0,10.714285714285714,2024-04,0.028992297326446308,103.08958640931071,0.0002900070529714416
2024-04-07,862701,469,9894,2.262,19292.5,218.5,1.133,73.0,motorsportcom,403.0,10.428571428571429,2024-04,0.04671375134606312,103.13776592883059,0.0004673558329022498
2024-04-08,862852,469,9894,1.615,13868.2,69.0,0.498,68.0,motorsportcom,151.0,9.714285714285714,2024-04,0.01750010430525745,103.15581830463086,0.00017503167377808104
2024-04-09,862871,469,9894,1.646,14151.2,55.8,0.394,55.0,motorsportcom,19.0,7.857142857142857,2024-04,0.0022019513925024712,103.1580897956256,2.2019998794586826e-05
2024-04-10,863015,469,9894,1.361,11615.2,131.9,1.136,49.0,motorsportcom,144.0,7.0,2024-04,0.016685689124754495,103.17530530632251,0.00016688473711590213
2024-04-11,863125,469,9894,1.285,10941.3,149.6,1.367,51.0,motorsportcom,110.0,7.285714285714286,2024-04,0.01274438812454743,103.18845604366045,0.00012746012525854944
2024-04-12,863319,469,9894,1.434,12235.8,140.8,1.151,50.0,motorsportcom,194.0,7.142857142857143,2024-04,0.02247141554859791,103.21164916223826,0.00022476466328757994
2024-04-13,863509,469,9894,1.852,15561.3,433.7,2.787,41.0,motorsportcom,190.0,5.857142857142857,2024-04,0.02200324489958993,103.2343640721856,0.00022008087392966225
2024-04-14,863701,469,9894,1.991,16779.4,418.9,2.497,41.0,motorsportcom,192.0,5.857142857142857,2024-04,0.022229915213714008,103.25731808644815,0.00022234858003788993
2024-04-15,863747,469,9894,1.996,16786.8,457.9,2.728,40.0,motorsportcom,46.0,5.714285714285714,2024-04,0.005325633547786562,103.26281748569856,5.325917186627116e-05
2024-04-16,863791,469,9894,1.357,11590.3,135.1,1.166,39.0,motorsportcom,44.0,5.571428571428571,2024-04,0.005093824779373714,103.26807778063373,5.0940842631019834e-05
2024-04-17,863882,469,9894,1.327,11333.1,126.7,1.118,39.0,motorsportcom,91.0,5.571428571428571,2024-04,0.010533846057679173,103.27895702697694,0.00010534955793706224
2024-04-18,863954,469,9894,1.935,16466.8,250.3,1.52,50.0,motorsportcom,72.0,7.142857142857143,2024-04,0.008333777029795568,103.28756478232542,8.334471606086247e-05
2024-04-19,864141,469,9894,2.283,19505.1,224.0,1.148,54.0,motorsportcom,187.0,7.714285714285714,2024-04,0.021639986992863434,103.3099210357999,0.00021644670896825424
2024-04-20,864436,469,9894,4.891,42074.0,203.5,0.484,75.0,motorsportcom,295.0,10.714285714285714,2024-04,0.034126297377712174,103.34518892229707,0.0003413794739515197
2024-04-21,864813,470,9894,2.571,22136.7,96.7,0.437,78.0,motorsportcom,377.0,11.142857142857142,2024-04,0.0435932392320652,103.3902600857189,0.00043612251225066956
2024-04-22,864888,470,9894,3.094,26646.6,116.8,0.438,68.0,motorsportcom,75.0,9.714285714285714,2024-04,0.008671643033548853,103.39922649754021,8.672395072695238e-05
2024-04-23,864938,470,9894,2.599,22333.5,145.4,0.651,52.0,motorsportcom,50.0,7.428571428571429,2024-04,0.005780761164384037,103.40520410542109,5.78109535569471e-05
2024-04-24,865118,470,9894,1.989,17086.4,124.2,0.727,49.0,motorsportcom,180.0,7.0,2024-04,0.02080641022380762,103.42672349379225,0.00020810740191778976
2024-04-25,865577,470,9894,1.551,13185.4,240.4,1.823,50.0,motorsportcom,459.0,7.142857142857143,2024-04,0.05302821123943913,103.48159793413872,0.000530563460707123
2024-04-26,865998,470,9894,4.669,40185.1,247.5,0.616,49.0,motorsportcom,421.0,7.0,2024-04,0.048614430980210115,103.53192939249571,0.0004863807610415716
2024-04-27,866258,473,9894,3.901,33646.4,147.4,0.438,40.0,motorsportcom,260.0,5.714285714285714,2024-04,0.030014152827448636,103.56301295347627,0.0003002316402578309
2024-04-28,866706,473,9894,4.531,39074.8,197.3,0.505,39.0,motorsportcom,448.0,5.571428571428571,2024-04,0.05168996176327382,103.61657232008893,0.0005171669410268809
2024-04-29,867046,473,9894,3.263,28025.8,263.6,0.941,35.0,motorsportcom,340.0,5.0,2024-04,0.03921360573718118,103.65722005367893,0.0003922898883819137
2024-04-30,867267,473,9894,2.772,23726.3,311.0,1.311,34.0,motorsportcom,221.0,4.857142857142857,2024-04,0.025482348573161437,103.6836410805124,0.0002548884372917115
2024-05-01,868031,472,9894,2.633,22662.7,194.0,0.856,40.0,motorsportcom,764.0,5.714285714285714,2024-05,0.08801528977651721,103.77497892893221,0.0008809282493165149
2024-05-02,868511,473,9894,3.796,32835.4,137.3,0.418,54.0,motorsportcom,480.0,7.714285714285714,2024-05,0.05526700295102768,103.83236396458867,0.0005529756425750598
2024-05-03,868725,474,9894,2.477,21301.4,212.8,0.999,71.0,motorsportcom,214.0,10.142857142857142,2024-05,0.02463380241158019,103.85794812631882,0.0002463987214900154
2024-05-04,868984,474,9894,1.348,11677.5,33.5,0.287,85.0,motorsportcom,259.0,12.142857142857142,2024-05,0.02980492160960386,103.88891213514175,0.00029813807591594355
2024-05-05,869181,475,9894,2.131,18398.5,124.5,0.677,84.0,motorsportcom,197.0,12.0,2024-05,0.02266501453667303,103.91246391019241,0.00022670152730075444
2024-05-06,869868,475,9894,3.621,31203.5,292.0,0.936,86.0,motorsportcom,687.0,12.285714285714286,2024-05,0.07897750003448799,103.9945962424757,0.0007903992379032498
2024-05-07,870326,475,9894,3.66,31808.6,45.3,0.142,81.0,motorsportcom,458.0,11.571428571428571,2024-05,0.05262395929801017,104.04935113066453,0.0005265166668966259
2024-05-08,870560,476,9894,3.424,29551.8,252.6,0.855,68.0,motorsportcom,234.0,9.714285714285714,2024-05,0.02687925013784231,104.07732633554704,0.00026886477021248467
2024-05-09,870694,476,9894,2.991,25848.8,195.8,0.757,54.0,motorsportcom,134.0,7.714285714285714,2024-05,0.015390022212166387,104.0933463246678,0.0001539239110457391
2024-05-10,870835,476,9894,3.335,28974.7,67.3,0.232,52.0,motorsportcom,141.0,7.428571428571429,2024-05,0.01619135657156637,104.11020317889188,0.00016193978596379388
2024-05-11,871027,477,9894,2.16,18683.8,131.9,0.706,50.0,motorsportcom,192.0,7.142857142857143,2024-05,0.022042944707798957,104.13315719315443,0.00022047804693192674
2024-05-12,871214,477,9894,2.044,17680.0,131.0,0.741,40.0,motorsportcom,187.0,5.714285714285714,2024-05,0.021464301537854075,104.15551344662892,0.0002146890968937054
2024-05-13,871307,480,9894,2.266,19600.4,140.1,0.715,40.0,motorsportcom,93.0,5.714285714285714,2024-05,0.010673620205048279,104.16663179728735,0.0001067475958833608
2024-05-14,871368,480,9894,2.17,18787.9,117.3,0.624,35.0,motorsportcom,61.0,5.0,2024-05,0.0070004865911991255,104.17392447890204,7.000976693638528e-05
2024-05-15,871432,480,9894,2.402,20833.2,98.7,0.474,34.0,motorsportcom,64.0,4.857142857142857,2024-05,0.007344233399737444,104.18157581698955,7.3447728169862e-05
2024-05-16,871497,480,9894,3.151,27372.6,90.8,0.332,40.0,motorsportcom,65.0,5.714285714285714,2024-05,0.0074584307232268155,104.1893467072347,7.458987046615739e-05
2024-05-17,871670,480,9894,2.156,18618.1,175.4,0.942,42.0,motorsportcom,173.0,6.0,2024-05,0.019846960432273682,104.21002923050253,0.00019850900232598612
2024-05-18,871993,480,9894,2.625,22632.4,256.8,1.135,51.0,motorsportcom,323.0,7.285714285714286,2024-05,0.03704158175581685,104.248644577413,0.0003705530762787568
2024-05-19,872308,480,9894,3.663,31793.3,160.0,0.503,55.0,motorsportcom,315.0,7.857142857142857,2024-05,0.03611109837351027,104.28630350706254,0.00036124143198401626
2024-05-20,872450,480,9894,3.182,27565.3,192.0,0.697,55.0,motorsportcom,142.0,7.857142857142857,2024-05,0.01627600435555046,104.30327991344424,0.00016278653869972182
2024-05-21,872693,480,9894,4.0,34830.3,76.5,0.22,69.0,motorsportcom,243.0,9.857142857142858,2024-05,0.027844843490207896,104.33233108774532,0.00027852599002797795
2024-05-22,873652,481,9894,3.564,31062.7,77.5,0.249,55.0,motorsportcom,959.0,7.857142857142857,2024-05,0.10976910715021543,104.44698160690055,0.0010988973212802122
2024-05-23,874154,482,9894,5.792,50432.2,201.0,0.399,55.0,motorsportcom,502.0,7.857142857142857,2024-05,0.057426952230385034,104.50699679002457,0.0005745994972827795
2024-05-24,874464,482,9894,5.815,50747.5,106.3,0.209,53.0,motorsportcom,310.0,7.571428571428571,2024-05,0.03545028726168258,104.54405795888601,0.0003546285894704404
2024-05-25,874832,482,9894,1.871,16327.3,37.3,0.228,55.0,motorsportcom,368.0,7.857142857142857,2024-05,0.04206521937926368,104.58805315288929,0.0004208292165257532
2024-05-26,875511,482,9894,5.068,44292.0,82.0,0.185,114.0,motorsportcom,679.0,16.285714285714285,2024-05,0.07755470805049851,104.6692290679116,0.0007761490206119603
2024-05-27,876019,482,9894,1.191,10358.0,75.0,0.724,120.0,motorsportcom,508.0,17.142857142857142,2024-05,0.057989609814399,104.72996156398133,0.0005802325727488622
2024-05-28,876312,482,9894,3.047,26643.5,53.7,0.202,76.0,motorsportcom,293.0,10.857142857142858,2024-05,0.033435580021727425,104.76499034616327,0.0003344676314098738
2024-05-29,876492,482,9894,2.555,22239.4,157.0,0.706,56.0,motorsportcom,180.0,8.0,2024-05,0.020536411056803712,104.78650973453443,0.00020540629364873553
2024-05-30,876602,482,9894,2.87,24592.5,563.2,2.29,45.0,motorsportcom,110.0,6.428571428571429,2024-05,0.01254845414452625,104.79966047187237,0.00012550028979152472
2024-05-31,876668,480,9894,3.05,25961.8,772.9,2.977,42.0,motorsportcom,66.0,6.0,2024-05,0.007528505660067438,104.80755091427511,7.529072486711641e-05
2024-06-01,876649,480,9894,2.711,23219.2,545.8,2.351,40.0,motorsportcom,-19.0,5.714285714285714,2024-06,-0.0021673440567433486,104.8052794232804,-2.1672970839548e-05
2024-06-02,876640,481,9894,2.547,21805.6,524.1,2.404,34.0,motorsportcom,-9.0,4.857142857142857,2024-06,-0.0010266471983938676,104.80420345386183,-1.0266366584521514e-05
2024-06-03,876748,480,9894,1.887,16305.2,236.0,1.447,39.0,motorsportcom,108.0,5.571428571428571,2024-06,0.012318248801251899,104.81711508688454,0.0001231976638071952
2024-06-04,876857,481,9894,2.1,18176.4,235.0,1.293,34.0,motorsportcom,109.0,4.857142857142857,2024-06,0.01243076123016638,104.83014627206484,0.0001243230666052586
2024-06-05,876873,482,9894,2.134,18456.0,257.4,1.395,33.0,motorsportcom,16.0,4.714285714285714,2024-06,0.0018246656015181218,104.83205910658673,1.824698896180088e-05
2024-06-06,876940,482,9894,2.687,23254.8,304.8,1.311,41.0,motorsportcom,67.0,5.857142857142857,2024-06,0.007640203434670559,104.8400691011471,7.640787206364408e-05
2024-06-07,876944,482,9894,1.642,14238.2,159.7,1.122,41.0,motorsportcom,4.0,5.857142857142857,2024-06,0.000456129467788137,104.84054730977756,4.561315483320172e-06
2024-06-08,876913,482,9894,2.098,18244.2,155.6,0.853,55.0,motorsportcom,-31.0,7.857142857142857,2024-06,-0.003535128342264284,104.83684119289143,-3.535003375354506e-05
2024-06-09,877006,482,9894,1.215,10576.5,80.0,0.756,72.0,motorsportcom,93.0,10.285714285714286,2024-06,0.010604260404147747,104.84795954354986,0.00010605385026796199
2024-06-10,877085,483,12926,1.333,11527.7,160.6,1.393,58.0,motorsportcom,79.0,8.285714285714286,2024-06,0.009007108775090214,104.85740416400165,9.007920128256686e-05
2024-06-11,877076,483,12931,1.281,11164.5,66.8,0.598,56.0,motorsportcom,-9.0,8.0,2024-06,-0.0010261368456097304,104.85632819458309,-1.0261263161503997e-05
2024-06-12,877061,483,12938,1.28,11151.1,72.5,0.65,51.0,motorsportcom,-15.0,7.285714285714286,2024-06,-0.0017102573253171675,104.85453491221884,-1.710228076012843e-05
2024-06-13,877219,483,12942,1.642,14319.6,84.6,0.591,42.0,motorsportcom,158.0,6.0,2024-06,0.01801146577992497,104.8734241531224,0.00018014710493341468
2024-06-14,877380,483,12946,1.8,15701.0,93.1,0.593,35.0,motorsportcom,161.0,5.0,2024-06,0.018350087761289293,104.89267205049883,0.00018353455636499483
2024-06-15,877498,483,12951,1.907,16630.6,102.9,0.619,33.0,motorsportcom,118.0,4.714285714285714,2024-06,0.013447324096465176,104.9067792050977,0.00013449132644915984
2024-06-16,877769,484,12955,2.081,18139.7,129.8,0.716,33.0,motorsportcom,271.0,4.714285714285714,2024-06,0.030873726458783574,104.93917783981206,0.00030883261272385276
2024-06-17,877905,485,12960,2.05,17839.2,153.5,0.86,29.0,motorsportcom,136.0,4.142857142857143,2024-06,0.0154914256098325,104.95543693324805,0.00015493825824330898
2024-06-18,877968,485,12964,2.027,17675.2,125.1,0.708,28.0,motorsportcom,63.0,4.0,2024-06,0.007175660160734788,104.96296871917797,7.176175098666526e-05
2024-06-19,878104,486,12967,2.187,19095.5,107.6,0.563,27.0,motorsportcom,136.0,3.857142857142857,2024-06,0.015487914871131438,104.97922781261396,0.00015490313997768013
2024-06-20,878310,486,12971,2.281,19930.8,105.6,0.53,27.0,motorsportcom,206.0,3.857142857142857,2024-06,0.02345413350639296,105.00385555708316,0.00023459635760691988
2024-06-21,878482,486,12978,2.932,25644.6,111.0,0.433,32.0,motorsportcom,172.0,4.571428571428571,2024-06,0.0195792287149879,105.0244185281934,0.00019583062927663875
2024-06-22,878573,486,12985,2.744,23980.4,127.9,0.533,39.0,motorsportcom,91.0,5.571428571428571,2024-06,0.010357705051259257,105.0352977745366,0.0001035877798292173
2024-06-23,878684,486,12994,1.289,11260.1,67.8,0.602,52.0,motorsportcom,111.0,7.428571428571429,2024-06,0.012632527734657738,105.04856806403214,0.00012634123743837655
2024-06-24,878733,486,12996,1.157,10114.5,53.3,0.527,49.0,motorsportcom,49.0,7.0,2024-06,0.005576210293684202,105.05442611975539,5.5765212522373986e-05
2024-06-25,878760,486,13001,1.246,10863.9,86.5,0.796,42.0,motorsportcom,27.0,6.0,2024-06,0.0030725112658746413,105.05765402801106,3.072605672027606e-05
2024-06-26,878784,486,13004,1.435,12515.4,90.9,0.726,40.0,motorsportcom,24.0,5.714285714285714,2024-06,0.002731046537032991,105.0605232797939,2.7311211252323275e-05
2024-06-27,878857,487,13009,1.274,11058.4,140.4,1.27,34.0,motorsportcom,73.0,4.857142857142857,2024-06,0.008306243222731343,105.06925058729996,8.3069332168062e-05
2024-06-28,878922,487,13014,1.439,12378.8,265.9,2.148,34.0,motorsportcom,65.0,4.857142857142857,2024-06,0.007395423029574866,105.07702147754512,7.395969992840534e-05
2024-06-29,879002,487,13019,1.423,12212.9,298.9,2.447,33.0,motorsportcom,80.0,4.714285714285714,2024-06,0.00910123071392329,105.08658565015452,9.102059113330618e-05
2024-06-30,879285,486,13029,1.446,12456.7,259.5,2.083,49.0,motorsportcom,283.0,7.0,2024-06,0.03218524141774283,105.12041891076029,0.00032195603650508886
2024-07-01,879485,487,13035,2.153,18830.6,102.3,0.543,51.0,motorsportcom,200.0,7.285714285714286,2024-07,0.02274058113555092,105.14432934228381,0.0002274575365210918
2024-07-02,879864,487,13039,2.529,22115.1,141.0,0.638,51.0,motorsportcom,379.0,7.285714285714286,2024-07,0.043074838838729625,105.18963961002086,0.0004309340125185912
2024-07-03,880113,487,13042,3.421,29878.5,227.5,0.761,41.0,motorsportcom,249.0,5.857142857142857,2024-07,0.028291821618360368,105.21940809726765,0.00028299828155264883
2024-07-04,880452,487,13041,3.659,31865.5,353.8,1.11,40.0,motorsportcom,339.0,5.714285714285714,2024-07,0.038502950757111125,105.25993627869998,0.0003851778123944438
2024-07-05,880608,487,13046,3.921,34116.3,414.5,1.215,34.0,motorsportcom,156.0,4.857142857142857,2024-07,0.017715033249754715,105.27858641528833,0.0001771817202982362
2024-07-06,880804,487,13052,1.793,15502.8,293.8,1.895,40.0,motorsportcom,196.0,5.714285714285714,2024-07,0.022252396673947895,105.30201863818138,0.00022257349467635912
2024-07-07,881248,487,13066,0.377,3226.0,96.5,2.991,83.0,motorsportcom,444.0,11.857142857142858,2024-07,0.050383093068012634,105.35509979616357,0.0005040849042465823
2024-07-08,881564,487,13073,1.551,13595.2,78.6,0.578,78.0,motorsportcom,316.0,11.142857142857142,2024-07,0.03584538388591186,105.39287827797072,0.00035858237408770144
2024-07-09,881731,487,13075,2.226,19549.6,81.9,0.419,57.0,motorsportcom,167.0,8.142857142857142,2024-07,0.018940016853212602,105.41284348829285,0.00018943604775145673
2024-07-10,881744,488,13079,2.167,19004.5,106.1,0.558,52.0,motorsportcom,13.0,7.428571428571429,2024-07,0.0014743508319875155,105.41439766634188,1.4743725694099652e-05
2024-07-11,881708,488,13083,1.927,16894.8,99.8,0.591,41.0,motorsportcom,-36.0,5.857142857142857,2024-07,-0.004082984389389684,105.41009378866765,-4.082817688577656e-05
2024-07-12,881800,482,13085,1.762,15421.7,116.7,0.757,34.0,motorsportcom,92.0,4.857142857142857,2024-07,0.010433204808346563,105.42109258716847,0.00010434293439542941
2024-07-13,881979,482,13087,1.673,14644.9,108.8,0.743,29.0,motorsportcom,179.0,4.142857142857143,2024-07,0.0202952678011608,105.44249242338202,0.00020299387616229403
2024-07-14,882071,484,13091,1.702,14888.7,127.1,0.854,27.0,motorsportcom,92.0,3.857142857142857,2024-07,0.010429999399141339,105.45349122188283,0.0001043108736149545
2024-07-15,882352,483,13092,1.465,12804.3,119.5,0.933,19.0,motorsportcom,281.0,2.7142857142857144,2024-07,0.03184670063648068,105.48708537817338,0.00031856845990851923
2024-07-16,882461,483,13095,1.749,15321.9,109.7,0.716,19.0,motorsportcom,109.0,2.7142857142857144,2024-07,0.012351820647031426,105.50011656335367,0.00012353346510241003
2024-07-17,882554,484,13101,1.924,16854.5,130.0,0.771,20.0,motorsportcom,93.0,2.857142857142857,2024-07,0.010537598832479372,105.5112349140121,0.00010538709359386722
2024-07-18,882799,484,13106,2.051,18029.1,77.2,0.428,21.0,motorsportcom,245.0,3.0,2024-07,0.02775263678368462,105.54052519262842,0.0002776034101028557
2024-07-19,883031,484,13113,1.582,13914.4,57.0,0.41,29.0,motorsportcom,232.0,4.142857142857143,2024-07,0.026273143298479892,105.5682612931957,0.00026280047893112446
2024-07-20,883106,484,13120,2.027,17813.5,82.8,0.465,41.0,motorsportcom,75.0,5.857142857142857,2024-07,0.00849275171949913,105.57722770501701,8.493473049075995e-05
2024-07-21,883269,484,13133,1.294,11380.6,52.6,0.462,75.0,motorsportcom,163.0,10.714285714285714,2024-07,0.018454174209668855,105.59671470670867,0.0001845758040370793
2024-07-22,883385,483,13135,1.709,15015.5,81.9,0.545,71.0,motorsportcom,116.0,10.142857142857142,2024-07,0.013131307414094648,105.61058275699232,0.00013133031952894392
2024-07-23,883348,483,13127,1.747,15340.9,91.1,0.594,51.0,motorsportcom,-37.0,7.285714285714286,2024-07,-0.004188609698555949,105.60615932716047,-4.188434261387375e-05
2024-07-24,883509,484,13129,1.939,17013.7,116.0,0.682,42.0,motorsportcom,161.0,6.0,2024-07,0.01822279116568139,105.62540722453689,0.00018226112472086164
2024-07-25,883703,485,13132,1.83,16025.2,148.1,0.924,40.0,motorsportcom,194.0,5.714285714285714,2024-07,0.021953076995325352,105.6486003431147,0.00021957897429447648
2024-07-26,883843,486,13135,1.797,15731.2,148.2,0.942,34.0,motorsportcom,140.0,4.857142857142857,2024-07,0.015839917270374943,105.66533764518115,0.00015842426697654233
2024-07-27,884118,484,13136,2.332,20438.5,183.1,0.896,32.0,motorsportcom,275.0,4.571428571428571,2024-07,0.03110444533422009,105.69821448852599,0.00031114123209663447
2024-07-28,884697,484,13145,2.684,23566.9,178.0,0.755,39.0,motorsportcom,579.0,5.571428571428571,2024-07,0.06544613579564529,105.76743518778655,0.0006548899581277912
2024-07-29,885372,484,13151,4.639,40873.7,203.1,0.497,40.0,motorsportcom,675.0,5.714285714285714,2024-07,0.07623914015803528,105.8481328941784,0.0007629730857006134
2024-07-30,885708,484,13154,4.559,40170.2,209.7,0.522,39.0,motorsportcom,336.0,5.571428571428571,2024-07,0.0379357530924413,105.88830241913791,0.0003795014976755162
2024-07-31,885937,483,13158,4.705,41460.7,225.8,0.545,42.0,motorsportcom,229.0,6.0,2024-07,0.02584833910311907,105.91567986323234,0.00025855022196941135
2024-08-01,886106,482,13161,3.631,31972.7,204.6,0.64,40.0,motorsportcom,169.0,5.714285714285714,2024-08,0.019072210322467063,105.9358841778697,0.00019075848508420812
2024-08-02,886207,482,13162,3.567,31408.9,199.2,0.634,33.0,motorsportcom,101.0,4.714285714285714,2024-08,0.011396885829157296,105.94795894578908,0.00011398184867283945
2024-08-03,886383,482,13164,4.126,36376.7,195.5,0.537,28.0,motorsportcom,176.0,4.0,2024-08,0.019855976479693314,105.96900012552976,0.00019859919860709674
2024-08-04,886423,482,13168,4.014,35426.5,156.8,0.443,23.0,motorsportcom,40.0,3.2857142857142856,2024-08,0.004512518289800693,105.97378221183446,4.5127219272078634e-05
2024-08-05,886410,482,13169,4.149,36646.8,132.3,0.361,19.0,motorsportcom,-13.0,2.7142857142857144,2024-08,-0.0014665899527306777,105.97222803378543,-1.4665684441861337e-05
2024-08-06,886365,482,13172,3.74,33012.9,134.9,0.409,19.0,motorsportcom,-45.0,2.7142857142857144,2024-08,-0.005076915266284206,105.96684818669264,-5.0766575286798066e-05
2024-08-07,886345,482,13174,3.966,34907.9,240.4,0.689,17.0,motorsportcom,-20.0,2.4285714285714284,2024-08,-0.0022564576998798437,105.9644571435403,-2.256406785017262e-05
2024-08-08,886345,482,13178,3.863,34012.0,224.3,0.659,18.0,motorsportcom,0.0,2.5714285714285716,2024-08,0.0,105.9644571435403,0.0
2024-08-09,886333,482,13182,2.018,17658.5,224.3,1.27,21.0,motorsportcom,-12.0,3.0,2024-08,-0.0013538929499409364,105.96302251764888,-1.3538746199248664e-05
2024-08-10,886386,482,13185,1.953,17084.2,226.6,1.326,22.0,motorsportcom,53.0,3.142857142857143,2024-08,0.005979336316232432,105.96935878200262,5.9796938622458384e-05
2024-08-11,886383,482,13186,1.948,16963.3,299.2,1.764,19.0,motorsportcom,-3.0,2.7142857142857144,2024-08,-0.000338454144540227,105.96900012552976,-3.3845299902690584e-06
2024-08-12,886330,482,13191,1.91,16654.1,277.1,1.664,21.0,motorsportcom,-53.0,3.0,2024-08,-0.005979714101971049,105.96266386117603,-5.9793565535426474e-05
2024-08-13,886233,482,13193,1.569,13706.7,197.4,1.44,20.0,motorsportcom,-97.0,2.857142857142857,2024-08,-0.010945202898109189,105.95106730188712,-0.0001094400505454729
2024-08-14,886185,482,13196,1.4,12230.4,173.5,1.419,22.0,motorsportcom,-48.0,3.142857142857143,2024-08,-0.005416476243673725,105.94532879832148,-5.416182877415743e-05
2024-08-15,886059,482,13198,1.39,12142.7,170.9,1.407,21.0,motorsportcom,-126.0,3.0,2024-08,-0.014220272013488943,105.93026522646167,-0.00014218250139641508
2024-08-16,885937,482,13198,1.597,14058.2,91.8,0.653,17.0,motorsportcom,-122.0,2.4285714285714284,2024-08,-0.013770730875897497,105.91567986323234,-0.00013768834806715535
2024-08-17,885924,484,13200,1.903,16760.3,103.0,0.615,18.0,motorsportcom,-13.0,2.5714285714285716,2024-08,-0.0014673944943358573,105.91412568518331,-1.4673729621828002e-05
2024-08-18,885836,472,13202,1.958,17243.3,105.4,0.611,19.0,motorsportcom,-88.0,2.7142857142857144,2024-08,-0.009934118730780867,105.90360509531295,-9.933131961659125e-05
2024-08-19,885758,472,13205,2.159,19006.8,121.1,0.637,18.0,motorsportcom,-78.0,2.5714285714285716,2024-08,-0.008806016993354844,105.8942800270188,-8.805241602283242e-05
2024-08-20,885682,473,13207,2.05,18041.1,113.3,0.628,18.0,motorsportcom,-76.0,2.5714285714285716,2024-08,-0.008580957951047893,105.88519406303985,-8.580221685827727e-05
2024-08-21,885596,472,13211,1.542,13562.3,97.8,0.721,20.0,motorsportcom,-86.0,2.857142857142857,2024-08,-0.009710974304310317,105.87491257748474,-9.710031365661731e-05
2024-08-22,885560,472,13214,1.636,14385.4,105.1,0.731,21.0,motorsportcom,-36.0,3.0,2024-08,-0.004065224264871946,105.8706086998105,-4.065059011104655e-05
2024-08-23,885518,472,13219,1.195,10490.7,90.6,0.864,24.0,motorsportcom,-42.0,3.4285714285714284,2024-08,-0.004742986590899338,105.86558750919058,-4.742761642351212e-05
2024-08-24,885456,473,13227,1.49,13121.8,69.9,0.533,34.0,motorsportcom,-62.0,4.857142857142857,2024-08,-0.007002041885762816,105.85817527541828,-7.001551634189251e-05
2024-08-25,885450,473,13235,1.463,12863.4,93.4,0.726,42.0,motorsportcom,-6.0,6.0,2024-08,-0.0006776215483652381,105.85745796247257,-6.77616956690219e-06
2024-08-26,885417,473,13240,1.379,12136.3,73.8,0.608,49.0,motorsportcom,-33.0,7.0,2024-08,-0.0037270574204019123,105.85351274127119,-3.72691851601159e-05
2024-08-27,885390,473,13244,1.675,14760.1,68.3,0.463,50.0,motorsportcom,-27.0,7.142857142857143,2024-08,-0.00304950360857927,105.85028483301554,-3.0494106166956136e-05
2024-08-28,885434,473,13248,1.883,16599.7,72.6,0.437,41.0,motorsportcom,44.0,5.857142857142857,2024-08,0.004969314483067061,105.8555451279507,4.969561436207748e-05
2024-08-29,885421,473,13253,2.163,19048.6,104.7,0.55,40.0,motorsportcom,-13.0,5.714285714285714,2024-08,-0.0014682281084365516,105.85399094990167,-1.4682065518134557e-05
2024-08-30,885511,472,13257,2.152,18949.6,105.5,0.557,34.0,motorsportcom,90.0,4.857142857142857,2024-08,0.010163623037997269,105.86475064408725,0.00010164656135325245
2024-08-31,885752,472,13264,2.076,18283.7,100.3,0.549,40.0,motorsportcom,241.0,5.714285714285714,2024-08,0.027208518863067768,105.89356271407308,0.00027215923912859985
2024-09-01,886101,466,13272,3.263,28750.9,161.0,0.56,53.0,motorsportcom,349.0,7.571428571428571,2024-09,0.03938602935782715,105.93528641708161,0.0003940154806312268
2024-09-02,886333,466,13276,2.588,22833.4,106.9,0.468,55.0,motorsportcom,232.0,7.857142857142857,2024-09,0.026175263698858104,105.96302251764888,0.00026182116937012445
2024-09-03,886370,466,13278,2.564,22619.8,108.2,0.478,51.0,motorsportcom,37.0,7.285714285714286,2024-09,0.004174329004817401,105.96744594748073,4.174503262310836e-05
2024-09-04,886398,469,13281,2.885,25456.3,115.3,0.453,42.0,motorsportcom,28.0,6.0,2024-09,0.0031588518927163647,105.97079340789404,3.1589516793273376e-05
2024-09-05,886326,469,13286,2.38,21009.1,86.6,0.412,39.0,motorsportcom,-72.0,5.571428571428571,2024-09,-0.008123421856066505,105.96218565254556,-8.12276200984341e-05
2024-09-06,886320,469,13289,2.387,21052.2,101.8,0.484,33.0,motorsportcom,-6.0,4.714285714285714,2024-09,-0.0006769564040075819,105.96146833959985,-6.769518213434189e-06
2024-09-07,886353,469,13291,2.369,20896.5,102.7,0.491,28.0,motorsportcom,33.0,4.0,2024-09,0.0037231216005361293,105.96541356080125,3.723260222043834e-05
2024-09-08,886312,469,13294,2.455,21636.1,123.2,0.569,22.0,motorsportcom,-41.0,3.142857142857143,2024-09,-0.004625910514581773,105.96051192233892,-4.62569653399969e-05
2024-09-09,886319,468,13298,2.32,20405.9,155.7,0.763,21.0,motorsportcom,7.0,3.0,2024-09,0.0007897833624236872,105.96134878744223,7.89789600053048e-06
2024-09-10,886351,468,13302,2.465,21619.4,226.8,1.049,22.0,motorsportcom,32.0,3.142857142857143,2024-09,0.0036103078802867034,105.96517445648601,3.6104382282298175e-05
2024-09-11,886366,469,13305,2.193,19229.6,206.1,1.072,22.0,motorsportcom,15.0,3.142857142857143,2024-09,0.0016923031794992137,105.96696773885026,1.6923318188810654e-05
2024-09-12,886414,468,13310,1.963,17221.2,175.3,1.018,24.0,motorsportcom,48.0,3.4285714285714284,2024-09,0.005415076927936607,105.97270624241591,5.415370174399747e-05
2024-09-13,886386,459,13309,1.683,14770.3,147.1,0.996,24.0,motorsportcom,-28.0,3.4285714285714284,2024-09,-0.003158894657632228,105.96935878200262,-3.158794874624782e-05
2024-09-14,886756,460,13314,1.758,15537.3,50.7,0.326,33.0,motorsportcom,370.0,4.714285714285714,2024-09,0.04172511942405803,106.01359308032113,0.00041742536547273446
2024-09-15,887230,460,13323,3.708,32808.8,87.3,0.266,49.0,motorsportcom,474.0,7.0,2024-09,0.05342470385356672,106.07026080303183,0.0005345326110000048
2024-09-16,887445,327,13327,2.919,25826.7,75.4,0.292,50.0,motorsportcom,215.0,7.142857142857143,2024-09,0.024226853495146177,106.09596451691962,0.00024232724321771038
2024-09-17,887671,329,13330,2.509,22202.4,71.3,0.321,49.0,motorsportcom,226.0,7.0,2024-09,0.025459883222500226,106.1229833045412,0.00025466366929771667
2024-09-18,887841,330,13337,2.921,25866.1,67.3,0.26,41.0,motorsportcom,170.0,5.857142857142857,2024-09,0.01914757259464251,106.14330717133618,0.00019151239592152258
2024-09-19,887978,330,13343,2.39,21126.1,94.2,0.446,41.0,motorsportcom,137.0,5.857142857142857,2024-09,0.015428310160837318,106.15968581692978,0.0001543069085567783
2024-09-20,888162,330,13348,1.939,17139.5,77.8,0.454,41.0,motorsportcom,184.0,5.857142857142857,2024-09,0.020716941278730684,106.18168341393141,0.0002072123408463078
2024-09-21,888332,330,13353,2.08,18372.1,107.4,0.585,50.0,motorsportcom,170.0,7.142857142857143,2024-09,0.019136989323811367,106.20200728072639,0.00019140652268401226
2024-09-22,885907,329,13370,1.904,16752.1,112.9,0.674,51.0,motorsportcom,-2425.0,7.285714285714286,2024-09,-0.27373076406439956,105.91209329850379,-0.002729835241778944
2024-09-23,883388,330,13376,1.552,13624.0,85.6,0.628,52.0,motorsportcom,-2519.0,7.428571428571429,2024-09,-0.28515216416795336,105.61094141346517,-0.0028434135863019128
2024-09-24,884396,330,13372,3.003,26410.7,148.7,0.563,41.0,motorsportcom,1008.0,5.857142857142857,2024-09,0.11397609215781167,105.73144998834367,0.0011410614588380774
2024-09-25,884675,333,13370,3.113,27390.7,148.2,0.541,41.0,motorsportcom,279.0,5.857142857142857,2024-09,0.031537005114872695,105.76480504031895,0.0003154695407938668
2024-09-26,885146,333,13375,3.873,34128.5,149.3,0.437,40.0,motorsportcom,471.0,5.714285714285714,2024-09,0.05321156057870679,105.82111410655683,0.000532398903552167
2024-09-27,885853,334,13378,4.083,36012.3,154.3,0.428,33.0,motorsportcom,707.0,4.714285714285714,2024-09,0.07981008135661334,105.90563748199247,0.0007987382872429727
2024-09-28,886285,334,13381,4.527,39969.4,155.7,0.39,28.0,motorsportcom,432.0,4.0,2024-09,0.04874278589844125,105.95728401408324,0.0004876655607646274
2024-09-29,886660,334,13383,4.516,39884.3,156.2,0.392,23.0,motorsportcom,375.0,3.2857142857142856,2024-09,0.04229355107933142,106.00211607318984,0.00042311446092391236
2024-09-30,886922,337,13385,4.02,35537.6,118.2,0.333,19.0,motorsportcom,262.0,2.7142857142857144,2024-09,0.0295403654436354,106.03343873848563,0.0002954909435408659
2024-10-01,887226,338,13390,3.454,30531.7,115.9,0.38,20.0,motorsportcom,304.0,2.857142857142857,2024-10,0.03426409956425984,106.06978259440136,0.0003427584387352134
2024-10-02,887379,338,13397,3.972,35074.4,176.1,0.502,21.0,motorsportcom,153.0,3.0,2024-10,0.01724178733100513,106.08807407451685,0.00017244760635959366
2024-10-03,887616,338,13401,3.297,29112.3,149.4,0.513,20.0,motorsportcom,237.0,2.857142857142857,2024-10,0.026700735453168936,106.11640793587223,0.00026707866649977596
2024-10-04,887812,338,13407,1.97,17362.1,125.7,0.724,23.0,motorsportcom,196.0,3.2857142857142856,2024-10,0.022076745977752048,106.13984015876528,0.0002208162088110921
2024-10-05,888030,338,13410,1.822,16027.4,153.8,0.96,23.0,motorsportcom,218.0,3.2857142857142856,2024-10,0.02454872020089411,106.1659025291259,0.0002455474807729896
2024-10-06,888092,338,13414,1.848,16261.1,147.1,0.905,27.0,motorsportcom,62.0,3.857142857142857,2024-10,0.006981258698423137,106.17331476289817,6.981746112177944e-05
2024-10-07,888248,339,13421,1.394,12281.0,100.2,0.816,32.0,motorsportcom,156.0,4.571428571428571,2024-10,0.017562662679792132,106.19196489948652,0.00017565747692804834
2024-10-08,888423,339,13425,1.224,10783.1,92.8,0.861,28.0,motorsportcom,175.0,4.0,2024-10,0.01969782412206798,106.2128865270696,0.00019701704929264707
2024-10-09,888380,339,13429,1.387,12222.2,101.5,0.83,28.0,motorsportcom,-43.0,4.0,2024-10,-0.004840271055179091,106.20774578429204,-4.840036784281576e-05
2024-10-10,888695,339,13435,1.252,11068.7,60.5,0.547,28.0,motorsportcom,315.0,4.0,2024-10,0.035445231491119,106.24540471394157,0.0003545779959026607
2024-10-11,889115,339,13442,2.046,18113.6,78.2,0.432,33.0,motorsportcom,420.0,4.714285714285714,2024-10,0.04723798383786124,106.29561662014095,0.0004726030865482844
2024-10-12,889537,339,13445,1.907,16895.3,72.1,0.427,29.0,motorsportcom,422.0,4.142857142857143,2024-10,0.04744041001105069,106.34606763065557,0.0004746292661803597
2024-10-13,889748,339,13446,2.278,20172.1,95.7,0.474,28.0,motorsportcom,211.0,4.0,2024-10,0.023714579858566696,106.37129313591286,0.00023720205005517414
2024-10-14,889909,340,13453,2.507,22214.1,100.2,0.451,24.0,motorsportcom,161.0,3.4285714285714284,2024-10,0.018091737469786238,106.39054103328928,0.00018095011171692654
2024-10-15,890288,340,13283,2.693,23874.7,103.5,0.434,24.0,motorsportcom,379.0,3.4285714285714284,2024-10,0.042570494042377297,106.43585130102635,0.0004258862423012211
2024-10-16,890634,340,13285,2.663,23596.7,123.3,0.523,24.0,motorsportcom,346.0,3.4285714285714284,2024-10,0.03884873023037522,106.47721634756205,0.0003886382833420132
2024-10-17,891078,340,13294,3.169,28115.5,126.4,0.45,27.0,motorsportcom,444.0,3.857142857142857,2024-10,0.04982728784685516,106.53029750554424,0.0004985212781007942
2024-10-18,891576,340,13303,3.152,27997.1,106.8,0.381,40.0,motorsportcom,498.0,5.714285714285714,2024-10,0.05585614686801798,106.58983448003778,0.0005588736339579015
2024-10-19,891903,340,13310,1.773,15732.3,80.5,0.512,50.0,motorsportcom,327.0,7.142857142857143,2024-10,0.036663179740397775,106.62892803557872,0.0003667662655790771
2024-10-20,892461,340,13324,1.653,14601.2,153.0,1.048,72.0,motorsportcom,558.0,10.285714285714286,2024-10,0.06252374053319977,106.69563813952931,0.0006256285717167742
2024-10-21,893011,340,13333,3.779,33566.3,185.0,0.551,82.0,motorsportcom,550.0,11.714285714285714,2024-10,0.06158938691684649,106.76139182621898,0.0006162734281947024
2024-10-22,893273,340,13337,3.324,29532.0,161.2,0.546,72.0,motorsportcom,262.0,10.285714285714286,2024-10,0.0293303391012602,106.7927144915148,0.00029338944313117565
2024-10-23,893496,341,13342,2.7,23980.8,142.9,0.596,57.0,motorsportcom,223.0,8.142857142857142,2024-10,0.024958141950271743,106.8193746226635,0.00024964372593827555
2024-10-24,893732,341,13358,2.287,20304.3,133.9,0.659,52.0,motorsportcom,236.0,7.428571428571429,2024-10,0.026406126221283337,106.84758893186124,0.0002641310089803728
2024-10-25,893974,342,13369,2.931,26008.6,194.7,0.749,68.0,motorsportcom,242.0,9.714285714285714,2024-10,0.027070138505146682,106.8765205540047,0.00027077468413350125
2024-10-26,894164,342,13377,1.665,14831.5,54.4,0.367,73.0,motorsportcom,190.0,10.428571428571429,2024-10,0.02124889841237178,106.89923546395204,0.00021253414528832337
2024-10-27,894504,342,13389,1.287,11418.5,90.1,0.789,75.0,motorsportcom,340.0,10.714285714285714,2024-10,0.038009891515297864,106.93988319754202,0.0003802434452739867
2024-10-28,895109,342,13397,2.151,19163.5,86.8,0.453,77.0,motorsportcom,605.0,11.0,2024-10,0.0675895337886224,107.01221225290062,0.0006763524813750976
2024-10-29,895480,342,13405,3.432,30560.3,170.8,0.559,59.0,motorsportcom,371.0,8.428571428571429,2024-10,0.041430294367266716,107.05656610337675,0.0004144746617451567
2024-10-30,895887,342,13412,3.373,30063.5,156.7,0.521,59.0,motorsportcom,407.0,8.428571428571429,2024-10,0.04542983657537167,107.1052238315271,0.00045450484656273105
2024-10-31,896259,342,13420,2.408,21459.7,122.7,0.572,50.0,motorsportcom,372.0,7.142857142857143,2024-10,0.041505859355387226,107.14969723416084,0.00041523093872330996
2024-11-01,896734,342,13429,2.94,26234.3,128.6,0.49,52.0,motorsportcom,475.0,7.428571428571429,2024-11,0.052970000022303156,107.20648450902918,0.0005299807310163995
2024-11-02,897221,342,13439,1.831,16296.0,129.0,0.792,70.0,motorsportcom,487.0,10.0,2024-11,0.05427871171093855,107.26470640978893,0.0005430818949654359
2024-11-03,898587,342,13458,1.052,9266.0,185.0,1.997,134.0,motorsportcom,1366.0,19.142857142857142,2024-11,0.1520164435942207,107.42801465709452,0.0015224788541507994
2024-11-04,899886,342,13456,1.161,10415.0,33.0,0.317,78.0,motorsportcom,1299.0,11.142857142857142,2024-11,0.1443516178715971,107.58331290983973,0.0014456029299332318
2024-11-05,900524,342,13461,4.664,41732.7,267.8,0.642,74.0,motorsportcom,638.0,10.571428571428571,2024-11,0.0708476398185945,107.65958718639975,0.0007089786928566877
2024-11-06,901287,343,13467,3.862,34521.9,290.2,0.841,56.0,motorsportcom,763.0,8.0,2024-11,0.08465671867007957,107.75080548266193,0.0008472844699307647
2024-11-07,901889,343,13473,4.15,37075.5,356.7,0.962,43.0,motorsportcom,602.0,6.142857142857143,2024-11,0.06674879059396445,107.82277588154771,0.000667933743635496
2024-11-08,902336,343,13476,3.607,32318.9,224.9,0.696,35.0,motorsportcom,447.0,5.0,2024-11,0.04953808780764593,107.87621569600276,0.0004956264019186918
2024-11-09,902904,343,13479,2.993,26856.1,168.3,0.627,32.0,motorsportcom,568.0,4.571428571428571,2024-11,0.06290812755287384,107.94412132152955,0.0006294772678914207
2024-11-10,903506,343,13485,2.862,25692.1,170.4,0.663,29.0,motorsportcom,602.0,4.142857142857143,2024-11,0.06662933062979107,108.01609172041533,0.0006667375490638783
2024-11-11,903800,343,13485,2.881,25884.9,150.6,0.582,29.0,motorsportcom,294.0,4.142857142857143,2024-11,0.03252932064616065,108.05124005475489,0.00032539905656414625
2024-11-12,904096,345,13495,1.983,17824.3,104.5,0.586,33.0,motorsportcom,296.0,4.714285714285714,2024-11,0.03273988602980215,108.0866274934097,0.00032750608541709525
2024-11-13,904412,347,13507,2.629,23609.9,165.8,0.702,60.0,motorsportcom,316.0,8.571428571428571,2024-11,0.034939828308337355,108.12440597521685,0.000349520404912651
2024-11-14,905067,347,13514,3.025,27246.7,130.7,0.48,52.0,motorsportcom,655.0,7.428571428571429,2024-11,0.07237033280409075,108.20271263845633,0.0007242274538594717
2024-11-15,905510,346,13518,3.583,32313.8,131.6,0.407,49.0,motorsportcom,443.0,7.0,2024-11,0.04892270654106525,108.25567424428093,0.0004894665256827135
2024-11-16,905725,346,13521,3.881,35012.2,136.9,0.391,40.0,motorsportcom,215.0,5.714285714285714,2024-11,0.023737889536007067,108.2813779581687,0.00023743525747921268
2024-11-17,906042,346,13524,3.622,32683.4,136.7,0.418,34.0,motorsportcom,317.0,4.857142857142857,2024-11,0.034987340542712145,108.31927599213347,0.0003499958596704378
2024-11-18,906220,346,13531,3.301,29782.4,134.1,0.45,34.0,motorsportcom,178.0,4.857142857142857,2024-11,0.019642029529253383,108.34055627618939,0.00019645888380459553
2024-11-19,906454,347,13536,2.23,20115.8,95.5,0.475,32.0,motorsportcom,234.0,4.571428571428571,2024-11,0.02581487863697441,108.36853148107191,0.000258215444373322
2024-11-20,906602,348,13545,1.609,14535.6,52.5,0.361,33.0,motorsportcom,148.0,4.714285714285714,2024-11,0.016324693746539276,108.38622520039931,0.0001632735913792427
2024-11-21,906915,348,13561,1.484,13405.8,51.8,0.386,69.0,motorsportcom,313.0,9.857142857142858,2024-11,0.034512605922274966,108.4236450257336,0.0003452452123422489
2024-11-22,907525,349,13575,1.727,15501.7,167.6,1.081,79.0,motorsportcom,610.0,11.285714285714286,2024-11,0.06721577917963693,108.49657184188031,0.0006726098917759771
2024-11-23,908082,352,13586,2.64,23882.0,91.3,0.382,89.0,motorsportcom,557.0,12.714285714285714,2024-11,0.06133807299340808,108.5631623936733,0.0006137571967714806
2024-11-24,908685,348,13601,1.818,16433.3,85.7,0.522,110.0,motorsportcom,603.0,15.714285714285714,2024-11,0.06635962957460506,108.63525234471669,0.00066403694820516
2024-11-25,909142,348,13611,3.684,33318.3,170.9,0.513,107.0,motorsportcom,457.0,15.285714285714286,2024-11,0.05026717498476586,108.68988768074792,0.0005029245558141326
2024-11-26,909592,348,13620,1.896,17177.3,69.5,0.405,72.0,motorsportcom,450.0,10.285714285714286,2024-11,0.04947273063087626,108.74368615167582,0.0004949721825633357
2024-11-27,910006,350,13629,2.816,25449.9,173.2,0.681,74.0,motorsportcom,414.0,10.571428571428571,2024-11,0.045494205532710774,108.7931807449295,0.0004551491218041104
2024-11-28,910442,350,13635,2.085,18842.7,139.1,0.738,56.0,motorsportcom,436.0,8.0,2024-11,0.047888827624384636,108.84530548565074,0.0004791177201028951
2024-11-29,910956,350,13647,2.704,24526.9,106.7,0.435,54.0,motorsportcom,514.0,7.714285714285714,2024-11,0.05642424002915618,108.90675529466618,0.0005645609495168458
2024-11-30,911400,350,13661,2.42,21971.5,87.3,0.397,108.0,motorsportcom,444.0,15.428571428571429,2024-11,0.048716260697827515,108.95983645264837,0.0004874000500572073
2024-12-01,912259,349,13677,1.356,12258.0,109.0,0.889,130.0,motorsportcom,859.0,18.571428571428573,2024-12,0.09416185535028977,109.06253175604186,0.0009425060346719416
2024-12-02,913337,350,13685,1.422,12964.0,25.0,0.193,114.0,motorsportcom,1078.0,16.285714285714285,2024-12,0.11802872324235193,109.19140898195361,0.0011816819565495518
2024-12-03,914071,350,13688,3.904,35463.2,224.1,0.632,74.0,motorsportcom,734.0,10.571428571428571,2024-12,0.08030010797848307,109.2791602656449,0.0008036464087188833
2024-12-04,914600,350,13697,3.787,34414.4,218.6,0.635,55.0,motorsportcom,529.0,7.857142857142857,2024-12,0.05783949267439318,109.34240335702458,0.0005787296610437753
2024-12-05,915359,350,13706,2.924,26667.2,96.9,0.363,50.0,motorsportcom,759.0,7.142857142857143,2024-12,0.0829182867049977,109.43314344465631,0.000829870981849945
2024-12-06,916684,350,13719,3.211,29359.2,79.3,0.27,55.0,motorsportcom,1325.0,7.857142857142857,2024-12,0.14454272137399585,109.59155005349959,0.00144751949781452
2024-12-07,918319,350,13729,3.836,35017.2,210.8,0.602,75.0,motorsportcom,1635.0,10.714285714285714,2024-12,0.1780427062926935,109.78701783120431,0.0017836026373319047
2024-12-08,919857,350,13752,2.327,21273.0,136.0,0.639,136.0,motorsportcom,1538.0,19.428571428571427,2024-12,0.1671999017238549,109.97088904962011,0.0016747992799888145
2024-12-09,921340,350,13762,11.348,104511.0,47.0,0.045,124.0,motorsportcom,1483.0,17.714285714285715,2024-12,0.16096120867432218,110.14818489936698,0.0016122071148014783
2024-12-10,922356,351,13775,5.156,47435.4,119.1,0.251,77.0,motorsportcom,1016.0,11.0,2024-12,0.1101526959221819,110.26964989150643,0.00110274165888824
2024-12-11,922921,351,13779,4.862,44773.4,99.0,0.221,56.0,motorsportcom,565.0,8.0,2024-12,0.06121867418771487,110.33719686056034,0.0006125617440555509
2024-12-12,923418,351,13787,3.856,35457.9,145.6,0.411,54.0,motorsportcom,497.0,7.714285714285714,2024-12,0.05382177951913435,110.39661428289627,0.0005385076295805202
2024-12-13,923977,351,13794,3.435,31562.1,180.3,0.571,50.0,motorsportcom,559.0,7.142857142857143,2024-12,0.060499341433823565,110.46344393900449,0.0006053596529416172
2024-12-14,924432,351,13797,3.346,30765.6,168.3,0.547,40.0,motorsportcom,455.0,5.714285714285714,2024-12,0.04921941256901535,110.51784017072049,0.0004924365000427144
2024-12-15,924672,351,13801,3.002,27600.4,162.3,0.588,35.0,motorsportcom,240.0,5.0,2024-12,0.025955149501661133,110.54653268854871,0.00025961887948500184
2024-12-16,925152,351,13805,2.955,27208.1,130.0,0.478,33.0,motorsportcom,480.0,4.714285714285714,2024-12,0.05188336619279858,110.60391772420513,0.0005191029900333266
2024-12-17,925684,351,13810,2.935,27086.3,86.1,0.318,28.0,motorsportcom,532.0,4.0,2024-12,0.05747101602706755,110.66751947205766,0.0005750406419702259
2024-12-18,926203,351,13816,3.159,29139.7,116.4,0.399,28.0,motorsportcom,519.0,4.0,2024-12,0.05603523201717118,110.72956704186119,0.0005606664909407755
2024-12-19,926554,351,13823,3.016,27800.1,147.8,0.532,28.0,motorsportcom,351.0,4.0,2024-12,0.03788230367577065,110.77152984918494,0.00037896659803515753
2024-12-20,927285,351,13828,3.419,31504.2,197.6,0.627,34.0,motorsportcom,731.0,4.857142857142857,2024-12,0.07883228996478968,110.8589224764034,0.000788944842934125
2024-12-21,927826,351,13830,4.413,40727.3,214.8,0.527,32.0,motorsportcom,541.0,4.571428571428571,2024-12,0.05830834660809247,110.92360019367449,0.0005834236507653578
2024-12-22,928229,351,13833,4.157,38399.5,189.2,0.493,33.0,motorsportcom,403.0,4.714285714285714,2024-12,0.04341601048879102,110.97177971319437,0.00043434868175706853
2024-12-23,928461,351,13836,4.107,37976.4,157.8,0.416,33.0,motorsportcom,232.0,4.714285714285714,2024-12,0.024987586985344565,110.99951581376163,0.00024993832340935995
2024-12-24,928743,351,13838,3.973,36695.3,207.9,0.567,29.0,motorsportcom,282.0,4.142857142857143,2024-12,0.030363620506426426,111.0332295222098,0.0003037284280114072
2024-12-25,928953,351,13838,4.024,37173.4,208.9,0.562,22.0,motorsportcom,210.0,3.142857142857143,2024-12,0.022606095249167613,111.0583354753095,0.00022611206760103641
2024-12-26,929209,351,13838,2.812,25958.2,167.6,0.646,15.0,motorsportcom,256.0,2.142857142857143,2024-12,0.027550314299581685,111.08894082765958,0.00027557906589459336
2024-12-27,929412,351,13840,2.744,25329.8,169.2,0.668,12.0,motorsportcom,203.0,1.7142857142857142,2024-12,0.021841766622337565,111.11320991565596,0.00021846538292247253
2024-12-28,929598,351,13841,2.766,25545.3,170.0,0.665,11.0,motorsportcom,186.0,1.5714285714285714,2024-12,0.02000864889984703,111.13544661697281,0.00020012653161360916
2024-12-29,929734,351,13842,2.789,25598.6,330.8,1.292,9.0,motorsportcom,136.0,1.2857142857142858,2024-12,0.014627839790735845,111.1517057104088,0.00014629979840741214
2024-12-30,929875,351,13844,2.894,26571.9,339.4,1.277,9.0,motorsportcom,141.0,1.2857142857142858,2024-12,0.015163328404355424,111.16856256463288,0.000151656280183321
2024-12-31,929950,351,13845,2.919,26798.7,343.8,1.283,8.0,motorsportcom,75.0,1.1428571428571428,2024-12,0.008064949728480026,111.17752897645421,8.065600215090285e-05
2025-01-01,930101,350,13846,3.043,27960.1,340.2,1.217,8.0,motorsportcom,151.0,1.1428571428571428,2025-01,0.016234796006025152,111.19558135225445,0.0001623743212000317
2025-01-02,930215,350,13846,3.08,28306.9,341.3,1.206,8.0,motorsportcom,114.0,1.1428571428571428,2025-01,0.012255231317491117,111.20921029822286,0.0001225673340852218
2025-01-03,930217,350,13848,3.261,30089.1,244.9,0.814,8.0,motorsportcom,2.0,1.1428571428571428,2025-01,0.00021500359593514201,111.2094494025381,2.1500405820162882e-06
2025-01-04,930254,350,13850,3.284,30307.8,246.1,0.812,9.0,motorsportcom,37.0,1.2857142857142858,2025-01,0.003977408320738207,111.21387283236994,3.977566524793197e-05
2025-01-05,930350,350,13851,2.861,26364.0,251.3,0.953,9.0,motorsportcom,96.0,1.2857142857142858,2025-01,0.01031869726447036,111.22534983950123,0.00010319762129484822
2025-01-06,930367,351,13860,3.004,27681.5,263.8,0.953,11.0,motorsportcom,17.0,1.5714285714285714,2025-01,0.0018272359187288458,111.22738222618074,1.8272693072418633e-05
2025-01-07,930557,351,13863,3.044,28224.0,98.2,0.348,12.0,motorsportcom,190.0,1.7142857142857142,2025-01,0.020417878754337457,111.25009713612806,0.00020422048503432322
2025-01-08,930633,351,13864,3.121,28959.1,86.8,0.3,12.0,motorsportcom,76.0,1.7142857142857142,2025-01,0.008166484532570841,111.25918310010701,8.167151501736747e-05
2025-01-09,930797,351,13868,3.001,27846.7,87.6,0.315,15.0,motorsportcom,164.0,2.142857142857143,2025-01,0.017619309043754975,111.27878965395628,0.0001762241399134723
2025-01-10,930951,351,13871,3.035,28167.0,88.8,0.315,16.0,motorsportcom,154.0,2.2857142857142856,2025-01,0.016542224026828478,111.29720068622939,0.0001654496093133062
2025-01-11,931134,351,13873,2.81,26087.3,78.8,0.302,14.0,motorsportcom,183.0,2.0,2025-01,0.01965345481960706,111.3190787310734,0.00019657318161758752
2025-01-12,932156,351,13874,2.639,24525.9,75.3,0.307,13.0,motorsportcom,1022.0,1.8571428571428572,2025-01,0.10963830088525955,111.44126103615855,0.0010975863839146616
2025-01-13,933093,351,13877,3.296,30632.8,124.4,0.406,14.0,motorsportcom,937.0,2.0,2025-01,0.10041871496195985,111.55328140784621,0.001005196555083021
2025-01-14,933298,351,13882,3.18,29555.4,127.5,0.431,16.0,motorsportcom,205.0,2.2857142857142856,2025-01,0.021965117250867354,111.5777896001578,0.0002196994297460897
2025-01-15,933544,351,13887,2.782,25852.2,118.2,0.457,18.0,motorsportcom,246.0,2.5714285714285716,2025-01,0.026351195015982105,111.60719943093173,0.0002635814070104381
2025-01-16,933803,351,13890,2.761,25663.9,121.9,0.475,18.0,motorsportcom,259.0,2.5714285714285716,2025-01,0.02773604282702026,111.63816343975468,0.0002774373784202311
2025-01-17,933980,350,13894,2.67,24743.0,194.0,0.784,19.0,motorsportcom,177.0,2.7142857142857144,2025-01,0.018951155270990814,111.65932417165298,0.00018954747414601236
2025-01-18,934176,350,13896,1.773,16430.2,130.0,0.791,18.0,motorsportcom,196.0,2.5714285714285716,2025-01,0.020981057102730107,111.68275639454603,0.0002098546007409663
2025-01-19,934329,350,13899,1.736,16103.9,119.9,0.745,18.0,motorsportcom,153.0,2.5714285714285716,2025-01,0.016375388112752576,111.70104787466151,0.00016378070085298901
2025-01-20,934470,348,13903,1.864,17275.7,143.8,0.832,19.0,motorsportcom,141.0,2.7142857142857144,2025-01,0.015088766894603357,111.71790472888559,0.00015091043947057514
2025-01-21,934771,349,13909,2.089,19366.9,163.2,0.843,20.0,motorsportcom,301.0,2.857142857142857,2025-01,0.03220039988403577,111.75388992832849,0.0003221077188138022
2025-01-22,935470,350,13918,2.026,18855.3,99.8,0.529,28.0,motorsportcom,699.0,4.0,2025-01,0.07472179759906784,111.83745688650315,0.0007477767282040304
2025-01-23,935789,350,13922,1.981,18447.1,88.9,0.482,24.0,motorsportcom,319.0,3.4285714285714284,2025-01,0.034088881147352666,111.87559402478315,0.00034100505628176236
2025-01-24,936198,351,13927,2.71,25263.1,103.5,0.41,28.0,motorsportcom,409.0,4.0,2025-01,0.0436873396439642,111.92449085724874,0.00043706433822143786
2025-01-25,936545,351,13928,2.854,26634.3,95.3,0.358,24.0,motorsportcom,347.0,3.4285714285714284,2025-01,0.03705107602944867,111.96597545594204,0.00037064808939990534
2025-01-26,937068,352,13932,3.003,28038.7,101.3,0.361,28.0,motorsportcom,523.0,4.0,2025-01,0.055812385013680965,112.02850123437602,0.0005584355263228424
2025-01-27,937446,352,13936,3.311,30924.6,113.6,0.367,27.0,motorsportcom,378.0,3.857142857142857,2025-01,0.040322322565779785,112.07369194995547,0.00040338588021349153
2025-01-28,937721,352,13940,3.616,33793.1,118.2,0.35,22.0,motorsportcom,275.0,3.142857142857143,2025-01,0.029326420118564053,112.1065687933003,0.00029335023030663265
2025-01-29,937975,352,13953,3.601,33655.9,122.5,0.364,20.0,motorsportcom,254.0,2.857142857142857,2025-01,0.027079612996081984,112.13693504133515,0.000270869480367919
2025-01-30,938418,352,13962,3.953,36950.6,145.7,0.394,27.0,motorsportcom,443.0,3.857142857142857,2025-01,0.04720710813304945,112.18989664715974,0.0004722940376875595
2025-01-31,938664,352,13966,2.08,19437.3,85.1,0.438,33.0,motorsportcom,246.0,4.714285714285714,2025-01,0.026207460816650045,112.21930647793366,0.0002621433092715453
2025-02-01,938865,352,13969,1.866,17452.2,70.0,0.401,33.0,motorsportcom,201.0,4.714285714285714,2025-02,0.021408828745346775,112.2433364616148,0.00021413413106285972
2025-02-02,938975,352,13971,1.633,15257.7,72.3,0.474,28.0,motorsportcom,110.0,4.0,2025-02,0.01171490188769669,112.25648719895271,0.00011716274437745255
2025-02-03,939117,352,13975,1.612,15067.2,70.0,0.465,33.0,motorsportcom,142.0,4.714285714285714,2025-02,0.015120586678763134,112.27346360533441,0.00015122873345929655
2025-02-04,939063,352,13982,1.465,13686.3,74.5,0.544,29.0,motorsportcom,-54.0,4.142857142857143,2025-02,-0.005750412911593791,112.26700778882307,-5.750082258115796e-05
2025-02-05,939150,352,13983,1.42,13256.8,82.3,0.621,24.0,motorsportcom,87.0,3.4285714285714284,2025-02,0.009263695895224406,112.2774088265358,9.264554135346437e-05
2025-02-06,939327,354,13987,1.379,12869.0,82.8,0.643,20.0,motorsportcom,177.0,2.857142857142857,2025-02,0.018843278219406023,112.29856955843411,0.00018846829579932667
2025-02-07,939854,356,13991,1.322,12354.5,68.7,0.556,18.0,motorsportcom,527.0,2.5714285714285716,2025-02,0.05607253892625876,112.36157354549856,0.0005610399786228903
2025-02-08,940602,356,13994,3.326,31123.7,160.9,0.517,19.0,motorsportcom,748.0,2.7142857142857144,2025-02,0.07952353918022713,112.45099855939651,0.0007958682944371187
2025-02-09,941254,356,13994,3.919,36724.7,166.1,0.452,18.0,motorsportcom,652.0,2.5714285714285716,2025-02,0.06926929394191153,112.52894656616314,0.0006931730955281878
2025-02-10,941642,356,13999,4.547,42649.7,169.4,0.397,20.0,motorsportcom,388.0,2.857142857142857,2025-02,0.04120461916524539,112.57533280331877,0.00041221604370345055
2025-02-11,941965,356,14003,5.743,53883.4,210.3,0.39,20.0,motorsportcom,323.0,2.857142857142857,2025-02,0.03429002139145297,112.61394815022925,0.0003430178348033941
2025-02-12,942187,356,14006,5.199,48802.3,186.7,0.383,20.0,motorsportcom,222.0,2.857142857142857,2025-02,0.023562201558713927,112.64048872922035,0.00023567754640563265
2025-02-13,942315,356,14012,2.552,23984.6,67.2,0.28,21.0,motorsportcom,128.0,3.0,2025-02,0.013583568127430848,112.65579140539539,0.00013585413511330025
2025-02-14,942454,356,14018,1.692,15910.1,38.9,0.244,23.0,motorsportcom,139.0,3.2857142857142856,2025-02,0.014748730442016269,112.67240915530424,0.00014750906013372145
2025-02-15,942704,356,14023,1.691,15894.7,51.0,0.321,30.0,motorsportcom,250.0,4.285714285714286,2025-02,0.026519458918175802,112.7022971947086,0.00026526493600753653
2025-02-16,942812,356,14023,1.748,16421.7,56.8,0.346,23.0,motorsportcom,108.0,3.2857142857142856,2025-02,0.01145509391055693,112.71520882773132,0.00011456406252641216
2025-02-17,942880,356,14026,1.385,13000.7,59.1,0.455,20.0,motorsportcom,68.0,2.857142857142857,2025-02,0.007211946377057525,112.72333837444933,7.212466536277162e-05
2025-02-18,942949,356,14037,1.22,11438.8,62.4,0.546,28.0,motorsportcom,69.0,4.0,2025-02,0.007317468919315891,112.73158747332492,7.318004412004697e-05
2025-02-19,943426,356,14045,0.856,8037.9,39.9,0.496,33.0,motorsportcom,477.0,4.714285714285714,2025-02,0.05056040431363986,112.78861385250852,0.0005058598079006327
2025-02-20,943592,356,14047,1.517,14272.1,45.4,0.318,30.0,motorsportcom,166.0,4.285714285714286,2025-02,0.01759234923568661,112.80845951067302,0.00017595444687756867
2025-02-21,943704,356,14050,1.887,17752.1,55.5,0.313,29.0,motorsportcom,112.0,4.142857142857143,2025-02,0.011868128141874995,112.82184935232618,0.00011869536833719607
2025-02-22,943883,356,14052,1.962,18458.4,58.4,0.316,33.0,motorsportcom,179.0,4.714285714285714,2025-02,0.018964214844424572,112.84324918853974,0.00018967811941039692
2025-02-23,944012,356,14053,2.07,19461.4,78.6,0.404,34.0,motorsportcom,129.0,4.857142857142857,2025-02,0.013665080528637349,112.8586714168724,0.0001366694812809932
2025-02-24,944067,356,14045,2.646,24868.4,109.9,0.442,24.0,motorsportcom,55.0,3.4285714285714284,2025-02,0.0058258576986591,112.86524678554134,5.826197124614296e-05
2025-02-25,944204,356,14046,2.558,24035.6,119.5,0.497,18.0,motorsportcom,137.0,2.5714285714285716,2025-02,0.014509576320371444,112.88162543113496,0.00014511681903939255
2025-02-26,944414,357,14043,2.73,25626.4,156.3,0.61,15.0,motorsportcom,210.0,2.142857142857143,2025-02,0.02223601090199849,112.90673138423466,0.00022240956403485335
2025-02-27,944624,356,14052,2.752,25837.3,157.1,0.608,21.0,motorsportcom,210.0,3.0,2025-02,0.02223106759938346,112.93183733733434,0.00022236010901988124
2025-02-28,944817,356,14061,2.95,27758.5,109.7,0.395,28.0,motorsportcom,193.0,4.0,2025-02,0.020427236173777567,112.95491090375454,0.00020431409746102247
2025-03-01,945128,356,14065,2.378,22380.2,95.9,0.429,34.0,motorsportcom,311.0,4.857142857142857,2025-03,0.03290559585579943,112.9920916247736,0.00032916427202311915
2025-03-02,945237,356,14068,2.452,23083.2,95.3,0.413,40.0,motorsportcom,109.0,5.714285714285714,2025-03,0.011531499507530915,113.00512280995392,0.0001153282941570577
2025-03-03,945303,357,14073,2.221,20910.5,88.4,0.423,34.0,motorsportcom,66.0,4.857142857142857,2025-03,0.006981888346910991,113.01301325235667,6.982375848596512e-05
2025-03-04,945409,358,14073,2.394,22543.8,88.9,0.394,32.0,motorsportcom,106.0,4.571428571428571,2025-03,0.011212078581862453,113.02568578106414,0.00011213335829896032
2025-03-05,945698,358,14075,2.29,21566.7,87.2,0.404,28.0,motorsportcom,289.0,4.0,2025-03,0.0305594386368587,113.06023635461561,0.00030568780284512265
2025-03-06,946030,359,14081,2.636,24821.9,114.3,0.46,28.0,motorsportcom,332.0,4.0,2025-03,0.03509402450239422,113.09992767094464,0.0003510634473160579
2025-03-07,946348,360,14090,2.85,26836.0,135.6,0.505,40.0,motorsportcom,318.0,5.714285714285714,2025-03,0.033602860681271586,113.13794525706702,0.0003361415599927309
2025-03-08,946582,360,14091,2.595,24470.2,97.1,0.397,33.0,motorsportcom,234.0,4.714285714285714,2025-03,0.024720520778971074,113.16592046194953,0.000247266333315066
2025-03-09,946797,360,14093,2.206,20800.3,85.5,0.411,28.0,motorsportcom,215.0,4.0,2025-03,0.02270814123830135,113.19162417583732,0.00022713299006316134
2025-03-10,946967,360,14097,1.892,17839.3,81.7,0.458,29.0,motorsportcom,170.0,4.142857142857143,2025-03,0.01795205112744161,113.2119480426323,0.00017955274467484905
2025-03-11,947237,360,14103,1.765,16648.5,65.5,0.393,29.0,motorsportcom,270.0,4.142857142857143,2025-03,0.028503954131859292,113.24422712518904,0.00028512081202403117
2025-03-12,947549,361,14112,1.926,18183.2,69.4,0.382,28.0,motorsportcom,312.0,4.0,2025-03,0.03292705707039952,113.28152739836572,0.0003293790255236573
2025-03-13,947936,361,14117,1.589,14987.6,73.6,0.491,23.0,motorsportcom,387.0,3.2857142857142856,2025-03,0.04082554096479087,113.32779408336371,0.000408422150200094
2025-03-14,948457,364,14121,2.51,23723.9,80.1,0.338,24.0,motorsportcom,521.0,3.4285714285714284,2025-03,0.054931325299934525,113.39008075748247,0.000549615163892847
2025-03-15,949320,364,14139,3.816,36137.3,88.3,0.244,51.0,motorsportcom,863.0,7.285714285714286,2025-03,0.09090717566257954,113.49325426950642,0.0009098989200353458
2025-03-16,951118,363,14149,3.34,31594.3,172.8,0.547,108.0,motorsportcom,1798.0,15.428571428571429,2025-03,0.18904068685483819,113.70820904890282,0.0018939872751022602
2025-03-17,952147,362,14150,4.167,39564.2,111.7,0.282,68.0,motorsportcom,1029.0,9.714285714285714,2025-03,0.10807154777571111,113.83122821909129,0.0010818846872837629
2025-03-18,952989,362,14156,4.651,44097.4,222.9,0.505,65.0,motorsportcom,842.0,9.285714285714286,2025-03,0.08835359065004947,113.93189113580526,0.0008843172325281312
2025-03-19,953674,362,14163,4.176,39625.8,198.7,0.501,49.0,motorsportcom,685.0,7.0,2025-03,0.07182747983063395,114.0137843637733,0.0007187910878299064
2025-03-20,954618,363,14170,2.599,24571.7,235.2,0.957,50.0,motorsportcom,944.0,7.142857142857143,2025-03,0.09888772262831834,114.1266416005643,0.0009898560724104222
2025-03-21,956068,363,14181,1.954,18542.9,141.4,0.763,74.0,motorsportcom,1450.0,10.571428571428571,2025-03,0.15166285243309055,114.29999222910976,0.0015189321802018263
2025-03-22,957800,363,14192,4.994,47646.1,191.1,0.401,72.0,motorsportcom,1732.0,10.285714285714286,2025-03,0.18083107120484443,114.50705656610339,0.0018115866235455247
2025-03-23,960113,363,14204,3.07,29397.7,81.7,0.278,79.0,motorsportcom,2313.0,11.285714285714286,2025-03,0.24090914298629434,114.78358070667281,0.0024149091668406175
2025-03-24,961440,363,14210,3.077,29450.3,135.8,0.461,65.0,motorsportcom,1327.0,9.285714285714286,2025-03,0.13802213346646697,114.94222641983131,0.0013821289785680424
2025-03-25,962366,363,14215,3.303,31632.6,150.8,0.477,50.0,motorsportcom,926.0,7.142857142857143,2025-03,0.09622118819659048,115.05293171778517,0.0009631386253952101
2025-03-26,963139,363,14220,3.777,36201.1,175.2,0.484,49.0,motorsportcom,773.0,7.0,2025-03,0.08025840506925791,115.14534553562355,0.000803228709243653
2025-03-27,963808,363,14227,3.634,34844.1,178.8,0.513,40.0,motorsportcom,669.0,5.714285714285714,2025-03,0.06941216507852185,115.22532592906971,0.0006946037903148294
2025-03-28,964216,362,14233,2.745,26308.5,159.4,0.606,34.0,motorsportcom,408.0,4.857142857142857,2025-03,0.042314170268902405,115.27410320937767,0.0004233208273847211
2025-03-29,964728,362,14238,2.687,25796.5,126.6,0.491,32.0,motorsportcom,512.0,4.571428571428571,2025-03,0.05307195396007994,115.33531391407787,0.0005310013523940338
2025-03-30,965304,362,14241,2.569,24676.6,125.1,0.507,32.0,motorsportcom,576.0,4.571428571428571,2025-03,0.059670321473856945,115.40417595686559,0.0005970594820507991
2025-03-31,965689,362,14247,2.623,25198.8,133.5,0.53,30.0,motorsportcom,385.0,4.285714285714286,2025-03,0.039867907783976,115.45020353754833,0.0003988380862400831
2025-04-01,966020,362,14248,2.467,23710.0,121.5,0.512,28.0,motorsportcom,331.0,4.0,2025-04,0.034264300946150184,115.48977530171976,0.0003427604539349982
2025-04-02,966393,362,14254,2.727,26241.6,108.8,0.415,28.0,motorsportcom,373.0,4.0,2025-04,0.03859713387824622,115.53436825651112,0.0003861203701787108
2025-04-03,966722,362,14257,3.275,31539.1,119.7,0.38,28.0,motorsportcom,329.0,4.0,2025-04,0.03403253468939364,115.5737009163673,0.00034044120766596464
2025-04-04,966948,362,14265,3.397,32775.1,75.1,0.229,39.0,motorsportcom,226.0,5.571428571428571,2025-04,0.023372508139010578,115.60071970398886,0.0002337797215745674
2025-04-05,967340,362,14276,2.866,27655.8,65.8,0.238,52.0,motorsportcom,392.0,7.428571428571429,2025-04,0.04052349742593091,115.64758414977494,0.00040539925621652095
2025-04-06,967887,362,14289,2.392,23079.3,74.3,0.322,72.0,motorsportcom,547.0,10.285714285714286,2025-04,0.05651486175555617,115.71297917999175,0.0005654681911220205
2025-04-07,968560,362,14293,2.57,24778.3,114.2,0.461,54.0,motorsportcom,673.0,7.714285714285714,2025-04,0.0694845956884447,115.79343778206837,0.0006953291035007858
2025-04-08,969012,362,14293,3.123,30100.7,161.9,0.538,40.0,motorsportcom,452.0,5.714285714285714,2025-04,0.04664544917916393,115.84747535731151,0.00046667217312301723
2025-04-09,969355,363,14299,3.476,33490.1,200.9,0.6,37.0,motorsportcom,343.0,5.285714285714286,2025-04,0.03538435351341872,115.88848174737434,0.00035396878470028703
2025-04-10,969722,363,14304,3.187,30701.7,201.2,0.655,32.0,motorsportcom,367.0,4.571428571428571,2025-04,0.037845898102755224,115.93235738921999,0.0003786022664555855
2025-04-11,970062,362,14310,2.862,27608.4,157.3,0.57,32.0,motorsportcom,340.0,4.571428571428571,2025-04,0.035049306126824886,115.97300512280995,0.00035061594972574106
2025-04-12,970434,364,14318,2.11,20383.7,89.7,0.44,32.0,motorsportcom,372.0,4.571428571428571,2025-04,0.038333364247336764,116.01747852544368,0.0003834806435052407
2025-04-13,970826,364,14333,1.423,13770.5,40.5,0.294,41.0,motorsportcom,392.0,5.857142857142857,2025-04,0.04037798740454005,116.06434297122978,0.0004039429780902104
2025-04-14,971091,365,14337,1.352,13087.5,43.5,0.332,41.0,motorsportcom,265.0,5.857142857142857,2025-04,0.0272888946555987,116.09602429299844,0.0002729634352602872
2025-04-15,971284,366,14341,1.329,12860.3,51.4,0.4,40.0,motorsportcom,193.0,5.714285714285714,2025-04,0.019870604272282873,116.1190978594186,0.00019874553466148193
2025-04-16,971532,366,14349,1.245,12029.6,68.9,0.573,36.0,motorsportcom,248.0,5.142857142857143,2025-04,0.02552669392258824,116.14874679450777,0.00025533211707395864
2025-04-17,971752,366,14356,1.277,12330.7,75.3,0.611,35.0,motorsportcom,220.0,5.0,2025-04,0.022639521194708113,116.17504826918363,0.0002264464783454656
2025-04-18,972082,365,14363,1.125,10854.5,78.4,0.722,34.0,motorsportcom,330.0,4.857142857142857,2025-04,0.03394775337883018,116.21450048119743,0.0003395928179206198
2025-04-19,972411,365,14377,1.27,12278.3,75.0,0.611,34.0,motorsportcom,329.0,4.857142857142857,2025-04,0.03383343051446353,116.25383314105362,0.00033844881398903404
2025-04-20,972630,365,14389,1.152,11170.2,37.1,0.332,35.0,motorsportcom,219.0,5.0,2025-04,0.02251627031862065,116.28001506357187,0.00022521341284709173
2025-04-21,972912,365,14393,1.196,11588.8,43.4,0.374,30.0,motorsportcom,282.0,4.285714285714286,2025-04,0.028985149736050125,116.31372877202001,0.00028993553560963115
2025-04-22,973092,365,14401,1.432,13868.8,62.0,0.447,34.0,motorsportcom,180.0,4.857142857142857,2025-04,0.01849773711016019,116.33524816039117,0.00018501159405981404
2025-04-23,973296,365,14404,1.544,14960.5,62.4,0.417,33.0,motorsportcom,204.0,4.714285714285714,2025-04,0.020959708043596193,116.35963680054515,0.0002096410205818522
2025-04-24,973502,365,14410,1.489,14436.1,62.4,0.432,29.0,motorsportcom,206.0,4.142857142857143,2025-04,0.021160716670330416,116.38426454501439,0.00021165195377359503
2025-04-25,973681,370,14417,1.659,16092.2,62.8,0.39,29.0,motorsportcom,179.0,4.142857142857143,2025-04,0.01838384440078424,116.40566438122792,0.0001838722467955023
2025-04-26,973850,370,14419,1.644,15947.1,59.4,0.372,24.0,motorsportcom,169.0,3.4285714285714284,2025-04,0.017353801920213584,116.42586869586529,0.00017356813987334796
2025-04-27,974097,371,14424,1.607,15590.7,60.7,0.389,21.0,motorsportcom,247.0,3.0,2025-04,0.02535681764752381,116.45539807879683,0.00025363248960319495
2025-04-28,974224,371,14429,1.653,16033.0,67.9,0.424,22.0,motorsportcom,127.0,3.142857142857143,2025-04,0.013036016357634385,116.47058120281426,0.00013037715956421003
2025-04-29,974395,372,14434,2.074,20131.7,76.8,0.381,19.0,motorsportcom,171.0,2.7142857142857144,2025-04,0.017549351135833002,116.49102462176685,0.0001755243147365526
2025-04-30,974615,373,14437,1.876,18214.5,66.0,0.362,18.0,motorsportcom,220.0,2.5714285714285716,2025-04,0.022573016011450675,116.51732609644272,0.0002257811257242448
2025-05-01,974968,374,14456,1.916,18609.9,67.8,0.364,24.0,motorsportcom,353.0,3.4285714285714284,2025-05,0.03620631651500357,116.55952800808174,0.0003621943023655039
2025-05-02,975399,376,14467,1.65,16018.4,72.4,0.452,31.0,motorsportcom,431.0,4.428571428571429,2025-05,0.04418704550650554,116.6110549880149,0.00044206579087724407
2025-05-03,975723,376,14476,1.298,12598.4,64.7,0.514,41.0,motorsportcom,324.0,5.857142857142857,2025-05,0.03320614559664987,116.64978988708299,0.0003321717574038541
2025-05-04,976169,376,14495,0.958,9315.2,40.4,0.434,55.0,motorsportcom,446.0,7.857142857142857,2025-05,0.04568881003186948,116.70311014938042,0.0004570969424724236
2025-05-05,977095,377,14501,1.582,15356.6,101.6,0.662,44.0,motorsportcom,926.0,6.285714285714286,2025-05,0.09477072341993358,116.81381544733429,0.0009486062351908853
2025-05-06,977664,379,14507,1.616,15702.7,94.5,0.602,44.0,motorsportcom,569.0,6.285714285714286,2025-05,0.05819995417648599,116.88184062501867,0.000582338462483234
2025-05-07,978026,379,14510,2.058,20060.1,66.1,0.33,44.0,motorsportcom,362.0,6.285714285714286,2025-05,0.03701333093394245,116.92511850607623,0.0003702703587327161
2025-05-08,978299,382,14514,2.371,23122.6,71.3,0.308,43.0,motorsportcom,273.0,6.142857142857143,2025-05,0.027905578969210844,116.95775624510583,0.0002791336835625824
2025-05-09,978575,382,14519,2.823,27516.1,110.4,0.401,35.0,motorsportcom,276.0,5.0,2025-05,0.02820427662672764,116.99075264060828,0.00028212233683166943
2025-05-10,978882,382,14522,2.222,21662.8,83.6,0.386,30.0,motorsportcom,307.0,4.285714285714286,2025-05,0.0313623092466712,117.02745515299688,0.00031372148276820333
2025-05-11,979084,382,14528,2.25,21943.0,82.2,0.375,26.0,motorsportcom,202.0,3.7142857142857144,2025-05,0.02063152906185782,117.05160468883562,0.00020635786540146306
2025-05-12,979120,382,14532,1.917,18697.3,72.4,0.387,26.0,motorsportcom,36.0,3.7142857142857144,2025-05,0.0036767709780210806,117.05590856650984,3.6769061694474914e-05
2025-05-13,979285,382,14536,1.406,13712.5,60.1,0.438,23.0,motorsportcom,165.0,3.2857142857142856,2025-05,0.016849027606876444,117.07563467251676,0.00016851866982592334
2025-05-14,979488,382,14540,1.055,10309.4,24.7,0.24,21.0,motorsportcom,203.0,3.0,2025-05,0.020725113528700708,117.09990376051312,0.00020729409722397563
2025-05-15,979674,382,14547,1.204,11763.5,27.9,0.237,19.0,motorsportcom,186.0,2.7142857142857144,2025-05,0.018985907557003658,117.12214046182999,0.000189895128883677
2025-05-16,979779,382,14551,1.357,13245.1,52.2,0.394,18.0,motorsportcom,105.0,2.5714285714285716,2025-05,0.01071670244004005,117.13469343837983,0.00010717851040253912
2025-05-17,979883,382,14566,1.749,17064.8,73.2,0.429,30.0,motorsportcom,104.0,4.285714285714286,2025-05,0.01061351202133316,117.14712686277207,0.0001061463860727585
2025-05-18,980191,382,14579,1.627,15869.2,81.8,0.515,55.0,motorsportcom,308.0,7.857142857142857,2025-05,0.03142244725772834,117.18394892731827,0.000314323240631742
2025-05-19,980775,382,14583,1.549,15124.3,70.8,0.468,43.0,motorsportcom,584.0,6.142857142857143,2025-05,0.05954474777599347,117.25376738736692,0.0005958022467049684
2025-05-20,981297,382,14592,2.147,20980.9,90.4,0.431,53.0,motorsportcom,522.0,7.571428571428571,2025-05,0.053194904295029946,117.31617361364329,0.0005322321633403071
2025-05-21,981555,382,14599,2.193,21443.8,81.4,0.38,41.0,motorsportcom,258.0,5.857142857142857,2025-05,0.026284823570762717,117.34701807030862,0.0002629173430674925
2025-05-22,981921,382,14607,1.919,18767.0,77.1,0.411,41.0,motorsportcom,366.0,5.857142857142857,2025-05,0.037273874374822415,117.39077415999665,0.0003728777297247188
2025-05-23,982331,382,14617,1.426,13959.9,48.5,0.347,34.0,motorsportcom,410.0,4.857142857142857,2025-05,0.041737459166004125,117.43979054461985,0.0004175488659474702
2025-05-24,982848,383,14638,3.528,34599.0,77.8,0.225,59.0,motorsportcom,517.0,8.428571428571429,2025-05,0.052602233509148916,117.50159901010812,0.000526299180215295
2025-05-25,983418,385,14676,0.236,2313.0,12.0,0.519,142.0,motorsportcom,570.0,20.285714285714285,2025-05,0.057961111145006496,117.56974373995016,0.0005799472553233986
2025-05-26,984730,385,14683,0.302,2958.0,19.0,0.642,129.0,motorsportcom,1312.0,18.428571428571427,2025-05,0.13323449067257015,117.72659617074439,0.0013341224179341804
2025-05-27,985658,386,14686,1.746,17112.3,101.7,0.594,75.0,motorsportcom,928.0,10.714285714285714,2025-05,0.09415030365502029,117.8375405730135,0.0009423902998790812
2025-05-28,986079,387,14693,1.885,18453.8,130.2,0.706,53.0,motorsportcom,421.0,7.571428571428571,2025-05,0.042694348018769285,117.88787203137048,0.00042712583877979604
2025-05-29,986523,387,14701,2.3,22533.2,154.7,0.687,43.0,motorsportcom,444.0,6.142857142857143,2025-05,0.04500655331908125,117.9409531893527,0.00045026818338089747
2025-05-30,986782,388,14707,2.321,22752.4,148.2,0.651,36.0,motorsportcom,259.0,5.142857142857143,2025-05,0.02624693194646842,117.97191719817563,0.00026253822769461976
2025-05-31,986994,388,14718,1.168,11473.3,51.9,0.452,33.0,motorsportcom,212.0,4.714285714285714,2025-05,0.021479360563488734,117.99726225559056,0.00021483975183977932
2025-06-01,987231,388,14734,0.779,7622.5,66.0,0.866,56.0,motorsportcom,237.0,8.0,2025-06,0.02400653950291269,118.02559611694592,0.00024012304026155284
2025-06-02,987429,388,14737,1.182,11596.1,73.6,0.635,51.0,motorsportcom,198.0,7.285714285714286,2025-06,0.020052074630175942,118.04926744415421,0.0002005609629356364
2025-06-03,987475,389,14740,1.421,13937.6,90.5,0.649,42.0,motorsportcom,46.0,6.0,2025-06,0.0046583457809058456,118.05476684340461,4.658562792858589e-05
2025-06-04,987601,389,14744,1.605,15747.9,104.4,0.663,41.0,motorsportcom,126.0,5.857142857142857,2025-06,0.012758188782716909,118.06983041526442,0.0001275981670421089
2025-06-05,987788,389,14749,1.886,18525.0,107.2,0.579,33.0,motorsportcom,187.0,4.714285714285714,2025-06,0.01893118766374971,118.0921866687389,0.0001893477224101936
2025-06-06,987998,389,14759,2.025,19900.4,107.5,0.54,33.0,motorsportcom,210.0,4.714285714285714,2025-06,0.02125510375527076,118.11729262183859,0.00021259622510094722
2025-06-07,988348,389,14771,2.221,21833.8,118.2,0.541,28.0,motorsportcom,350.0,4.0,2025-06,0.03541262794076581,118.15913587700476,0.00035425172925451776
2025-06-08,988941,389,14775,2.177,21444.1,80.7,0.376,18.0,motorsportcom,593.0,2.5714285714285716,2025-06,0.05996313227988322,118.23003030647197,0.0005999910962535271
2025-06-09,989195,390,14780,1.908,18834.3,35.3,0.187,20.0,motorsportcom,254.0,2.857142857142857,2025-06,0.025677444790966394,118.26039655450683,0.0002568403979610334
2025-06-10,989331,391,14784,1.32,13032.0,30.7,0.236,21.0,motorsportcom,136.0,3.0,2025-06,0.013746663149138156,118.2766556479428,0.00013748553116421647
2025-06-11,989456,391,14790,1.301,12840.9,27.8,0.216,24.0,motorsportcom,125.0,3.4285714285714284,2025-06,0.012633204508335895,118.291599667645,0.0001263480068853795
2025-06-12,989643,391,14797,1.225,12084.7,33.5,0.277,24.0,motorsportcom,187.0,3.4285714285714284,2025-06,0.018895702793835754,118.31395592111949,0.0001889927394447266
2025-06-13,989895,392,14801,1.47,14500.4,52.2,0.36,27.0,motorsportcom,252.0,3.857142857142857,2025-06,0.02545724546542815,118.34408306483913,0.0002546372782912254
2025-06-14,990260,392,14811,1.315,12969.1,57.1,0.44,27.0,motorsportcom,365.0,3.857142857142857,2025-06,0.03685900672550643,118.38771960236953,0.00036872597598724965
2025-06-15,990816,392,14825,0.864,8518.0,39.2,0.46,52.0,motorsportcom,556.0,7.428571428571429,2025-06,0.05611536349836902,118.45419060200489,0.0005614687051884726
2025-06-16,991324,392,14836,0.799,7874.8,43.8,0.556,55.0,motorsportcom,508.0,7.857142857142857,2025-06,0.05124459813340542,118.5149230980746,0.0005127087168554922
2025-06-17,991611,392,14840,0.799,7880.8,45.4,0.576,43.0,motorsportcom,287.0,6.142857142857143,2025-06,0.0289428011589222,118.54923456731086,0.00028951180441505464
2025-06-18,991783,392,14845,1.037,10243.5,44.9,0.438,48.0,motorsportcom,172.0,6.857142857142857,2025-06,0.017342503350027173,118.56979753842107,0.0001734551149594754
2025-06-19,991967,394,14850,1.228,12139.8,46.2,0.381,35.0,motorsportcom,184.0,5.0,2025-06,0.01854900415033968,118.5917951354227,0.00018552445444219856
2025-06-20,992134,394,14855,1.303,12884.3,43.9,0.341,32.0,motorsportcom,167.0,4.571428571428571,2025-06,0.01683240368740513,118.61176034574483,0.00016835237462542452
2025-06-21,992345,394,14861,1.409,13942.5,42.5,0.305,29.0,motorsportcom,211.0,4.142857142857143,2025-06,0.021262766477384377,118.63698585100215,0.00021267288491277903
2025-06-22,992494,394,14867,1.589,15723.4,42.4,0.27,18.0,motorsportcom,149.0,2.5714285714285716,2025-06,0.015012685215225481,118.65479912248715,0.00015014939360802337
2025-06-23,992627,394,14872,1.546,15301.6,40.8,0.267,18.0,motorsportcom,133.0,2.5714285714285716,2025-06,0.013398789273312131,118.67069955945031,0.0001340058478942474
2025-06-24,992674,394,14876,1.506,14908.8,40.8,0.274,14.0,motorsportcom,47.0,2.0,2025-06,0.004734686311921134,118.67631851085831,4.734910495085565e-05
2025-06-25,992703,401,14884,1.327,13143.3,30.8,0.234,14.0,motorsportcom,29.0,2.0,2025-06,0.0029213168490474996,118.67978552342923,2.921402192468392e-05
2025-06-26,992713,401,14893,1.398,13837.0,43.0,0.311,15.0,motorsportcom,10.0,2.142857142857143,2025-06,0.0010073404901517358,118.68098104500542,1.007350637594051e-05
2025-06-27,992809,402,14898,1.353,13374.8,60.3,0.451,18.0,motorsportcom,96.0,2.5714285714285716,2025-06,0.00966953361623434,118.6924580521367,9.67046870545829e-05
2025-06-28,992917,402,14907,1.23,12160.1,55.7,0.458,34.0,motorsportcom,108.0,4.857142857142857,2025-06,0.010877042089117217,118.70536968515938,0.00010878225318267098
2025-06-29,993084,410,14925,1.226,12114.2,60.3,0.498,39.0,motorsportcom,167.0,5.571428571428571,2025-06,0.016816301541460743,118.72533489548151,0.00016819129897061025
2025-06-30,993265,411,14931,1.155,11439.9,35.6,0.311,48.0,motorsportcom,181.0,6.857142857142857,2025-06,0.018222730087136867,118.7469738360103,0.00018226051371272867
2025-07-01,993500,411,14941,1.184,11704.9,61.1,0.522,55.0,motorsportcom,235.0,7.857142857142857,2025-07,0.02365374937091092,118.77506859305042,0.00023659345693238798
2025-07-02,993900,413,14948,1.556,15401.3,60.3,0.392,47.0,motorsportcom,400.0,6.714285714285714,2025-07,0.04024549753496328,118.82288945609747,0.00040261701056865107
2025-07-03,994530,413,14957,1.314,12994.6,71.0,0.546,43.0,motorsportcom,630.0,6.142857142857143,2025-07,0.06334650538445295,118.89820731539653,0.000633866586175591
2025-07-04,994931,413,14968,1.74,17231.6,78.0,0.453,54.0,motorsportcom,401.0,7.714285714285714,2025-07,0.04030430250942025,118.94614773060117,0.00040320553427242167
2025-07-05,995589,415,14982,0.686,6789.6,41.2,0.607,78.0,motorsportcom,658.0,11.142857142857142,2025-07,0.06609152973767288,119.02481305031351,0.0006613523952916367
2025-07-06,997514,416,15013,0.845,8426.0,3.0,0.036,378.0,motorsportcom,1925.0,54.0,2025-07,0.1929797476526645,119.25495095372733,0.0019335287955171143
2025-07-07,998770,439,15023,0.453,4518.0,9.0,0.199,196.0,motorsportcom,1256.0,28.0,2025-07,0.12575467825425274,119.40510846369502,0.001259130197671432
2025-07-08,999403,441,15032,2.521,25079.7,118.8,0.474,98.0,motorsportcom,633.0,14.0,2025-07,0.06333781267416648,119.48078497946693,0.000633779548845137
2025-07-09,1001058,442,15046,2.717,27139.5,59.4,0.219,58.0,motorsportcom,1655.0,8.285714285714286,2025-07,0.16532508605894963,119.67864380032398,0.0016559886252092149
2025-07-10,1001774,442,15053,4.035,40316.9,104.7,0.26,50.0,motorsportcom,716.0,7.142857142857143,2025-07,0.07147320653161292,119.76424314517817,0.0007152432726176272
2025-07-11,1002277,444,15059,3.347,33444.7,99.3,0.297,46.0,motorsportcom,503.0,6.571428571428571,2025-07,0.05018572709939468,119.82437788045979,0.0005021092581760644
2025-07-12,1003728,445,15068,2.744,27373.6,173.5,0.634,39.0,motorsportcom,1451.0,5.571428571428571,2025-07,0.14456107630752554,119.9978480611629,0.001447703578950632
2025-07-13,1009037,446,15075,2.084,20822.9,203.6,0.978,39.0,motorsportcom,5309.0,5.571428571428571,2025-07,0.5261452255962864,120.63255046595454,0.0052892815583505115
2025-07-14,1011222,446,15083,1.787,17848.7,224.8,1.259,38.0,motorsportcom,2185.0,5.428571428571429,2025-07,0.21607520406003827,120.89377193034892,0.002165431000052509
2025-07-15,1011803,447,15089,2.15,21370.6,378.3,1.77,37.0,motorsportcom,581.0,5.285714285714286,2025-07,0.057422245239438896,120.96323173392472,0.0005745523732672009
2025-07-16,1012285,448,15095,1.88,18767.8,262.0,1.396,38.0,motorsportcom,482.0,5.428571428571429,2025-07,0.04761504912154186,121.0208558738964,0.0004763773185096909
2025-07-17,1012927,453,15099,1.554,15634.4,109.8,0.702,41.0,motorsportcom,642.0,5.857142857142857,2025-07,0.06338067797580675,121.09760835908685,0.0006342087455608603
2025-07-18,1013372,455,15107,1.472,14753.9,166.6,1.129,40.0,motorsportcom,445.0,5.714285714285714,2025-07,0.043912798064284386,121.15080906922668,0.0004393208987418795
2025-07-19,1013609,455,15113,1.424,14215.3,214.1,1.506,35.0,motorsportcom,237.0,5.0,2025-07,0.023381797122953723,121.17914293058203,0.00023387265485919073
2025-07-20,1014057,455,15122,1.301,12987.4,206.4,1.589,40.0,motorsportcom,448.0,5.714285714285714,2025-07,0.04417897613250537,121.23270229719472,0.0004419850257841862
2025-07-21,1014863,457,15130,1.453,14539.6,204.5,1.407,38.0,motorsportcom,806.0,5.428571428571429,2025-07,0.07941958668312865,121.32906133623447,0.0007948271152411479
2025-07-22,1015484,457,15136,1.89,18982.3,215.0,1.133,36.0,motorsportcom,621.0,5.142857142857143,2025-07,0.06115310531726743,121.40330322611497,0.000611905252235978
2025-07-23,1016003,458,15144,1.775,17877.7,158.2,0.885,37.0,motorsportcom,519.0,5.285714285714286,2025-07,0.051082526331123035,121.4653507959185,0.0005110863391248888
2025-07-24,1016564,458,15154,1.715,17288.6,143.9,0.832,47.0,motorsportcom,561.0,6.714285714285714,2025-07,0.05518590074014032,121.53241955634195,0.0005521637239260802
2025-07-25,1017045,463,15163,1.065,10721.1,108.4,1.011,56.0,motorsportcom,481.0,8.0,2025-07,0.04729387588553112,121.58992414415599,0.0004731625357576874
2025-07-26,1017604,467,15170,1.013,10226.8,78.6,0.769,48.0,motorsportcom,559.0,6.857142857142857,2025-07,0.05493296016918172,121.65675380026421,0.000549631530561534
2025-07-27,1018152,468,15186,1.895,19205.6,91.4,0.476,70.0,motorsportcom,548.0,10.0,2025-07,0.053823004816569625,121.72226838263865,0.0005385198957550408
2025-07-28,1018570,469,15199,0.761,7575.0,175.5,2.317,77.0,motorsportcom,418.0,11.0,2025-07,0.04103792571939091,121.77224118452277,0.0004105477374694022
2025-07-29,1019090,470,15206,0.95,9608.5,71.1,0.74,79.0,motorsportcom,520.0,11.285714285714286,2025-07,0.05102591527735529,121.83440830648391,0.0005105196500976295
2025-07-30,1019713,476,15211,1.579,16005.4,93.7,0.585,59.0,motorsportcom,623.0,8.428571428571429,2025-07,0.061095622003446065,121.90888930067965,0.0006113297157268605
2025-07-31,1020195,476,15216,1.608,16314.6,91.1,0.558,48.0,motorsportcom,482.0,6.857142857142857,2025-07,0.047245869662172424,121.96651344065133,0.00047268201935257714
2025-08-01,1020545,476,15221,1.435,14529.1,120.6,0.83,42.0,motorsportcom,350.0,6.0,2025-08,0.034295400986727675,122.00835669581747,0.00034307166767133523
2025-08-02,1021015,476,15232,1.127,11387.1,117.4,1.031,37.0,motorsportcom,470.0,5.285714285714286,2025-08,0.04603262439827035,122.06454620989773,0.0004605382418216841
2025-08-03,1021518,480,15248,0.516,5237.0,29.7,0.567,78.0,motorsportcom,503.0,11.142857142857142,2025-08,0.04924044412335368,122.12468094517936,0.0004926470228154844
2025-08-04,1022020,480,15254,1.703,17265.8,141.1,0.817,65.0,motorsportcom,502.0,9.285714285714286,2025-08,0.049118412555527284,122.18469612830339,0.000491425505962706
2025-08-05,1022379,480,15258,1.864,18933.2,123.2,0.651,62.0,motorsportcom,359.0,8.857142857142858,2025-08,0.035114179770906875,122.22761535288808,0.0003512651415824575
2025-08-06,1022772,479,15264,2.018,20517.7,118.7,0.579,53.0,motorsportcom,393.0,7.571428571428571,2025-08,0.038424986213936245,122.27459935083178,0.00038439756685137993
2025-08-07,1023195,480,15267,1.713,17329.6,202.6,1.169,41.0,motorsportcom,423.0,5.857142857142857,2025-08,0.04134109333997918,122.32516991350401,0.0004135819126842577
2025-08-08,1023494,480,15271,1.537,15524.5,203.2,1.309,34.0,motorsportcom,299.0,4.857142857142857,2025-08,0.02921365440344545,122.36091600863166,0.00029222191273414744
2025-08-09,1023824,480,15274,1.62,16330.7,257.9,1.579,29.0,motorsportcom,330.0,4.142857142857143,2025-08,0.03223210239259872,122.40036822064546,0.00032242494826539847
2025-08-10,1024183,481,15281,0.833,8276.6,254.5,3.075,34.0,motorsportcom,359.0,4.857142857142857,2025-08,0.03505232951533076,122.44328744523017,0.0003506462048163961
2025-08-11,1024377,482,15286,0.973,9669.1,300.3,3.106,31.0,motorsportcom,194.0,4.428571428571429,2025-08,0.01893834008377775,122.46648056380798,0.00018941927370397238
2025-08-12,1024651,483,15291,1.165,11634.8,305.8,2.628,34.0,motorsportcom,274.0,4.857142857142857,2025-08,0.026740812237532587,122.49923785499519,0.00026747964860596163
2025-08-13,1024896,485,15297,1.469,14727.3,332.3,2.256,41.0,motorsportcom,245.0,5.857142857142857,2025-08,0.02390486449356813,122.52852813361147,0.0002391058028539117
2025-08-14,1025163,485,15304,1.482,14995.6,200.9,1.34,43.0,motorsportcom,267.0,6.142857142857143,2025-08,0.02604463875500774,122.56044855969539,0.0002605142375422531
2025-08-15,1025450,485,15309,1.414,14328.8,170.5,1.19,39.0,motorsportcom,287.0,5.571428571428571,2025-08,0.027987712711492512,122.59476002893162,0.0002799554802503934
2025-08-16,1025684,487,15315,1.324,13410.2,169.6,1.265,36.0,motorsportcom,234.0,5.142857142857143,2025-08,0.022814044091552563,122.62273523381413,0.00022819250085337472
2025-08-17,1025923,487,15324,1.323,13485.8,88.5,0.656,42.0,motorsportcom,239.0,6.0,2025-08,0.023296095320993877,122.65130819948473,0.00023301523666163781
2025-08-18,1026105,489,15330,1.105,11291.6,44.9,0.398,42.0,motorsportcom,182.0,6.0,2025-08,0.017736976235375523,122.67306669217113,0.00017740122796738866
2025-08-19,1026349,490,15336,0.902,9153.8,105.6,1.154,50.0,motorsportcom,244.0,7.142857142857143,2025-08,0.023773589685379924,122.70223741862982,0.00023779242865007433
2025-08-20,1026564,491,15341,1.006,10218.1,104.5,1.023,44.0,motorsportcom,215.0,6.285714285714286,2025-08,0.020943652806839127,122.7279411325176,0.00020948040091628428
2025-08-21,1026701,495,15347,0.901,9120.3,132.2,1.45,40.0,motorsportcom,137.0,5.714285714285714,2025-08,0.013343709609711103,122.7443197781112,0.00013345490393201764
2025-08-22,1026851,495,15353,0.915,9263.2,128.7,1.389,38.0,motorsportcom,150.0,5.428571428571429,2025-08,0.01460776685225023,122.76225260175384,0.0001460990103252513
2025-08-23,1027103,496,15358,0.83,8370.4,151.4,1.809,37.0,motorsportcom,252.0,5.285714285714286,2025-08,0.02453502715891201,122.79237974547345,0.0002454104831177695
2025-08-24,1027429,497,15370,0.706,7047.8,202.8,2.877,50.0,motorsportcom,326.0,7.142857142857143,2025-08,0.031729686430887194,122.83135374885678,0.0003173975735637491
2025-08-25,1027935,497,15377,0.515,5218.9,71.5,1.37,54.0,motorsportcom,506.0,7.714285714285714,2025-08,0.04922490235277523,122.89184714061128,0.0004924914519641721
2025-08-26,1028795,498,15388,0.895,9130.8,72.9,0.798,48.0,motorsportcom,860.0,6.857142857142857,2025-08,0.08359294125651855,122.99466199616238,0.0008366287751657708
2025-08-27,1029469,498,15394,1.449,14798.2,122.5,0.828,53.0,motorsportcom,674.0,7.571428571428571,2025-08,0.06547064554639333,123.07524015039661,0.0006551353768242674
2025-08-28,1029841,498,15402,1.401,14345.3,87.9,0.613,47.0,motorsportcom,372.0,6.714285714285714,2025-08,0.036122080981433054,123.11971355303035,0.000361351337436977
2025-08-29,1030196,498,15410,0.823,8356.5,121.1,1.449,53.0,motorsportcom,355.0,7.571428571428571,2025-08,0.03445946208294344,123.16215456898459,0.0003447134072152025
2025-08-30,1030477,500,15419,0.709,7218.8,90.7,1.256,47.0,motorsportcom,281.0,6.714285714285714,2025-08,0.0272689249735802,123.19574872527512,0.0002727636294452829
2025-08-31,1030893,500,15440,0.614,6298.7,34.4,0.546,49.0,motorsportcom,416.0,7.0,2025-08,0.04035336354015402,123.24548242284403,0.0004036965405340709
2025-09-01,1031393,502,15451,0.399,4046.0,74.0,1.829,129.0,motorsportcom,500.0,18.428571428571427,2025-09,0.04847812618468421,123.30525850165282,0.00048501638870379615
2025-09-02,1031793,502,15456,1.523,15609.1,107.1,0.686,95.0,motorsportcom,400.0,13.571428571428571,2025-09,0.03876746595489599,123.35307936469984,0.0003878250094775382
2025-09-03,1032150,506,15465,1.208,12391.7,81.4,0.657,63.0,motorsportcom,357.0,9.0,2025-09,0.03458799593082401,123.3957594849693,0.00034599963364745356
2025-09-04,1032423,506,15471,1.839,18829.8,159.9,0.849,44.0,motorsportcom,273.0,6.285714285714286,2025-09,0.026442649960336025,123.4283972239989,0.00026449643947090706
2025-09-05,1032721,506,15478,1.589,16211.7,202.1,1.247,39.0,motorsportcom,298.0,5.571428571428571,2025-09,0.02885580907137552,123.46402376696895,0.00028864138051942767
2025-09-06,1033177,508,15490,1.307,13301.6,197.5,1.485,42.0,motorsportcom,456.0,6.0,2025-09,0.04413570956380175,123.51853955084255,0.00044155197773654287
2025-09-07,1033885,508,15513,1.341,13694.8,168.8,1.233,38.0,motorsportcom,708.0,5.428571428571429,2025-09,0.0684795697780701,123.60318247843578,0.000685264964280119
2025-09-08,1034283,510,15524,0.762,7860.0,22.0,0.28,85.0,motorsportcom,398.0,12.142857142857142,2025-09,0.03848076396885572,123.65076423716756,0.00038495577361108424
2025-09-09,1034501,510,15531,0.85,8636.7,159.1,1.842,76.0,motorsportcom,218.0,10.857142857142858,2025-09,0.021072961746774532,123.67682660752818,0.00021077403379932136
2025-09-10,1034728,514,15539,0.83,8452.2,132.0,1.562,63.0,motorsportcom,227.0,9.0,2025-09,0.021938132533380752,123.70396494730738,0.00021942946406050545
2025-09-11,1034857,514,15544,0.956,9791.7,97.8,0.999,49.0,motorsportcom,129.0,7.0,2025-09,0.012465490401089232,123.71938717564007,0.00012467044479325118
2025-09-12,1035145,514,15553,1.08,11111.6,63.1,0.568,40.0,motorsportcom,288.0,5.714285714285714,2025-09,0.027822189161904855,123.75381819703391,0.00027829932058254236
2025-09-13,1036058,515,15565,0.727,7498.3,38.9,0.519,52.0,motorsportcom,913.0,7.428571428571429,2025-09,0.08812247962951882,123.86296931693875,0.0008820020383617511
2025-09-14,1036836,515,15578,0.88,8828.6,294.9,3.34,73.0,motorsportcom,778.0,10.428571428571429,2025-09,0.07503597483112083,123.9559808955652,0.0007509232108626751
2025-09-15,1037146,526,15584,1.711,17575.7,167.6,0.954,58.0,motorsportcom,310.0,8.285714285714286,2025-09,0.029889716587635687,123.99304206442665,0.0002989865321034735
2025-09-16,1037417,527,15588,1.542,15812.9,183.8,1.162,50.0,motorsportcom,271.0,7.142857142857143,2025-09,0.02612257173344952,124.02544069914101,0.00026129397404028865
2025-09-17,1037619,527,15594,0.76,7797.4,93.1,1.194,43.0,motorsportcom,202.0,6.142857142857143,2025-09,0.01946764660246198,124.04959023497977,0.00019471437233042899
2025-09-18,1037934,528,15601,0.805,8268.0,82.2,0.994,38.0,motorsportcom,315.0,5.428571428571429,2025-09,0.030348750498586614,124.0872491646293,0.00030357963761273865
2025-09-19,1038310,528,15607,0.98,10141.8,36.3,0.358,40.0,motorsportcom,376.0,5.714285714285714,2025-09,0.036212691777985376,124.13220077589351,0.0003622581011895054
2025-09-20,1038845,529,15617,1.001,10352.4,44.8,0.433,36.0,motorsportcom,535.0,5.142857142857143,2025-09,0.051499501850612944,124.1961611802189,0.0005152603750324669
2025-09-21,1039408,529,15632,0.979,10113.8,60.3,0.596,44.0,motorsportcom,563.0,6.285714285714286,2025-09,0.05416544802425996,124.2634690449576,0.0005419480288204603
2025-09-22,1039778,529,15640,1.695,17559.3,65.9,0.375,74.0,motorsportcom,370.0,10.571428571428571,2025-09,0.035584519003094894,124.30770334327607,0.000355971860905413
2025-09-23,1040162,537,15647,2.036,21136.2,41.3,0.195,71.0,motorsportcom,384.0,10.142857142857142,2025-09,0.03691732633955096,124.35361137180124,0.00036930960262671064
2025-09-24,1040547,537,15654,1.931,20053.6,43.4,0.216,58.0,motorsportcom,385.0,8.285714285714286,2025-09,0.03699977031311416,124.399638952484,0.00037013465210233853
2025-09-25,1040910,537,15662,2.11,21890.8,68.6,0.313,55.0,motorsportcom,363.0,7.857142857142857,2025-09,0.03487333198835634,124.44303638569917,0.00034885497723791126
2025-09-26,1041841,543,15671,1.075,11164.6,36.2,0.324,49.0,motorsportcom,931.0,7.0,2025-09,0.08936104453558652,124.55433944444113,0.0008944096992054007
2025-09-27,1044363,545,15687,1.143,11898.1,41.6,0.35,48.0,motorsportcom,2522.0,6.857142857142857,2025-09,0.2414869159478074,124.85584998595263,0.0024207148691595126
2025-09-28,1045786,545,15694,1.689,17599.0,65.9,0.374,58.0,motorsportcom,1423.0,8.285714285714286,2025-09,0.13606990340279942,125.0259727062424,0.001362553058658733
2025-09-29,1046542,546,15708,3.343,34804.7,186.4,0.536,76.0,motorsportcom,756.0,10.857142857142858,2025-09,0.07223790349551189,125.1163541374013,0.0007229012436578142
2025-09-30,1047558,548,15717,2.254,23445.1,162.6,0.694,63.0,motorsportcom,1016.0,9.0,2025-09,0.0969874699062009,125.23781912954075,0.0009708162691990374
2025-10-01,1048036,548,15722,2.593,27026.6,149.9,0.555,60.0,motorsportcom,478.0,8.571428571428571,2025-10,0.04560912029739436,125.29496506088194,0.00045629931707846794
2025-10-02,1048361,549,15733,2.925,30522.8,144.5,0.473,51.0,motorsportcom,325.0,7.285714285714286,2025-10,0.03100077168074738,125.33381951210765,0.00031010385139440544
2025-10-03,1048632,551,15744,0.642,6709.1,27.6,0.411,53.0,motorsportcom,271.0,7.571428571428571,2025-10,0.025843193799159288,125.366218146822,0.0002584987423226437
2025-10-04,1049071,559,15757,0.861,8958.1,76.2,0.851,47.0,motorsportcom,439.0,6.714285714285714,2025-10,0.04184654804107634,125.4187015440161,0.0004186406670785292
2025-10-05,1049665,559,15779,0.125,1304.0,9.0,0.69,92.0,motorsportcom,594.0,13.142857142857142,2025-10,0.0565894833113422,125.48971552564095,0.0005662152513985497
2025-10-06,1050259,563,15793,0.576,5948.8,103.6,1.742,98.0,motorsportcom,594.0,14.0,2025-10,0.0565574777269226,125.56072950726578,0.0005658948331133118
2025-10-07,1050871,563,15798,1.592,16522.3,202.8,1.227,92.0,motorsportcom,612.0,13.142857142857142,2025-10,0.058237404971685384,125.63389542772774,0.0005827134068834283
2025-10-08,1051220,563,15804,1.065,11063.5,129.8,1.173,56.0,motorsportcom,349.0,8.0,2025-10,0.03319952055706703,125.67561913073627,0.0003321054629921161
2025-10-09,1051607,563,15808,0.908,9438.7,109.6,1.161,49.0,motorsportcom,387.0,7.0,2025-10,0.03680082007822314,125.72188581573427,0.00036814368067572545
2025-10-10,1051892,563,15814,0.966,10029.0,137.2,1.368,41.0,motorsportcom,285.0,5.857142857142857,2025-10,0.02709403626988322,125.75595818065526,0.00027101379127381087
2025-10-11,1052015,563,15818,0.962,9987.1,134.3,1.345,37.0,motorsportcom,123.0,5.285714285714286,2025-10,0.011691848500259026,125.77066309604223,0.00011693215653307831
2025-10-12,1052445,564,15827,0.867,9028.7,91.0,1.008,41.0,motorsportcom,430.0,5.857142857142857,2025-10,0.04085724194613495,125.82207052381777,0.0004087394191147897
2025-10-13,1052751,571,15840,0.491,5114.3,50.5,0.987,54.0,motorsportcom,306.0,7.714285714285714,2025-10,0.029066702382614693,125.85865348404874,0.00029075153570978785
2025-10-14,1053009,573,15846,0.522,5412.3,89.5,1.654,58.0,motorsportcom,258.0,8.285714285714286,2025-10,0.024501215089329724,125.8894979407141,0.0002450721965592262
2025-10-15,1053230,575,15854,0.517,5377.3,72.7,1.352,51.0,motorsportcom,221.0,7.285714285714286,2025-10,0.02098307112406597,125.91591896754757,0.00020987474940858952
2025-10-16,1053576,577,15867,0.78,8114.7,104.7,1.29,50.0,motorsportcom,346.0,7.142857142857143,2025-10,0.03284053547157491,125.95728401408324,0.00032851324022287187
2025-10-17,1054504,577,15877,1.117,11647.8,129.3,1.11,45.0,motorsportcom,928.0,6.428571428571429,2025-10,0.08800345944633685,126.06822841635234,0.0008808097375034851
2025-10-18,1055282,577,15890,0.833,8613.7,176.5,2.049,78.0,motorsportcom,778.0,11.142857142857142,2025-10,0.07372436941026189,126.16123999497881,0.0007377876233756187
2025-10-19,1056269,578,15923,0.375,3871.6,91.8,2.371,88.0,motorsportcom,987.0,12.571428571428571,2025-10,0.09344210613016192,126.27923797454734,0.0009352950206673594
2025-10-20,1057263,578,15935,0.375,3871.6,91.8,2.371,88.0,motorsportcom,994.0,12.571428571428571,2025-10,0.09401634219678547,126.3980728192192,0.000941048161027247
2025-10-21,1057925,578,15939,1.017,10706.1,54.8,0.512,103.0,motorsportcom,662.0,14.714285714285714,2025-10,0.0625753243377366,126.47721634756203,0.0006261450556768189
2025-10-22,1058673,578,15948,1.222,12840.5,94.3,0.734,67.0,motorsportcom,748.0,9.571428571428571,2025-10,0.07065448915765302,126.56664136145996,0.0007070444502208506
2025-10-23,1059320,579,15961,1.098,11470.0,166.1,1.448,53.0,motorsportcom,647.0,7.571428571428571,2025-10,0.061076917267681156,126.64399160743854,0.0006111424396391119
2025-10-24,1060430,580,15975,0.267,2814.5,12.3,0.437,80.0,motorsportcom,1110.0,11.428571428571429,2025-10,0.10467451882726819,126.77669450239404,0.0010478420118567033
2025-10-25,1061108,580,15989,1.487,15696.6,84.8,0.54,71.0,motorsportcom,678.0,10.142857142857142,2025-10,0.06389547529563437,126.85775086525875,0.0006393632771610758
2025-10-26,1061652,581,16012,0.292,3066.0,37.0,1.207,129.0,motorsportcom,544.0,18.428571428571427,2025-10,0.05124089626355906,126.9227872390027,0.0005126716601890902
2025-10-27,1062158,581,16021,0.082,858.0,11.0,1.282,126.0,motorsportcom,506.0,18.0,2025-10,0.04763886352124637,126.98328063075719,0.0004766156895104068
2025-10-28,1062599,581,16027,0.821,8602.8,124.3,1.445,82.0,motorsportcom,441.0,11.714285714285714,2025-10,0.041502015341629346,127.03600313226653,0.0004151924666575546
2025-10-29,1062873,581,16032,0.645,6743.9,110.2,1.634,67.0,motorsportcom,274.0,9.571428571428571,2025-10,0.025779185283660418,127.06876042345374,0.0002578583266124035
2025-10-30,1063271,581,16035,0.625,6515.7,131.2,2.014,44.0,motorsportcom,398.0,6.285714285714286,2025-10,0.037431661354443035,127.11634218218552,0.00037445677893788165
2025-10-31,1063603,581,16044,0.698,7297.5,122.2,1.675,39.0,motorsportcom,332.0,5.571428571428571,2025-10,0.031214654340012207,127.15603349851456,0.00031224400928842044
2025-11-01,1063800,582,16054,0.608,6401.6,65.8,1.028,45.0,motorsportcom,197.0,6.428571428571429,2025-11,0.018518518518518517,127.17958527356524,0.00018521948508976038
2025-11-02,1064010,584,16068,0.39,4021.8,124.2,3.088,87.0,motorsportcom,210.0,12.428571428571429,2025-11,0.019736656610370204,127.2046912266649,0.00019740552735481032
2025-11-03,1064359,584,16088,0.099,1044.0,7.0,0.67,130.0,motorsportcom,349.0,18.571428571428573,2025-11,0.03278968844158785,127.24641492967343,0.0003280044360485235
2025-11-04,1064683,584,16095,0.44,4597.8,84.0,1.827,89.0,motorsportcom,324.0,12.714285714285714,2025-11,0.03043159325357877,127.28514982874152,0.0003044085689132281
2025-11-05,1064934,584,16104,0.468,4833.0,153.9,3.184,73.0,motorsportcom,251.0,10.428571428571429,2025-11,0.023569535764657715,127.31515742030355,0.00023575092304461975
2025-11-06,1065245,584,16109,0.629,6534.4,165.7,2.536,47.0,motorsportcom,311.0,6.714285714285714,2025-11,0.029195161676421857,127.3523381413226,0.00029203687740264606
2025-11-07,1065268,584,16118,0.625,6523.3,135.0,2.07,44.0,motorsportcom,23.0,6.285714285714286,2025-11,0.0021590810950859315,127.3550878409478,2.1591277123977903e-05
2025-11-08,1065495,584,16130,0.664,6976.7,98.7,1.415,39.0,motorsportcom,227.0,5.571428571428571,2025-11,0.021304651828492862,127.38222618072699,0.000213091916775765
2025-11-09,1065997,584,16150,10.831,115330.0,132.0,0.114,130.0,motorsportcom,502.0,18.571428571428573,2025-11,0.04709206498704968,127.44224136385101,0.00047114252061253303
2025-11-10,1066463,584,16156,0.873,9230.2,77.6,0.841,82.0,motorsportcom,466.0,11.714285714285714,2025-11,0.04369584317505624,127.4979526693008,0.00043714944788764143
2025-11-11,1066900,586,16163,1.324,14018.2,107.1,0.764,67.0,motorsportcom,437.0,9.571428571428571,2025-11,0.04095979004592745,127.55019696217968,0.0004097657396460175
2025-11-12,1067213,586,16171,1.502,15863.8,170.2,1.073,64.0,motorsportcom,313.0,9.142857142857142,2025-11,0.029328728192029144,127.58761678751398,0.00029337332458534426
2025-11-13,1067673,587,16178,1.234,13022.0,150.7,1.157,48.0,motorsportcom,460.0,6.857142857142857,2025-11,0.04308435260608819,127.64261078001806,0.0004310292322151632
2025-11-14,1068109,587,16186,0.415,4377.9,53.3,1.217,43.0,motorsportcom,436.0,6.142857142857143,2025-11,0.040819803971317535,127.69473552073931,0.00040836473339678214
2025-11-15,1068591,587,16200,0.877,9298.5,69.1,0.743,55.0,motorsportcom,482.0,7.857142857142857,2025-11,0.045106125730050135,127.75235966071097,0.0004512648053709434
2025-11-16,1069038,592,16206,0.95,10082.4,73.4,0.728,52.0,motorsportcom,447.0,7.428571428571429,2025-11,0.041813293821173804,127.80579947516604,0.000418307846500765
2025-11-17,1069416,592,16214,0.537,5685.7,54.7,0.962,47.0,motorsportcom,378.0,6.714285714285714,2025-11,0.03534639466774389,127.85099019074546,0.0003535889276153892
2025-11-18,1069613,595,16218,0.43,4527.9,67.8,1.497,42.0,motorsportcom,197.0,6.0,2025-11,0.018417876372108417,127.87454196579613,0.00018421269178681143
2025-11-19,1069799,596,16226,0.528,5579.8,65.8,1.179,38.0,motorsportcom,186.0,5.428571428571429,2025-11,0.017386443621652294,127.896778667113,0.00017389467031536654
2025-11-20,1070052,601,16240,0.902,9571.2,76.4,0.798,38.0,motorsportcom,253.0,5.428571428571429,2025-11,0.0236437107729344,127.92702536299024,0.00023649302345574164
2025-11-21,1070350,601,16251,0.785,8376.8,28.8,0.344,50.0,motorsportcom,298.0,7.142857142857143,2025-11,0.02784136030270472,127.96265190596029,0.000278491138748338
2025-11-22,1070646,602,16263,0.591,6265.3,59.6,0.951,78.0,motorsportcom,296.0,11.142857142857142,2025-11,0.02764685993316185,127.99803934461507,0.0002765450553556814
2025-11-23,1071574,602,16283,1.164,12387.0,91.0,0.735,103.0,motorsportcom,928.0,14.714285714285714,2025-11,0.08660157861239635,128.10898374688418,0.0008667664195260993
2025-11-24,1072098,606,16288,0.977,10381.3,98.3,0.947,80.0,motorsportcom,524.0,11.428571428571429,2025-11,0.04887612886135409,128.17162907747576,0.0004890002930268977
2025-11-25,1072466,606,16292,1.717,18306.0,110.5,0.604,68.0,motorsportcom,368.0,9.714285714285714,2025-11,0.034313442104458323,128.21562427147904,0.0003432522026904916
2025-11-26,1072766,606,16296,1.861,19855.7,110.7,0.558,47.0,motorsportcom,300.0,6.714285714285714,2025-11,0.027965092107691703,128.25148991876432,0.00027972914759066825
2025-11-27,1073101,606,16303,1.711,18260.7,101.4,0.555,38.0,motorsportcom,335.0,5.428571428571429,2025-11,0.03121793754735109,128.29153989156617,0.00031227686186929837
2025-11-28,1073352,606,16314,0.59,6285.2,45.0,0.716,35.0,motorsportcom,251.0,5.0,2025-11,0.023384686477502255,128.3215474831282,0.00023390156192193423
2025-11-29,1073626,606,16324,0.24,2549.4,22.8,0.894,54.0,motorsportcom,274.0,7.714285714285714,2025-11,0.025520991481204815,128.3543047743154,0.0002552750635391732
2025-11-30,1074346,606,16339,0.659,7025.8,53.2,0.757,48.0,motorsportcom,720.0,6.857142857142857,2025-11,0.06701751577238618,128.44038232780005,0.0006706245936667354
2025-12-01,1075118,606,16347,1.399,14946.9,92.3,0.618,65.0,motorsportcom,772.0,9.285714285714286,2025-12,0.07180607151959134,128.53267659348083,0.000718576696892903
2025-12-02,1075798,608,16354,1.718,18362.7,115.7,0.63,62.0,motorsportcom,680.0,8.857142857142858,2025-12,0.06320889237570622,128.61397206066076,0.0006324887128668077
2025-12-03,1076152,608,16362,2.048,21903.1,132.6,0.605,49.0,motorsportcom,354.0,7.0,2025-12,0.03289498137809529,128.65629352445737,0.00032905805736760385
2025-12-04,1076588,608,16372,1.976,21111.1,157.6,0.747,48.0,motorsportcom,436.0,6.857142857142857,2025-12,0.04049831504716753,128.70841826517864,0.00040514722827267313
2025-12-05,1077118,608,16383,1.087,11601.1,102.1,0.88,49.0,motorsportcom,530.0,7.0,2025-12,0.04920537954058887,128.77178090871595,0.0004922960315367764
2025-12-06,1077668,608,16396,0.964,10320.5,72.5,0.702,63.0,motorsportcom,550.0,9.0,2025-12,0.051036126153880416,128.8375345954056,0.0005106218631569792
2025-12-07,1078653,609,16420,0.323,3418.0,61.0,1.785,133.0,motorsportcom,985.0,19.0,2025-12,0.09131759704001194,128.95529347065892,0.0009140106229377221
2025-12-08,1079711,609,16431,0.534,5725.3,41.3,0.721,98.0,motorsportcom,1058.0,14.0,2025-12,0.09798918414279376,129.0817796534183,0.0009808529712520553
2025-12-09,1080024,610,16440,4.425,47609.4,181.0,0.38,77.0,motorsportcom,313.0,11.0,2025-12,0.028980837462871195,129.1191994787526,0.0002898923878704718
2025-12-10,1080532,610,16445,3.075,33082.2,145.8,0.441,64.0,motorsportcom,508.0,9.142857142857142,2025-12,0.04701387834881336,129.17993197482232,0.0004703599179276541
2025-12-11,1081079,610,16450,1.594,17141.3,92.9,0.542,49.0,motorsportcom,547.0,7.0,2025-12,0.05059759740037499,129.24532700503912,0.0005062321152913274
2025-12-12,1081479,610,16456,1.381,14845.9,93.0,0.626,40.0,motorsportcom,400.0,5.714285714285714,2025-12,0.03698638623588623,129.29314786808615,0.00037000071225135045
2025-12-13,1081852,611,16460,0.883,9476.9,71.8,0.758,37.0,motorsportcom,373.0,5.285714285714286,2025-12,0.034477913799669455,129.3377408228775,0.0003448980516496114
2025-12-14,1082231,611,16463,0.73,7850.6,54.6,0.695,33.0,motorsportcom,379.0,4.714285714285714,2025-12,0.035020249835755954,129.38305109061457,0.0003503251831118437
2025-12-15,1082400,611,16466,0.974,10488.2,56.0,0.534,30.0,motorsportcom,169.0,4.285714285714286,2025-12,0.015613451589061345,129.40325540525194,0.00015615889768461066
2025-12-16,1082597,612,16471,0.961,10310.6,87.9,0.853,29.0,motorsportcom,197.0,4.142857142857143,2025-12,0.018196983734482915,129.4268071803026,0.0001820029563932568
2025-12-17,1082736,612,16478,1.031,11089.9,74.3,0.67,29.0,motorsportcom,139.0,4.142857142857143,2025-12,0.012837847822553235,129.44342493021145,0.00012839496137528883
2025-12-18,1083196,613,16484,1.354,14582.0,85.6,0.587,33.0,motorsportcom,460.0,4.714285714285714,2025-12,0.04246692196056854,129.4984189227155,0.0004248496401708657
2025-12-19,1083596,613,16490,0.983,10564.7,86.9,0.823,34.0,motorsportcom,400.0,4.857142857142857,2025-12,0.03691412666713425,129.54623978576254,0.00036927758226590335
2025-12-20,1083885,613,16494,1.152,12413.5,73.1,0.589,35.0,motorsportcom,289.0,5.0,2025-12,0.02666334528109532,129.580790359314,0.0002667045651700839
2025-12-21,1084092,613,16496,1.094,11794.5,64.3,0.545,34.0,motorsportcom,207.0,4.857142857142857,2025-12,0.019094320408231037,129.60553765594085,0.00019097967035253127
2025-12-22,1084267,613,16499,1.127,12157.0,66.9,0.55,31.0,motorsportcom,175.0,4.428571428571429,2025-12,0.016139936012070828,129.62645928352393,0.00016142541407915267
2025-12-23,1084384,613,16503,0.959,10338.9,61.6,0.596,29.0,motorsportcom,117.0,4.142857142857143,2025-12,0.010789535810192699,129.64044688596516,0.00010790700076634963
2025-12-24,1084521,613,16508,0.91,9809.9,62.8,0.64,27.0,motorsportcom,137.0,3.857142857142857,2025-12,0.012632304953062227,129.65682553155878,0.00012633900905956175
2025-12-25,1084577,613,16512,0.768,8262.5,66.4,0.804,26.0,motorsportcom,56.0,3.7142857142857144,2025-12,0.0051633032970457605,129.66352045238537,5.1635699078289576e-05
2025-12-26,1084581,613,16515,0.501,5367.3,65.5,1.22,24.0,motorsportcom,4.0,3.4285714285714284,2025-12,0.0003688060181766046,129.66399866101582,3.688073783703061e-06
2025-12-27,1084621,613,16519,0.444,4740.0,77.4,1.633,24.0,motorsportcom,40.0,3.4285714285714284,2025-12,0.003687924168903239,129.66878074732054,3.688060181761266e-05
2025-12-28,1084637,613,16524,0.64,6865.9,77.5,1.129,26.0,motorsportcom,16.0,3.7142857142857144,2025-12,0.0014751479066268253,129.67069358184241,1.4751696675530113e-05
2025-12-29,1084660,615,16528,0.555,5946.3,70.1,1.179,27.0,motorsportcom,23.0,3.857142857142857,2025-12,0.002120480150461896,129.67344328146763,2.1205251157674354e-05
2025-12-30,1084649,616,16533,0.585,6271.5,69.0,1.1,27.0,motorsportcom,-11.0,3.857142857142857,2025-12,-0.0010141529656137608,129.67212820773383,-1.014142680655361e-05
2025-12-31,1084722,616,16536,0.697,7499.7,57.7,0.769,27.0,motorsportcom,73.0,3.857142857142857,2025-12,0.0067298349254463355,129.6808555152399,6.730287862710682e-05
2026-01-01,1084697,616,16540,0.768,8262.3,66.1,0.8,27.0,motorsportcom,-25.0,3.857142857142857,2026-01,-0.002304791107562757,129.6778667112995,-2.304737988167993e-05
2026-01-02,1084610,616,16543,0.626,6714.8,73.1,1.089,28.0,motorsportcom,-87.0,4.0,2026-01,-0.008021316417882927,129.66746567358675,-8.020673054320859e-05
2026-01-03,1084648,616,16549,0.689,7374.6,95.0,1.288,26.0,motorsportcom,38.0,3.7142857142857144,2026-01,0.003503440747597377,129.67200865557624,3.50356349287928e-05
2026-01-04,1084734,616,16552,0.781,8374.0,96.8,1.156,23.0,motorsportcom,86.0,3.2857142857142856,2026-01,0.007928210971537722,129.68229014113132,7.928839586668346e-05
2026-01-05,1084772,616,16556,0.783,8405.1,93.1,1.108,24.0,motorsportcom,38.0,3.4285714285714284,2026-01,0.0035030402702134643,129.6868331231208,3.5031629874282544e-05
2026-01-06,1084890,616,16562,0.818,8783.9,89.0,1.013,24.0,motorsportcom,118.0,3.4285714285714284,2026-01,0.010876678741623576,129.70094027771967,0.00010877861891711582
2026-01-07,1085241,616,16568,0.804,8639.4,83.8,0.97,26.0,motorsportcom,351.0,3.7142857142857144,2026-01,0.03234304638324575,129.74290308504345,0.00032353510494154136
2026-01-08,1085429,616,16573,0.803,8609.1,112.3,1.304,24.0,motorsportcom,188.0,3.4285714285714284,2026-01,0.017320340621081617,129.76537889067552,0.00017323341082753352
2026-01-09,1085602,616,16577,1.006,10813.6,104.5,0.966,26.0,motorsportcom,173.0,3.7142857142857144,2026-01,0.01593585862958985,129.78606141394337,0.00015938398550252586
2026-01-10,1085767,616,16579,0.865,9292.2,104.9,1.129,22.0,motorsportcom,165.0,3.142857142857143,2026-01,0.015196630584646615,129.80578751995026,0.00015198940311456077
2026-01-11,1085790,616,16583,0.803,8614.2,103.4,1.2,24.0,motorsportcom,23.0,3.4285714285714284,2026-01,0.0021182733309387633,129.80853721957547,2.1183182027151304e-05
2026-01-12,1085821,617,16589,0.721,7722.8,101.2,1.31,24.0,motorsportcom,31.0,3.4285714285714284,2026-01,0.0028549825431631918,129.81224333646162,2.855064054751999e-05
2026-01-13,1085922,617,16595,0.683,7265.5,146.8,2.021,26.0,motorsportcom,101.0,3.7142857142857144,2026-01,0.009300852179069952,129.824318104381,9.301717318055402e-05
2026-01-14,1086030,617,16596,0.394,4099.8,183.2,4.469,24.0,motorsportcom,108.0,3.4285714285714284,2026-01,0.00994447667191514,129.83722973740367,9.945465696437061e-05
2026-01-15,1086053,617,16599,0.443,4622.0,185.8,4.02,22.0,motorsportcom,23.0,3.142857142857143,2026-01,0.002117760367127571,129.8399794370289,2.1178052171721973e-05
2026-01-16,1086388,618,16609,0.556,5762.6,275.6,4.783,29.0,motorsportcom,335.0,4.142857142857143,2026-01,0.030836128528665633,129.88002940983077,0.000308456401298951
2026-01-17,1086825,618,16612,0.76,8013.3,246.8,3.08,27.0,motorsportcom,437.0,3.857142857142857,2026-01,0.040208865272698,129.93227370270967,0.00040225039304564447
2026-01-18,1086997,618,16615,0.886,9458.5,175.9,1.86,27.0,motorsportcom,172.0,3.857142857142857,2026-01,0.015823410736184186,129.95283667381986,0.00015825914935696517
2026-01-19,1087100,618,16620,0.984,10660.4,34.4,0.323,24.0,motorsportcom,103.0,3.4285714285714284,2026-01,0.009474749333088034,129.96515054605447,9.475647126899744e-05
2026-01-20,1087283,618,16625,0.951,10294.4,42.5,0.413,24.0,motorsportcom,183.0,3.4285714285714284,2026-01,0.016830944657462682,129.9870285908985,0.0001683377794130525
2026-01-21,1087449,618,16640,0.977,10565.4,57.1,0.54,26.0,motorsportcom,166.0,3.7142857142857144,2026-01,0.01526508369587907,130.006874249063,0.00015267414279440672
2026-01-22,1088246,619,16653,0.621,6686.2,74.1,1.108,41.0,motorsportcom,797.0,5.857142857142857,2026-01,0.07323711734295371,130.10215731868422,0.0007329079340732125
2026-01-23,1088870,619,16664,0.816,8722.8,167.5,1.92,58.0,motorsportcom,624.0,8.285714285714286,2026-01,0.057307116552021815,130.1767578650376,0.0005733997643915245
2026-01-24,1089260,619,16670,1.194,12836.0,168.9,1.316,58.0,motorsportcom,390.0,8.285714285714286,2026-01,0.035804123900629786,130.2233832065084,0.00035816947845024316
2026-01-25,1089574,619,16678,1.223,13187.9,133.8,1.015,50.0,motorsportcom,314.0,7.142857142857143,2026-01,0.02881860249969254,130.26092258400033,0.0002882691001229176
2026-01-26,1089825,619,16681,0.936,10134.8,61.8,0.61,46.0,motorsportcom,251.0,6.571428571428571,2026-01,0.02303122060881334,130.29093017556235,0.00023036526201991592
2026-01-27,1089972,620,16683,0.999,10830.7,54.0,0.499,38.0,motorsportcom,147.0,5.428571428571429,2026-01,0.01348658497649481,130.30850434273214,0.00013488404101580365
2026-01-28,1090098,620,16690,0.971,10529.8,50.5,0.48,34.0,motorsportcom,126.0,4.857142857142857,2026-01,0.011558593814501082,130.32356791459193,0.00011559929979854111
2026-01-29,1090311,621,16696,0.786,8514.9,52.2,0.613,30.0,motorsportcom,213.0,4.285714285714286,2026-01,0.019535710453255997,130.34903252416447,0.00019539527638801069
2026-01-30,1090475,621,16701,0.764,8271.7,56.3,0.681,28.0,motorsportcom,164.0,4.0,2026-01,0.015039317728512804,130.36863907801376,0.00015041579879504496
2026-01-31,1090654,621,16705,0.718,7795.0,36.3,0.466,27.0,motorsportcom,179.0,3.857142857142857,2026-01,0.016412171045996255,130.39003891422732,0.00016414865081726404
2026-02-01,1090727,621,16708,0.453,4886.8,49.4,1.011,24.0,motorsportcom,73.0,3.4285714285714284,2026-02,0.006692783803829923,130.39876622173338,6.693231767362917e-05
2026-02-02,1090778,622,16713,0.513,5545.6,52.2,0.941,29.0,motorsportcom,51.0,4.142857142857143,2026-02,0.004675561846681909,130.4048633817719,4.675780465679402e-05
2026-02-03,1090925,622,16717,0.472,5098.1,50.9,0.998,27.0,motorsportcom,147.0,3.857142857142857,2026-02,0.013474803492449068,130.42243754894167,0.00013476619440444537
2026-02-04,1090979,622,16721,0.545,5899.9,45.6,0.773,27.0,motorsportcom,54.0,3.857142857142857,2026-02,0.004949682807826731,130.428893365453,4.9499278135467506e-05
2026-02-05,1091026,625,16732,0.612,6631.1,41.5,0.626,36.0,motorsportcom,47.0,5.142857142857143,2026-02,0.0043078716730857005,130.43451231686103,4.3080572586617905e-05
2026-02-06,1091085,626,16736,0.619,6713.0,41.1,0.612,41.0,motorsportcom,59.0,5.857142857142857,2026-02,0.005407461380185778,130.44156589416048,5.4077538023777905e-05
2026-02-07,1091168,626,16739,0.502,5444.8,34.6,0.635,35.0,motorsportcom,83.0,5.0,2026-02,0.007606528050675973,130.45148872324273,7.607106687390619e-05
2026-02-08,1091161,626,16743,0.476,5164.5,31.9,0.618,32.0,motorsportcom,-7.0,4.571428571428571,2026-02,-0.0006415185293462651,130.4506518581394,-6.415144139126916e-06
2026-02-09,1091209,626,16755,0.325,3520.3,21.6,0.614,41.0,motorsportcom,48.0,5.857142857142857,2026-02,0.004398790699123633,130.45639036170505,4.398984201237077e-05
2026-02-10,1091311,626,16763,0.303,3290.7,20.1,0.611,37.0,motorsportcom,102.0,5.285714285714286,2026-02,0.009346556572782645,130.46858468178203,9.347430235639997e-05
2026-02-11,1091423,626,16771,1.124,12186.0,81.7,0.67,41.0,motorsportcom,112.0,5.857142857142857,2026-02,0.010261832488411917,130.4819745234352,0.00010262885648537612
2026-02-12,1091506,629,16779,1.292,13967.4,129.4,0.926,52.0,motorsportcom,83.0,7.428571428571429,2026-02,0.007604172583568024,130.49189735251747,7.604750861944787e-05
2026-02-13,1091679,629,16785,0.302,3263.5,33.0,1.011,54.0,motorsportcom,173.0,7.714285714285714,2026-02,0.01584714920777994,130.51257987578532,0.0001584966092720297
2026-02-14,1091902,633,16799,0.165,1784.3,18.0,1.009,63.0,motorsportcom,223.0,9.0,2026-02,0.020423078261602234,130.53924000693402,0.00020427250134891217
2026-02-15,1092352,633,16808,0.183,1983.8,12.4,0.625,66.0,motorsportcom,450.0,9.428571428571429,2026-02,0.04119551206936958,130.5930384778619,0.0004121248976556302
2026-02-16,1092795,634,16822,0.328,3567.0,21.2,0.594,77.0,motorsportcom,443.0,11.0,2026-02,0.040538252828755617,130.64600008368652,0.0004055469299273362
2026-02-17,1093031,634,16826,0.635,6910.4,28.6,0.414,72.0,motorsportcom,236.0,10.285714285714286,2026-02,0.021591336384786892,130.67421439288424,0.00021595999249623965
2026-02-18,1093014,635,16830,0.345,3739.1,34.4,0.92,62.0,motorsportcom,-17.0,8.857142857142858,2026-02,-0.0015553323196226215,130.67218200620476,-1.555308129408406e-05
2026-02-19,1093028,635,16834,0.336,3635.7,32.7,0.899,48.0,motorsportcom,14.0,6.857142857142857,2026-02,0.0012808455044152575,130.67385573641138,1.2808619102688823e-05
2026-02-20,1093055,635,16838,0.344,3728.9,32.9,0.882,40.0,motorsportcom,27.0,5.714285714285714,2026-02,0.0024701410267552867,130.67708364466708,2.4702020442246564e-05
2026-02-21,1093149,635,16843,0.321,3477.8,35.7,1.027,33.0,motorsportcom,94.0,4.714285714285714,2026-02,0.008599010747848647,130.68832154748313,8.599750241300441e-05
2026-02-22,1093203,635,16847,0.342,3705.3,31.2,0.842,32.0,motorsportcom,54.0,4.571428571428571,2026-02,0.0049396132282842255,130.6947773639945,4.939857238128731e-05
2026-02-23,1093276,635,16856,0.805,8751.1,45.3,0.518,36.0,motorsportcom,73.0,5.142857142857143,2026-02,0.006677179413066783,130.70350467150055,6.677625290096856e-05
2026-02-24,1093283,636,16863,0.688,7496.9,27.4,0.365,43.0,motorsportcom,7.0,6.142857142857143,2026-02,0.0006402733784390684,130.7043415366039,6.4027747797013035e-06
2026-02-25,1093350,639,16867,0.812,8855.9,26.8,0.303,42.0,motorsportcom,67.0,6.0,2026-02,0.006127955366534047,130.71235153116424,6.128330907917423e-05
2026-02-26,1093429,640,16875,0.077,839.3,7.4,0.882,18.0,motorsportcom,79.0,2.5714285714285716,2026-02,0.007224977570560138,130.72179615161605,7.225499611296371e-05
2026-02-27,1093421,642,16882,0.403,4365.2,41.3,0.946,40.0,motorsportcom,-8.0,5.714285714285714,2026-02,-0.0007316486513428953,130.7208397343551,-7.3164329827957175e-06
2026-02-28,1093504,642,16890,0.241,2583.5,50.0,1.935,39.0,motorsportcom,83.0,5.571428571428571,2026-02,0.007590278590659019,130.73076256343737,7.590854757677512e-05
2026-03-01,1093549,643,16902,0.33,3576.8,36.2,1.012,48.0,motorsportcom,45.0,6.857142857142857,2026-03,0.00411504194142192,130.73614241053016,4.115211284094755e-05
2026-03-02,1093600,644,16915,0.163,1776.3,10.6,0.597,80.0,motorsportcom,51.0,11.428571428571429,2026-03,0.004663496708119971,130.74223957056864,4.663714200270341e-05
2026-03-03,1093796,646,16921,0.477,5190.3,28.3,0.545,69.0,motorsportcom,196.0,9.857142857142858,2026-03,0.01791924636769562,130.7656717934617,0.00017922457937080694
2026-03-04,1093645,647,16928,0.484,5226.6,61.9,1.184,61.0,motorsportcom,-151.0,8.714285714285714,2026-03,-0.013807039761531392,130.74761941766144,-0.00013805133681232817
2026-03-05,1093796,647,16944,0.17,1844.0,10.6,0.575,76.0,motorsportcom,151.0,10.857142857142858,2026-03,0.01380513368123489,130.7656717934617,0.00013807039761526418
2026-03-06,1094059,647,16959,0.045,477.0,16.0,3.354,116.0,motorsportcom,263.0,16.571428571428573,2026-03,0.024038922946568696,130.79711401091512,0.0002404470303420947
2026-03-07,1094501,647,16982,1.073,11685.0,62.0,0.531,127.0,motorsportcom,442.0,18.142857142857142,2026-03,0.040383699969209715,130.84995606458207,0.0004040001499006074
2026-03-08,1095017,647,17014,0.403,4364.0,51.0,1.169,204.0,motorsportcom,516.0,29.142857142857142,2026-03,0.04712255608817032,130.91164497791274,0.00047144771909746197
2026-03-09,1095272,648,17026,0.236,2569.0,18.0,0.701,142.0,motorsportcom,255.0,20.285714285714285,2026-03,0.02328188796938112,130.94213077810522,0.00023287309694741687
2026-03-10,1095497,648,17033,0.305,3314.4,23.0,0.694,79.0,motorsportcom,225.0,11.285714285714286,2026-03,0.02053862310896333,130.96903001356915,0.00020542842325932398
2026-03-11,1095683,648,17039,0.481,5223.7,48.8,0.934,67.0,motorsportcom,186.0,9.571428571428571,2026-03,0.016975712865856273,130.99126671488602,0.0001697859510341182
2026-03-12,1095888,648,17052,0.637,6932.4,49.4,0.713,51.0,motorsportcom,205.0,7.285714285714286,2026-03,0.018706291153840537,131.01577490719765,0.0001870979106182169
2026-03-13,1096125,648,17063,1.34,14585.2,102.2,0.701,80.0,motorsportcom,237.0,11.428571428571429,2026-03,0.021621621621621623,131.044108768553,0.00021626297577848064
2026-03-14,1096428,650,17083,0.564,6155.7,28.0,0.455,105.0,motorsportcom,303.0,15.0,2026-03,0.027635193555801203,131.08033307231113,0.0002764283270613177
2026-03-15,1097276,653,17121,0.521,5680.0,37.0,0.651,312.0,motorsportcom,848.0,44.57142857142857,2026-03,0.07728228813899146,131.1817133019708,0.0007734205985254761
2026-03-16,1097676,653,17130,0.547,5938.0,69.0,1.162,117.0,motorsportcom,400.0,16.714285714285715,2026-03,0.03644062546689551,131.22953416501784,0.000364539094995342
2026-03-17,1097865,654,17136,0.904,9860.2,59.7,0.605,89.0,motorsportcom,189.0,12.714285714285714,2026-03,0.017215231380907487,131.25212952280756,0.0001721819553310855
2026-03-18,1098092,654,17139,0.825,9010.1,50.1,0.556,56.0,motorsportcom,227.0,8.0,2026-03,0.020672220542541062,131.27926786258675,0.00020676494833149484
2026-03-19,1098295,654,17148,0.745,8133.4,43.9,0.54,48.0,motorsportcom,203.0,6.857142857142857,2026-03,0.01848319440587456,131.30353695058312,0.00018486611322177104
2026-03-20,1098554,654,17158,0.388,4172.3,94.3,2.26,47.0,motorsportcom,259.0,6.714285714285714,2026-03,0.023576446856504094,131.33450095940606,0.000235820066557757
2026-03-21,1099203,654,17173,0.442,4733.7,124.4,2.628,49.0,motorsportcom,649.0,7.0,2026-03,0.05904277917727663,131.41209030969986,0.0005907766026977956
2026-03-22,1099490,654,17181,0.89,9746.7,39.8,0.408,77.0,motorsportcom,287.0,11.0,2026-03,0.026103011396192782,131.4464017789361,0.0002610982684727592
2026-03-23,1099490,654,17195,1.057,11436.6,186.0,1.626,78.0,motorsportcom,0.0,11.142857142857142,2026-03,0.0,131.4464017789361,0.0
2026-03-24,1099579,655,17202,0.323,3528.6,18.7,0.53,58.0,motorsportcom,89.0,8.285714285714286,2026-03,0.008094006888090805,131.4570419209641,8.094662070590175e-05
2026-03-25,1099728,655,17212,0.216,2353.1,19.3,0.82,51.0,motorsportcom,149.0,7.285714285714286,2026-03,0.013548804795367582,131.47485519244907,0.0001355064074524126
2026-03-26,1100026,655,17216,0.344,3706.4,81.1,2.188,45.0,motorsportcom,298.0,6.428571428571429,2026-03,0.02709026877546531,131.51048173541912,0.000270976095907427
2026-03-27,1100180,656,17223,0.582,6293.9,104.1,1.654,42.0,motorsportcom,154.0,6.0,2026-03,0.013997709465723792,131.5288927676922,0.00013999669098740952
2026-03-28,1100314,656,17243,0.633,6791.5,173.2,2.55,58.0,motorsportcom,134.0,8.285714285714286,2026-03,0.012178341818789908,131.54491275681298,0.00012179825119518206
2026-03-29,1100674,656,17268,0.341,3641.0,116.0,3.186,154.0,motorsportcom,360.0,22.0,2026-03,0.03270723211414097,131.5879515335553,0.00032717933244508224
2026-03-30,1100895,658,17281,0.531,5836.0,10.0,0.171,141.0,motorsportcom,221.0,20.142857142857142,2026-03,0.020074575686146272,131.6143725603888,0.00020078606381179753
2026-03-31,1101110,658,17286,0.495,5392.8,52.8,0.979,83.0,motorsportcom,215.0,11.857142857142858,2026-03,0.01952575128733732,131.64007627427657,0.00019529564581555192
2026-04-01,1101364,658,17295,0.893,9783.2,49.3,0.504,58.0,motorsportcom,254.0,8.285714285714286,2026-04,0.023062311824247023,131.67044252231142,0.00023067631753415085
2026-04-02,1101523,658,17299,0.893,9776.6,62.2,0.636,50.0,motorsportcom,159.0,7.142857142857143,2026-04,0.014434560149901545,131.68945131537262,0.00014436644015969335
2026-04-03,1101651,659,17304,0.907,9899.5,93.6,0.946,41.0,motorsportcom,128.0,5.857142857142857,2026-04,0.011618924686674817,131.70475399154768,0.0001162027483765371
2026-04-04,1101709,659,17307,0.841,9182.3,87.9,0.957,35.0,motorsportcom,58.0,5.0,2026-04,0.005264548079393016,131.7116880166895,5.2648252486520164e-05
2026-04-05,1101673,659,17313,0.528,5717.4,104.7,1.831,35.0,motorsportcom,-36.0,5.0,2026-04,-0.0032677573109262006,131.70738413901523,-3.267650532035038e-05
2026-04-06,1101713,659,17316,0.508,5478.7,114.4,2.088,32.0,motorsportcom,40.0,4.571428571428571,2026-04,0.0036307096312742067,131.71216622531995,3.630841456581102e-05
2026-04-07,1101684,660,17320,0.363,3914.3,79.7,2.036,31.0,motorsportcom,-29.0,4.428571428571429,2026-04,-0.0026323337726607632,131.70869921274902,-2.632264482671509e-05
2026-04-08,1101692,660,17324,0.423,4572.0,91.8,2.008,27.0,motorsportcom,8.0,3.857142857142857,2026-04,0.0007261557676737237,131.70965563001,7.2616104074274546e-06
2026-04-09,1101652,660,17330,0.379,4104.3,69.0,1.681,33.0,motorsportcom,-40.0,4.714285714285714,2026-04,-0.003630910668704818,131.70487354370528,-3.630778838370485e-05
2026-04-10,1101663,660,17335,0.497,5430.8,46.1,0.849,30.0,motorsportcom,11.0,4.285714285714286,2026-04,0.00099849046396221,131.70618861743907,9.985004338908254e-06
2026-04-11,1101711,660,17339,0.613,6703.9,49.9,0.744,33.0,motorsportcom,48.0,4.714285714285714,2026-04,0.004356859466774862,131.71192712100472,4.357049297287752e-05
2026-04-12,1101763,660,17342,0.86,9421.8,58.6,0.622,30.0,motorsportcom,52.0,4.285714285714286,2026-04,0.004719708322025699,131.71814383320083,4.719931089014473e-05
2026-04-13,1101707,660,17353,0.839,9157.7,82.4,0.9,40.0,motorsportcom,-56.0,5.714285714285714,2026-04,-0.0050830211662447455,131.71144891237424,-5.082762808339414e-05
2026-04-14,1101650,659,17358,0.647,7055.0,74.3,1.053,40.0,motorsportcom,-57.0,5.714285714285714,2026-04,-0.0051740570961739205,131.70463443939005,-5.173789401358153e-05
2026-04-15,1101595,659,17366,0.409,4443.7,58.5,1.316,40.0,motorsportcom,-55.0,5.714285714285714,2026-04,-0.004992760497278945,131.6980590707211,-4.992511233148367e-05
2026-04-16,1101621,659,17374,0.511,5564.7,65.7,1.181,44.0,motorsportcom,26.0,6.285714285714286,2026-04,0.002360158348470118,131.70116742681915,2.3602140532652527e-05
2026-04-17,1101664,659,17380,0.498,5366.9,116.8,2.176,44.0,motorsportcom,43.0,6.285714285714286,2026-04,0.003903186452493682,131.7063081695967,3.9033388070874864e-05
2026-04-18,1102408,661,17390,0.328,3491.7,124.0,3.551,39.0,motorsportcom,744.0,5.571428571428571,2026-04,0.06748862490112553,131.79525497486415,0.0006753420280594113
2026-04-19,1103076,661,17405,0.55,5916.3,146.8,2.481,50.0,motorsportcom,668.0,7.142857142857143,2026-04,0.06055793073188066,131.8751158161527,0.0006059462558327677
2026-04-20,1103185,663,17414,1.598,17411.9,211.9,1.217,58.0,motorsportcom,109.0,8.285714285714286,2026-04,0.00988048242135272,131.888147001333,9.88145875715496e-05
2026-04-21,1103225,663,17420,0.681,7470.2,46.2,0.618,58.0,motorsportcom,40.0,8.285714285714286,2026-04,0.003625733644542138,131.8929290876377,3.625865108758397e-05
2026-04-22,1103293,664,17427,0.574,6289.9,48.4,0.769,52.0,motorsportcom,68.0,7.428571428571429,2026-04,0.006163367301342435,131.9010586343557,6.163747195730984e-05
2026-04-23,1103291,664,17429,0.456,4935.3,91.1,1.846,43.0,motorsportcom,-2.0,6.142857142857143,2026-04,-0.00018127583747170963,131.90081953004048,-1.812755088592688e-06
2026-04-24,1103383,664,17437,0.362,3899.1,92.4,2.37,40.0,motorsportcom,92.0,5.714285714285714,2026-04,0.008337993244412865,131.91181832854127,8.338688523701343e-05
2026-04-25,1103465,665,17448,0.229,2412.6,115.3,4.779,42.0,motorsportcom,82.0,6.0,2026-04,0.007431137371824208,131.92162160546593,7.431689630887917e-05
2026-04-26,1103674,667,17464,0.262,2858.8,36.4,1.273,80.0,motorsportcom,209.0,11.428571428571429,2026-04,0.018936751250822254,131.946608006408,0.00018940337935502427
2026-04-27,1103812,667,17476,0.259,2804.8,49.3,1.758,69.0,motorsportcom,138.0,9.857142857142858,2026-04,0.012502128985733078,131.96310620415923,0.0001250369221346137
2026-04-28,1103790,668,17484,0.392,4236.2,92.7,2.188,79.0,motorsportcom,-22.0,11.285714285714286,2026-04,-0.0019931327517009574,131.96047605669165,-1.993093026708692e-05
2026-04-29,1103836,669,17496,0.29,3174.2,29.0,0.914,66.0,motorsportcom,46.0,9.428571428571429,2026-04,0.004167285719980142,131.96597545594204,4.167459389914363e-05
2026-04-30,1103841,672,17515,0.594,6462.9,89.5,1.385,60.0,motorsportcom,5.0,8.571428571428571,2026-04,0.00045296378735705593,131.96657321673013,4.529658391261293e-06
2026-05-01,1104045,672,17537,0.139,1515.4,22.3,1.472,71.0,motorsportcom,204.0,10.142857142857142,2026-05,0.018477507710283548,131.9909618568841,0.00018480922524166665
2026-05-02,1104222,673,17559,0.263,2876.0,26.4,0.918,104.0,motorsportcom,177.0,14.857142857142858,2026-05,0.016029385395328114,132.0121225887824,0.00016031955219220073
2026-05-03,1104437,673,17594,0.081,896.0,4.0,0.446,382.0,motorsportcom,215.0,54.57142857142857,2026-05,0.019466932020567946,132.0378263026702,0.00019470722372849636
2026-05-04,1104690,673,17605,0.284,3129.0,11.0,0.352,207.0,motorsportcom,253.0,29.571428571428573,2026-05,0.02290235269623152,132.06807299854745,0.0002290759907537243
2026-05-05,1104830,673,17612,0.71,7790.6,52.3,0.671,104.0,motorsportcom,140.0,14.857142857142858,2026-05,0.012671632739878532,132.0848103006139,0.00012673238646132567
2026-05-06,1102041,674,17618,0.547,5986.4,44.4,0.742,59.0,motorsportcom,-2789.0,8.428571428571429,2026-05,-0.25307588374661194,131.7513793330185,-0.0025243702651086553
2026-05-07,1102138,675,17626,0.359,3911.0,41.3,1.056,53.0,motorsportcom,97.0,7.571428571428571,2026-05,0.008801075727359007,131.76297589230742,8.801850384876353e-05
2026-05-08,1100992,675,17632,0.382,4165.1,39.3,0.944,46.0,motorsportcom,-1146.0,6.571428571428571,2026-05,-0.10408794977620182,131.62596911967768,-0.0010397971941807915
2026-05-09,1101053,675,17637,0.372,4039.4,53.0,1.312,40.0,motorsportcom,61.0,5.714285714285714,2026-05,0.0055401511098920764,131.63326180129235,5.5404580596496444e-05
2026-05-10,1101110,677,17649,0.207,2243.2,35.2,1.569,53.0,motorsportcom,57.0,7.571428571428571,2026-05,0.005176594527340593,131.64007627427657,5.176862512512592e-05
2026-05-11,1101110,677,17656,0.185,2009.0,23.1,1.15,47.0,motorsportcom,0.0,6.714285714285714,2026-05,0.0,131.64007627427657,0.0
2026-05-12,1101075,677,17661,0.215,2353.9,16.1,0.684,54.0,motorsportcom,-35.0,7.714285714285714,2026-05,-0.0031787117135526647,131.63589194875996,-3.1786106746811704e-05
2026-05-13,1101064,677,17669,0.217,2372.5,15.6,0.658,53.0,motorsportcom,-11.0,7.571428571428571,2026-05,-0.0009990336619851343,131.63457687502614,-9.990236814028108e-06
2026-05-14,1101491,681,17680,0.316,3442.0,36.1,1.049,52.0,motorsportcom,427.0,7.428571428571429,2026-05,0.03876563675962854,131.68562564632884,0.00038780670333427025
2026-05-15,1101702,681,17686,0.292,3191.6,28.5,0.893,47.0,motorsportcom,211.0,6.714285714285714,2026-05,0.01915218452902872,131.71085115158616,0.0001915585329339553
2026-05-16,1101982,681,17699,0.947,10392.4,47.7,0.459,55.0,motorsportcom,280.0,7.857142857142857,2026-05,0.025408763482525125,131.74432575571907,0.00025415221175961733
2026-05-17,1102806,681,17718,1.561,17172.0,40.0,0.233,128.0,motorsportcom,824.0,18.285714285714285,2026-05,0.07471849083156966,131.84283673359596,0.0007477436110572278
2026-05-18,1103017,681,17732,2.525,27688.3,166.8,0.602,102.0,motorsportcom,211.0,14.571428571428571,2026-05,0.01912935158750953,131.86806223885327,0.00019133011608563066
2026-05-19,1103041,681,17740,0.984,10762.7,86.8,0.806,90.0,motorsportcom,24.0,12.857142857142858,2026-05,0.00217580307531633,131.87093149063605,2.1758504175295457e-05
2026-05-20,1103040,684,17748,0.372,4075.9,26.3,0.645,66.0,motorsportcom,-1.0,9.428571428571429,2026-05,-9.065854366115463e-05,131.87081193847845,-9.065846147127132e-07
2026-05-21,1103146,685,17757,0.149,1624.2,20.9,1.287,74.0,motorsportcom,106.0,10.571428571428571,2026-05,0.009608882233176751,131.88348446718592,9.609805628074675e-05
2026-05-22,1103434,685,17769,0.254,2781.3,23.5,0.845,63.0,motorsportcom,288.0,9.0,2026-05,0.026100337673118645,131.91791548857978,0.0002610715172788325
2026-05-23,1103477,685,17782,0.659,7182.4,84.6,1.178,60.0,motorsportcom,43.0,8.571428571428571,2026-05,0.003896773562113211,131.92305623135735,3.8969254164689104e-05
2026-05-24,1103761,686,17824,0.713,7817.3,52.6,0.673,63.0,motorsportcom,284.0,9.0,2026-05,0.02573020789826783,131.95700904412072,0.0002573683003814775
2026-05-25,1104031,686,17844,0.03,331.0,0.0,0.0,243.0,motorsportcom,270.0,34.714285714285715,2026-05,0.024455835026371543,131.98928812667748,0.0002446181736808217
2026-05-26,1104076,686,17848,0.369,4052.8,17.6,0.434,88.0,motorsportcom,45.0,12.571428571428571,2026-05,0.004075806375648054,131.99466797377028,4.075972504402614e-05
2026-05-27,1104116,686,17853,0.589,6476.1,21.8,0.337,61.0,motorsportcom,40.0,8.714285714285714,2026-05,0.0036228077484612123,131.99945006007496,3.622939000580416e-05
2026-05-28,1104138,686,17858,0.579,6369.4,18.6,0.292,51.0,motorsportcom,22.0,7.285714285714286,2026-05,0.001992504560118391,132.00208020754255,1.992544261653073e-05
2026-05-29,1104141,686,17863,0.678,7455.9,30.4,0.408,45.0,motorsportcom,3.0,6.428571428571429,2026-05,0.000271704429053898,132.0024388640154,2.7170516729846383e-06
2026-05-30,1104189,686,17870,0.595,6504.3,60.3,0.927,37.0,motorsportcom,48.0,5.285714285714286,2026-05,0.004347081885438091,132.00817736758103,4.347270864868413e-05
2026-05-31,1104272,687,17876,0.716,7827.5,74.2,0.948,30.0,motorsportcom,83.0,4.285714285714286,2026-05,0.007516264108842748,132.01810019666328,7.516829093567878e-05
2024-01-01,4603,267,294,34.015,1554.2,11.5,0.74,8.0,overtake,23.0,1.1428571428571428,2024-01,0.49967412557028024,100.0,
2024-01-02,4645,268,295,31.126,1436.3,9.5,0.661,7.0,overtake,42.0,1.0,2024-01,0.9041980624327234,100.9124484032153,0.009124484032152935
2024-01-03,4695,269,295,40.792,1905.1,10.1,0.53,7.0,overtake,50.0,1.0,2024-01,1.0649627263045793,101.99869650228112,0.010764262648008671
2024-01-04,4753,270,296,42.348,2002.6,10.2,0.509,6.0,overtake,58.0,0.8571428571428571,2024-01,1.2202819272038712,103.25874429719748,0.012353567625133177
2024-01-05,4775,271,296,43.812,2070.4,21.6,1.043,5.0,overtake,22.0,0.7142857142857143,2024-01,0.4607329842931937,103.73669346078644,0.004628655585945829
2024-01-06,4781,271,296,45.298,2143.1,22.6,1.055,4.0,overtake,6.0,0.5714285714285714,2024-01,0.12549675800041832,103.86704323267435,0.0012565445026178068
2024-01-07,4795,272,296,46.273,2195.4,23.4,1.066,2.0,overtake,14.0,0.2857142857142857,2024-01,0.291970802919708,104.17119270041277,0.002928257686676483
2024-01-08,4807,272,296,47.258,2247.5,24.2,1.077,1.0,overtake,12.0,0.14285714285714285,2024-01,0.249635947576451,104.43189224418856,0.0025026068821689673
2024-01-09,4820,272,296,48.28,2302.7,24.4,1.06,1.0,overtake,13.0,0.14285714285714285,2024-01,0.2697095435684647,104.7143167499457,0.0027043894320781803
2024-01-10,4824,273,296,48.868,2332.3,25.1,1.076,0.0,overtake,4.0,0.0,2024-01,0.08291873963515754,104.80121659787096,0.0008298755186721962
2024-01-11,4837,273,296,49.361,2362.3,25.3,1.071,1.0,overtake,13.0,0.14285714285714285,2024-01,0.26876162910895185,105.08364110362807,0.002694859038142594
2024-01-12,4856,273,297,49.563,2381.4,25.4,1.067,1.0,overtake,19.0,0.14285714285714285,2024-01,0.39126853377265236,105.49641538127308,0.003928054579284579
2024-01-13,4868,273,297,47.989,2312.2,23.9,1.034,2.0,overtake,12.0,0.2857142857142857,2024-01,0.24650780608052586,105.7571149250489,0.0024711696869852418
2024-01-14,4877,273,298,48.44,2338.4,24.0,1.026,2.0,overtake,9.0,0.2857142857142857,2024-01,0.18453967603034652,105.95263958288072,0.001848808545603875
2024-01-15,4881,273,298,46.497,2247.4,22.1,0.983,2.0,overtake,4.0,0.2857142857142857,2024-01,0.08195041999590248,106.039539430806,0.0008201763379127591
2024-01-16,4886,273,298,46.885,2268.6,22.2,0.979,2.0,overtake,5.0,0.2857142857142857,2024-01,0.1023331968890708,106.14816424071259,0.0010243802499487753
2024-01-17,4890,273,298,47.243,2288.0,22.2,0.97,2.0,overtake,4.0,0.2857142857142857,2024-01,0.081799591002045,106.23506408863786,0.0008186655751125649
2024-01-18,4895,273,298,47.675,2311.4,22.3,0.965,2.0,overtake,5.0,0.2857142857142857,2024-01,0.10214504596527069,106.34368889854441,0.0010224948875254825
2024-01-19,4904,273,299,48.036,2333.3,22.4,0.96,2.0,overtake,9.0,0.2857142857142857,2024-01,0.1835236541598695,106.53921355637628,0.001838610827374909
2024-01-20,4921,274,299,45.832,2232.3,23.1,1.035,2.0,overtake,17.0,0.2857142857142857,2024-01,0.3454582401950823,106.90853791005866,0.003466557911908641
2024-01-21,4987,274,300,45.925,2267.0,23.3,1.028,4.0,overtake,66.0,0.5714285714285714,2024-01,1.3234409464607981,108.34238540082555,0.013411908148750262
2024-01-22,5026,274,302,47.867,2380.3,25.5,1.071,5.0,overtake,39.0,0.7142857142857143,2024-01,0.7759649820931158,109.18965891809688,0.007820332865450252
2024-01-23,5048,274,303,39.261,1958.3,23.6,1.205,5.0,overtake,22.0,0.7142857142857143,2024-01,0.4358161648177496,109.66760808168586,0.004377238360525171
2024-01-24,5063,274,305,40.115,2006.8,24.2,1.206,7.0,overtake,15.0,1.0,2024-01,0.2962670353545329,109.99348251140562,0.0029714738510300265
2024-01-25,5070,274,305,40.57,2032.6,24.3,1.196,6.0,overtake,7.0,0.8571428571428571,2024-01,0.13806706114398423,110.14555724527482,0.0013825794983211015
2024-01-26,5072,274,305,40.871,2048.6,24.4,1.191,6.0,overtake,2.0,0.8571428571428571,2024-01,0.03943217665615142,110.18900716923746,0.00039447731755415383
2024-01-27,5077,274,305,41.396,2077.1,24.6,1.184,6.0,overtake,5.0,0.8571428571428571,2024-01,0.09848335631278313,110.29763197914404,0.0009858044164037238
2024-01-28,5090,274,306,41.792,2102.6,24.6,1.17,4.0,overtake,13.0,0.5714285714285714,2024-01,0.2554027504911591,110.58005648490115,0.0025605672641324517
2024-01-29,5099,274,306,40.643,2048.1,24.3,1.186,3.0,overtake,9.0,0.42857142857142855,2024-01,0.1765051970974701,110.775581142733,0.0017681728880156733
2024-01-30,5100,274,306,40.886,2060.8,24.4,1.184,3.0,overtake,1.0,0.42857142857142855,2024-01,0.0196078431372549,110.79730610471432,0.0001961168856638995
2024-01-31,5102,275,306,41.039,2069.2,24.6,1.189,1.0,overtake,2.0,0.14285714285714285,2024-01,0.03920031360250882,110.84075602867696,0.00039215686274518546
2024-02-01,5103,275,306,41.148,2075.2,24.6,1.185,1.0,overtake,1.0,0.14285714285714285,2024-02,0.01959631589261219,110.86248099065827,0.0001960015680124716
2024-02-02,5108,274,306,41.186,2079.2,24.6,1.183,1.0,overtake,5.0,0.14285714285714285,2024-02,0.09788566953797964,110.97110580056484,0.0009798157946305786
2024-02-03,5124,276,307,41.146,2083.7,24.6,1.181,1.0,overtake,16.0,0.14285714285714285,2024-02,0.312256049960968,111.31870519226592,0.003132341425215346
2024-02-04,5146,277,307,41.036,2087.0,24.7,1.184,2.0,overtake,22.0,0.2857142857142857,2024-02,0.4275165176836378,111.79665435585488,0.004293520686963204
2024-02-05,5168,279,309,33.202,1691.0,24.9,1.473,3.0,overtake,22.0,0.42857142857142855,2024-02,0.42569659442724456,112.27460351944384,0.00427516517683646
2024-02-06,5224,280,313,29.01,1504.6,10.9,0.724,8.0,overtake,56.0,1.1428571428571428,2024-02,1.0719754977029097,113.49120139039756,0.010835913312693402
2024-02-07,5256,280,316,22.264,1161.8,8.4,0.723,10.0,overtake,32.0,1.4285714285714286,2024-02,0.60882800608828,114.18640017379968,0.006125574272588086
2024-02-08,5293,281,316,17.423,916.2,6.0,0.655,12.0,overtake,37.0,1.7142857142857142,2024-02,0.6990364632533534,114.99022376710842,0.0070395738203956615
2024-02-09,5328,281,318,16.774,886.8,6.9,0.778,12.0,overtake,35.0,1.7142857142857142,2024-02,0.6569069069069069,115.75059743645448,0.006612507084829078
2024-02-10,5358,284,320,24.358,1295.9,9.2,0.71,13.0,overtake,30.0,1.8571428571428572,2024-02,0.5599104143337066,116.40234629589399,0.005630630630630629
2024-02-11,5474,225,320,22.903,1246.3,7.4,0.594,13.0,overtake,116.0,1.8571428571428572,2024-02,2.1191085129704055,118.9224418857267,0.02164986935423663
2024-02-12,5539,225,322,26.05,1434.0,8.9,0.621,14.0,overtake,65.0,2.0,2024-02,1.1734970211229463,120.33456441451227,0.011874314943368658
2024-02-13,5631,228,323,29.307,1640.9,9.4,0.573,10.0,overtake,92.0,1.4285714285714286,2024-02,1.6338128218788848,122.33326091679339,0.016609496298970905
2024-02-14,5671,228,324,30.127,1699.3,9.2,0.541,8.0,overtake,40.0,1.1428571428571428,2024-02,0.7053429730206313,123.20225939604606,0.007103534008169099
2024-02-15,5693,229,324,31.595,1788.8,9.9,0.553,6.0,overtake,22.0,0.8571428571428571,2024-02,0.38643948708940806,123.68020855963502,0.0038793863516135563
2024-02-16,5698,230,324,32.548,1844.4,10.2,0.553,7.0,overtake,5.0,1.0,2024-02,0.08775008775008776,123.7888333695416,0.0008782715615669456
2024-02-17,5718,233,325,33.137,1884.5,10.3,0.547,6.0,overtake,20.0,0.8571428571428571,2024-02,0.3497726477789437,124.22333260916794,0.003510003510003523
2024-02-18,5737,234,326,33.343,1902.5,10.4,0.547,6.0,overtake,19.0,0.8571428571428571,2024-02,0.3311835454070071,124.63610688681295,0.003322840153900053
2024-02-19,5761,235,328,36.435,2087.7,11.3,0.541,6.0,overtake,24.0,0.8571428571428571,2024-02,0.4165943412601979,125.15750597436454,0.004183371099877986
2024-02-20,5786,236,329,36.934,2125.8,11.2,0.527,6.0,overtake,25.0,0.8571428571428571,2024-02,0.43207742827514695,125.70063002389746,0.004339524388127014
2024-02-21,5804,236,331,36.499,2109.1,9.3,0.441,7.0,overtake,18.0,1.0,2024-02,0.31013094417643006,126.09167933956115,0.003110957483581034
2024-02-22,5815,236,331,27.623,1598.6,7.7,0.482,7.0,overtake,11.0,1.0,2024-02,0.1891659501289768,126.33065392135563,0.0018952446588560434
2024-02-23,5831,236,331,25.766,1494.6,7.8,0.522,7.0,overtake,16.0,1.0,2024-02,0.2743954724747042,126.67825331305671,0.002751504729148646
2024-02-24,5834,236,332,26.01,1509.6,7.8,0.517,6.0,overtake,3.0,0.8571428571428571,2024-02,0.051422694549194375,126.74342819900066,0.0005144915108901138
2024-02-25,5842,236,332,25.484,1483.3,5.5,0.371,5.0,overtake,8.0,0.7142857142857143,2024-02,0.13693940431359122,126.91722789485118,0.0013712718546452507
2024-02-26,5844,237,332,25.84,1504.4,5.7,0.379,3.0,overtake,2.0,0.42857142857142855,2024-02,0.034223134839151265,126.96067781881382,0.000342348510784074
2024-02-27,5848,238,332,26.212,1527.2,5.7,0.373,3.0,overtake,4.0,0.42857142857142855,2024-02,0.06839945280437756,127.04757766673909,0.000684462696783017
2024-02-28,5858,237,333,26.441,1543.1,5.8,0.376,2.0,overtake,10.0,0.2857142857142857,2024-02,0.1707067258449983,127.26482728655225,0.0017099863201095467
2024-02-29,5881,237,333,23.765,1391.6,6.0,0.431,3.0,overtake,23.0,0.42857142857142855,2024-02,0.39108995068865837,127.76450141212253,0.003926254694434972
2024-03-01,5891,239,334,24.01,1408.4,6.0,0.426,2.0,overtake,10.0,0.2857142857142857,2024-03,0.16975046681378375,127.9817510319357,0.0017003910899506813
2024-03-02,5888,239,334,25.296,1481.2,8.2,0.554,2.0,overtake,-3.0,0.2857142857142857,2024-03,-0.050951086956521736,127.91657614599174,-0.0005092514004413351
2024-03-03,5892,240,334,26.079,1528.3,8.3,0.543,3.0,overtake,4.0,0.42857142857142855,2024-03,0.0678886625933469,128.00347599391702,0.0006793478260869179
2024-03-04,5898,240,335,26.636,1562.7,8.3,0.531,4.0,overtake,6.0,0.5714285714285714,2024-03,0.10172939979654119,128.13382576580491,0.0010183299389001643
2024-03-05,5919,240,337,25.562,1505.0,8.0,0.532,4.0,overtake,21.0,0.5714285714285714,2024-03,0.3547896604156108,128.59004996741257,0.003560528992878842
2024-03-06,5932,240,337,25.062,1479.4,7.3,0.493,5.0,overtake,13.0,0.7142857142857143,2024-03,0.2191503708698584,128.87247447316966,0.002196316945429988
2024-03-07,5944,242,338,26.104,1541.8,9.8,0.636,5.0,overtake,12.0,0.7142857142857143,2024-03,0.2018842530282638,129.13317401694547,0.0020229265003370855
2024-03-08,6010,244,342,24.012,1433.6,9.5,0.663,8.0,overtake,66.0,1.1428571428571428,2024-03,1.098169717138103,130.56702150771235,0.011103633916554445
2024-03-09,6172,252,342,24.264,1487.8,9.8,0.659,13.0,overtake,162.0,1.8571428571428572,2024-03,2.624756966947505,134.08646534868564,0.026955074875208096
2024-03-10,6281,233,350,43.821,2741.2,11.2,0.409,16.0,overtake,109.0,2.2857142857142856,2024-03,1.7353924534309821,136.45448620464916,0.017660401814646898
2024-03-11,6346,234,351,40.506,2562.2,8.3,0.324,16.0,overtake,65.0,2.2857142857142856,2024-03,1.0242672549637568,137.86660873343473,0.01034867059385447
2024-03-12,6386,234,352,39.021,2485.0,6.9,0.278,16.0,overtake,40.0,2.2857142857142856,2024-03,0.6263701847792045,138.7356072126874,0.006303183107469357
2024-03-13,6420,237,353,38.026,2434.4,6.9,0.283,16.0,overtake,34.0,2.2857142857142856,2024-03,0.5295950155763239,139.47425592005214,0.0053241465706233004
2024-03-14,6452,238,355,40.313,2593.4,7.6,0.293,16.0,overtake,32.0,2.2857142857142856,2024-03,0.49597024178549287,140.16945470345428,0.004984423676012373
2024-03-15,6468,238,355,15.693,1009.3,5.7,0.565,14.0,overtake,16.0,2.0,2024-03,0.24737167594310452,140.51705409515534,0.002479851208927464
2024-03-16,6482,239,356,17.097,1099.8,8.4,0.764,10.0,overtake,14.0,1.4285714285714286,2024-03,0.21598272138228944,140.82120356289377,0.0021645021645022577
2024-03-17,6500,239,357,16.798,1082.8,9.1,0.84,6.0,overtake,18.0,0.8571428571428571,2024-03,0.2769230769230769,141.21225287855745,0.002776920703486674
2024-03-18,6516,239,357,18.511,1196.9,9.3,0.777,6.0,overtake,16.0,0.8571428571428571,2024-03,0.24554941682013504,141.55985227025855,0.002461538461538515
2024-03-19,6526,240,358,18.641,1207.2,9.3,0.77,6.0,overtake,10.0,0.8571428571428571,2024-03,0.15323322096230463,141.7771018900717,0.0015346838551257846
2024-03-20,6535,241,359,19.893,1290.3,9.7,0.752,6.0,overtake,9.0,0.8571428571428571,2024-03,0.13771996939556236,141.97262654790356,0.001379098988660843
2024-03-21,6542,242,360,19.766,1283.3,9.8,0.764,6.0,overtake,7.0,0.8571428571428571,2024-03,0.10700091715071844,142.12470128177276,0.0010711553175211108
2024-03-22,6593,241,362,21.464,1404.3,10.8,0.769,8.0,overtake,51.0,1.1428571428571428,2024-03,0.7735477021082967,143.2326743428199,0.007795781106695099
2024-03-23,6649,109,362,21.686,1431.1,10.8,0.755,12.0,overtake,56.0,1.7142857142857142,2024-03,0.84223191457362,144.4492722137736,0.008493857121189219
2024-03-24,6704,109,373,19.905,1325.6,8.8,0.664,16.0,overtake,55.0,2.2857142857142856,2024-03,0.8204057279236278,145.64414512274604,0.008271920589562276
2024-03-25,6744,109,373,15.439,1035.5,5.7,0.55,16.0,overtake,40.0,2.2857142857142856,2024-03,0.5931198102016607,146.5131436019987,0.005966587112171906
2024-03-26,6761,109,374,14.522,974.6,7.2,0.739,16.0,overtake,17.0,2.2857142857142856,2024-03,0.2514420943647389,146.88246795568108,0.002520759193357147
2024-03-27,6783,109,374,13.232,890.1,7.4,0.831,16.0,overtake,22.0,2.2857142857142856,2024-03,0.3243402624207578,147.36041711927004,0.003253956515308465
2024-03-28,6811,109,374,13.666,923.3,7.5,0.812,17.0,overtake,28.0,2.4285714285714284,2024-03,0.41109969167523125,147.96871605474692,0.0041279669762641635
2024-03-29,6848,108,374,12.237,827.9,10.1,1.22,15.0,overtake,37.0,2.142857142857143,2024-03,0.540303738317757,148.7725396480556,0.0054323887828513495
2024-03-30,6894,108,379,24.817,1697.9,13.0,0.766,11.0,overtake,46.0,1.5714285714285714,2024-03,0.6672468813460981,149.77188789919617,0.006717289719626152
2024-03-31,6911,108,379,26.221,1798.7,13.4,0.745,9.0,overtake,17.0,1.2857142857142858,2024-03,0.24598466213283174,150.14121225287855,0.0024659123875834243
2024-04-01,6924,108,379,27.207,1870.3,13.5,0.722,8.0,overtake,13.0,1.1428571428571428,2024-04,0.18775274407856732,150.4236367586357,0.0018810591810156652
2024-04-02,6942,108,379,26.494,1826.4,12.8,0.701,7.0,overtake,18.0,1.0,2024-04,0.25929127052722556,150.81468607429937,0.0025996533795493715
2024-04-03,6962,108,379,27.179,1880.3,11.9,0.633,6.0,overtake,20.0,0.8571428571428571,2024-04,0.2872737719046251,151.2491853139257,0.0028810141169692827
2024-04-04,6984,112,379,27.922,1938.2,11.9,0.614,5.0,overtake,22.0,0.7142857142857143,2024-04,0.3150057273768614,151.72713447751468,0.003160011490950909
2024-04-05,7016,111,379,28.278,1972.0,12.0,0.609,4.0,overtake,32.0,0.5714285714285714,2024-04,0.45610034207525657,152.4223332609168,0.004581901489117968
2024-04-06,7034,111,384,29.694,2075.0,13.7,0.66,4.0,overtake,18.0,0.5714285714285714,2024-04,0.25589991470002843,152.8133825765805,0.0025655644241733278
2024-04-07,7048,112,384,31.297,2191.8,14.0,0.639,4.0,overtake,14.0,0.5714285714285714,2024-04,0.19863791146424517,153.11753204431892,0.0019903326698891277
2024-04-08,7062,112,384,30.865,2167.0,12.7,0.586,3.0,overtake,14.0,0.42857142857142855,2024-04,0.19824412347776835,153.42168151205735,0.0019863791146423893
2024-04-09,7068,112,384,32.209,2263.6,12.9,0.57,5.0,overtake,6.0,0.7142857142857143,2024-04,0.08488964346349745,153.55203128394527,0.000849617672047609
2024-04-10,7084,112,385,19.081,1338.8,12.9,0.964,6.0,overtake,16.0,0.8571428571428571,2024-04,0.2258610954263128,153.8996306756463,0.002263723825693287
2024-04-11,7092,111,385,19.153,1348.0,10.3,0.764,6.0,overtake,8.0,0.8571428571428571,2024-04,0.1128031584884377,154.07343037149687,0.0011293054771315258
2024-04-12,7097,111,385,21.554,1519.3,10.4,0.685,5.0,overtake,5.0,0.7142857142857143,2024-04,0.07045230379033394,154.18205518140346,0.0007050197405527037
2024-04-13,7111,111,388,22.116,1562.9,9.8,0.627,6.0,overtake,14.0,0.8571428571428571,2024-04,0.19687807621994094,154.48620464914185,0.001972664506129318
2024-04-14,7144,110,388,21.624,1538.0,6.8,0.442,10.0,overtake,33.0,1.4285714285714286,2024-04,0.46192609182530797,155.2031283945253,0.004640697510898573
2024-04-15,7163,110,393,22.597,1610.9,7.7,0.478,13.0,overtake,19.0,1.8571428571428572,2024-04,0.2652519893899204,155.6159026721703,0.0026595744680850686
2024-04-16,7184,110,393,17.965,1285.3,5.3,0.412,12.0,overtake,21.0,1.7142857142857142,2024-04,0.2923162583518931,156.07212687377796,0.0029317325143096706
2024-04-17,7210,110,393,15.501,1114.4,3.2,0.287,12.0,overtake,26.0,1.7142857142857142,2024-04,0.36061026352288483,156.6369758852922,0.003619153674832898
2024-04-18,7252,141,393,19.793,1429.6,5.8,0.406,12.0,overtake,42.0,1.7142857142857142,2024-04,0.5791505791505791,157.54942428850748,0.005825242718446644
2024-04-19,7303,141,393,19.999,1453.9,6.6,0.454,13.0,overtake,51.0,1.8571428571428572,2024-04,0.6983431466520608,158.65739734955463,0.007032542746828518
2024-04-20,7362,141,405,27.429,2010.5,8.8,0.438,12.0,overtake,59.0,1.7142857142857142,2024-04,0.8014126596033686,159.9391701064523,0.008078871696562961
2024-04-21,7397,141,405,32.39,2385.9,10.0,0.419,9.0,overtake,35.0,1.2857142857142858,2024-04,0.47316479653913746,160.6995437757984,0.004754142895952107
2024-04-22,7429,141,405,34.587,2558.8,10.7,0.418,7.0,overtake,32.0,1.0,2024-04,0.43074438013191546,161.39474255920052,0.004326078139786471
2024-04-23,7453,141,408,36.385,2700.7,11.1,0.411,7.0,overtake,24.0,1.0,2024-04,0.3220179793371797,161.91614164675212,0.0032305828509893164
2024-04-24,7484,141,408,37.177,2770.8,11.5,0.415,7.0,overtake,31.0,1.0,2024-04,0.41421699625868513,162.58961546817292,0.0041593988997719045
2024-04-25,7505,141,408,39.226,2932.1,11.8,0.402,7.0,overtake,21.0,1.0,2024-04,0.2798134576948701,163.04583966978058,0.002805986103687763
2024-04-26,7532,141,408,42.39,3180.0,12.8,0.403,8.0,overtake,27.0,1.1428571428571428,2024-04,0.35847052575677113,163.63241364327612,0.003597601598934075
2024-04-27,7589,142,417,43.773,3309.1,12.8,0.387,12.0,overtake,57.0,1.7142857142857142,2024-04,0.7510870997496376,164.87073647621116,0.0075677110993095376
2024-04-28,7726,142,417,26.482,2037.6,8.4,0.412,14.0,overtake,137.0,2.0,2024-04,1.773233238415739,167.84705626765154,0.018052444327315786
2024-04-29,7860,144,417,21.571,1687.8,7.7,0.456,15.0,overtake,134.0,2.142857142857143,2024-04,1.7048346055979644,170.75820117314794,0.01734403313486932
2024-04-30,7914,144,417,29.428,2320.5,8.4,0.362,15.0,overtake,54.0,2.142857142857143,2024-04,0.6823351023502654,171.93134912013903,0.006870229007633677
2024-05-01,7946,144,417,25.52,2019.4,8.4,0.416,14.0,overtake,32.0,2.0,2024-05,0.4027183488547697,172.62654790354117,0.004043467273186829
2024-05-02,7961,144,417,27.524,2182.2,9.0,0.412,13.0,overtake,15.0,1.8571428571428572,2024-05,0.18841854038437383,172.95242233326093,0.0018877422602567862
2024-05-03,7974,144,423,28.994,2302.7,9.3,0.404,11.0,overtake,13.0,1.5714285714285714,2024-05,0.16302984700275897,173.23484683901805,0.001632960683331186
2024-05-04,7982,144,423,29.281,2327.8,9.4,0.404,6.0,overtake,8.0,0.8571428571428571,2024-05,0.10022550739163118,173.40864653486855,0.0010032605969401143
2024-05-05,8029,144,423,29.469,2356.7,9.4,0.399,5.0,overtake,47.0,0.7142857142857143,2024-05,0.5853780047328435,174.42971974799045,0.005888248559258402
2024-05-06,8057,144,423,32.673,2615.8,16.7,0.638,4.0,overtake,28.0,0.5714285714285714,2024-05,0.3475238922675934,175.0380186834673,0.0034873583260679464
2024-05-07,8085,146,428,34.477,2767.2,20.3,0.734,5.0,overtake,28.0,0.7142857142857143,2024-05,0.3463203463203463,175.64631761894415,0.0034752389226759828
2024-05-08,8123,146,428,35.679,2878.0,20.2,0.702,6.0,overtake,38.0,0.8571428571428571,2024-05,0.46780746029791953,176.4718661742342,0.0047000618429189345
2024-05-09,8138,146,428,39.264,3173.1,22.2,0.7,7.0,overtake,15.0,1.0,2024-05,0.18432047186040795,176.79774060395394,0.0018466083959127744
2024-05-10,8174,146,428,41.031,3330.3,23.6,0.709,9.0,overtake,36.0,1.2857142857142858,2024-05,0.4404208465867384,177.57983923528133,0.004423691324649814
2024-05-11,8212,147,434,30.443,2479.4,20.6,0.831,14.0,overtake,38.0,2.0,2024-05,0.4627374573794447,178.40538779057135,0.004648886713971123
2024-05-12,8305,151,434,23.402,1924.2,19.3,1.003,16.0,overtake,93.0,2.2857142857142856,2024-05,1.119807344972908,180.4258092548338,0.011324890404286414
2024-05-13,8406,152,434,29.084,2435.7,9.1,0.374,17.0,overtake,101.0,2.4285714285714284,2024-05,1.2015227218653344,182.62003041494677,0.01216134858518969
2024-05-14,8454,152,444,28.769,2423.4,8.7,0.359,16.0,overtake,48.0,2.2857142857142856,2024-05,0.5677785663591199,183.66282859004997,0.005710206995003464
2024-05-15,8490,153,444,27.608,2335.8,8.1,0.347,16.0,overtake,36.0,2.2857142857142856,2024-05,0.4240282685512367,184.44492722137736,0.004258339247693366
2024-05-16,8552,153,444,32.905,2804.1,9.9,0.353,16.0,overtake,62.0,2.2857142857142856,2024-05,0.7249766136576239,185.791874864219,0.007302709069493485
2024-05-17,8640,153,444,36.398,3133.3,11.5,0.367,15.0,overtake,88.0,2.142857142857143,2024-05,1.0185185185185186,187.70367151857482,0.010289990645462987
2024-05-18,8703,153,447,39.629,3435.1,13.8,0.402,11.0,overtake,63.0,1.5714285714285714,2024-05,0.7238883143743536,189.07234412339778,0.007291666666666696
2024-05-19,8743,153,447,41.473,3607.6,18.4,0.51,8.0,overtake,40.0,1.1428571428571428,2024-05,0.45750886423424453,189.94134260265045,0.0045961162817418355
2024-05-20,8773,153,447,41.518,3623.5,18.9,0.522,7.0,overtake,30.0,1.0,2024-05,0.34195828108970705,190.59309146208994,0.003431316481756763
2024-05-21,8801,153,447,41.868,3665.5,19.3,0.527,7.0,overtake,28.0,1.0,2024-05,0.3181456652653108,191.2013903975668,0.0031916106235039265
2024-05-22,8831,153,451,31.035,2721.9,18.8,0.691,6.0,overtake,30.0,0.8571428571428571,2024-05,0.33971237685426336,191.85313925700632,0.0034087035564140944
2024-05-23,8872,154,451,30.823,2716.3,18.3,0.674,6.0,overtake,41.0,0.8571428571428571,2024-05,0.4621280432822362,192.7438626982403,0.004642735817008248
2024-05-24,8904,155,451,31.91,2822.9,18.4,0.652,5.0,overtake,32.0,0.7142857142857143,2024-05,0.3593890386343217,193.4390614816424,0.0036068530207393756
2024-05-25,8917,155,451,32.706,2897.0,19.4,0.67,4.0,overtake,13.0,0.5714285714285714,2024-05,0.1457889424694404,193.72148598739952,0.0014600179694519433
2024-05-26,8971,155,451,34.305,3057.7,19.8,0.648,4.0,overtake,54.0,0.5714285714285714,2024-05,0.6019395831011035,194.8946339343906,0.006055848379499906
2024-05-27,9028,155,451,35.047,3144.0,20.0,0.636,4.0,overtake,57.0,0.5714285714285714,2024-05,0.6313690739920248,196.13295676732565,0.006353806710511556
2024-05-28,9082,155,454,36.252,3272.1,20.3,0.62,3.0,overtake,54.0,0.42857142857142855,2024-05,0.5945826910372164,197.30610471431675,0.005981391227292798
2024-05-29,9115,155,454,32.291,2923.3,20.0,0.684,4.0,overtake,33.0,0.5714285714285714,2024-05,0.3620405924300603,198.02302845970019,0.0036335608896718163
2024-05-30,9144,155,454,32.919,2989.8,20.3,0.679,4.0,overtake,29.0,0.5714285714285714,2024-05,0.31714785651793526,198.65305235715837,0.0031815688425671507
2024-05-31,9309,153,458,31.424,2904.5,20.8,0.716,8.0,overtake,165.0,1.1428571428571428,2024-05,1.7724782468578795,202.2376710840756,0.018044619422572072
2024-06-01,9462,153,458,22.904,2140.6,26.6,1.243,11.0,overtake,153.0,1.5714285714285714,2024-06,1.6169942929613188,205.56159026721704,0.01643570737995481
2024-06-02,9568,153,463,22.628,2142.3,22.7,1.06,11.0,overtake,106.0,1.5714285714285714,2024-06,1.1078595317725752,207.86443623723662,0.01120270555907843
2024-06-03,9684,156,463,21.991,2105.8,23.8,1.13,12.0,overtake,116.0,1.7142857142857142,2024-06,1.197852127220157,210.3845318270693,0.012123745819397902
2024-06-04,10395,157,463,22.216,2282.6,26.8,1.174,14.0,overtake,711.0,2.0,2024-06,6.8398268398268405,225.83097979578537,0.07342007434944242
2024-06-05,10702,157,463,49.918,5280.6,61.6,1.167,16.0,overtake,307.0,2.2857142857142856,2024-06,2.868622687348159,232.50054312404953,0.029533429533429523
2024-06-06,10831,157,463,57.061,6112.9,67.4,1.103,15.0,overtake,129.0,2.142857142857143,2024-06,1.1910257593943312,235.3030632196394,0.012053821715567237
2024-06-07,10870,157,463,53.724,5785.0,54.8,0.947,11.0,overtake,39.0,1.5714285714285714,2024-06,0.35878564857405704,236.1503367369107,0.003600775551657387
2024-06-08,10897,158,472,55.093,5948.3,55.2,0.928,9.0,overtake,27.0,1.2857142857142858,2024-06,0.24777461686702765,236.73691071040625,0.0024839006439743017
2024-06-09,10953,159,472,56.769,6162.6,55.3,0.897,9.0,overtake,56.0,1.2857142857142858,2024-06,0.5112754496484981,237.95350858135998,0.005139029090575287
2024-06-10,11012,160,474,58.627,6397.9,58.1,0.908,7.0,overtake,59.0,1.0,2024-06,0.535779150018162,239.23528133825766,0.005386652058796626
2024-06-11,11068,160,475,60.726,6661.9,59.2,0.889,6.0,overtake,56.0,0.8571428571428571,2024-06,0.5059631369714492,240.4518792092114,0.005085361423901258
2024-06-12,11094,160,476,56.119,6167.0,58.8,0.953,4.0,overtake,26.0,0.5714285714285714,2024-06,0.23436091581034796,241.0167282207256,0.0023491145645102574
2024-06-13,11184,160,479,56.553,6266.2,58.7,0.937,7.0,overtake,90.0,1.0,2024-06,0.8047210300429184,242.97197479904412,0.00811249323958907
2024-06-14,11297,160,479,59.427,6655.0,58.5,0.879,7.0,overtake,113.0,1.0,2024-06,1.0002655572275825,245.4268955029329,0.010103719599427796
2024-06-15,11346,159,479,43.169,4859.8,38.2,0.786,6.0,overtake,49.0,0.8571428571428571,2024-06,0.4318702626476292,246.49141864001737,0.004337434717181621
2024-06-16,11382,159,479,44.118,4982.7,38.8,0.779,5.0,overtake,36.0,0.7142857142857143,2024-06,0.316288877174486,247.27351727134476,0.0031729243786355887
2024-06-17,11411,159,479,45.044,5100.8,39.2,0.769,5.0,overtake,29.0,0.7142857142857143,2024-06,0.25414074138988696,247.90354116880295,0.0025478826216833728
2024-06-18,11434,159,480,45.736,5189.8,39.6,0.763,5.0,overtake,23.0,0.7142857142857143,2024-06,0.20115445163547316,248.40321529437324,0.0020155989834369503
2024-06-19,11456,159,480,46.305,5264.5,40.2,0.764,4.0,overtake,22.0,0.5714285714285714,2024-06,0.19203910614525138,248.88116445796217,0.0019240860591218656
2024-06-20,11483,159,480,40.491,4608.7,40.9,0.887,1.0,overtake,27.0,0.14285714285714285,2024-06,0.2351301924584168,249.46773843145772,0.0023568435754190986
2024-06-21,11520,161,481,41.762,4768.8,42.2,0.885,2.0,overtake,37.0,0.2857142857142857,2024-06,0.3211805555555555,250.27156202476647,0.0032221544892450105
2024-06-22,11568,161,482,42.615,4886.4,43.3,0.886,3.0,overtake,48.0,0.42857142857142855,2024-06,0.4149377593360996,251.31436019986967,0.004166666666666652
2024-06-23,11622,161,482,40.36,4644.1,46.5,1.001,3.0,overtake,54.0,0.42857142857142855,2024-06,0.46463603510583373,252.48750814686076,0.004668049792531104
2024-06-24,11657,161,483,41.21,4753.8,50.1,1.054,4.0,overtake,35.0,0.5714285714285714,2024-06,0.3002487775585485,253.2478818162068,0.00301152985716735
2024-06-25,11727,162,484,41.742,4844.3,50.8,1.049,4.0,overtake,70.0,0.5714285714285714,2024-06,0.5969131065063529,254.768629154899,0.006004975551171077
2024-06-26,11774,161,486,48.173,5619.8,52.1,0.927,6.0,overtake,47.0,0.8571428571428571,2024-06,0.39918464413113636,255.78970236802087,0.004007845143685573
2024-06-27,11829,161,489,49.16,5762.6,52.5,0.911,9.0,overtake,55.0,1.2857142857142858,2024-06,0.464958999070082,256.98457527699327,0.0046713096653643316
2024-06-28,11935,163,493,44.056,5209.8,48.3,0.927,12.0,overtake,106.0,1.7142857142857142,2024-06,0.8881441139505656,259.28742124701284,0.008961027982077985
2024-06-29,12082,163,495,46.057,5512.8,51.8,0.94,13.0,overtake,147.0,1.8571428571428572,2024-06,1.2166859791425262,262.48099065826636,0.012316715542521894
2024-06-30,12146,163,498,32.218,3892.3,20.9,0.537,16.0,overtake,64.0,2.2857142857142856,2024-06,0.5269224436028322,263.8713882250706,0.005297136235722588
2024-07-01,12197,164,500,24.035,2914.2,17.3,0.594,17.0,overtake,51.0,2.4285714285714284,2024-07,0.41813560711650405,264.97936128611775,0.004198913222460021
2024-07-02,12238,164,501,21.502,2617.3,14.1,0.539,17.0,overtake,41.0,2.4285714285714284,2024-07,0.3350220624285014,265.8700847273517,0.0033614823317209552
2024-07-03,12283,164,503,21.799,2663.9,13.7,0.514,17.0,overtake,45.0,2.4285714285714284,2024-07,0.36636000976960026,266.847708016511,0.0036770714168981034
2024-07-04,12312,163,504,21.263,2607.9,10.0,0.383,15.0,overtake,29.0,2.142857142857143,2024-07,0.2355425601039636,267.47773191396914,0.0023609867296263687
2024-07-05,12344,162,507,19.156,2355.8,8.8,0.374,14.0,overtake,32.0,2.0,2024-07,0.2592352559948153,268.17293069737127,0.002599090318388564
2024-07-06,12371,162,510,18.908,2329.8,9.3,0.399,15.0,overtake,27.0,2.142857142857143,2024-07,0.21825236440061435,268.7595046708668,0.0021872974724561622
2024-07-07,12423,162,513,18.124,2242.3,9.3,0.415,15.0,overtake,52.0,2.142857142857143,2024-07,0.4185784432101746,269.88920269389524,0.004203378869937824
2024-07-08,12473,162,516,18.178,2257.8,9.5,0.421,16.0,overtake,50.0,2.2857142857142856,2024-07,0.40086587027980436,270.9754507929611,0.004024792723174686
2024-07-09,12515,163,517,18.166,2257.6,15.9,0.704,16.0,overtake,42.0,2.2857142857142856,2024-07,0.33559728326008786,271.8878991961764,0.0033672733103502495
2024-07-10,12538,162,518,20.338,2528.8,21.2,0.838,15.0,overtake,23.0,2.142857142857143,2024-07,0.1834423353006859,272.3875733217467,0.0018377946464243067
2024-07-11,12568,162,518,21.657,2698.8,23.1,0.856,14.0,overtake,30.0,2.0,2024-07,0.23870146403564607,273.03932218118615,0.002392726112617538
2024-07-12,12581,162,519,22.985,2865.0,26.8,0.935,12.0,overtake,13.0,1.7142857142857142,2024-07,0.10333041888562118,273.3217466869433,0.0010343730108210991
2024-07-13,12596,163,519,23.454,2927.5,26.8,0.915,9.0,overtake,15.0,1.2857142857142858,2024-07,0.11908542394410924,273.64762111666306,0.0011922740640648577
2024-07-14,12611,163,519,24.291,3035.7,27.6,0.909,6.0,overtake,15.0,0.8571428571428571,2024-07,0.11894377924034573,273.9734955463828,0.001190854239440986
2024-07-15,12611,163,519,24.674,3083.8,27.8,0.901,3.0,overtake,0.0,0.42857142857142855,2024-07,0.0,273.9734955463828,0.0
2024-07-16,12619,164,520,25.019,3129.1,28.0,0.895,3.0,overtake,8.0,0.42857142857142855,2024-07,0.06339646564704018,274.1472952422333,0.0006343668226151955
2024-07-17,12626,164,521,25.34,3171.4,28.0,0.883,3.0,overtake,7.0,0.42857142857142855,2024-07,0.055441153175986066,274.2993699761025,0.0005547190744115138
2024-07-18,12641,164,521,25.932,3250.4,27.7,0.852,3.0,overtake,15.0,0.42857142857142855,2024-07,0.11866149829918518,274.6252444058223,0.0011880247109139486
2024-07-19,12644,164,521,26.67,3342.3,29.8,0.892,2.0,overtake,3.0,0.2857142857142857,2024-07,0.02372666877570389,274.69041929176626,0.00023732299659839917
2024-07-20,12654,164,521,27.018,3388.9,30.0,0.885,2.0,overtake,10.0,0.2857142857142857,2024-07,0.0790263948158685,274.9076689115794,0.0007908889591901058
2024-07-21,12658,164,521,27.316,3427.7,30.0,0.875,2.0,overtake,4.0,0.2857142857142857,2024-07,0.03160056881023859,274.99456875950466,0.000316105579263537
2024-07-22,12659,164,521,27.49,3449.9,30.1,0.872,2.0,overtake,1.0,0.2857142857142857,2024-07,0.007899518129394106,275.016293721486,7.90014220255486e-05
2024-07-23,12664,164,521,27.747,3483.6,30.3,0.87,1.0,overtake,5.0,0.14285714285714285,2024-07,0.039481996209728365,275.12491853139255,0.0003949759064696412
2024-07-24,12675,164,522,28.231,3547.3,31.0,0.874,1.0,overtake,11.0,0.14285714285714285,2024-07,0.08678500986193294,275.36389311318703,0.0008686039166139192
2024-07-25,12675,165,523,28.759,3613.7,31.5,0.872,2.0,overtake,0.0,0.2857142857142857,2024-07,0.0,275.36389311318703,0.0
2024-07-26,12688,165,524,27.101,3406.4,32.2,0.945,3.0,overtake,13.0,0.42857142857142855,2024-07,0.10245901639344263,275.6463176189442,0.0010256410256410664
2024-07-27,12685,165,524,26.002,3261.6,36.8,1.128,3.0,overtake,-3.0,0.42857142857142855,2024-07,-0.023649980291683092,275.5811427330002,-0.0002364438839849159
2024-07-28,12686,165,524,25.128,3151.3,36.4,1.155,3.0,overtake,1.0,0.42857142857142855,2024-07,0.007882705344474224,275.60286769498157,7.883326763891141e-05
2024-07-29,12688,165,525,25.245,3166.7,36.4,1.149,4.0,overtake,2.0,0.5714285714285714,2024-07,0.015762925598991173,275.6463176189442,0.00015765410688950432
2024-07-30,12686,165,526,25.354,3179.9,36.5,1.148,5.0,overtake,-2.0,0.7142857142857143,2024-07,-0.015765410688948447,275.60286769498157,-0.00015762925598994393
2024-07-31,12684,165,527,13.374,1672.5,23.8,1.423,5.0,overtake,-2.0,0.7142857142857143,2024-07,-0.015767896562598548,275.5594177710189,-0.00015765410688950432
2024-08-01,12682,165,529,13.488,1686.4,24.2,1.435,6.0,overtake,-2.0,0.8571428571428571,2024-08,-0.015770383220312253,275.5159678470563,-0.00015767896562601802
2024-08-02,12675,165,533,11.698,1460.7,22.0,1.506,9.0,overtake,-7.0,1.2857142857142858,2024-08,-0.055226824457593686,275.36389311318703,-0.0005519634127109097
2024-08-03,12681,166,536,10.222,1278.3,17.9,1.4,12.0,overtake,6.0,1.7142857142857142,2024-08,0.04731488052992666,275.4942428850749,0.0004733727810650734
2024-08-04,12677,168,538,7.088,884.2,14.4,1.629,14.0,overtake,-4.0,2.0,2024-08,-0.03155320659462018,275.40734303714964,-0.000315432536866167
2024-08-05,12682,169,538,7.934,998.2,8.0,0.801,13.0,overtake,5.0,1.8571428571428572,2024-08,0.039425958050780634,275.5159678470563,0.0003944150824326531
2024-08-06,12702,169,539,8.181,1028.7,10.5,1.021,13.0,overtake,20.0,1.8571428571428572,2024-08,0.1574555188159345,275.9504670866826,0.0015770383220312656
2024-08-07,12708,170,540,9.979,1255.9,12.2,0.971,13.0,overtake,6.0,1.8571428571428572,2024-08,0.047214353163361665,276.0808168585705,0.0004723665564478896
2024-08-08,12713,170,541,10.382,1307.6,12.3,0.941,12.0,overtake,5.0,1.7142857142857142,2024-08,0.039329819869425,276.1894416684771,0.0003934529430280609
2024-08-09,12715,170,541,10.337,1301.7,12.6,0.968,9.0,overtake,2.0,1.2857142857142858,2024-08,0.015729453401494297,276.2328915924397,0.00015731927947770785
2024-08-10,12712,170,541,10.54,1327.1,12.7,0.957,5.0,overtake,-3.0,0.7142857142857143,2024-08,-0.023599748269351795,276.16771670649575,-0.00023594180102237683
2024-08-11,12710,170,541,10.741,1352.5,12.7,0.939,3.0,overtake,-2.0,0.42857142857142855,2024-08,-0.015735641227380016,276.12426678253314,-0.0001573316551289894
2024-08-12,12709,170,542,10.859,1367.3,12.8,0.936,4.0,overtake,-1.0,0.5714285714285714,2024-08,-0.007868439688409789,276.10254182055183,-7.867820613693954e-05
2024-08-13,12710,170,542,11.024,1388.3,12.8,0.922,3.0,overtake,1.0,0.42857142857142855,2024-08,0.007867820613690008,276.12426678253314,7.868439688407669e-05
2024-08-14,12713,170,543,10.911,1376.3,10.8,0.785,3.0,overtake,3.0,0.42857142857142855,2024-08,0.023597891921654998,276.1894416684771,0.0002360346184107076
2024-08-15,12718,168,545,11.063,1396.1,10.9,0.781,4.0,overtake,5.0,0.5714285714285714,2024-08,0.03931435760339676,276.29806647838365,0.00039329819869426963
2024-08-16,12723,168,547,10.286,1298.5,10.2,0.786,6.0,overtake,5.0,0.8571428571428571,2024-08,0.039298907490371765,276.40669128829023,0.0003931435760340385
2024-08-17,12728,167,550,10.555,1333.2,10.2,0.765,9.0,overtake,5.0,1.2857142857142858,2024-08,0.03928346951602766,276.5153160981968,0.0003929890749037046
2024-08-18,12730,168,553,10.868,1372.7,10.8,0.787,12.0,overtake,2.0,1.7142857142857142,2024-08,0.015710919088766692,276.5587660221595,0.0001571338780641529
2024-08-19,12782,168,555,7.845,994.0,8.8,0.885,13.0,overtake,52.0,1.8571428571428572,2024-08,0.40682209356908156,277.6884640451879,0.004084838963079429
2024-08-20,12853,168,556,6.034,767.8,7.8,1.016,14.0,overtake,71.0,2.0,2024-08,0.5524002178479732,279.2309363458614,0.005554686277577936
2024-08-21,12868,168,557,6.485,823.8,10.7,1.299,14.0,overtake,15.0,2.0,2024-08,0.11656823127137084,279.55681077558114,0.0011670427137633332
2024-08-22,12877,167,558,6.425,815.4,12.0,1.472,13.0,overtake,9.0,1.8571428571428572,2024-08,0.06989205560301312,279.752335433413,0.000699409387628247
2024-08-23,12889,171,559,7.113,903.3,13.5,1.495,12.0,overtake,12.0,1.7142857142857142,2024-08,0.0931026456668477,280.0130349771888,0.0009318940747069515
2024-08-24,12887,170,559,7.031,892.8,13.3,1.49,9.0,overtake,-2.0,1.2857142857142858,2024-08,-0.015519515791107316,279.9695850532262,-0.00015517107611140446
2024-08-25,12890,170,559,7.355,933.8,14.3,1.531,6.0,overtake,3.0,0.8571428571428571,2024-08,0.02327385570209465,280.0347599391701,0.00023279273686660495
2024-08-26,12893,170,559,7.559,960.0,14.6,1.521,4.0,overtake,3.0,0.5714285714285714,2024-08,0.02326844023888932,280.099934825114,0.00023273855702088397
2024-08-27,12899,171,559,7.726,981.8,14.8,1.507,3.0,overtake,6.0,0.42857142857142855,2024-08,0.04651523373904954,280.23028459700197,0.000465368804777766
2024-08-28,12900,171,559,7.85,997.3,15.3,1.534,2.0,overtake,1.0,0.2857142857142857,2024-08,0.007751937984496125,280.2520095589833,7.75253895650696e-05
2024-08-29,12901,171,559,7.999,1016.6,15.3,1.505,1.0,overtake,1.0,0.14285714285714285,2024-08,0.007751337105650725,280.2737345209646,7.751937984501467e-05
2024-08-30,12913,171,559,8.176,1040.5,15.3,1.47,0.0,overtake,12.0,0.0,2024-08,0.09292960582358863,280.53443406474037,0.0009301604526781304
2024-08-31,12947,171,560,8.672,1106.9,15.8,1.427,1.0,overtake,34.0,0.14285714285714285,2024-08,0.26260909863288795,281.27308277210517,0.002633005498335006
2024-09-01,12975,171,561,9.265,1187.0,15.1,1.272,2.0,overtake,28.0,0.2857142857142857,2024-09,0.2157996146435453,281.88138170758197,0.0021626631652120754
2024-09-02,12985,171,561,11.996,1540.8,16.9,1.097,2.0,overtake,10.0,0.2857142857142857,2024-09,0.07701193685021178,282.09863132739514,0.0007707129094411957
2024-09-03,12982,171,561,13.285,1706.9,17.8,1.043,2.0,overtake,-3.0,0.2857142857142857,2024-09,-0.023108920043136652,282.0334564414512,-0.00023103581055061717
2024-09-04,12984,171,562,13.515,1736.8,18.0,1.036,3.0,overtake,2.0,0.42857142857142855,2024-09,0.015403573629081948,282.0769063654139,0.00015405946695423722
2024-09-05,12995,171,563,13.661,1757.3,18.0,1.024,4.0,overtake,11.0,0.5714285714285714,2024-09,0.08464794151596769,282.31588094720837,0.0008471965495995271
2024-09-06,13003,171,564,13.444,1729.9,18.2,1.052,5.0,overtake,8.0,0.7142857142857143,2024-09,0.06152426363146966,282.4896806430589,0.0006156213928434351
2024-09-07,13033,171,567,13.994,1805.6,18.3,1.014,7.0,overtake,30.0,1.0,2024-09,0.2301849152152229,283.14142950249834,0.0023071598861801323
2024-09-08,13045,172,570,14.103,1824.3,15.5,0.85,9.0,overtake,12.0,1.2857142857142858,2024-09,0.09198926791874282,283.4021290462742,0.0009207396608608143
2024-09-09,13062,172,572,13.966,1811.6,12.6,0.696,11.0,overtake,17.0,1.5714285714285714,2024-09,0.13014852243148065,283.77145339995656,0.001303181295515543
2024-09-10,13069,163,573,13.83,1794.0,13.5,0.753,12.0,overtake,7.0,1.7142857142857142,2024-09,0.05356186395286556,283.92352813382576,0.000535905680600246
2024-09-11,13068,164,574,11.202,1452.6,11.3,0.778,12.0,overtake,-1.0,1.7142857142857142,2024-09,-0.007652280379553107,283.90180317184445,-7.651694850407953e-05
2024-09-12,13069,164,575,10.38,1346.3,10.3,0.765,12.0,overtake,1.0,1.7142857142857142,2024-09,0.007651694850409365,283.92352813382576,7.652280379555343e-05
2024-09-13,13073,164,576,10.794,1399.6,11.5,0.822,12.0,overtake,4.0,1.7142857142857142,2024-09,0.030597414518473188,284.01042798175104,0.0003060677940163181
2024-09-14,13078,164,576,10.872,1409.1,12.8,0.908,9.0,overtake,5.0,1.2857142857142858,2024-09,0.0382321455880104,284.1190527916576,0.0003824676814809802
2024-09-15,13090,164,576,10.539,1360.3,19.3,1.419,6.0,overtake,12.0,0.8571428571428571,2024-09,0.09167303284950344,284.3797523354334,0.0009175714941123125
2024-09-16,13096,164,576,10.669,1377.8,19.4,1.408,4.0,overtake,6.0,0.5714285714285714,2024-09,0.04581551618814905,284.5101021073213,0.0004583651642475761
2024-09-17,13094,164,576,10.784,1392.3,19.8,1.422,3.0,overtake,-2.0,0.42857142857142855,2024-09,-0.01527417137620284,284.4666521833587,-0.00015271838729380427
2024-09-18,13093,164,576,10.86,1402.0,19.9,1.419,2.0,overtake,-1.0,0.2857142857142857,2024-09,-0.007637668983426257,284.4449272213774,-7.637085688105838e-05
2024-09-19,13095,164,576,10.906,1407.9,20.2,1.435,1.0,overtake,2.0,0.14285714285714285,2024-09,0.015273004963726612,284.48837714534,0.00015275337966857983
2024-09-20,13097,164,579,11.001,1420.1,20.7,1.458,3.0,overtake,2.0,0.42857142857142855,2024-09,0.015270672673131251,284.53182706930266,0.0001527300496373396
2024-09-21,13111,164,581,11.021,1423.5,21.5,1.51,5.0,overtake,14.0,0.7142857142857143,2024-09,0.10678056593699946,284.83597653704106,0.001068947087119243
2024-09-22,13121,164,583,11.344,1465.8,22.6,1.542,7.0,overtake,10.0,1.0,2024-09,0.07621370322383965,285.05322615685424,0.000762718328121359
2024-09-23,13130,164,584,9.133,1181.3,17.8,1.507,8.0,overtake,9.0,1.1428571428571428,2024-09,0.06854531607006854,285.24875081468605,0.000685923329014626
2024-09-24,13135,164,585,8.457,1093.0,17.8,1.629,9.0,overtake,5.0,1.2857142857142858,2024-09,0.03806623524933384,285.3573756245927,0.00038080731150036407
2024-09-25,13143,164,585,8.557,1106.3,18.4,1.663,9.0,overtake,8.0,1.2857142857142858,2024-09,0.060868903598873925,285.5311753204432,0.0006090597639893947
2024-09-26,13141,164,585,8.537,1103.1,18.7,1.695,9.0,overtake,-2.0,1.2857142857142858,2024-09,-0.015219541891789057,285.4877253964806,-0.00015217225899721853
2024-09-27,13147,164,588,8.632,1116.2,18.7,1.675,9.0,overtake,6.0,1.2857142857142858,2024-09,0.04563778808853731,285.6180751683684,0.00045658625675359943
2024-09-28,13161,164,590,8.7,1126.3,18.7,1.66,9.0,overtake,14.0,1.2857142857142858,2024-09,0.10637489552465618,285.9222246361069,0.00106488172206598
2024-09-29,13173,164,594,7.323,956.8,7.9,0.826,11.0,overtake,12.0,1.5714285714285714,2024-09,0.09109542245502164,286.1829241798827,0.0009117848187827349
2024-09-30,13185,164,594,8.412,1101.2,7.9,0.717,10.0,overtake,12.0,1.4285714285714286,2024-09,0.09101251422070535,286.4436237236585,0.0009109542245502311
2024-10-01,13188,165,595,8.587,1124.8,7.7,0.685,10.0,overtake,3.0,1.4285714285714286,2024-10,0.02274795268425842,286.5087986096024,0.00022753128555175195
2024-10-02,13190,166,595,8.698,1139.5,7.8,0.685,10.0,overtake,2.0,1.4285714285714286,2024-10,0.015163002274450343,286.5522485335651,0.00015165301789510366
2024-10-03,13190,166,597,8.668,1136.0,7.3,0.643,12.0,overtake,0.0,1.7142857142857142,2024-10,0.0,286.5522485335651,0.0
2024-10-04,13197,168,598,8.785,1152.1,7.3,0.634,10.0,overtake,7.0,1.4285714285714286,2024-10,0.053042358111692056,286.7043232674343,0.0005307050796057311
2024-10-05,13200,169,601,8.779,1152.3,6.5,0.564,11.0,overtake,3.0,1.5714285714285714,2024-10,0.022727272727272728,286.76949815337827,0.00022732439190731313
2024-10-06,13196,169,602,9.247,1214.7,5.6,0.461,8.0,overtake,-4.0,1.1428571428571428,2024-10,-0.03031221582297666,286.682598305453,-0.00030303030303024947
2024-10-07,13202,169,604,8.817,1157.2,6.8,0.588,10.0,overtake,6.0,1.4285714285714286,2024-10,0.04544765944553856,286.8129480773409,0.0004546832373446552
2024-10-08,13214,169,604,7.123,936.0,5.2,0.556,10.0,overtake,12.0,1.4285714285714286,2024-10,0.09081277433025578,287.07364762111666,0.0009089531889108216
2024-10-09,13214,169,604,7.591,998.4,4.7,0.471,10.0,overtake,0.0,1.4285714285714286,2024-10,0.0,287.07364762111666,0.0
2024-10-10,13223,169,604,8.361,1100.8,4.8,0.436,9.0,overtake,9.0,1.2857142857142858,2024-10,0.06806322317174619,287.26917227894853,0.0006810958074769946
2024-10-11,13230,169,604,9.048,1192.3,4.8,0.403,8.0,overtake,7.0,1.1428571428571428,2024-10,0.052910052910052914,287.42124701281773,0.000529380624669118
2024-10-12,13231,168,605,9.47,1248.0,5.0,0.401,5.0,overtake,1.0,0.7142857142857143,2024-10,0.007558007709167864,287.44297197479904,7.558578987154618e-05
2024-10-13,13231,169,605,9.831,1295.7,5.0,0.386,4.0,overtake,0.0,0.5714285714285714,2024-10,0.0,287.44297197479904,0.0
2024-10-14,13233,170,605,10.525,1387.8,5.0,0.36,2.0,overtake,2.0,0.2857142857142857,2024-10,0.015113730824454016,287.48642189876165,0.0001511601541832608
2024-10-15,13231,170,605,11.124,1466.7,5.1,0.348,1.0,overtake,-2.0,0.14285714285714285,2024-10,-0.015116015418335727,287.44297197479904,-0.0001511373082445644
2024-10-16,13237,170,606,11.589,1528.8,5.2,0.34,2.0,overtake,6.0,0.2857142857142857,2024-10,0.04532749112336632,287.57332174668693,0.0004534804625500044
2024-10-17,13241,170,606,12.125,1600.0,5.5,0.344,2.0,overtake,4.0,0.2857142857142857,2024-10,0.030209198701004455,287.6602215946122,0.0003021832741558761
2024-10-18,13243,171,607,12.457,1644.3,5.4,0.328,4.0,overtake,2.0,0.5714285714285714,2024-10,0.015102318205844598,287.7036715185748,0.0001510459935050168
2024-10-19,13240,170,609,12.765,1684.8,5.3,0.315,5.0,overtake,-3.0,0.7142857142857143,2024-10,-0.022658610271903322,287.6384966326309,-0.0002265347730876499
2024-10-20,13246,171,611,13.063,1717.3,13.0,0.757,7.0,overtake,6.0,1.0,2024-10,0.04529669334138608,287.7688464045188,0.00045317220543816816
2024-10-21,13251,171,613,14.371,1890.7,13.6,0.719,9.0,overtake,5.0,1.2857142857142858,2024-10,0.03773300128292204,287.8774712144254,0.000377472444511584
2024-10-22,13258,171,613,17.103,2246.8,20.7,0.921,9.0,overtake,7.0,1.2857142857142858,2024-10,0.05279831045406547,288.0295459482946,0.0005282620179609676
2024-10-23,13262,171,614,18.482,2429.3,21.8,0.897,9.0,overtake,4.0,1.2857142857142858,2024-10,0.03016136329362087,288.11644579621986,0.0003017046311661886
2024-10-24,13271,171,614,18.937,2491.2,21.9,0.879,9.0,overtake,9.0,1.2857142857142858,2024-10,0.06781704468389721,288.31197045405173,0.0006786306741064507
2024-10-25,13272,171,617,19.712,2589.3,26.9,1.039,10.0,overtake,1.0,1.4285714285714286,2024-10,0.00753465943339361,288.33369541603304,7.53522718710542e-05
2024-10-26,13282,171,620,20.205,2656.4,27.2,1.024,11.0,overtake,10.0,1.5714285714285714,2024-10,0.07528986598403854,288.5509450358462,0.0007534659433394708
2024-10-27,13286,171,622,13.301,1749.0,18.2,1.041,11.0,overtake,4.0,1.5714285714285714,2024-10,0.030106879421947917,288.6378448837715,0.00030115946393616255
2024-10-28,13294,170,623,13.93,1833.6,18.3,0.998,10.0,overtake,8.0,1.4285714285714286,2024-10,0.060177523694899954,288.811644579622,0.0006021375884388558
2024-10-29,13295,170,623,13.349,1757.6,17.1,0.973,10.0,overtake,1.0,1.4285714285714286,2024-10,0.007521624670928921,288.8333695416033,7.522190461872746e-05
2024-10-30,13298,170,623,11.299,1486.3,16.2,1.09,9.0,overtake,3.0,1.2857142857142858,2024-10,0.02255978342607911,288.8985444275472,0.0002256487401277596
2024-10-31,13301,170,623,11.499,1513.3,16.2,1.071,9.0,overtake,3.0,1.2857142857142858,2024-10,0.022554695135704083,288.9637193134912,0.00022559783426068236
2024-11-01,13303,171,624,11.632,1531.2,16.2,1.058,7.0,overtake,2.0,1.0,2024-11,0.015034202811395924,289.00716923745387,0.0001503646342380094
2024-11-02,13301,171,625,11.816,1555.4,16.3,1.048,5.0,overtake,-2.0,0.7142857142857143,2024-11,-0.015036463423802722,288.9637193134912,-0.0001503420281139256
2024-11-03,13304,175,627,8.34,1098.9,10.6,0.965,5.0,overtake,3.0,0.7142857142857143,2024-11,0.02254960914010824,289.0288941994351,0.00022554695135701408
2024-11-04,13305,175,629,8.399,1106.9,10.6,0.958,6.0,overtake,1.0,0.8571428571428571,2024-11,0.00751597143930853,289.0506191614165,7.516536380025585e-05
2024-11-05,13311,176,629,7.455,984.4,7.9,0.803,6.0,overtake,6.0,0.8571428571428571,2024-11,0.0450755014649538,289.18096893330437,0.0004509582863585493
2024-11-06,13310,176,631,7.737,1022.2,7.6,0.743,8.0,overtake,-1.0,1.1428571428571428,2024-11,-0.0075131480090157785,289.15924397132306,-7.512583577495846e-05
2024-11-07,13308,176,631,8.786,1160.5,8.8,0.758,8.0,overtake,-2.0,1.1428571428571428,2024-11,-0.015028554253080853,289.1157940473604,-0.00015026296018028074
2024-11-08,13309,176,631,9.022,1192.0,8.7,0.73,7.0,overtake,1.0,1.0,2024-11,0.0075137125253587796,289.13751900934176,7.514277126530189e-05
2024-11-09,13306,176,632,9.271,1224.8,8.8,0.718,7.0,overtake,-3.0,1.0,2024-11,-0.0225462197504885,289.0723441233978,-0.00022541137576070902
2024-11-10,13305,175,632,9.469,1250.8,9.0,0.72,5.0,overtake,-1.0,0.7142857142857143,2024-11,-0.00751597143930853,289.0506191614165,-7.51540658349148e-05
2024-11-11,13311,175,634,9.464,1251.0,8.8,0.703,5.0,overtake,6.0,0.7142857142857143,2024-11,0.0450755014649538,289.18096893330437,0.0004509582863585493
2024-11-12,13309,175,634,9.784,1291.8,10.4,0.805,5.0,overtake,-2.0,0.7142857142857143,2024-11,-0.015027425050717559,289.13751900934176,-0.0001502516715498059
2024-11-13,13327,177,635,10.032,1326.1,10.9,0.822,4.0,overtake,18.0,0.5714285714285714,2024-11,0.1350641554738501,289.52856832500544,0.0013524682545644762
2024-11-14,13340,177,635,10.325,1366.3,11.0,0.805,4.0,overtake,13.0,0.5714285714285714,2024-11,0.09745127436281859,289.81099283076253,0.0009754633450889116
2024-11-15,13336,177,637,10.419,1378.5,11.0,0.798,6.0,overtake,-4.0,0.8571428571428571,2024-11,-0.029994001199760045,289.7240929828373,-0.00029985007496247107
2024-11-16,13348,177,641,10.177,1345.9,12.5,0.929,9.0,overtake,12.0,1.2857142857142858,2024-11,0.08990110878034162,289.9847925266131,0.000899820035992871
2024-11-17,13355,177,645,10.052,1330.2,12.3,0.925,13.0,overtake,7.0,1.8571428571428572,2024-11,0.05241482590789966,290.1368672604823,0.0005244231345520323
2024-11-18,13358,175,646,8.401,1112.5,9.7,0.872,12.0,overtake,3.0,1.7142857142857142,2024-11,0.022458451864051505,290.20204214642627,0.0002246349681767068
2024-11-19,13617,177,653,9.336,1255.5,15.8,1.258,19.0,overtake,259.0,2.7142857142857144,2024-11,1.9020342219284718,295.8288072995872,0.01938913010929788
2024-11-20,13724,178,655,16.466,2239.8,20.0,0.893,20.0,overtake,107.0,2.857142857142857,2024-11,0.779656076945497,298.1533782315881,0.00785782477785113
2024-11-21,13751,178,657,16.773,2288.4,18.0,0.787,22.0,overtake,27.0,3.142857142857143,2024-11,0.19634935641044288,298.7399522050836,0.001967356455843783
2024-11-22,13791,178,657,18.585,2543.1,19.9,0.783,20.0,overtake,40.0,2.857142857142857,2024-11,0.29004423174534116,299.60895068433626,0.0029088793542286773
2024-11-23,13831,178,658,22.72,3118.2,24.2,0.776,17.0,overtake,40.0,2.4285714285714284,2024-11,0.2892054081411322,300.47794916358896,0.0029004423174534555
2024-11-24,13848,179,658,25.908,3561.3,26.4,0.741,13.0,overtake,17.0,1.8571428571428572,2024-11,0.12276140958983246,300.8472735172714,0.001229122984599762
2024-11-25,13862,179,659,15.996,2206.7,10.6,0.48,13.0,overtake,14.0,1.8571428571428572,2024-11,0.10099552734093205,301.1514229850098,0.001010976314269163
2024-11-26,13884,179,661,13.297,1835.2,10.9,0.594,8.0,overtake,22.0,1.1428571428571428,2024-11,0.15845577643330452,301.62937214859875,0.0015870725725004586
2024-11-27,13892,179,661,12.775,1766.3,8.4,0.476,6.0,overtake,8.0,0.8571428571428571,2024-11,0.05758710048949035,301.8031718444493,0.0005762028233937677
2024-11-28,13896,179,661,13.237,1831.2,8.2,0.448,4.0,overtake,4.0,0.5714285714285714,2024-11,0.02878526194588371,301.89007169237453,0.00028793550244743393
2024-11-29,13902,179,661,13.501,1866.7,10.2,0.546,4.0,overtake,6.0,0.5714285714285714,2024-11,0.04315925766076824,302.0204214642624,0.00043177892918833116
2024-11-30,13921,180,662,13.707,1897.9,10.3,0.543,4.0,overtake,19.0,0.5714285714285714,2024-11,0.13648444795632497,302.4331957419074,0.0013667098259242394
2024-12-01,13940,180,662,15.909,2206.5,11.2,0.508,4.0,overtake,19.0,0.5714285714285714,2024-12,0.13629842180774748,302.84597001955245,0.0013648444795633097
2024-12-02,13949,180,663,16.213,2250.4,11.2,0.498,4.0,overtake,9.0,0.5714285714285714,2024-12,0.06452075417592659,303.0414946773843,0.0006456241032999355
2024-12-03,13947,180,663,16.51,2291.4,11.2,0.489,2.0,overtake,-2.0,0.2857142857142857,2024-12,-0.014340001434000143,302.9980447534217,-0.00014337945372433492
2024-12-05,13954,180,664,13.75,1904.3,14.4,0.756,3.0,overtake,7.0,0.42857142857142855,2024-12,0.05016482728966605,303.1501194872909,0.0005019000501900184
2024-12-06,13966,180,664,13.922,1929.9,14.5,0.751,3.0,overtake,12.0,0.42857142857142855,2024-12,0.08592295574967779,303.4108190310667,0.0008599684678227693
2024-12-07,13962,180,664,13.943,1932.4,14.3,0.74,2.0,overtake,-4.0,0.2857142857142857,2024-12,-0.028649190660363845,303.3239191831414,-0.0002864098524989478
2024-12-08,13962,180,664,14.161,1962.9,14.3,0.729,2.0,overtake,0.0,0.2857142857142857,2024-12,0.0,303.3239191831414,0.0
2024-12-09,13960,180,664,14.339,1987.3,14.4,0.725,1.0,overtake,-2.0,0.14285714285714285,2024-12,-0.014326647564469913,303.2804692591788,-0.00014324595330184042
2024-12-10,13958,180,665,14.491,2008.2,14.4,0.717,2.0,overtake,-2.0,0.2857142857142857,2024-12,-0.01432870038687491,303.2370193352162,-0.00014326647564466555
2024-12-11,13973,180,665,14.577,2022.3,14.5,0.717,2.0,overtake,15.0,0.2857142857142857,2024-12,0.10734988907178128,303.5628937649359,0.0010746525290155073
2024-12-12,13978,181,665,18.028,2503.8,16.1,0.643,1.0,overtake,5.0,0.14285714285714285,2024-12,0.03577049649449134,303.67151857484254,0.00035783296357250194
2024-12-13,13980,181,666,19.363,2690.2,16.8,0.624,2.0,overtake,2.0,0.2857142857142857,2024-12,0.014306151645207441,303.71496849880515,0.0001430819859780108
2024-12-14,13989,181,666,20.369,2831.7,17.7,0.625,2.0,overtake,9.0,0.2857142857142857,2024-12,0.06433626420759168,303.91049315663696,0.0006437768240343811
2024-12-15,13989,181,666,21.174,2944.2,17.8,0.605,2.0,overtake,0.0,0.2857142857142857,2024-12,0.0,303.91049315663696,0.0
2024-12-16,13982,181,666,21.851,3037.3,17.9,0.589,2.0,overtake,-7.0,0.2857142857142857,2024-12,-0.050064368473751966,303.75841842276776,-0.0005003931660590988
2024-12-17,13977,181,666,22.366,3107.8,18.3,0.589,1.0,overtake,-5.0,0.14285714285714285,2024-12,-0.035773055734420835,303.6497936128612,-0.00035760263195538933
2024-12-18,13987,181,666,22.764,3165.5,18.5,0.584,1.0,overtake,10.0,0.14285714285714285,2024-12,0.07149495960534782,303.86704323267435,0.0007154611146884537
2024-12-19,13992,181,666,23.074,3209.8,18.7,0.583,1.0,overtake,5.0,0.14285714285714285,2024-12,0.0357347055460263,303.97566804258093,0.00035747479802683557
2024-12-20,13989,181,668,23.355,3248.3,18.8,0.579,2.0,overtake,-3.0,0.2857142857142857,2024-12,-0.02144542140253056,303.91049315663696,-0.0002144082332761199
2024-12-21,13992,181,668,22.684,3154.2,19.7,0.625,2.0,overtake,3.0,0.2857142857142857,2024-12,0.02144082332761578,303.97566804258093,0.00021445421402521703
2024-12-22,13987,181,668,22.591,3141.5,18.3,0.583,2.0,overtake,-5.0,0.2857142857142857,2024-12,-0.03574747980267391,303.86704323267435,-0.00035734705546031087
2024-12-23,13984,181,668,22.863,3178.8,18.3,0.576,2.0,overtake,-3.0,0.2857142857142857,2024-12,-0.02145308924485126,303.8018683467304,-0.00021448487881603473
2024-12-24,13978,181,668,23.101,3210.7,18.4,0.573,2.0,overtake,-6.0,0.2857142857142857,2024-12,-0.042924595793389614,303.67151857484254,-0.0004290617848969891
2024-12-25,13971,181,668,23.335,3241.7,18.5,0.571,2.0,overtake,-7.0,0.2857142857142857,2024-12,-0.0501037864147162,303.5194438409733,-0.0005007869509229268
2024-12-26,13970,181,668,23.515,3266.4,18.6,0.569,2.0,overtake,-1.0,0.2857142857142857,2024-12,-0.0071581961345740875,303.497718878992,-7.157683773528767e-05
2024-12-27,13974,181,668,23.608,3280.2,18.8,0.573,0.0,overtake,4.0,0.0,2024-12,0.02862458852154,303.58461872691726,0.000286327845383072
2024-12-28,13969,181,669,23.72,3294.7,18.8,0.571,1.0,overtake,-5.0,0.14285714285714285,2024-12,-0.03579354284487079,303.4759939170106,-0.00035780735651924633
2024-12-29,13970,181,669,23.815,3308.1,18.8,0.568,1.0,overtake,1.0,0.14285714285714285,2024-12,0.0071581961345740875,303.497718878992,7.158708568977268e-05
2024-12-30,13972,181,669,23.728,3295.8,19.5,0.592,1.0,overtake,2.0,0.14285714285714285,2024-12,0.014314342971657599,303.5411688029546,0.00014316392269142497
2024-12-31,13968,181,671,23.844,3311.0,19.5,0.589,3.0,overtake,-4.0,0.42857142857142855,2024-12,-0.028636884306987402,303.45426895502936,-0.0002862868594331047
2025-01-01,13967,181,672,23.539,3265.6,22.1,0.677,4.0,overtake,-1.0,0.5714285714285714,2025-01,-0.007159733657907927,303.432543993048,-7.159221076746825e-05
2025-01-02,13972,181,673,21.658,3008.3,17.8,0.592,5.0,overtake,5.0,0.7142857142857143,2025-01,0.035785857429144,303.5411688029546,0.0003579866828953282
2025-01-03,13975,181,673,22.016,3058.2,18.6,0.608,5.0,overtake,3.0,0.7142857142857143,2025-01,0.02146690518783542,303.60634368889856,0.00021471514457482854
2025-01-04,13971,181,673,22.171,3076.9,20.6,0.67,4.0,overtake,-4.0,0.5714285714285714,2025-01,-0.02863073509412354,303.5194438409733,-0.0002862254025044475
2025-01-05,13976,181,673,22.511,3125.3,20.8,0.666,4.0,overtake,5.0,0.5714285714285714,2025-01,0.035775615340583856,303.62806865087987,0.00035788418867643834
2025-01-06,13976,182,674,22.852,3172.8,21.0,0.662,5.0,overtake,0.0,0.7142857142857143,2025-01,0.0,303.62806865087987,0.0
2025-01-07,13981,182,674,23.195,3221.8,21.1,0.655,3.0,overtake,5.0,0.42857142857142855,2025-01,0.03576282097131822,303.73669346078646,0.00035775615340583045
2025-01-08,13988,182,674,20.451,2832.6,28.1,0.992,2.0,overtake,7.0,0.2857142857142857,2025-01,0.05004289390906491,303.88876819465565,0.0005006794935984438
2025-01-09,14003,183,675,20.7,2869.3,29.3,1.021,2.0,overtake,15.0,0.2857142857142857,2025-01,0.10711990287795473,304.2146426243754,0.001072347726622791
2025-01-10,14008,183,676,21.996,3050.0,31.2,1.023,3.0,overtake,5.0,0.42857142857142855,2025-01,0.0356938892061679,304.323267434282,0.00035706634292642647
2025-01-11,14011,183,676,22.243,3084.6,31.9,1.034,3.0,overtake,3.0,0.42857142857142855,2025-01,0.02141174791235458,304.3884423202259,0.00021416333523704978
2025-01-12,14013,183,676,22.568,3130.2,32.3,1.032,3.0,overtake,2.0,0.42857142857142855,2025-01,0.014272461285948763,304.4318922441886,0.00014274498608246589
2025-01-13,14019,181,677,22.815,3165.8,32.6,1.03,3.0,overtake,6.0,0.42857142857142855,2025-01,0.04279905842071474,304.5622420160765,0.0004281738385785161
2025-01-14,14023,183,678,23.061,3201.0,32.9,1.028,4.0,overtake,4.0,0.5714285714285714,2025-01,0.028524566783141983,304.64914186400176,0.00028532705613804055
2025-01-15,14032,183,678,14.219,1964.0,31.2,1.589,4.0,overtake,9.0,0.5714285714285714,2025-01,0.06413911060433296,304.8446665218336,0.0006418027526207126
2025-01-16,14036,183,679,14.042,1937.1,33.8,1.745,4.0,overtake,4.0,0.5714285714285714,2025-01,0.028498147620404674,304.93156636975885,0.0002850627137971351
2025-01-17,14056,187,680,14.491,2002.0,34.9,1.743,4.0,overtake,20.0,0.5714285714285714,2025-01,0.14228799089356858,305.3660656093852,0.0014249073810201907
2025-01-18,14061,187,680,15.8,2186.5,35.1,1.605,4.0,overtake,5.0,0.5714285714285714,2025-01,0.035559348552734515,305.47469041929173,0.000355719977233937
2025-01-19,14073,187,682,16.274,2254.0,36.2,1.606,6.0,overtake,12.0,0.8571428571428571,2025-01,0.08526966531656363,305.7353899630676,0.0008534243652655871
2025-01-20,14110,187,684,17.269,2400.9,35.8,1.491,7.0,overtake,37.0,1.0,2025-01,0.26222537207654145,306.53921355637624,0.0026291480139273293
2025-01-21,14131,187,686,19.156,2669.1,37.9,1.42,8.0,overtake,21.0,1.1428571428571428,2025-01,0.1486094402377751,306.9954377579839,0.0014883061658397256
2025-01-22,14162,187,687,19.42,2706.5,43.7,1.615,9.0,overtake,31.0,1.2857142857142858,2025-01,0.21889563620957495,307.6689115794047,0.0021937584035101043
2025-01-23,14182,189,687,19.492,2738.5,25.9,0.946,8.0,overtake,20.0,1.1428571428571428,2025-01,0.14102383302778168,308.10341081903107,0.0014122299110295167
2025-01-24,14192,189,688,20.181,2837.3,26.8,0.945,8.0,overtake,10.0,1.1428571428571428,2025-01,0.07046223224351747,308.32066043884424,0.0007051191651388233
2025-01-25,14218,189,689,20.85,2935.3,29.1,0.991,9.0,overtake,26.0,1.2857142857142858,2025-01,0.18286678857785904,308.8855094503585,0.001832018038331551
2025-01-26,14234,189,689,21.874,3083.5,30.0,0.973,7.0,overtake,16.0,1.0,2025-01,0.11240691302515105,309.23310884205955,0.0011253340835559733
2025-01-27,14234,189,689,22.477,3168.9,30.5,0.962,5.0,overtake,0.0,0.7142857142857143,2025-01,0.0,309.23310884205955,0.0
2025-01-28,14244,189,690,22.886,3229.3,30.6,0.948,4.0,overtake,10.0,0.5714285714285714,2025-01,0.07020499859590003,309.45035846187267,0.000702543206407169
2025-01-29,14247,189,690,23.225,3278.0,30.9,0.943,3.0,overtake,3.0,0.42857142857142855,2025-01,0.02105706464518846,309.51553334781664,0.0002106149957876724
2025-01-30,14249,189,692,23.206,3278.3,28.3,0.863,5.0,overtake,2.0,0.7142857142857143,2025-01,0.01403607270685662,309.5589832717793,0.000140380430967868
2025-01-31,14261,189,693,21.473,3034.8,27.5,0.906,5.0,overtake,12.0,0.7142857142857143,2025-01,0.08414557183928195,309.81968281555504,0.0008421643624114683
2025-02-01,14281,189,695,21.994,3113.2,27.8,0.893,6.0,overtake,20.0,0.8571428571428571,2025-02,0.14004621525103284,310.2541820551814,0.001402426197321338
2025-02-02,14341,192,696,21.981,3123.9,28.4,0.909,7.0,overtake,60.0,1.0,2025-02,0.4183808660483927,311.55767977406043,0.004201386457530987
2025-02-03,14372,192,697,21.797,3106.8,25.8,0.83,8.0,overtake,31.0,1.1428571428571428,2025-02,0.21569718897856946,312.2311535954812,0.002161634474583396
2025-02-04,14387,192,697,21.327,3042.3,26.0,0.855,7.0,overtake,15.0,1.0,2025-02,0.10426079099186765,312.55702802520096,0.0010436960757027602
2025-02-05,14405,195,699,19.824,2828.8,26.8,0.947,9.0,overtake,18.0,1.2857142857142858,2025-02,0.12495661228740021,312.94807734086464,0.0012511294919024252
2025-02-06,14431,195,699,20.473,2927.1,27.4,0.936,7.0,overtake,26.0,1.0,2025-02,0.18016769454646248,313.5129263523789,0.0018049288441512878
2025-02-07,14439,195,701,18.438,2642.5,19.8,0.749,8.0,overtake,8.0,1.1428571428571428,2025-02,0.05540549899577533,313.6867260482294,0.0005543621370660556
2025-02-08,14464,195,702,18.809,2700.2,20.3,0.752,7.0,overtake,25.0,1.0,2025-02,0.1728429203539823,314.2298500977623,0.001731421843617964
2025-02-09,14507,195,703,14.831,2135.4,16.2,0.759,7.0,overtake,43.0,1.0,2025-02,0.29640863031639897,315.16402346295894,0.0029728982300885054
2025-02-10,14583,195,703,19.216,2785.7,16.6,0.596,6.0,overtake,76.0,0.8571428571428571,2025-02,0.5211547692518687,316.815120573539,0.005238850210243395
2025-02-11,14619,195,704,20.664,3004.0,16.8,0.559,7.0,overtake,36.0,1.0,2025-02,0.2462548737943772,317.5972192048664,0.002468627854350869
2025-02-12,14707,195,706,21.352,3123.3,17.0,0.544,7.0,overtake,88.0,1.0,2025-02,0.5983545250560958,319.50901585922225,0.0060195635816402415
2025-02-13,14781,196,708,25.681,3774.7,21.2,0.562,9.0,overtake,74.0,1.2857142857142858,2025-02,0.500642717001556,321.11666304583963,0.00503161759706261
2025-02-14,14813,197,709,26.322,3878.9,20.2,0.521,8.0,overtake,32.0,1.1428571428571428,2025-02,0.21602646324174712,321.8118618292418,0.0021649414789255417
2025-02-15,14832,197,710,23.811,3517.7,13.9,0.395,8.0,overtake,19.0,1.1428571428571428,2025-02,0.12810140237324705,322.2246361068868,0.0012826571254977992
2025-02-16,14848,197,711,23.972,3546.7,12.6,0.355,8.0,overtake,16.0,1.1428571428571428,2025-02,0.10775862068965517,322.5722354985879,0.0010787486515642097
2025-02-17,14879,197,712,23.821,3532.6,11.8,0.334,9.0,overtake,31.0,1.2857142857142858,2025-02,0.20834733517037435,323.2457093200087,0.0020878232758620996
2025-02-18,14904,198,712,26.602,3949.4,15.3,0.387,8.0,overtake,25.0,1.1428571428571428,2025-02,0.16774020397208803,323.78883336954163,0.0016802204449224423
2025-02-19,14909,198,714,27.819,4131.4,16.2,0.392,8.0,overtake,5.0,1.1428571428571428,2025-02,0.03353678985847475,323.89745817944817,0.00033548040794406653
2025-02-20,14948,200,715,28.325,4209.5,24.5,0.582,7.0,overtake,39.0,1.0,2025-02,0.2609044688252609,324.74473169671955,0.0026158696089610967
2025-02-21,15024,200,716,30.387,4532.3,33.1,0.73,7.0,overtake,76.0,1.0,2025-02,0.5058572949946752,326.3958288072996,0.005084292213004993
2025-02-22,15082,200,716,28.106,4203.9,35.1,0.835,6.0,overtake,58.0,0.8571428571428571,2025-02,0.38456438138177956,327.655876602216,0.0038604898828540346
2025-02-23,15141,200,716,25.31,3799.9,32.3,0.85,5.0,overtake,59.0,0.7142857142857143,2025-02,0.38967043127930784,328.9376493591136,0.003911948017504274
2025-02-24,15171,200,717,26.611,4002.5,34.6,0.864,5.0,overtake,30.0,0.7142857142857143,2025-02,0.19774569903104605,329.58939821855313,0.001981375074301628
2025-02-25,15210,200,718,27.751,4185.3,35.6,0.851,6.0,overtake,39.0,0.8571428571428571,2025-02,0.2564102564102564,330.43667173582446,0.0025706940874035134
2025-02-26,15232,200,719,28.053,4235.6,37.4,0.883,5.0,overtake,22.0,0.7142857142857143,2025-02,0.1444327731092437,330.9146208994134,0.0014464168310321934
2025-02-27,15272,201,720,27.63,4176.3,43.3,1.037,5.0,overtake,40.0,0.7142857142857143,2025-02,0.26191723415400736,331.78361937866606,0.002626050420168058
2025-02-28,15370,201,725,27.64,4204.4,43.9,1.044,9.0,overtake,98.0,1.2857142857142858,2025-02,0.6376057254391672,333.91266565283513,0.006416972236773288
2025-03-01,15441,201,728,30.117,4601.6,48.7,1.058,12.0,overtake,71.0,1.7142857142857142,2025-03,0.45981477883556765,335.4551379535086,0.004619388418998005
2025-03-02,15488,202,732,28.683,4405.4,37.1,0.842,16.0,overtake,47.0,2.2857142857142856,2025-03,0.3034607438016529,336.47621116663043,0.0030438443106015622
2025-03-03,15537,203,732,16.005,2471.3,15.4,0.623,15.0,overtake,49.0,2.142857142857143,2025-03,0.3153761987513677,337.540734303715,0.003163739669421517
2025-03-04,15562,205,734,14.121,2185.6,11.9,0.544,16.0,overtake,25.0,2.2857142857142856,2025-03,0.16064773165402904,338.0838583532479,0.0016090622385274145
2025-03-05,15620,205,735,14.923,2318.4,12.5,0.539,16.0,overtake,58.0,2.2857142857142856,2025-03,0.3713188220230474,339.34390614816425,0.0037270273743734705
2025-03-06,15662,205,736,16.92,2633.6,16.4,0.623,16.0,overtake,42.0,2.2857142857142856,2025-03,0.2681649853147746,340.2563545513795,0.0026888604353392243
2025-03-07,15697,205,737,18.609,2898.6,22.5,0.776,12.0,overtake,35.0,1.7142857142857142,2025-03,0.2229725425240492,341.0167282207256,0.002234708210956393
2025-03-08,15785,205,737,19.465,3047.4,25.2,0.827,9.0,overtake,88.0,1.2857142857142858,2025-03,0.5574912891986062,342.92852487508145,0.005606166783461708
2025-03-09,15844,205,737,21.634,3393.2,34.5,1.017,5.0,overtake,59.0,0.7142857142857143,2025-03,0.3723807119414289,344.21029763197913,0.0037377256889452593
2025-03-10,15858,205,738,22.237,3491.2,35.1,1.005,6.0,overtake,14.0,0.8571428571428571,2025-03,0.0882835162063312,344.5144470997176,0.0008836152486746407
2025-03-11,15877,205,738,22.643,3559.3,35.8,1.006,4.0,overtake,19.0,0.5714285714285714,2025-03,0.11966996283932732,344.9272213773626,0.0011981334342288097
2025-03-12,15892,205,739,22.896,3602.3,36.3,1.008,4.0,overtake,15.0,0.5714285714285714,2025-03,0.09438711301283666,345.25309580708233,0.0009447628645209427
2025-03-13,15932,205,740,23.104,3644.6,36.4,0.999,4.0,overtake,40.0,0.5714285714285714,2025-03,0.25106703489831783,346.122094286335,0.0025169896803423075
2025-03-14,15935,205,742,24.593,3878.0,40.9,1.055,5.0,overtake,3.0,0.7142857142857143,2025-03,0.018826482585503606,346.18726917227895,0.00018830027617378065
2025-03-15,15960,206,744,24.51,3870.5,41.3,1.067,7.0,overtake,25.0,1.0,2025-03,0.15664160401002505,346.7303932218118,0.0015688735487919825
2025-03-16,15980,206,745,27.486,4349.6,42.6,0.979,8.0,overtake,20.0,1.1428571428571428,2025-03,0.1251564455569462,347.1648924614382,0.0012531328320801727
2025-03-17,16005,206,749,25.275,4004.0,41.2,1.029,11.0,overtake,25.0,1.5714285714285714,2025-03,0.1562011871290222,347.7080165109711,0.0015644555694618312
2025-03-18,16010,206,750,16.417,2605.7,22.6,0.867,12.0,overtake,5.0,1.7142857142857142,2025-03,0.03123048094940662,347.8166413208777,0.0003124023742580029
2025-03-19,16017,206,751,12.343,1964.2,12.8,0.652,12.0,overtake,7.0,1.7142857142857142,2025-03,0.04370356496222763,347.9687160547469,0.0004372267332917179
2025-03-20,16039,205,752,13.247,2112.5,12.2,0.578,12.0,overtake,22.0,1.7142857142857142,2025-03,0.13716565870690192,348.44666521833585,0.0013735406130985783
2025-03-21,16061,205,752,14.815,2369.6,9.9,0.418,10.0,overtake,22.0,1.4285714285714286,2025-03,0.13697777224332233,348.9246143819248,0.0013716565870689479
2025-03-22,16069,205,752,15.11,2418.3,9.8,0.405,8.0,overtake,8.0,1.1428571428571428,2025-03,0.04978530088991226,349.0984140777754,0.0004981009899758249
2025-03-23,16083,206,754,15.524,2487.0,9.8,0.394,9.0,overtake,14.0,1.2857142857142858,2025-03,0.08704843623702045,349.4025635455138,0.0008712427655734878
2025-03-24,16092,206,755,15.925,2553.3,9.3,0.364,6.0,overtake,9.0,0.8571428571428571,2025-03,0.05592841163310962,349.59808820334564,0.0005595970900951208
2025-03-25,16096,207,756,12.818,2054.9,8.3,0.404,6.0,overtake,4.0,0.8571428571428571,2025-03,0.024850894632206758,349.6849880512709,0.00024857071836947853
2025-03-26,16100,207,757,13.052,2091.4,9.9,0.473,6.0,overtake,4.0,0.8571428571428571,2025-03,0.02484472049689441,349.7718878991962,0.0002485089463220014
2025-03-27,16114,207,757,13.272,2128.0,10.6,0.498,5.0,overtake,14.0,0.7142857142857143,2025-03,0.08688097306689835,350.0760373669346,0.0008695652173913437
2025-03-28,16131,207,758,15.137,2427.6,14.1,0.581,6.0,overtake,17.0,0.8571428571428571,2025-03,0.10538714276858224,350.445361720617,0.0010549832443838003
2025-03-29,16144,207,760,15.917,2555.9,13.8,0.54,8.0,overtake,13.0,1.1428571428571428,2025-03,0.08052527254707631,350.7277862263741,0.000805901679995058
2025-03-30,16171,208,763,16.799,2702.2,14.3,0.529,9.0,overtake,27.0,1.2857142857142858,2025-03,0.16696555562426565,351.31436019986967,0.0016724479682854732
2025-03-31,16239,208,767,11.044,1782.1,11.3,0.634,12.0,overtake,68.0,1.7142857142857142,2025-03,0.41874499661309195,352.79165761459916,0.004205058437944498
2025-04-01,16262,208,768,16.116,2601.2,19.6,0.753,13.0,overtake,23.0,1.8571428571428572,2025-04,0.141434017955971,353.2913317401694,0.001416343370897133
2025-04-02,16283,208,769,16.854,2725.2,19.2,0.705,13.0,overtake,21.0,1.8571428571428572,2025-04,0.12896886323159124,353.7475559417771,0.0012913540769892151
2025-04-03,16295,209,770,19.313,3129.7,17.3,0.553,14.0,overtake,12.0,2.0,2025-04,0.0736422215403498,354.0082554855529,0.0007369649327519934
2025-04-04,16310,209,771,17.072,2771.1,13.4,0.484,14.0,overtake,15.0,2.0,2025-04,0.09196811771919068,354.3341299152726,0.0009205277692543312
2025-04-05,16336,209,771,18.279,2970.5,15.5,0.522,12.0,overtake,26.0,1.7142857142857142,2025-04,0.15915768854064644,354.89897892678687,0.0015941140404660548
2025-04-06,16351,208,771,18.921,3077.7,16.1,0.523,9.0,overtake,15.0,1.2857142857142858,2025-04,0.09173750840927161,355.2248533565066,0.0009182174338884241
2025-04-07,16354,233,771,19.313,3142.1,16.4,0.522,5.0,overtake,3.0,0.7142857142857143,2025-04,0.018344135991194815,355.29002824245055,0.00018347501681859057
2025-04-08,16360,233,772,19.617,3192.6,16.7,0.523,4.0,overtake,6.0,0.5714285714285714,2025-04,0.03667481662591687,355.4203780143385,0.000366882719823991
2025-04-09,16366,235,773,19.887,3237.9,16.8,0.519,4.0,overtake,6.0,0.5714285714285714,2025-04,0.03666137113528046,355.5507277862264,0.00036674816625925644
2025-04-10,16372,235,774,19.946,3248.8,16.8,0.517,4.0,overtake,6.0,0.5714285714285714,2025-04,0.03664793549963352,355.6810775581143,0.0003666137113527146
2025-04-11,16371,235,775,20.138,3278.7,18.1,0.552,4.0,overtake,-1.0,0.5714285714285714,2025-04,-0.006108362348054486,355.659352596133,-6.107989249937162e-05
2025-04-12,16373,235,778,20.009,3256.7,19.4,0.596,7.0,overtake,2.0,1.0,2025-04,0.012215232394796311,355.7028025200956,0.00012216724696112458
2025-04-13,16377,235,780,20.092,3271.3,19.1,0.584,9.0,overtake,4.0,1.2857142857142858,2025-04,0.024424497771264576,355.78970236802087,0.0002443046478959321
2025-04-14,16403,235,784,10.942,1786.0,8.8,0.493,13.0,overtake,26.0,1.8571428571428572,2025-04,0.15850759007498627,356.35455137953505,0.0015875923551322835
2025-04-15,16423,235,785,6.637,1080.1,9.9,0.917,13.0,overtake,20.0,1.8571428571428572,2025-04,0.12178042988491748,356.7890506191614,0.0012192891544229312
2025-04-16,16467,234,786,8.47,1379.2,15.5,1.124,13.0,overtake,44.0,1.8571428571428572,2025-04,0.26720106880427524,357.7449489463393,0.0026791694574681557
2025-04-17,16491,233,787,9.446,1538.0,19.8,1.287,13.0,overtake,24.0,1.8571428571428572,2025-04,0.14553392759687103,358.26634803389095,0.001457460375296149
2025-04-18,16518,234,788,13.433,2198.8,20.1,0.914,13.0,overtake,27.0,1.8571428571428572,2025-04,0.16345804576825282,358.8529220073865,0.0016372566854647719
2025-04-19,16536,234,788,15.498,2540.8,22.0,0.866,10.0,overtake,18.0,1.4285714285714286,2025-04,0.10885341074020319,359.2439713230502,0.0010897203051216664
2025-04-20,16544,234,789,17.243,2829.0,23.7,0.838,9.0,overtake,8.0,1.2857142857142858,2025-04,0.04835589941972921,359.41777101890074,0.0004837929366230398
2025-04-21,16552,234,789,17.762,2915.9,24.0,0.823,5.0,overtake,8.0,0.7142857142857143,2025-04,0.04833252779120348,359.59157071475124,0.00048355899419738613
2025-04-22,16562,234,789,17.808,2924.5,24.9,0.851,4.0,overtake,10.0,0.5714285714285714,2025-04,0.06037918125830214,359.8088203345644,0.0006041565973899932
2025-04-23,16557,234,790,18.139,2977.9,25.3,0.85,4.0,overtake,-5.0,0.5714285714285714,2025-04,-0.0301987074953192,359.70019552465783,-0.0003018959062914828
2025-04-24,16564,234,791,18.419,3025.3,25.7,0.85,4.0,overtake,7.0,0.5714285714285714,2025-04,0.042260323593334946,359.852270258527,0.0004227819049344994
2025-04-25,16569,259,794,18.917,3107.8,26.5,0.853,6.0,overtake,5.0,0.8571428571428571,2025-04,0.030176836260486447,359.9608950684337,0.000301859454238107
2025-04-26,16570,259,798,19.34,3177.0,27.6,0.869,10.0,overtake,1.0,1.4285714285714286,2025-04,0.006035003017501509,359.9826200304149,6.0353672520996327e-05
2025-04-27,16590,259,799,16.75,2767.8,11.0,0.397,10.0,overtake,20.0,1.4285714285714286,2025-04,0.12055455093429776,360.4171192700413,0.001207000603500319
2025-04-28,16600,259,800,11.606,1916.3,10.3,0.537,11.0,overtake,10.0,1.5714285714285714,2025-04,0.06024096385542169,360.63436888985444,0.0006027727546715766
2025-04-29,16617,259,801,10.382,1715.8,9.3,0.542,12.0,overtake,17.0,1.7142857142857142,2025-04,0.1023048685081543,361.0036932435368,0.0010240963855421281
2025-04-30,16621,259,802,11.032,1824.0,9.7,0.532,12.0,overtake,4.0,1.7142857142857142,2025-04,0.02406594067745623,361.0905930914621,0.0002407173376661742
2025-05-01,16643,259,802,12.811,2121.3,10.9,0.514,11.0,overtake,22.0,1.5714285714285714,2025-05,0.13218770654329146,361.56854225505106,0.001323626737260053
2025-05-02,16654,259,802,15.582,2583.2,11.9,0.461,8.0,overtake,11.0,1.1428571428571428,2025-05,0.06605019815059446,361.80751683684554,0.0006609385327165374
2025-05-03,16666,260,802,16.598,2754.1,12.1,0.439,4.0,overtake,12.0,0.5714285714285714,2025-05,0.07200288011520461,362.0682163806213,0.0007205476161882274
2025-05-04,16667,260,803,17.211,2856.2,12.3,0.431,4.0,overtake,1.0,0.5714285714285714,2025-05,0.005999880002399952,362.08994134260263,6.000240009607083e-05
2025-05-05,16673,260,804,17.607,2923.3,12.3,0.421,4.0,overtake,6.0,0.5714285714285714,2025-05,0.03598632519642536,362.2202911144905,0.0003599928001440933
2025-05-06,16676,260,804,18.297,3039.4,11.8,0.388,3.0,overtake,3.0,0.42857142857142855,2025-05,0.017989925641640682,362.2854660004345,0.00017993162598206602
2025-05-07,16679,261,805,18.631,3095.8,11.7,0.378,3.0,overtake,3.0,0.42857142857142855,2025-05,0.01798668984951136,362.35064088637847,0.0001798992564163715
2025-05-08,16686,261,806,19.126,3179.5,11.8,0.371,4.0,overtake,7.0,0.5714285714285714,2025-05,0.041951336449718324,362.50271562024767,0.00041968942982184565
2025-05-09,16692,261,809,19.575,3255.5,12.0,0.369,7.0,overtake,6.0,1.0,2025-05,0.03594536304816679,362.63306539213556,0.0003595828838547366
2025-05-10,16718,262,812,20.331,3385.7,13.3,0.393,10.0,overtake,26.0,1.4285714285714286,2025-05,0.15552099533437014,363.1979144036498,0.0015576323987538387
2025-05-11,16782,262,814,19.72,3295.8,13.6,0.413,11.0,overtake,64.0,1.5714285714285714,2025-05,0.38136098200452867,364.5883119704541,0.0038282091159229648
2025-05-12,16791,262,816,21.917,3662.8,17.3,0.472,12.0,overtake,9.0,1.7142857142857142,2025-05,0.053600142933714484,364.7838366282859,0.0005362888809439248
2025-05-13,16812,262,818,12.047,2012.7,12.6,0.626,14.0,overtake,21.0,2.0,2025-05,0.12491077801570308,365.24006082989354,0.0012506700017866912
2025-05-14,16835,263,819,14.457,2420.1,13.8,0.57,14.0,overtake,23.0,2.0,2025-05,0.1366201366201366,365.7397349554638,0.0013680704258862697
2025-05-15,16886,264,820,15.746,2644.8,14.0,0.529,14.0,overtake,51.0,2.0,2025-05,0.30202534644083856,366.847708016511,0.0030294030294031327
2025-05-16,16903,266,821,20.294,3388.2,42.1,1.243,12.0,overtake,17.0,1.7142857142857142,2025-05,0.10057386262793586,367.21703237019335,0.0010067511548028651
2025-05-17,16937,267,822,22.313,3731.4,47.8,1.281,10.0,overtake,34.0,1.4285714285714286,2025-05,0.200743933400248,367.9556810775581,0.002011477252558791
2025-05-18,16970,266,822,22.995,3853.5,48.8,1.266,8.0,overtake,33.0,1.1428571428571428,2025-05,0.1944608131997643,368.6726048229416,0.0019483970006495266
2025-05-19,17025,267,823,25.414,4270.7,56.0,1.311,7.0,overtake,55.0,1.0,2025-05,0.32305433186490456,369.867477731914,0.003241013553329397
2025-05-20,17056,267,824,26.808,4512.8,59.5,1.318,6.0,overtake,31.0,0.8571428571428571,2025-05,0.18175422138836775,370.5409515533348,0.0018208516886930592
2025-05-21,17078,268,825,25.355,4273.7,56.5,1.322,6.0,overtake,22.0,0.8571428571428571,2025-05,0.12882070500058557,371.0189007169237,0.001289868667917471
2025-05-22,17094,268,826,26.087,4401.8,57.5,1.306,6.0,overtake,16.0,0.8571428571428571,2025-05,0.09360009360009361,371.3665001086248,0.0009368778545497669
2025-05-23,17111,268,828,26.313,4442.6,59.8,1.346,7.0,overtake,17.0,1.0,2025-05,0.09935129448892525,371.7358244623072,0.0009945009945009353
2025-05-24,17141,269,831,28.154,4763.6,62.3,1.308,9.0,overtake,30.0,1.2857142857142858,2025-05,0.1750189603873753,372.3875733217467,0.0017532581380399481
2025-05-25,17155,269,834,28.129,4764.2,61.3,1.287,12.0,overtake,14.0,1.7142857142857142,2025-05,0.08160886039055669,372.69172278948514,0.0008167551484743463
2025-05-26,17178,269,834,18.502,3153.6,24.6,0.78,11.0,overtake,23.0,1.5714285714285714,2025-05,0.13389218768191874,373.1913969150554,0.001340716992130675
2025-05-27,17182,269,836,12.45,2127.6,11.5,0.541,12.0,overtake,4.0,1.7142857142857142,2025-05,0.023280176929344663,373.2782967629807,0.00023285597857714002
2025-05-28,17279,270,837,13.119,2256.3,10.5,0.465,12.0,overtake,97.0,1.7142857142857142,2025-05,0.5613750795763645,375.3856180751684,0.00564544290536606
2025-05-29,17312,270,838,11.947,2055.3,12.9,0.628,12.0,overtake,33.0,1.7142857142857142,2025-05,0.1906192236598891,376.10254182055183,0.0019098327449504904
2025-05-30,17438,272,838,11.041,1915.5,9.8,0.512,10.0,overtake,126.0,1.4285714285714286,2025-05,0.7225599265970868,378.8398870301977,0.0072781885397412704
2025-05-31,17494,274,839,15.444,2676.1,25.6,0.957,8.0,overtake,56.0,1.1428571428571428,2025-05,0.3201097519149423,380.0564849011514,0.003211377451542541
2025-06-01,17525,273,839,16.041,2784.2,27.0,0.97,5.0,overtake,31.0,0.7142857142857143,2025-06,0.1768901569186876,380.72995872257223,0.001772036126671983
2025-06-02,17554,273,839,18.359,3180.6,42.2,1.327,5.0,overtake,29.0,0.7142857142857143,2025-06,0.16520451179218412,381.3599826200304,0.0016547788873038094
2025-06-03,17559,273,840,18.885,3271.3,44.8,1.369,4.0,overtake,5.0,0.5714285714285714,2025-06,0.028475425707614327,381.468607429937,0.00028483536515899743
2025-06-04,17570,273,840,19.404,3361.7,47.6,1.416,3.0,overtake,11.0,0.42857142857142855,2025-06,0.06260671599317018,381.7075820117315,0.0006264593655675998
2025-06-05,17584,277,841,21.063,3650.0,53.7,1.471,3.0,overtake,14.0,0.42857142857142855,2025-06,0.07961783439490447,382.0117314794699,0.0007968127490038945
2025-06-06,17607,277,842,21.429,3718.1,54.9,1.477,4.0,overtake,23.0,0.5714285714285714,2025-06,0.1306298631226217,382.5114056050402,0.0013080072793447695
2025-06-07,17627,278,845,22.703,3944.5,57.3,1.453,6.0,overtake,20.0,0.8571428571428571,2025-06,0.11346230215011062,382.94590484466653,0.0011359118532401347
2025-06-08,17668,280,848,23.143,4031.1,57.8,1.434,9.0,overtake,41.0,1.2857142857142858,2025-06,0.23205795788997058,383.8366282859005,0.0023259771940773444
2025-06-09,17714,280,850,23.903,4175.3,58.9,1.411,11.0,overtake,46.0,1.5714285714285714,2025-06,0.2596816077678672,384.83597653704106,0.002603577088521547
2025-06-10,17730,281,852,24.045,4204.6,58.6,1.394,12.0,overtake,16.0,1.7142857142857142,2025-06,0.09024252679075014,385.18357592874213,0.0009032403748447937
2025-06-11,17758,281,853,18.621,3266.9,39.8,1.218,13.0,overtake,28.0,1.8571428571428572,2025-06,0.15767541389796147,385.791874864219,0.0015792442188380384
2025-06-12,17863,278,854,15.736,2797.0,14.0,0.501,13.0,overtake,105.0,1.8571428571428572,2025-06,0.5878071992386497,388.0729958722572,0.005912828021173544
2025-06-13,17902,278,855,22.565,4006.3,33.3,0.831,13.0,overtake,39.0,1.8571428571428572,2025-06,0.21785275388224778,388.9202693895286,0.0021832838828863554
2025-06-14,17929,278,856,23.614,4198.0,35.8,0.853,11.0,overtake,27.0,1.5714285714285714,2025-06,0.1505940097049473,389.50684336302413,0.001508211373030921
2025-06-15,17942,278,856,24.897,4428.8,38.3,0.865,8.0,overtake,13.0,1.1428571428571428,2025-06,0.07245569055846618,389.7892678687812,0.0007250822689497394
2025-06-16,17954,278,856,25.623,4561.4,38.9,0.853,6.0,overtake,12.0,0.8571428571428571,2025-06,0.06683747354350006,390.04996741255707,0.0006688217590011813
2025-06-17,17964,278,857,26.014,4633.8,39.3,0.848,5.0,overtake,10.0,0.7142857142857143,2025-06,0.055666889334224,390.2672170323702,0.0005569789461958852
2025-06-18,17983,278,857,26.132,4659.9,39.5,0.848,5.0,overtake,19.0,0.7142857142857143,2025-06,0.10565534115553579,390.6799913100152,0.0010576708973502047
2025-06-19,17997,278,857,26.727,4769.8,40.3,0.845,3.0,overtake,14.0,0.42857142857142855,2025-06,0.07779074290159471,390.9841407777536,0.0007785130400934648
2025-06-20,18004,278,858,26.982,4817.3,40.5,0.841,3.0,overtake,7.0,0.42857142857142855,2025-06,0.038880248833592534,391.1362155116229,0.000388953714507867
2025-06-21,18012,278,859,27.258,4869.1,40.6,0.834,3.0,overtake,8.0,0.42857142857142855,2025-06,0.04441483455474128,391.3100152074734,0.00044434570095530646
2025-06-22,18018,279,861,26.727,4777.0,38.7,0.81,5.0,overtake,6.0,0.7142857142857143,2025-06,0.0333000333000333,391.4403649793613,0.0003331112591604679
2025-06-23,18052,279,862,27.255,4880.8,39.3,0.805,6.0,overtake,34.0,0.8571428571428571,2025-06,0.18834478174163527,392.179013686726,0.0018870018870018601
2025-06-24,18080,279,863,23.137,4116.6,66.5,1.615,6.0,overtake,28.0,0.8571428571428571,2025-06,0.15486725663716813,392.78731262220293,0.0015510746731663971
2025-06-25,18105,279,864,24.052,4286.3,68.3,1.593,7.0,overtake,25.0,1.0,2025-06,0.13808340237503453,393.3304366717358,0.0013827433628319508
2025-06-26,18128,279,864,22.757,4058.2,67.1,1.653,7.0,overtake,23.0,1.0,2025-06,0.1268755516328332,393.83011079730613,0.0012703673018503725
2025-06-27,18135,279,865,23.527,4201.5,65.2,1.552,7.0,overtake,7.0,1.0,2025-06,0.03859939343810312,393.98218553117533,0.0003861429832303642
2025-06-28,18154,279,868,24.21,4328.7,66.4,1.534,9.0,overtake,19.0,1.2857142857142858,2025-06,0.10466012999889832,394.3949598088203,0.0010476978218914024
2025-06-29,18201,279,868,14.912,2671.8,42.3,1.583,7.0,overtake,47.0,1.0,2025-06,0.258227569913741,395.4160330219422,0.0025889611104989996
2025-06-30,18231,279,868,17.189,3090.0,43.8,1.417,6.0,overtake,30.0,0.8571428571428571,2025-06,0.1645548790521639,396.06778188138173,0.0016482610845558465
2025-07-01,18238,279,869,17.359,3122.0,44.0,1.409,6.0,overtake,7.0,0.8571428571428571,2025-07,0.03838140146945937,396.21985661525093,0.0003839613844549561
2025-07-02,18266,279,870,17.592,3169.0,44.3,1.398,6.0,overtake,28.0,0.8571428571428571,2025-07,0.15329026606810467,396.8281555507278,0.001535256058778467
2025-07-03,18291,279,870,20.169,3642.1,47.1,1.293,6.0,overtake,25.0,0.8571428571428571,2025-07,0.1366792411568531,397.37127960026066,0.0013686630898936958
2025-07-04,18302,279,871,22.345,4038.2,51.3,1.27,6.0,overtake,11.0,0.8571428571428571,2025-07,0.06010272101409682,397.6102541820552,0.0006013886610900521
2025-07-05,18309,279,871,23.142,4184.7,52.3,1.25,3.0,overtake,7.0,0.42857142857142855,2025-07,0.03823256322027418,397.7623289159244,0.00038247186099882313
2025-07-06,18312,279,871,21.323,3852.3,52.3,1.358,3.0,overtake,3.0,0.42857142857142855,2025-07,0.0163826998689384,397.8275038018683,0.00016385384237249667
2025-07-07,18314,280,872,21.559,3895.7,52.6,1.35,4.0,overtake,2.0,0.5714285714285714,2025-07,0.010920607185759528,397.870953725831,0.00010921799912622099
2025-07-08,18313,280,872,21.647,3911.3,52.9,1.352,4.0,overtake,-1.0,0.5714285714285714,2025-07,-0.005460601758313767,397.8492287638497,-5.460303592874638e-05
2025-07-09,18316,280,872,20.544,3710.5,52.3,1.41,2.0,overtake,3.0,0.2857142857142857,2025-07,0.016379122079056563,397.9144036497936,0.0001638180527494537
2025-07-10,18320,282,873,20.63,3727.1,52.3,1.403,2.0,overtake,4.0,0.2857142857142857,2025-07,0.021834061135371178,398.0013034977189,0.00021838829438736163
2025-07-11,18329,282,877,20.804,3760.8,52.4,1.393,4.0,overtake,9.0,0.5714285714285714,2025-07,0.049102515139942175,398.1968281555507,0.0004912663755458624
2025-07-12,18350,282,881,21.349,3898.3,19.3,0.495,6.0,overtake,21.0,0.8571428571428571,2025-07,0.11444141689373297,398.65305235715834,0.0011457253532654033
2025-07-13,18394,284,883,18.449,3369.3,24.2,0.718,12.0,overtake,44.0,1.7142857142857142,2025-07,0.2392084375339785,399.60895068433626,0.002397820163487774
2025-07-14,18432,284,884,18.197,3329.5,24.5,0.736,12.0,overtake,38.0,1.7142857142857142,2025-07,0.20616319444444445,400.43449923962635,0.0020658910514297357
2025-07-15,18457,285,885,19.261,3534.2,20.8,0.589,12.0,overtake,25.0,1.7142857142857142,2025-07,0.13544996478300916,400.9776232891593,0.0013563368055555802
2025-07-16,18479,285,886,22.27,4092.3,22.9,0.56,13.0,overtake,22.0,1.8571428571428572,2025-07,0.11905406136695708,401.4555724527482,0.0011919596900904494
2025-07-17,18493,286,887,23.18,4251.9,34.8,0.818,14.0,overtake,14.0,2.0,2025-07,0.07570432055372303,401.75972192048664,0.0007576167541534229
2025-07-18,18574,286,889,24.75,4559.8,37.3,0.818,12.0,overtake,81.0,1.7142857142857142,2025-07,0.4360934639819102,403.51944384097334,0.004380035689179662
2025-07-19,18656,286,892,31.51,5818.3,60.2,1.035,11.0,overtake,82.0,1.5714285714285714,2025-07,0.4395368782161235,405.3008907234412,0.004414773339076028
2025-07-20,18699,287,893,31.096,5761.4,53.2,0.923,10.0,overtake,43.0,1.4285714285714286,2025-07,0.22995882132734372,406.2350640886378,0.0023048885077185943
2025-07-21,18719,287,894,32.175,5953.0,69.8,1.173,10.0,overtake,20.0,1.4285714285714286,2025-07,0.10684331427960896,406.6695633282642,0.001069575913150489
2025-07-22,18747,287,895,26.145,4835.8,65.6,1.357,10.0,overtake,28.0,1.4285714285714286,2025-07,0.14935723049021177,407.27786226374104,0.0014958063999144233
2025-07-23,18760,287,896,27.181,5030.8,68.4,1.36,10.0,overtake,13.0,1.4285714285714286,2025-07,0.06929637526652452,407.56028676949813,0.0006934442844188649
2025-07-24,18782,287,897,27.811,5154.4,69.1,1.341,10.0,overtake,22.0,1.4285714285714286,2025-07,0.11713342562027473,408.0382359330871,0.0011727078891257126
2025-07-25,18814,287,898,23.919,4430.7,69.4,1.566,10.0,overtake,32.0,1.4285714285714286,2025-07,0.17008610609120867,408.7334347164893,0.0017037589181130297
2025-07-26,18843,287,898,23.36,4346.2,55.5,1.277,9.0,overtake,29.0,1.2857142857142858,2025-07,0.15390330626757948,409.36345861394744,0.001541405336451529
2025-07-27,18846,287,899,24.129,4490.0,57.3,1.276,6.0,overtake,3.0,0.8571428571428571,2025-07,0.01591849729385546,409.42863349989136,0.00015921031682863962
2025-07-28,18868,287,899,24.642,4591.4,58.1,1.265,5.0,overtake,22.0,0.7142857142857143,2025-07,0.1165995336018656,409.9065826634804,0.0011673564682159743
2025-07-29,18878,287,900,16.91,3156.4,35.8,1.134,5.0,overtake,10.0,0.7142857142857143,2025-07,0.05297171310520183,410.1238322832935,0.0005299978800084038
2025-07-30,18895,287,900,17.178,3208.8,37.0,1.153,5.0,overtake,17.0,0.7142857142857143,2025-07,0.0899708917703096,410.49315663697587,0.0009005191227884346
2025-07-31,18911,287,900,17.284,3230.0,38.5,1.192,3.0,overtake,16.0,0.42857142857142855,2025-07,0.08460684257839353,410.84075602867694,0.0008467848637205844
2025-08-01,18911,287,901,17.379,3247.8,38.8,1.195,3.0,overtake,0.0,0.42857142857142855,2025-08,0.0,410.84075602867694,0.0
2025-08-02,18919,287,901,17.82,3331.3,40.0,1.201,3.0,overtake,8.0,0.42857142857142855,2025-08,0.04228553306200117,411.0145557245275,0.0004230342128919151
2025-08-03,18928,287,901,17.45,3261.8,41.1,1.26,3.0,overtake,9.0,0.42857142857142855,2025-08,0.047548605240912936,411.2100803823593,0.000475712246947424
2025-08-04,18935,287,902,17.664,3303.3,41.3,1.25,2.0,overtake,7.0,0.2857142857142857,2025-08,0.03696857670979667,411.36215511622856,0.00036982248520711636
2025-08-05,18942,288,903,17.88,3344.8,42.1,1.259,3.0,overtake,7.0,0.42857142857142855,2025-08,0.03695491500369549,411.51422985009776,0.0003696857670980602
2025-08-06,18949,289,904,18.183,3401.8,43.7,1.285,3.0,overtake,7.0,0.42857142857142855,2025-08,0.03694126339120798,411.66630458396696,0.0003695491500370629
2025-08-07,18958,289,904,18.575,3477.8,43.6,1.254,4.0,overtake,9.0,0.5714285714285714,2025-08,0.04747336216900517,411.86182924179883,0.00047495910074402126
2025-08-08,18962,289,905,16.783,3152.6,29.8,0.945,4.0,overtake,4.0,0.5714285714285714,2025-08,0.02109482122139015,411.9487290897241,0.0002109927207512019
2025-08-09,18962,288,906,16.925,3179.4,29.9,0.94,4.0,overtake,0.0,0.5714285714285714,2025-08,0.0,411.9487290897241,0.0
2025-08-10,18967,288,906,17.747,3331.3,34.7,1.042,5.0,overtake,5.0,0.7142857142857143,2025-08,0.026361575367743976,412.05735389963064,0.0002636852652673216
2025-08-11,18960,292,907,17.454,3273.5,35.8,1.094,5.0,overtake,-7.0,0.7142857142857143,2025-08,-0.03691983122362869,411.9052791657615,-0.00036906205514841695
2025-08-12,18971,292,908,17.798,3339.5,37.0,1.108,5.0,overtake,11.0,0.7142857142857143,2025-08,0.05798323757313795,412.1442537475559,0.0005801687763713481
2025-08-13,18977,293,909,17.185,3212.3,48.9,1.522,5.0,overtake,6.0,0.7142857142857143,2025-08,0.03161722084628761,412.2746035194439,0.0003162722049443456
2025-08-14,18988,292,911,15.802,2954.4,46.0,1.557,5.0,overtake,11.0,0.7142857142857143,2025-08,0.05793132504739836,412.5135781012383,0.0005796490488485517
2025-08-15,19000,290,913,17.006,3181.4,49.8,1.565,7.0,overtake,12.0,1.0,2025-08,0.06315789473684211,412.7742776450141,0.0006319780914261219
2025-08-16,19012,290,917,15.351,2882.4,36.2,1.256,11.0,overtake,12.0,1.5714285714285714,2025-08,0.06311803071744161,413.0349771887899,0.0006315789473683164
2025-08-17,19023,290,920,15.225,2860.0,36.2,1.266,14.0,overtake,11.0,2.0,2025-08,0.05782473847447826,413.27395177058446,0.0005785819482431176
2025-08-18,19045,290,922,13.199,2487.5,26.3,1.057,14.0,overtake,22.0,2.0,2025-08,0.11551588343397218,413.75190093417336,0.0011564947694895356
2025-08-19,19064,290,923,12.605,2387.6,15.5,0.649,15.0,overtake,19.0,2.142857142857143,2025-08,0.09966428871170793,414.16467521181835,0.0009976371751114765
2025-08-20,19100,291,924,13.253,2512.2,19.1,0.76,15.0,overtake,36.0,2.142857142857143,2025-08,0.18848167539267016,414.94677384314576,0.0018883759966428215
2025-08-21,19114,291,924,11.501,2179.6,18.7,0.858,13.0,overtake,14.0,1.8571428571428572,2025-08,0.07324474207387255,415.25092331088416,0.0007329842931937947
2025-08-22,19121,291,926,13.016,2442.0,46.7,1.912,13.0,overtake,7.0,1.8571428571428572,2025-08,0.036608963966319755,415.4029980447534,0.0003662237103694288
2025-08-23,19138,292,929,13.145,2467.3,48.3,1.958,13.0,overtake,17.0,1.8571428571428572,2025-08,0.08882850872609468,415.7723223984358,0.0008890748391821024
2025-08-24,19157,292,930,13.61,2555.8,51.5,2.015,12.0,overtake,19.0,1.7142857142857142,2025-08,0.09918045623009866,416.18509667608083,0.0009927892151739837
2025-08-25,19186,293,933,14.11,2653.3,53.8,2.028,11.0,overtake,29.0,1.5714285714285714,2025-08,0.15115188158031898,416.81512057353893,0.0015138069635121099
2025-08-26,19233,294,934,12.614,2370.7,55.3,2.333,11.0,overtake,47.0,1.5714285714285714,2025-08,0.24437165288826498,417.8361937866609,0.0024497029083707655
2025-08-27,19331,295,936,15.757,2990.0,56.0,1.873,11.0,overtake,98.0,1.5714285714285714,2025-08,0.5069577362785164,419.9652400608299,0.005095408932563883
2025-08-28,19442,295,937,17.618,3371.8,53.5,1.587,12.0,overtake,111.0,1.7142857142857142,2025-08,0.5709289167781092,422.376710840756,0.005742072319073088
2025-08-29,19508,296,938,23.347,4477.5,77.1,1.722,12.0,overtake,66.0,1.7142857142857142,2025-08,0.3383227393889686,423.8105583315229,0.0033947124781401605
2025-08-30,19541,296,952,24.085,4656.1,50.3,1.08,12.0,overtake,33.0,1.7142857142857142,2025-08,0.16887569725193183,424.5274820769064,0.001691613696944927
2025-08-31,19545,296,953,26.032,5031.6,56.3,1.119,10.0,overtake,4.0,1.4285714285714286,2025-08,0.020465592223074956,424.6143819248316,0.0002046978148508849
2025-09-01,19558,296,954,26.783,5180.7,57.6,1.112,8.0,overtake,13.0,1.1428571428571428,2025-09,0.06646896410675938,424.89680643058875,0.0006651317472499141
2025-09-02,19571,296,955,27.639,5349.8,59.4,1.11,8.0,overtake,13.0,1.1428571428571428,2025-09,0.06642481222216544,425.17923093634585,0.000664689641067584
2025-09-03,19583,296,955,27.628,5351.3,59.0,1.103,8.0,overtake,12.0,1.1428571428571428,2025-09,0.06127763876831946,425.43993048012163,0.0006131521128200923
2025-09-04,19605,296,955,28.716,5566.6,63.2,1.135,5.0,overtake,22.0,0.7142857142857143,2025-09,0.11221627135934711,425.9178796437106,0.0011234233774191082
2025-09-05,19619,296,955,28.876,5601.5,63.7,1.137,5.0,overtake,14.0,0.7142857142857143,2025-09,0.07135939650338957,426.2220291114491,0.0007141035450139999
2025-09-06,19625,296,959,29.479,5721.0,64.3,1.124,7.0,overtake,6.0,1.0,2025-09,0.030573248407643316,426.35237888333694,0.0003058259850146072
2025-09-07,19643,297,961,29.965,5821.3,64.8,1.113,8.0,overtake,18.0,1.1428571428571428,2025-09,0.09163569719492949,426.7434281990006,0.0009171974522292903
2025-09-08,19670,297,963,22.118,4294.5,56.2,1.309,9.0,overtake,27.0,1.2857142857142858,2025-09,0.13726487036095578,427.3300021724962,0.0013745354579239866
2025-09-09,19683,297,964,12.164,2365.8,28.5,1.205,9.0,overtake,13.0,1.2857142857142858,2025-09,0.06604684245287812,427.6124266782533,0.0006609049313675008
2025-09-10,19685,298,966,9.045,1769.2,11.3,0.639,9.0,overtake,2.0,1.2857142857142858,2025-09,0.01016002032004064,427.6558766022159,0.0001016105268505374
2025-09-11,19693,298,968,9.854,1928.0,12.5,0.648,13.0,overtake,8.0,1.8571428571428572,2025-09,0.04062357182755294,427.82967629806643,0.00040640081280152174
2025-09-12,19721,298,971,9.92,1943.8,12.6,0.648,16.0,overtake,28.0,2.2857142857142856,2025-09,0.14198062978550782,428.43797523354334,0.0014218250139643729
2025-09-13,19751,298,975,11.051,2170.9,11.8,0.544,16.0,overtake,30.0,2.2857142857142856,2025-09,0.15189104349146879,429.0897240929828,0.0015212210334161202
2025-09-14,19786,299,979,9.306,1830.5,10.8,0.59,16.0,overtake,35.0,2.2857142857142856,2025-09,0.17689275245122815,429.85009776232886,0.0017720621740671127
2025-09-15,19811,299,980,10.14,1997.8,11.1,0.556,17.0,overtake,25.0,2.4285714285714284,2025-09,0.12619251930745545,430.3932218118618,0.0012635196603658638
2025-09-16,19829,299,981,11.423,2244.3,20.8,0.927,17.0,overtake,18.0,2.4285714285714284,2025-09,0.0907761359624792,430.7842711275255,0.0009085861390136785
2025-09-17,19874,299,982,11.636,2290.9,21.6,0.943,16.0,overtake,45.0,2.2857142857142856,2025-09,0.22642648686726374,431.76189441668475,0.002269403399062009
2025-09-18,19898,301,982,14.75,2903.1,31.9,1.099,16.0,overtake,24.0,2.2857142857142856,2025-09,0.12061513719971856,432.2832935042363,0.001207607929958776
2025-09-19,19907,301,983,15.336,3020.3,32.7,1.083,14.0,overtake,9.0,2.0,2025-09,0.045210227558145376,432.4788181620682,0.00045230676449903306
2025-09-20,19922,303,984,18.182,3584.1,38.2,1.066,9.0,overtake,15.0,1.2857142857142858,2025-09,0.07529364521634374,432.80469259178795,0.0007535037926358346
2025-09-21,19935,303,985,17.635,3451.8,63.8,1.848,6.0,overtake,13.0,0.8571428571428571,2025-09,0.06521193880110358,433.0871170975451,0.000652544925208387
2025-09-22,19941,303,986,18.298,3582.7,66.1,1.845,6.0,overtake,6.0,0.8571428571428571,2025-09,0.030088761847449977,433.21746686943294,0.00030097817908192326
2025-09-23,19943,304,987,18.41,3605.0,66.5,1.845,6.0,overtake,2.0,0.8571428571428571,2025-09,0.010028581457152887,433.2609167933956,0.00010029587282489594
2025-09-24,19951,304,988,18.7,3662.5,68.4,1.868,6.0,overtake,8.0,0.8571428571428571,2025-09,0.040098240689689736,433.43471648924617,0.00040114325828621844
2025-09-25,19958,306,989,20.831,4081.7,75.8,1.857,6.0,overtake,7.0,0.8571428571428571,2025-09,0.035073654674817115,433.5867912231153,0.0003508596060348701
2025-09-26,19963,308,990,20.352,3984.7,78.2,1.963,7.0,overtake,5.0,1.0,2025-09,0.025046335721084004,433.69541603302196,0.0002505261048200147
2025-09-27,20050,309,990,21.125,4156.7,78.8,1.896,6.0,overtake,87.0,0.8571428571428571,2025-09,0.4339152119700748,435.58548772539643,0.004358062415468655
2025-09-28,20138,311,995,25.901,5131.8,84.1,1.639,6.0,overtake,88.0,0.8571428571428571,2025-09,0.4369848048465587,437.49728437975233,0.004389027431421555
2025-09-29,20202,311,995,29.655,5902.3,88.6,1.501,9.0,overtake,64.0,1.2857142857142858,2025-09,0.31680031680031684,438.88768194655665,0.0031780713079749834
2025-09-30,20231,312,996,28.567,5700.8,78.5,1.377,8.0,overtake,29.0,1.1428571428571428,2025-09,0.14334437249765214,439.5177058440148,0.0014355014355014184
2025-10-01,20288,313,998,29.651,5934.8,80.7,1.36,8.0,overtake,57.0,1.1428571428571428,2025-10,0.28095425867507884,440.7560286769498,0.002817458355988345
2025-10-02,20347,313,999,31.409,6326.4,64.3,1.016,9.0,overtake,59.0,1.2857142857142858,2025-10,0.2899690372045019,442.03780143384745,0.002908123028391163
2025-10-03,20448,313,1000,36.126,7304.9,82.2,1.125,9.0,overtake,101.0,1.2857142857142858,2025-10,0.4939358372456964,444.23202259396044,0.00496387673858556
2025-10-04,20485,314,1001,40.716,8247.2,93.5,1.134,10.0,overtake,37.0,1.4285714285714286,2025-10,0.1806199658286551,445.03584618726916,0.001809467918622909
2025-10-05,20524,314,1004,36.81,7475.1,79.8,1.068,9.0,overtake,39.0,1.2857142857142858,2025-10,0.19002143831611773,445.8831197045405,0.0019038320722479796
2025-10-06,20557,315,1005,37.257,7578.6,80.3,1.06,9.0,overtake,33.0,1.2857142857142858,2025-10,0.1605292601060466,446.60004344992393,0.0016078737088287554
2025-10-07,20584,315,1006,29.516,6011.5,64.1,1.066,10.0,overtake,27.0,1.4285714285714286,2025-10,0.13116984065293433,447.18661742341953,0.0013134212190495376
2025-10-08,20621,314,1007,28.568,5822.3,68.8,1.182,10.0,overtake,37.0,1.4285714285714286,2025-10,0.17942873769458317,447.9904410167282,0.0017975126311697842
2025-10-09,20666,315,1008,29.855,6098.8,71.1,1.166,9.0,overtake,45.0,1.2857142857142858,2025-10,0.21774895964385946,448.9680643058874,0.0021822414043934923
2025-10-10,20691,316,1009,30.825,6300.8,77.3,1.227,9.0,overtake,25.0,1.2857142857142858,2025-10,0.12082547967715432,449.51118835542036,0.0012097164424658136
2025-10-11,20701,315,1010,29.486,6032.8,71.2,1.18,9.0,overtake,10.0,1.2857142857142858,2025-10,0.04830684507994783,449.7284379752336,0.00048330191870871175
2025-10-12,20735,315,1011,22.242,4561.1,50.7,1.112,9.0,overtake,34.0,1.2857142857142858,2025-10,0.16397395707740536,450.46708668259834,0.0016424327327182464
2025-10-13,20763,315,1012,16.963,3485.8,36.3,1.041,7.0,overtake,28.0,1.0,2025-10,0.13485527139623368,451.07538561807513,0.0013503737641669122
2025-10-14,20806,315,1013,14.818,3053.3,29.8,0.976,7.0,overtake,43.0,1.0,2025-10,0.2066711525521484,452.0095589832718,0.002070991667870725
2025-10-15,20835,317,1014,17.09,3516.4,44.4,1.263,7.0,overtake,29.0,1.0,2025-10,0.13918886489080873,452.6395828807299,0.0013938287032586594
2025-10-16,20865,318,1015,19.059,3916.5,60.2,1.537,7.0,overtake,30.0,1.0,2025-10,0.14378145219266716,453.2913317401695,0.0014398848092151972
2025-10-17,20883,319,1016,20.81,4274.2,71.5,1.673,7.0,overtake,18.0,1.0,2025-10,0.086194512282718,453.68238105583316,0.0008626887131559791
2025-10-18,20908,319,1017,21.65,4450.8,75.7,1.701,7.0,overtake,25.0,1.0,2025-10,0.11957145590204706,454.2255051053661,0.001197146003926619
2025-10-19,20936,319,1018,20.761,4269.5,77.0,1.803,7.0,overtake,28.0,1.0,2025-10,0.13374092472296523,454.83380404084295,0.0013392003061030167
2025-10-20,20985,320,1019,19.59,4035.8,75.1,1.861,7.0,overtake,49.0,1.0,2025-10,0.23350011913271385,455.8983271779274,0.0023404661826518236
2025-10-21,20999,321,1020,25.385,5251.4,79.1,1.506,7.0,overtake,14.0,1.0,2025-10,0.06666984142102005,456.2024766456659,0.0006671431975220354
2025-10-22,21015,321,1021,22.634,4687.8,68.7,1.466,7.0,overtake,16.0,1.0,2025-10,0.07613609326671425,456.5500760373669,0.0007619410448116426
2025-10-23,21025,321,1022,23.034,4771.6,71.2,1.492,7.0,overtake,10.0,1.0,2025-10,0.04756242568370987,456.7673256571801,0.00047585058291699234
2025-10-24,21027,321,1023,23.353,4838.8,71.6,1.48,7.0,overtake,2.0,1.0,2025-10,0.009511580349075,456.8107755811427,9.512485136742299e-05
2025-10-25,21028,321,1025,23.26,4818.2,73.0,1.515,8.0,overtake,1.0,1.1428571428571428,2025-10,0.004755564009891573,456.832500543124,4.755790174537644e-05
2025-10-26,21035,321,1027,22.626,4693.5,65.9,1.404,9.0,overtake,7.0,1.2857142857142858,2025-10,0.033277870216306155,456.98457527699327,0.0003328894806924332
2025-10-27,21048,322,1029,20.541,4272.9,50.5,1.182,10.0,overtake,13.0,1.4285714285714286,2025-10,0.06176358798935766,457.26699978275036,0.0006180175897314566
2025-10-28,21061,321,1030,16.578,3476.3,15.1,0.434,10.0,overtake,13.0,1.4285714285714286,2025-10,0.06172546412800911,457.54942428850745,0.0006176358798934967
2025-10-29,21072,321,1031,13.735,2882.0,12.2,0.423,10.0,overtake,11.0,1.4285714285714286,2025-10,0.05220197418375095,457.788398870302,0.0005222923887755471
2025-10-30,21085,319,1032,14.319,3006.9,12.3,0.409,10.0,overtake,13.0,1.4285714285714286,2025-10,0.06165520512212473,458.0708233760591,0.0006169324221716455
2025-10-31,21095,289,1033,14.956,3141.2,13.8,0.439,10.0,overtake,10.0,1.4285714285714286,2025-10,0.04740459824602986,458.2880729958722,0.000474270808631827
2025-11-01,21126,289,1034,8.808,1847.4,13.3,0.72,10.0,overtake,31.0,1.4285714285714286,2025-11,0.1467386159235066,458.9615468172931,0.001469542545627034
2025-11-02,21150,290,1035,14.635,3077.9,17.4,0.565,8.0,overtake,24.0,1.1428571428571428,2025-11,0.11347517730496454,459.4829459048447,0.0011360408974723235
2025-11-03,21171,292,1036,15.907,3348.4,19.3,0.576,7.0,overtake,21.0,1.0,2025-11,0.09919229134193,459.93917010645237,0.0009929078014183634
2025-11-04,21194,291,1037,16.701,3519.6,20.0,0.568,7.0,overtake,23.0,1.0,2025-11,0.10852127960743606,460.4388442320226,0.0010863917623162855
2025-11-05,21216,292,1038,19.99,4214.5,26.5,0.629,7.0,overtake,22.0,1.0,2025-11,0.10369532428355958,460.91679339561153,0.001038029631027726
2025-11-06,21230,292,1039,21.111,4455.3,26.6,0.597,7.0,overtake,14.0,1.0,2025-11,0.06594441827602449,461.22094286335005,0.0006598793363499222
2025-11-07,21243,294,1040,20.916,4415.8,27.3,0.618,7.0,overtake,13.0,1.0,2025-11,0.06119662947794567,461.50336736910714,0.0006123410268488172
2025-11-08,21261,295,1041,23.468,4956.7,32.8,0.662,7.0,overtake,18.0,1.0,2025-11,0.0846620572879921,461.8944166847708,0.0008473379466176212
2025-11-09,21273,294,1042,23.891,5049.2,33.2,0.658,7.0,overtake,12.0,1.0,2025-11,0.05640953321111268,462.1551162285466,0.0005644137152531759
2025-11-10,21282,294,1043,25.049,5296.2,34.8,0.657,7.0,overtake,9.0,1.0,2025-11,0.042289258528333803,462.35064088637847,0.0004230714990833828
2025-11-11,21352,294,1043,25.56,5421.9,35.7,0.658,6.0,overtake,70.0,0.8571428571428571,2025-11,0.32783814162607716,463.87138822507063,0.0032891645522037383
2025-11-12,21372,294,1045,28.05,5944.8,50.1,0.843,7.0,overtake,20.0,1.0,2025-11,0.09358038555118847,464.3058874646969,0.0009366804046460064
2025-11-13,21394,294,1046,28.338,6011.9,50.8,0.845,7.0,overtake,22.0,1.0,2025-11,0.10283256987940544,464.78383662828594,0.001029384241063136
2025-11-14,21420,296,1048,30.389,6454.5,54.8,0.849,7.0,overtake,26.0,1.0,2025-11,0.12138188608776844,465.3486856398001,0.0012152940076657348
2025-11-15,21437,296,1051,30.702,6527.8,53.7,0.823,8.0,overtake,17.0,1.1428571428571428,2025-11,0.07930214115781126,465.7180099934825,0.0007936507936507908
2025-11-16,21462,302,1054,22.097,4698.6,43.8,0.932,10.0,overtake,25.0,1.4285714285714286,2025-11,0.11648495014444135,466.26113404301543,0.0011662079582031026
2025-11-17,21517,301,1057,14.441,3072.0,35.3,1.149,12.0,overtake,55.0,1.7142857142857142,2025-11,0.25561184179950736,467.45600695198783,0.0025626689031776895
2025-11-18,21611,300,1061,10.517,2247.0,25.8,1.148,14.0,overtake,94.0,2.0,2025-11,0.4349636759057887,469.49815337823156,0.004368638750755327
2025-11-19,21721,301,1062,8.851,1907.0,15.6,0.818,16.0,overtake,110.0,2.2857142857142856,2025-11,0.5064223562451085,471.8878991961764,0.005090000462727229
2025-11-20,21777,301,1063,10.954,2360.8,24.6,1.042,16.0,overtake,56.0,2.2857142857142856,2025-11,0.25715204114432655,473.1044970671301,0.0025781501772477178
2025-11-21,21818,301,1064,11.182,2415.7,24.0,0.994,16.0,overtake,41.0,2.2857142857142856,2025-11,0.18791823265193874,473.9952205083641,0.0018827203012352633
2025-11-22,21842,301,1065,13.845,2990.8,33.2,1.11,15.0,overtake,24.0,2.142857142857143,2025-11,0.10988004761468731,474.51661959591564,0.0011000091667430212
2025-11-23,21853,300,1066,17.283,3736.1,40.7,1.089,13.0,overtake,11.0,1.8571428571428572,2025-11,0.05033633826019311,474.7555941777102,0.0005036168849006373
2025-11-24,21878,300,1067,17.873,3869.0,41.3,1.067,11.0,overtake,25.0,1.5714285714285714,2025-11,0.11427004296553617,475.2987182272431,0.0011440076877315963
2025-11-25,21928,300,1068,20.221,4386.6,47.4,1.081,9.0,overtake,50.0,1.2857142857142858,2025-11,0.22801897117840203,476.3849663263089,0.0022854008593107267
2025-11-26,21960,300,1069,22.673,4923.8,55.3,1.123,7.0,overtake,32.0,1.0,2025-11,0.14571948998178508,477.0801651097111,0.0014593214155418366
2025-11-27,21978,301,1070,23.003,5004.3,51.2,1.023,7.0,overtake,18.0,1.0,2025-11,0.08190008190008191,477.4712144253748,0.0008196721311475308
2025-11-28,21991,301,1071,22.725,4940.3,57.1,1.156,7.0,overtake,13.0,1.0,2025-11,0.05911509253785639,477.7536389311319,0.0005915005915004823
2025-11-29,22000,301,1072,22.926,4985.2,58.6,1.175,7.0,overtake,9.0,1.0,2025-11,0.04090909090909091,477.9491635889637,0.00040925833295446523
2025-11-30,22055,305,1073,23.053,5026.8,57.6,1.146,7.0,overtake,55.0,1.0,2025-11,0.24937655860349126,479.1440364979361,0.0024999999999999467
2025-12-01,22081,308,1074,19.88,4342.0,47.7,1.099,7.0,overtake,26.0,1.0,2025-12,0.11774829038539922,479.70888550945034,0.001178871004307469
2025-12-02,22086,308,1075,20.834,4551.1,50.4,1.107,7.0,overtake,5.0,1.0,2025-12,0.022638775695010414,479.817510319357,0.00022643901997199123
2025-12-03,22096,309,1076,21.856,4775.3,54.0,1.131,7.0,overtake,10.0,1.0,2025-12,0.04525706010137581,480.0347599391701,0.0004527755139001055
2025-12-04,22107,309,1077,20.167,4412.0,46.3,1.049,7.0,overtake,11.0,1.0,2025-12,0.04975799520513865,480.27373452096464,0.0004978276611151689
2025-12-05,22106,309,1078,20.276,4435.8,46.5,1.048,7.0,overtake,-1.0,1.0,2025-12,-0.004523658735185018,480.2520095589832,-4.5234541095617864e-05
2025-12-06,22116,309,1078,19.346,4213.2,65.4,1.552,7.0,overtake,10.0,1.0,2025-12,0.045216133116295895,480.46925917879645,0.0004523658735184899
2025-12-07,22122,309,1079,19.916,4332.9,73.0,1.685,6.0,overtake,6.0,0.8571428571428571,2025-12,0.027122321670735017,480.59960895068434,0.00027129679869775103
2025-12-08,22120,309,1080,20.124,4376.8,74.6,1.704,6.0,overtake,-2.0,0.8571428571428571,2025-12,-0.009041591320072333,480.55615902672173,-9.04077389024538e-05
2025-12-09,22119,309,1081,17.605,3825.4,68.7,1.796,6.0,overtake,-1.0,0.8571428571428571,2025-12,-0.0045210000452100005,480.53443406474037,-4.5207956600346044e-05
2025-12-10,22115,309,1082,15.173,3297.5,58.0,1.759,6.0,overtake,-4.0,0.8571428571428571,2025-12,-0.018087271082975358,480.44753421681514,-0.0001808400018084022
2025-12-11,22127,309,1083,17.663,3840.5,67.7,1.763,6.0,overtake,12.0,0.8571428571428571,2025-12,0.05423238577303746,480.7082337605909,0.0005426181324892365
2025-12-12,22124,309,1084,18.33,3993.0,62.3,1.56,6.0,overtake,-3.0,0.8571428571428571,2025-12,-0.013559934912312421,480.643058874647,-0.00013558096443255785
2025-12-13,22134,309,1085,18.684,4072.3,63.3,1.554,6.0,overtake,10.0,0.8571428571428571,2025-12,0.04517936206740761,480.8603084944601,0.0004519978304104999
2025-12-14,22184,310,1086,19.3,4216.8,64.8,1.537,7.0,overtake,50.0,1.0,2025-12,0.22538766678687344,481.94655659352594,0.002258968103370451
2025-12-15,22212,310,1087,19.656,4291.9,74.0,1.724,7.0,overtake,28.0,1.0,2025-12,0.12605798667387,482.55485552900285,0.0012621709340066012
2025-12-16,22236,311,1087,20.813,4552.0,75.9,1.667,6.0,overtake,24.0,0.8571428571428571,2025-12,0.10793308148947653,483.07625461655437,0.0010804970286331095
2025-12-17,22249,311,1089,20.572,4498.2,78.8,1.752,7.0,overtake,13.0,1.0,2025-12,0.058429592341228825,483.3586791223115,0.0005846375247346991
2025-12-18,22250,314,1090,21.226,4642.4,80.3,1.73,7.0,overtake,1.0,1.0,2025-12,0.0044943820224719105,483.3804040842929,4.4945840262489156e-05
2025-12-19,22254,317,1091,20.209,4443.0,54.4,1.224,7.0,overtake,4.0,1.0,2025-12,0.017974296755639437,483.46730393221816,0.00017977528089896389
2025-12-20,22266,318,1091,19.785,4348.2,57.1,1.313,7.0,overtake,12.0,1.0,2025-12,0.05389382915656157,483.7280034759939,0.0005392289026691088
2025-12-21,22267,318,1092,20.742,4558.3,60.3,1.323,6.0,overtake,1.0,0.8571428571428571,2025-12,0.004490950734270444,483.74972843797525,4.491152429708656e-05
2025-12-22,22268,319,1093,21.14,4644.4,63.0,1.356,6.0,overtake,1.0,0.8571428571428571,2025-12,0.004490749056942698,483.77145339995656,4.490950734270527e-05
2025-12-23,22274,319,1093,18.182,3974.2,75.6,1.902,6.0,overtake,6.0,0.8571428571428571,2025-12,0.02693723623956182,483.9018031718444,0.00026944494341663017
2025-12-24,22288,319,1094,16.478,3606.9,65.8,1.824,5.0,overtake,14.0,0.7142857142857143,2025-12,0.06281407035175879,484.2059526395829,0.0006285355122563896
2025-12-25,22309,319,1094,16.892,3701.9,66.6,1.799,5.0,overtake,21.0,0.7142857142857143,2025-12,0.09413241292751805,484.66217684119056,0.0009422110552763652
2025-12-26,22318,319,1094,16.752,3668.4,70.3,1.916,4.0,overtake,9.0,0.5714285714285714,2025-12,0.04032619410341429,484.85770149902237,0.00040342462683229385
2025-12-27,22320,320,1095,17.227,3773.3,71.8,1.903,3.0,overtake,2.0,0.42857142857142855,2025-12,0.008960573476702509,484.901151422985,8.961376467420124e-05
2025-12-28,22326,322,1096,17.572,3849.6,73.5,1.909,4.0,overtake,6.0,0.5714285714285714,2025-12,0.026874496103198062,485.03150119487293,0.0002688172043010528
2025-12-29,22322,322,1097,16.899,3697.3,74.9,2.026,4.0,overtake,-4.0,0.5714285714285714,2025-12,-0.017919541259743748,484.94460134694765,-0.00017916330735467945
2025-12-30,22326,322,1098,16.967,3708.4,79.7,2.149,5.0,overtake,4.0,0.7142857142857143,2025-12,0.017916330735465377,485.03150119487293,0.00017919541259736604
2025-12-31,22321,322,1098,14.66,3206.1,66.2,2.065,4.0,overtake,-5.0,0.5714285714285714,2025-12,-0.022400430088257695,484.92287638496634,-0.0002239541341932938
2026-01-01,22321,324,1100,14.825,3242.0,67.0,2.067,5.0,overtake,0.0,0.7142857142857143,2026-01,0.0,484.92287638496634,0.0
2026-01-02,22375,324,1101,15.089,3308.6,67.6,2.043,6.0,overtake,54.0,0.8571428571428571,2026-01,0.24134078212290502,486.0960243319574,0.002419246449531842
2026-01-03,22390,325,1102,13.679,3002.8,60.0,1.998,7.0,overtake,15.0,1.0,2026-01,0.06699419383653417,486.42189876167714,0.0006703910614525022
2026-01-04,22388,325,1103,13.856,3040.3,61.8,2.033,7.0,overtake,-2.0,1.0,2026-01,-0.008933357155619081,486.3784488377146,-8.932559178209676e-05
2026-01-05,22401,326,1104,14.162,3110.2,62.3,2.003,7.0,overtake,13.0,1.0,2026-01,0.058033123521271365,486.6608733434717,0.0005806682151152653
2026-01-06,22401,326,1105,13.715,3008.3,63.9,2.124,7.0,overtake,0.0,1.0,2026-01,0.0,486.6608733434717,0.0
2026-01-07,22405,326,1105,13.568,2987.6,52.3,1.751,7.0,overtake,4.0,1.0,2026-01,0.01785315777728186,486.74777319139696,0.00017856345698863407
2026-01-08,22409,326,1106,13.269,2921.6,51.9,1.776,6.0,overtake,4.0,0.8571428571428571,2026-01,0.017849970993797135,486.83467303932224,0.0001785315777729224
2026-01-09,22410,326,1106,13.5,2972.7,52.7,1.773,6.0,overtake,1.0,0.8571428571428571,2026-01,0.004462293618920125,486.8563980013035,4.4624927484582244e-05
2026-01-10,22417,326,1107,13.156,2911.3,37.9,1.302,5.0,overtake,7.0,0.7142857142857143,2026-01,0.03122630146763617,487.0084727351727,0.00031236055332439783
2026-01-11,22411,326,1107,13.355,2954.4,38.6,1.307,5.0,overtake,-6.0,0.7142857142857143,2026-01,-0.026772567042969972,486.8781229632848,-0.0002676540125797766
2026-01-12,22416,326,1107,13.469,2980.4,38.8,1.302,4.0,overtake,5.0,0.5714285714285714,2026-01,0.02230549607423269,486.9867477731914,0.0002231047253580254
2026-01-13,22409,327,1108,13.651,3019.7,39.4,1.305,3.0,overtake,-7.0,0.42857142857142855,2026-01,-0.031237449239144986,486.83467303932224,-0.00031227694503921377
2026-01-14,22421,326,1108,13.712,3034.5,39.8,1.312,3.0,overtake,12.0,0.42857142857142855,2026-01,0.053521252397306096,487.09537258309797,0.0005354991298138767
2026-01-15,22434,326,1109,12.303,2716.7,43.4,1.598,3.0,overtake,13.0,0.42857142857142855,2026-01,0.057947757867522515,487.3777970888551,0.0005798135676375882
2026-01-16,22443,326,1110,12.422,2743.6,44.2,1.611,4.0,overtake,9.0,0.5714285714285714,2026-01,0.04010159069643096,487.573321746687,0.0004011767852367676
2026-01-17,22455,326,1111,13.321,2943.5,47.8,1.624,4.0,overtake,12.0,0.5714285714285714,2026-01,0.053440213760855046,487.8340212904628,0.0005346878759524554
2026-01-18,22458,327,1111,13.549,2994.0,48.8,1.63,4.0,overtake,3.0,0.5714285714285714,2026-01,0.01335826876836762,487.8991961764067,0.00013360053440214514
2026-01-19,22461,327,1112,14.674,3249.3,46.7,1.437,5.0,overtake,3.0,0.7142857142857143,2026-01,0.013356484573260316,487.96437106235066,0.0001335826876835977
2026-01-20,22472,328,1113,13.678,3030.5,43.2,1.426,5.0,overtake,11.0,0.7142857142857143,2026-01,0.0489498042007832,488.20334564414514,0.000489737767686238
2026-01-21,22484,330,1114,14.888,3305.4,42.1,1.274,5.0,overtake,12.0,0.7142857142857143,2026-01,0.05337128624799858,488.4640451879209,0.0005339978640086507
2026-01-22,22489,339,1115,15.337,3403.8,45.4,1.334,6.0,overtake,5.0,0.8571428571428571,2026-01,0.022233091733736495,488.5726699978275,0.00022238035936661404
2026-01-23,22492,338,1116,13.103,2895.2,52.0,1.796,5.0,overtake,3.0,0.7142857142857143,2026-01,0.013338075760270317,488.63784488377144,0.00013339855040239712
2026-01-24,22510,293,1117,13.199,2918.4,52.6,1.802,6.0,overtake,18.0,0.8571428571428571,2026-01,0.07996446023989337,489.0288941994352,0.0008002845456163143
2026-01-25,22516,292,1118,15.578,3451.6,55.9,1.62,7.0,overtake,6.0,1.0,2026-01,0.026647717178895008,489.15924397132306,0.0002665482007997433
2026-01-26,22518,293,1119,15.698,3480.6,54.3,1.56,7.0,overtake,2.0,1.0,2026-01,0.008881783462119193,489.20269389528573,8.882572392954202e-05
2026-01-27,22526,295,1120,16.237,3599.0,58.6,1.628,7.0,overtake,8.0,1.0,2026-01,0.03551451655864335,489.3764935911362,0.00035527133848467507
2026-01-28,22538,297,1121,17.366,3849.9,64.1,1.665,7.0,overtake,12.0,1.0,2026-01,0.05324341112787292,489.63719313491197,0.0005327177483795964
2026-01-29,22593,297,1123,17.429,3873.3,64.4,1.663,7.0,overtake,55.0,1.0,2026-01,0.24343823308104282,490.83206604388437,0.002440323010027612
2026-01-30,22704,299,1128,20.298,4550.6,57.9,1.272,10.0,overtake,111.0,1.4285714285714286,2026-01,0.48890063424947144,493.2435368238106,0.004913026158544609
2026-01-31,22737,300,1130,20.797,4670.9,57.8,1.237,11.0,overtake,33.0,1.5714285714285714,2026-01,0.14513788098693758,493.960460569194,0.0014534883720929148
2026-02-01,22754,301,1131,17.945,4028.4,54.7,1.358,11.0,overtake,17.0,1.5714285714285714,2026-02,0.07471213852509449,494.3297849228764,0.0007476799929631017
2026-02-02,22772,301,1133,19.036,4285.0,49.8,1.162,11.0,overtake,18.0,1.5714285714285714,2026-02,0.07904444054101528,494.7208342385401,0.0007910697020303559
2026-02-03,22803,301,1134,16.217,3649.8,48.2,1.321,11.0,overtake,31.0,1.5714285714285714,2026-02,0.13594702451431828,495.39430805996085,0.0013613209204286214
2026-02-04,22826,301,1135,16.752,3776.0,47.7,1.263,11.0,overtake,23.0,1.5714285714285714,2026-02,0.10076228861824235,495.8939821855312,0.001008639214138407
2026-02-05,22856,301,1136,17.773,4015.4,46.8,1.166,12.0,overtake,30.0,1.7142857142857142,2026-02,0.1312565628281414,496.54573104497064,0.0013142907211074473
2026-02-06,22902,301,1137,19.9,4512.4,45.2,1.002,8.0,overtake,46.0,1.1428571428571428,2026-02,0.20085582045236225,497.5450792961112,0.0020126006300313914
2026-02-07,22933,301,1138,17.971,4068.5,52.8,1.298,7.0,overtake,31.0,1.0,2026-02,0.13517638337766538,498.218553117532,0.001353593572613665
2026-02-08,22948,303,1138,18.695,4236.3,53.8,1.27,7.0,overtake,15.0,1.0,2026-02,0.0653651734355935,498.5444275472518,0.0006540792744080814
2026-02-09,22973,304,1139,17.424,3957.6,45.2,1.142,7.0,overtake,25.0,1.0,2026-02,0.10882340138423366,499.0875515967847,0.0010894195572599408
2026-02-10,22997,304,1140,16.455,3742.8,41.3,1.103,7.0,overtake,24.0,1.0,2026-02,0.10436143844849328,499.6089506843363,0.0010447046532886528
2026-02-11,23019,306,1141,15.023,3418.7,39.5,1.155,7.0,overtake,22.0,1.0,2026-02,0.09557322212085669,500.0868998479253,0.0009566465191110929
2026-02-12,23038,306,1142,15.515,3532.5,41.8,1.183,6.0,overtake,19.0,0.8571428571428571,2026-02,0.08247243684347601,500.4996741255702,0.0008254051001346241
2026-02-13,23033,308,1144,15.715,3577.6,42.1,1.177,7.0,overtake,-5.0,1.0,2026-02,-0.021707984196587503,500.3910493156637,-0.00021703272853546007
2026-02-14,23030,308,1145,13.883,3164.2,33.0,1.043,7.0,overtake,-3.0,1.0,2026-02,-0.013026487190620929,500.32587442971976,-0.0001302479051795702
2026-02-15,23036,308,1145,13.958,3182.4,32.9,1.034,7.0,overtake,6.0,1.0,2026-02,0.026046188574405278,500.45622420160765,0.0002605297438125209
2026-02-16,23042,308,1147,13.073,2977.9,34.4,1.155,7.0,overtake,6.0,1.0,2026-02,0.026039406301536328,500.5865739734955,0.0002604618857440233
2026-02-17,23043,316,1148,12.406,2826.9,31.9,1.128,7.0,overtake,1.0,1.0,2026-02,0.00433971271101853,500.6082989354769,4.339901050265382e-05
2026-02-18,23046,317,1149,8.825,2004.6,29.2,1.457,8.0,overtake,3.0,1.1428571428571428,2026-02,0.013017443374121324,500.67347382142077,0.00013019138133052444
2026-02-19,23057,317,1150,6.169,1406.2,16.1,1.145,8.0,overtake,11.0,1.1428571428571428,2026-02,0.047707854447673156,500.9124484032153,0.0004773062570511133
2026-02-20,23061,323,1151,7.38,1667.7,34.3,2.057,7.0,overtake,4.0,1.0,2026-02,0.017345301591431418,500.9993482511406,0.00017348310708253933
2026-02-21,23100,327,1154,7.22,1631.7,36.2,2.219,9.0,overtake,39.0,1.2857142857142858,2026-02,0.16883116883116883,501.84662176841186,0.001691166905164465
2026-02-22,23123,328,1156,7.083,1606.3,31.5,1.961,11.0,overtake,23.0,1.5714285714285714,2026-02,0.09946806210266834,502.3462958939822,0.0009956709956711052
2026-02-23,23143,327,1158,9.366,2130.8,36.7,1.722,10.0,overtake,20.0,1.4285714285714286,2026-02,0.0864192196344467,502.78079513360854,0.000864939670458087
2026-02-24,23156,327,1159,9.887,2250.9,38.6,1.715,11.0,overtake,13.0,1.5714285714285714,2026-02,0.05614095698738988,503.0632196393657,0.0005617249276239633
2026-02-25,23202,327,1160,10.135,2311.6,40.0,1.73,11.0,overtake,46.0,1.5714285714285714,2026-02,0.19825877079562107,504.0625678905062,0.001986526170323133
2026-02-26,23220,327,1161,10.487,2394.4,40.6,1.696,11.0,overtake,18.0,1.5714285714285714,2026-02,0.07751937984496124,504.4536172061699,0.0007757951900697613
2026-02-27,23251,328,1162,11.064,2529.8,42.7,1.688,12.0,overtake,31.0,1.7142857142857142,2026-02,0.13332759881295428,505.12709102759067,0.0013350559862188582
2026-02-28,23327,334,1167,12.548,2878.3,48.7,1.692,11.0,overtake,76.0,1.5714285714285714,2026-02,0.3258027178805676,506.7781881381707,0.0032686766160594516
2026-03-01,23383,334,1171,13.098,3011.9,50.8,1.687,15.0,overtake,56.0,2.142857142857143,2026-03,0.23949022794337768,507.9947860091245,0.0024006516054357885
2026-03-02,23417,335,1173,13.563,3138.1,38.0,1.211,15.0,overtake,34.0,2.142857142857143,2026-03,0.1451936627236623,508.7334347164893,0.0014540478125133482
2026-03-03,23477,336,1174,17.17,3984.8,46.3,1.162,15.0,overtake,60.0,2.142857142857143,2026-03,0.2555692805724752,510.0369324353682,0.0025622411068881856
2026-03-04,23517,337,1175,16.746,3890.8,47.4,1.218,15.0,overtake,40.0,2.142857142857143,2026-03,0.1700897223285283,510.9059309146209,0.0017037952038165827
2026-03-05,23543,339,1176,17.553,4086.1,46.3,1.133,15.0,overtake,26.0,2.142857142857143,2026-03,0.11043622308117064,511.47077992613515,0.001105583195135429
2026-03-06,23561,341,1177,16.593,3867.6,41.8,1.081,15.0,overtake,18.0,2.142857142857143,2026-03,0.07639743644157718,511.86182924179883,0.0007645584674851325
2026-03-07,23587,342,1178,16.831,3928.0,41.9,1.067,15.0,overtake,26.0,2.142857142857143,2026-03,0.11023021155721373,512.4266782533131,0.0011035185263783553
2026-03-08,23605,342,1179,16.194,3781.5,41.0,1.084,11.0,overtake,18.0,1.5714285714285714,2026-03,0.07625503071383181,512.8177275689768,0.0007631322338577107
2026-03-09,23630,342,1179,15.099,3537.8,30.1,0.851,8.0,overtake,25.0,1.1428571428571428,2026-03,0.10579771476936098,513.3608516185097,0.0010590976488031867
2026-03-10,23628,342,1181,13.631,3174.7,46.1,1.452,7.0,overtake,-2.0,1.0,2026-03,-0.008464533604198408,513.317401694547,-8.46381718154765e-05
2026-03-11,23637,343,1182,13.945,3246.9,49.3,1.518,7.0,overtake,9.0,1.0,2026-03,0.038075897956593475,513.5129263523788,0.0003809040121889318
2026-03-12,23644,342,1183,10.892,2535.0,40.2,1.586,7.0,overtake,7.0,1.0,2026-03,0.029605819658264254,513.6650010862481,0.0002961458729957567
2026-03-13,23660,342,1184,11.031,2569.0,41.0,1.596,7.0,overtake,16.0,1.0,2026-03,0.0676246830092984,514.0126004779491,0.0006767044493316554
2026-03-14,23670,342,1184,13.067,3043.4,49.6,1.63,7.0,overtake,10.0,1.0,2026-03,0.04224757076468103,514.2298500977623,0.0004226542688081647
2026-03-15,23698,342,1186,14.296,3335.4,52.5,1.574,7.0,overtake,28.0,1.0,2026-03,0.11815343066925478,514.8381490332392,0.0011829319814111727
2026-03-16,23711,342,1187,14.483,3381.3,52.7,1.559,7.0,overtake,13.0,1.0,2026-03,0.05482687360296908,515.1205735389963,0.0005485694995357449
2026-03-17,23718,346,1188,12.23,2856.4,44.2,1.547,7.0,overtake,7.0,1.0,2026-03,0.029513449700649293,515.2726482728656,0.0002952216270928343
2026-03-18,23710,345,1189,12.129,2833.4,42.3,1.493,7.0,overtake,-8.0,1.0,2026-03,-0.03374103753690426,515.098848577015,-0.0003372965680074058
2026-03-19,23736,345,1190,13.817,3223.0,56.5,1.753,7.0,overtake,26.0,1.0,2026-03,0.10953825412874957,515.6636975885292,0.0010965837199494732
2026-03-20,23754,346,1191,14.633,3411.8,64.2,1.882,7.0,overtake,18.0,1.0,2026-03,0.07577671129072998,516.0547469041929,0.0007583417593528541
2026-03-21,23833,347,1196,14.857,3479.7,61.2,1.759,11.0,overtake,79.0,1.5714285714285714,2026-03,0.33147316745688754,517.771018900717,0.003325755662204166
2026-03-22,23915,351,1198,10.187,2400.0,36.3,1.513,12.0,overtake,82.0,1.7142857142857142,2026-03,0.34288103700606315,519.5524657831849,0.003440607560944997
2026-03-23,23961,353,1202,10.01,2361.3,37.2,1.575,15.0,overtake,46.0,2.142857142857143,2026-03,0.19197863194357498,520.5518140343254,0.0019234789880828718
2026-03-24,23995,353,1203,7.174,1703.7,17.6,1.033,15.0,overtake,34.0,2.142857142857143,2026-03,0.14169618670556364,521.2904627416902,0.0014189724969742024
2026-03-25,24014,354,1203,7.267,1727.4,17.7,1.025,15.0,overtake,19.0,2.142857142857143,2026-03,0.07912051303406346,521.7032370193352,0.0007918316315900231
2026-03-26,24022,354,1203,8.076,1922.2,17.8,0.926,13.0,overtake,8.0,1.8571428571428572,2026-03,0.0333028057613854,521.8770367151858,0.00033313900224873905
2026-03-27,24033,355,1206,8.119,1933.5,17.8,0.921,15.0,overtake,11.0,2.142857142857143,2026-03,0.04577039903466067,522.1160112969802,0.0004579135792190936
2026-03-28,24074,356,1209,7.426,1772.7,15.1,0.852,13.0,overtake,41.0,1.8571428571428572,2026-03,0.17030821633297333,523.0067347382142,0.0017059876003828744
2026-03-29,24154,359,1217,8.279,1983.7,15.9,0.802,19.0,overtake,80.0,2.7142857142857144,2026-03,0.33120808147718805,524.7447316967194,0.0033230871479603685
2026-03-30,24547,359,1220,6.18,1502.4,14.5,0.965,18.0,overtake,393.0,2.5714285714285716,2026-03,1.6010103067584633,533.282641755377,0.016270597002566944
2026-03-31,24734,359,1222,16.422,3995.9,66.0,1.652,18.0,overtake,187.0,2.5714285714285716,2026-03,0.7560443114740842,537.3452096458832,0.007618038864219745
2026-04-01,24889,359,1224,15.362,3760.5,62.9,1.673,20.0,overtake,155.0,2.857142857142857,2026-04,0.6227650769416209,540.7125787529873,0.00626667744804732
2026-04-02,24951,359,1225,16.766,4117.9,65.5,1.591,22.0,overtake,62.0,3.142857142857143,2026-04,0.24848703458779206,542.0595263958288,0.0024910603077665794
2026-04-03,25004,360,1226,17.306,4259.6,67.7,1.589,20.0,overtake,53.0,2.857142857142857,2026-04,0.21196608542633177,543.2109493808385,0.00212416336018606
2026-04-04,25035,363,1227,20.244,4986.9,81.3,1.63,18.0,overtake,31.0,2.5714285714285716,2026-04,0.12382664270021969,543.8844232022593,0.0012398016317389793
2026-04-05,25055,364,1228,25.617,6308.2,110.2,1.747,11.0,overtake,20.0,1.5714285714285714,2026-04,0.07982438635002993,544.3189224418857,0.000798881565807763
2026-04-06,25069,364,1230,26.483,6525.7,113.3,1.736,10.0,overtake,14.0,1.4285714285714286,2026-04,0.05584586541146436,544.6230719096242,0.0005587707044503176
2026-04-07,25090,364,1231,26.947,6646.0,115.0,1.73,8.0,overtake,21.0,1.1428571428571428,2026-04,0.08369868473495416,545.0792961112319,0.0008376879811720084
2026-04-08,25104,363,1232,12.087,2992.2,42.2,1.41,7.0,overtake,14.0,1.0,2026-04,0.05576800509878904,545.3834455789703,0.0005579912315663016
2026-04-09,25142,363,1233,12.843,3183.7,45.4,1.426,7.0,overtake,38.0,1.0,2026-04,0.15114151618805186,546.2089941342603,0.0015137029955385461
2026-04-10,25160,364,1234,14.692,3640.2,56.4,1.549,7.0,overtake,18.0,1.0,2026-04,0.07154213036565978,546.600043449924,0.0007159334977329124
2026-04-11,25198,368,1235,14.082,3495.7,52.6,1.505,7.0,overtake,38.0,1.0,2026-04,0.1508056194936106,547.425592005214,0.0015103338632751484
2026-04-12,25285,369,1236,13.107,3262.8,51.3,1.572,7.0,overtake,87.0,1.0,2026-04,0.34407751631402017,549.3156636975885,0.00345265497261682
2026-04-13,25307,369,1237,12.237,3043.7,53.0,1.741,7.0,overtake,22.0,1.0,2026-04,0.08693246927727506,549.7936128611775,0.0008700810757364952
2026-04-14,25338,368,1238,11.879,2955.8,54.0,1.827,7.0,overtake,31.0,1.0,2026-04,0.1223458836530113,550.4670866825984,0.0012249575216343178
2026-04-15,25377,368,1238,12.909,3219.8,56.1,1.742,6.0,overtake,39.0,0.8571428571428571,2026-04,0.1536824683768767,551.3143601998696,0.0015391901491830229
2026-04-16,25398,369,1240,14.084,3517.8,59.3,1.686,7.0,overtake,21.0,1.0,2026-04,0.08268367587999055,551.7705844014773,0.0008275209835677533
2026-04-17,25430,371,1241,13.807,3458.8,52.2,1.509,7.0,overtake,32.0,1.0,2026-04,0.12583562721195438,552.4657831848795,0.0012599417276950575
2026-04-18,25449,372,1242,15.356,3856.3,51.7,1.341,7.0,overtake,19.0,1.0,2026-04,0.07465912216590043,552.8785574625244,0.0007471490365709155
2026-04-19,25481,373,1243,16.065,4036.8,56.8,1.407,7.0,overtake,32.0,1.0,2026-04,0.12558376829794748,553.5737562459266,0.0012574167943730785
2026-04-20,25506,380,1245,17.247,4337.5,61.6,1.42,8.0,overtake,25.0,1.1428571428571428,2026-04,0.09801615306202463,554.1168802954595,0.0009811231898277928
2026-04-21,25539,384,1246,17.494,4408.0,59.8,1.357,8.0,overtake,33.0,1.1428571428571428,2026-04,0.1292141430752966,554.833804040843,0.0012938132204187713
2026-04-22,25556,383,1247,16.34,4123.3,52.6,1.276,9.0,overtake,17.0,1.2857142857142858,2026-04,0.06652058225074346,555.2031283945254,0.0006656486158425068
2026-04-23,25571,383,1248,16.397,4138.9,54.1,1.307,8.0,overtake,15.0,1.1428571428571428,2026-04,0.05866020100895546,555.529002824245,0.0005869463139771547
2026-04-24,25586,383,1250,16.754,4231.8,54.8,1.295,8.0,overtake,15.0,1.1428571428571428,2026-04,0.05862581099038537,555.8548772539648,0.0005866020100895319
2026-04-25,25640,384,1256,15.762,3996.3,45.1,1.129,14.0,overtake,54.0,2.0,2026-04,0.21060842433697347,557.0280252009559,0.0021105291956537986
2026-04-26,25715,389,1261,14.58,3708.6,40.6,1.095,14.0,overtake,75.0,2.0,2026-04,0.29165856503986004,558.6573973495546,0.0029251170046802333
2026-04-27,25793,391,1262,6.143,1549.8,34.7,2.239,18.0,overtake,78.0,2.5714285714285716,2026-04,0.30240762997712556,560.3519443840974,0.003033249076414446
2026-04-28,25822,392,1263,6.289,1597.9,26.0,1.627,17.0,overtake,29.0,2.4285714285714284,2026-04,0.11230733483076447,560.9819682815555,0.0011243360601713714
2026-04-29,25851,393,1264,6.966,1775.5,25.4,1.431,17.0,overtake,29.0,2.4285714285714284,2026-04,0.11218134694982786,561.6119921790137,0.001123073348307635
2026-04-30,25884,392,1265,6.905,1760.9,26.5,1.505,17.0,overtake,33.0,2.4285714285714284,2026-04,0.12749188687992583,562.3289159243972,0.001276546361842934
2026-05-01,25894,392,1266,8.168,2085.6,29.3,1.405,16.0,overtake,10.0,2.2857142857142856,2026-05,0.03861898509307175,562.5461655442103,0.00038633905115137424
2026-05-02,25902,393,1267,9.536,2435.1,34.8,1.429,11.0,overtake,8.0,1.5714285714285714,2026-05,0.030885645896069798,562.7199652400608,0.00030895188074464563
2026-05-03,25936,396,1268,9.686,2478.6,33.6,1.356,7.0,overtake,34.0,1.0,2026-05,0.13109191856878472,563.4586139474255,0.00131263995058295
2026-05-04,25947,396,1270,9.665,2485.7,22.0,0.885,7.0,overtake,11.0,1.0,2026-05,0.04239411107257101,563.6975885292201,0.0004241209130166901
2026-05-05,25958,398,1271,9.506,2448.8,18.7,0.764,8.0,overtake,11.0,1.1428571428571428,2026-05,0.04237614608213268,563.9365631110145,0.0004239411107256341
2026-05-06,25954,398,1272,8.943,2303.4,17.7,0.768,8.0,overtake,-4.0,1.1428571428571428,2026-05,-0.01541188256145488,563.8496632630893,-0.00015409507666230837
2026-05-07,25987,398,1273,9.98,2573.8,19.8,0.769,8.0,overtake,33.0,1.1428571428571428,2026-05,0.12698657020818102,564.5665870084727,0.0012714803113200723
2026-05-08,25997,399,1274,11.815,3040.8,30.8,1.013,8.0,overtake,10.0,1.1428571428571428,2026-05,0.038465976843481936,564.7838366282859,0.000384807788509578
2026-05-09,26046,400,1279,11.231,2893.7,31.4,1.085,12.0,overtake,49.0,1.7142857142857142,2026-05,0.18812869538508792,565.8483597653703,0.001884832865330699
2026-05-10,26231,400,1287,10.974,2847.3,31.4,1.103,12.0,overtake,185.0,1.7142857142857142,2026-05,0.7052723876329534,569.8674777319139,0.007102818091069718
2026-05-11,26366,400,1289,9.158,2378.3,36.4,1.531,19.0,overtake,135.0,2.7142857142857144,2026-05,0.5120230600015171,572.8003475993918,0.005146582288132473
2026-05-12,26425,400,1290,11.455,2992.5,34.4,1.15,19.0,overtake,59.0,2.7142857142857144,2026-05,0.22327341532639547,574.0821203562894,0.0022377304103768925
2026-05-13,26443,400,1291,12.353,3234.1,32.3,0.999,19.0,overtake,18.0,2.7142857142857144,2026-05,0.06807094505162047,574.4731696719531,0.0006811731315041758
2026-05-14,26468,400,1292,12.56,3291.7,32.7,0.993,19.0,overtake,25.0,2.7142857142857144,2026-05,0.0944536799153695,575.016293721486,0.0009454297923836563
2026-05-15,26497,400,1295,12.128,3182.1,31.4,0.987,19.0,overtake,29.0,2.7142857142857144,2026-05,0.10944635241725478,575.6463176189442,0.0010956626870182173
2026-05-16,26551,400,1297,15.222,4009.0,32.7,0.816,18.0,overtake,54.0,2.5714285714285716,2026-05,0.20338217016308235,576.8194655659353,0.0020379665622523024
2026-05-17,26587,400,1298,10.402,2735.8,29.9,1.093,11.0,overtake,36.0,1.5714285714285714,2026-05,0.13540452100650693,577.6015641972626,0.0013558811344205335
2026-05-18,26638,400,1300,10.572,2786.3,29.8,1.07,11.0,overtake,51.0,1.5714285714285714,2026-05,0.1914558150011262,578.7095372583098,0.001918230714258895
2026-05-19,26669,400,1302,10.952,2889.0,31.8,1.101,11.0,overtake,31.0,1.5714285714285714,2026-05,0.11623982901496119,579.3830110797306,0.0011637510323598832
2026-05-20,26691,400,1305,11.051,2916.8,32.9,1.128,13.0,overtake,22.0,1.8571428571428572,2026-05,0.08242478738151438,579.8609602433196,0.0008249278188159348
2026-05-21,26757,400,1309,8.925,2363.0,25.1,1.062,16.0,overtake,66.0,2.2857142857142856,2026-05,0.24666442426280974,581.2948077340865,0.002472743621445339
2026-05-22,26829,411,1314,6.931,1838.8,20.8,1.131,16.0,overtake,72.0,2.2857142857142856,2026-05,0.26836632002683664,582.8590049967413,0.002690884628321566
2026-05-23,26896,414,1316,10.519,2785.0,44.1,1.583,17.0,overtake,67.0,2.4285714285714284,2026-05,0.24910767400356928,584.3145774494894,0.0024972977002497565
2026-05-24,26952,419,1322,7.898,2096.8,32.0,1.526,17.0,overtake,56.0,2.4285714285714284,2026-05,0.20777678836449986,585.5311753204431,0.0020820939916716963
2026-05-25,26979,427,1324,7.299,1939.9,29.3,1.51,21.0,overtake,27.0,3.0,2026-05,0.10007783831869231,586.1177492939388,0.0010017809439002434
2026-05-26,26992,428,1326,6.365,1692.9,25.1,1.483,20.0,overtake,13.0,2.857142857142857,2026-05,0.048162418494368704,586.4001737996958,0.0004818562585715558
2026-05-27,27003,427,1328,6.156,1637.3,25.1,1.533,20.0,overtake,11.0,2.857142857142857,2026-05,0.04073621449468578,586.6391483814903,0.00040752815649081064
2026-05-28,27042,428,1330,6.502,1737.2,21.1,1.215,19.0,overtake,39.0,2.7142857142857144,2026-05,0.14422010206345684,587.4864218987617,0.001444283968447868
2026-05-29,27065,432,1333,4.406,1169.1,23.5,2.01,17.0,overtake,23.0,2.4285714285714284,2026-05,0.08498060225383336,587.9860960243319,0.0008505288070408401
2026-05-30,27135,432,1338,4.632,1232.0,24.9,2.021,17.0,overtake,70.0,2.4285714285714284,2026-05,0.2579694121982679,589.5068433630241,0.0025863661555514117
2026-05-31,27192,432,1343,5.854,1559.3,32.5,2.084,20.0,overtake,57.0,2.857142857142857,2026-05,0.20962047661076785,590.7451661959591,0.0021006080707572927
2026-06-01,27198,432,1343,5.853,1559.3,32.5,2.084,20.0,overtake,6.0,2.857142857142857,2026-06,0.022060445621001543,590.875515967847,0.00022065313327446212
